{
    "test": {
        "NYTTopicClustering": 0.014952320294167865,
        "NYTLocationClustering": 0.04053169687736614,
        "harmonic_mean": 0.021845687499023714
    }
}