{
  "dataset_revision": null,
  "mteb_dataset_name": "InstructSTSBenchmark",
  "mteb_version": "1.1.2.dev0",
  "test": {
    "cos_sim": {
      "pearson": 0.07039052984494253,
      "spearman": 0.12233803205775841
    },
    "euclidean": {
      "pearson": 0.07617872620175889,
      "spearman": 0.08423664796094119
    },
    "evaluation_time": 0.15,
    "manhattan": {
      "pearson": 0.07575603980650379,
      "spearman": 0.08353486186544273
    }
  }
}