{
  "dataset_revision": "b0fddb56ed78048fa8b90373c8a3cfc37b684831",
  "mteb_dataset_name": "STSBenchmark",
  "mteb_version": "1.1.2.dev0",
  "test": {
    "cos_sim": {
      "pearson": 0.24351145222857556,
      "spearman": 0.30487167794960446
    },
    "euclidean": {
      "pearson": 0.3301446965013518,
      "spearman": 0.34412080757012614
    },
    "evaluation_time": 0.08,
    "manhattan": {
      "pearson": 0.3507757917659563,
      "spearman": 0.3596321720094382
    }
  }
}