{
  "dataset_revision": null,
  "mteb_dataset_name": "InstructSTSBenchmark",
  "mteb_version": "1.1.2.dev0",
  "test": {
    "cos_sim": {
      "pearson": 0.04555099405209387,
      "spearman": 0.049140968492460954
    },
    "euclidean": {
      "pearson": -0.12914116208733684,
      "spearman": -0.10932424892581817
    },
    "evaluation_time": 0.12,
    "manhattan": {
      "pearson": -0.025978877140177728,
      "spearman": -0.023234539529971288
    }
  }
}