{
  "dataset_revision": null,
  "mteb_dataset_name": "InstructSTSBenchmark",
  "mteb_version": "1.1.2.dev0",
  "test": {
    "cos_sim": {
      "pearson": 0.10650737952672645,
      "spearman": 0.12582692459303182
    },
    "euclidean": {
      "pearson": 0.10838990470718513,
      "spearman": 0.11113222481585887
    },
    "evaluation_time": 0.14,
    "manhattan": {
      "pearson": 0.10966938036251629,
      "spearman": 0.11217875594817965
    }
  }
}