{
  "dataset_revision": "b0fddb56ed78048fa8b90373c8a3cfc37b684831",
  "mteb_dataset_name": "STSBenchmark",
  "mteb_version": "1.1.2.dev0",
  "test": {
    "cos_sim": {
      "pearson": 0.2648646556955156,
      "spearman": 0.23290800118439373
    },
    "euclidean": {
      "pearson": 0.2739710783233658,
      "spearman": 0.23342668788697712
    },
    "evaluation_time": 0.03,
    "manhattan": {
      "pearson": 0.27442701181580537,
      "spearman": 0.23149014082113667
    }
  }
}