{
  "dataset_revision": "b0fddb56ed78048fa8b90373c8a3cfc37b684831",
  "mteb_dataset_name": "STSBenchmark",
  "mteb_version": "1.1.2.dev0",
  "test": {
    "cos_sim": {
      "pearson": 0.23969006833451345,
      "spearman": 0.28213904297931275
    },
    "euclidean": {
      "pearson": 0.2566241263691407,
      "spearman": 0.2677857270128779
    },
    "evaluation_time": 0.08,
    "manhattan": {
      "pearson": 0.2747331187297268,
      "spearman": 0.28347648654306173
    }
  }
}