{
  "dataset_revision": null,
  "mteb_dataset_name": "InstructSTSBenchmark",
  "mteb_version": "1.1.2.dev0",
  "test": {
    "cos_sim": {
      "pearson": 0.1114222486144506,
      "spearman": 0.1308246605154461
    },
    "euclidean": {
      "pearson": 0.11284978736928154,
      "spearman": 0.10374170553372654
    },
    "evaluation_time": 0.05,
    "manhattan": {
      "pearson": 0.11292762335332479,
      "spearman": 0.10387268164723587
    }
  }
}