{
  "dataset_revision": null,
  "mteb_dataset_name": "InstructSTSBenchmark",
  "mteb_version": "1.1.2.dev0",
  "test": {
    "cos_sim": {
      "pearson": 0.0522567483491157,
      "spearman": 0.058626693774819105
    },
    "euclidean": {
      "pearson": -0.1257733425636997,
      "spearman": -0.1048557705241821
    },
    "evaluation_time": 0.12,
    "manhattan": {
      "pearson": -0.012432786990513051,
      "spearman": -0.008483824398081714
    }
  }
}