{
  "dataset_revision": "a0d554a64d88156834ff5ae9920b964011b16384",
  "mteb_dataset_name": "STS12",
  "mteb_version": "1.1.2.dev0",
  "test": {
    "cos_sim": {
      "pearson": 0.31266050104136933,
      "spearman": 0.5191382281093381
    },
    "euclidean": {
      "pearson": 0.1775715444612048,
      "spearman": 0.31750074453679733
    },
    "evaluation_time": 0.36,
    "manhattan": {
      "pearson": 0.6033321755512113,
      "spearman": 0.6361879100780623
    }
  }
}