{
  "dataset_revision": "b0fddb56ed78048fa8b90373c8a3cfc37b684831",
  "mteb_dataset_name": "STSBenchmark",
  "mteb_version": "1.1.2.dev0",
  "test": {
    "cos_sim": {
      "pearson": 0.4317842519991157,
      "spearman": 0.5303917932705522
    },
    "euclidean": {
      "pearson": 0.16492012352341226,
      "spearman": 0.21049423090542327
    },
    "evaluation_time": 0.06,
    "manhattan": {
      "pearson": 0.7410161360201147,
      "spearman": 0.7356522246911447
    }
  }
}