{
  "dataset_revision": null,
  "mteb_dataset_name": "InstructSTSBenchmark",
  "mteb_version": "1.1.2.dev0",
  "test": {
    "cos_sim": {
      "pearson": 0.10014236713038105,
      "spearman": 0.13956890768773075
    },
    "euclidean": {
      "pearson": 0.06291026652019457,
      "spearman": 0.08313820015248288
    },
    "evaluation_time": 0.12,
    "manhattan": {
      "pearson": 0.08371152422729734,
      "spearman": 0.10114828140968363
    }
  }
}