{
  "dataset_revision": "a0d554a64d88156834ff5ae9920b964011b16384",
  "mteb_dataset_name": "STS12",
  "mteb_version": "1.1.2.dev0",
  "test": {
    "cos_sim": {
      "pearson": 0.2540874506679643,
      "spearman": 0.3606658431869881
    },
    "euclidean": {
      "pearson": 0.29665839405129407,
      "spearman": 0.3830027900820254
    },
    "evaluation_time": 0.41,
    "manhattan": {
      "pearson": 0.35533062985817015,
      "spearman": 0.4051026603575934
    }
  }
}