{
  "dataset_revision": "b0fddb56ed78048fa8b90373c8a3cfc37b684831",
  "mteb_dataset_name": "STSBenchmark",
  "mteb_version": "1.1.2.dev0",
  "test": {
    "cos_sim": {
      "pearson": 0.7641986705177644,
      "spearman": 0.7683039657891442
    },
    "euclidean": {
      "pearson": 0.790420626814115,
      "spearman": 0.7743144206180074
    },
    "evaluation_time": 0.05,
    "manhattan": {
      "pearson": 0.7951312512568065,
      "spearman": 0.7793051061900472
    }
  }
}