{
  "dataset_revision": "b0fddb56ed78048fa8b90373c8a3cfc37b684831",
  "mteb_dataset_name": "STSBenchmark",
  "mteb_version": "1.1.2.dev0",
  "test": {
    "cos_sim": {
      "pearson": 0.04361804452502222,
      "spearman": 0.058124017496572325
    },
    "euclidean": {
      "pearson": 0.021770931962181807,
      "spearman": 0.03701501260706658
    },
    "evaluation_time": 0.06,
    "manhattan": {
      "pearson": 0.05160734817658463,
      "spearman": 0.1437136686680841
    }
  }
}