{
  "dataset_revision": "b0fddb56ed78048fa8b90373c8a3cfc37b684831",
  "mteb_dataset_name": "STSBenchmark",
  "mteb_version": "1.1.2.dev0",
  "test": {
    "cos_sim": {
      "pearson": 0.1263342212999842,
      "spearman": 0.11414723554149597
    },
    "euclidean": {
      "pearson": 0.1652771451434892,
      "spearman": 0.12825005733526088
    },
    "evaluation_time": 0.07,
    "manhattan": {
      "pearson": 0.16990516567080252,
      "spearman": 0.13057621474391098
    }
  }
}