{
  "dataset_revision": "b0fddb56ed78048fa8b90373c8a3cfc37b684831",
  "mteb_dataset_name": "STSBenchmark",
  "mteb_version": "1.1.2.dev0",
  "test": {
    "cos_sim": {
      "pearson": 0.3761769983087415,
      "spearman": 0.5012508261886838
    },
    "euclidean": {
      "pearson": 0.4881538973056688,
      "spearman": 0.5238507574660574
    },
    "evaluation_time": 0.07,
    "manhattan": {
      "pearson": 0.5015012667928798,
      "spearman": 0.5346174614402776
    }
  }
}