{
  "dataset_revision": null,
  "mteb_dataset_name": "InstructSTSBenchmark",
  "mteb_version": "1.1.2.dev0",
  "test": {
    "cos_sim": {
      "pearson": 0.20751713119501786,
      "spearman": 0.238085832671071
    },
    "euclidean": {
      "pearson": 0.18903143897896624,
      "spearman": 0.20014019859886015
    },
    "evaluation_time": 0.13,
    "manhattan": {
      "pearson": 0.18865673787603296,
      "spearman": 0.20003272197504415
    }
  }
}