{
  "dataset_revision": "b0fddb56ed78048fa8b90373c8a3cfc37b684831",
  "mteb_dataset_name": "STSBenchmark",
  "mteb_version": "1.1.2.dev0",
  "test": {
    "cos_sim": {
      "pearson": 0.14521340171056163,
      "spearman": 0.1245969571826368
    },
    "euclidean": {
      "pearson": 0.16888801379467142,
      "spearman": 0.12728758803726364
    },
    "evaluation_time": 0.07,
    "manhattan": {
      "pearson": 0.17489820357726668,
      "spearman": 0.13317915930148017
    }
  }
}