{
  "dataset_revision": null,
  "mteb_dataset_name": "InstructSTSBenchmark",
  "mteb_version": "1.1.2.dev0",
  "test": {
    "cos_sim": {
      "pearson": 0.21259765317575258,
      "spearman": 0.2524904365547845
    },
    "euclidean": {
      "pearson": 0.20404888267114676,
      "spearman": 0.2147233230218229
    },
    "evaluation_time": 0.12,
    "manhattan": {
      "pearson": 0.20556202727237058,
      "spearman": 0.21622253124118435
    }
  }
}