{
    "test": {
        "NYTTopicClustering": 0.29558140639237085,
        "NYTLocationClustering": 0.172346530895554,
        "harmonic_mean": 0.21773623001067097
    }
}