{
  "dataset_revision": "a0d554a64d88156834ff5ae9920b964011b16384",
  "mteb_dataset_name": "STS12",
  "mteb_version": "1.1.2.dev0",
  "test": {
    "cos_sim": {
      "pearson": 0.3546986318771277,
      "spearman": 0.42908452098014455
    },
    "euclidean": {
      "pearson": 0.41741403472554817,
      "spearman": 0.4388506254134081
    },
    "evaluation_time": 0.36,
    "manhattan": {
      "pearson": 0.42187757531034054,
      "spearman": 0.4403172918578355
    }
  }
}