{
  "dataset_revision": "b0fddb56ed78048fa8b90373c8a3cfc37b684831",
  "mteb_dataset_name": "STSBenchmark",
  "mteb_version": "1.1.2.dev0",
  "test": {
    "cos_sim": {
      "pearson": 0.0641116288530642,
      "spearman": 0.14739987980711886
    },
    "euclidean": {
      "pearson": 0.15337284163732728,
      "spearman": 0.12340687337494315
    },
    "evaluation_time": 0.05,
    "manhattan": {
      "pearson": 0.20611864323302084,
      "spearman": 0.13475365294712832
    }
  }
}