{
  "dataset_revision": "b0fddb56ed78048fa8b90373c8a3cfc37b684831",
  "mteb_dataset_name": "STSBenchmark",
  "mteb_version": "1.1.2.dev0",
  "test": {
    "cos_sim": {
      "pearson": 0.39038611206424845,
      "spearman": 0.40649517795705925
    },
    "euclidean": {
      "pearson": 0.3962104335167473,
      "spearman": 0.4117774576136703
    },
    "evaluation_time": 0.03,
    "manhattan": {
      "pearson": 0.40247839543670016,
      "spearman": 0.4183893054269557
    }
  }
}