{
  "dataset_revision": null,
  "mteb_dataset_name": "InstructSTSBenchmark",
  "mteb_version": "1.1.2.dev0",
  "test": {
    "cos_sim": {
      "pearson": -0.026648538045332563,
      "spearman": -0.028663585521004148
    },
    "euclidean": {
      "pearson": -0.10419135049224254,
      "spearman": -0.09125815229868399
    },
    "evaluation_time": 0.12,
    "manhattan": {
      "pearson": -0.10015534630421472,
      "spearman": -0.08109796537146996
    }
  }
}