{
  "dataset_revision": "b0fddb56ed78048fa8b90373c8a3cfc37b684831",
  "mteb_dataset_name": "STSBenchmark",
  "mteb_version": "1.1.2.dev0",
  "test": {
    "cos_sim": {
      "pearson": 0.6492949612228845,
      "spearman": 0.6535022271617621
    },
    "euclidean": {
      "pearson": 0.6779446219994687,
      "spearman": 0.6607021176615072
    },
    "evaluation_time": 0.03,
    "manhattan": {
      "pearson": 0.7000451889626232,
      "spearman": 0.680047376957691
    }
  }
}