{
  "dataset_revision": "b0fddb56ed78048fa8b90373c8a3cfc37b684831",
  "mteb_dataset_name": "STSBenchmark",
  "mteb_version": "1.1.2.dev0",
  "test": {
    "cos_sim": {
      "pearson": 0.06851425210353573,
      "spearman": 0.1198499361946968
    },
    "euclidean": {
      "pearson": 0.07287929181724553,
      "spearman": 0.08792827688575033
    },
    "evaluation_time": 0.04,
    "manhattan": {
      "pearson": 0.07718398630668158,
      "spearman": 0.09823395376918387
    }
  }
}