{
  "dataset_revision": null,
  "mteb_dataset_name": "InstructSTSBenchmark",
  "mteb_version": "1.1.2.dev0",
  "test": {
    "cos_sim": {
      "pearson": 0.19154910892144947,
      "spearman": 0.19318292251139102
    },
    "euclidean": {
      "pearson": 0.21188867104807246,
      "spearman": 0.21084270540318004
    },
    "evaluation_time": 0.03,
    "manhattan": {
      "pearson": 0.21225418385091568,
      "spearman": 0.21118021014522065
    }
  }
}