{
  "dataset_revision": "a0d554a64d88156834ff5ae9920b964011b16384",
  "mteb_dataset_name": "STS12",
  "mteb_version": "1.1.2.dev0",
  "test": {
    "cos_sim": {
      "pearson": 0.33553577206090585,
      "spearman": 0.335879356427929
    },
    "euclidean": {
      "pearson": 0.2920028137717516,
      "spearman": 0.2883683658048047
    },
    "evaluation_time": 0.04,
    "manhattan": {
      "pearson": 0.2902777999239582,
      "spearman": 0.2872430611812766
    }
  }
}