{
  "dataset_revision": "b0fddb56ed78048fa8b90373c8a3cfc37b684831",
  "mteb_dataset_name": "STSBenchmark",
  "mteb_version": "1.1.2.dev0",
  "test": {
    "cos_sim": {
      "pearson": 0.2567853290337953,
      "spearman": 0.24087799156487924
    },
    "euclidean": {
      "pearson": 0.2590141832765321,
      "spearman": 0.2402505963936555
    },
    "evaluation_time": 0.05,
    "manhattan": {
      "pearson": 0.25916626296553047,
      "spearman": 0.24013346982124992
    }
  }
}