{
  "dataset_revision": null,
  "mteb_dataset_name": "InstructSTSBenchmark",
  "mteb_version": "1.1.2.dev0",
  "test": {
    "cos_sim": {
      "pearson": 0.06559305579423158,
      "spearman": 0.049513491869270405
    },
    "euclidean": {
      "pearson": 0.021355614326815153,
      "spearman": 0.04638300666274221
    },
    "evaluation_time": 0.08,
    "manhattan": {
      "pearson": 0.06077936541843492,
      "spearman": 0.04732570441914508
    }
  }
}