{
  "dataset_revision": "b0fddb56ed78048fa8b90373c8a3cfc37b684831",
  "mteb_dataset_name": "STSBenchmark",
  "mteb_version": "1.1.2.dev0",
  "test": {
    "cos_sim": {
      "pearson": 0.2995539765010548,
      "spearman": 0.2571248746849135
    },
    "euclidean": {
      "pearson": 0.31122547377173526,
      "spearman": 0.25716598072276253
    },
    "evaluation_time": 0.03,
    "manhattan": {
      "pearson": 0.3122587919724606,
      "spearman": 0.2581825028915784
    }
  }
}