{
  "dataset_revision": "b0fddb56ed78048fa8b90373c8a3cfc37b684831",
  "mteb_dataset_name": "STSBenchmark",
  "mteb_version": "1.1.2.dev0",
  "test": {
    "cos_sim": {
      "pearson": 0.13822328667744835,
      "spearman": 0.24201076604560262
    },
    "euclidean": {
      "pearson": 0.15631373931440062,
      "spearman": 0.25419571705881905
    },
    "evaluation_time": 0.04,
    "manhattan": {
      "pearson": 0.24399047884950942,
      "spearman": 0.2650868618720972
    }
  }
}