{
  "dataset_revision": null,
  "mteb_dataset_name": "InstructSTSBenchmark",
  "mteb_version": "1.1.2.dev0",
  "test": {
    "cos_sim": {
      "pearson": 0.11109020053557443,
      "spearman": 0.17852555339258847
    },
    "euclidean": {
      "pearson": -0.012699699242439218,
      "spearman": -0.005239486804765276
    },
    "evaluation_time": 0.15,
    "manhattan": {
      "pearson": 0.059229912925794694,
      "spearman": 0.06934020177372936
    }
  }
}