{
  "dataset_revision": "b0fddb56ed78048fa8b90373c8a3cfc37b684831",
  "mteb_dataset_name": "STSBenchmark",
  "mteb_version": "1.1.2.dev0",
  "test": {
    "cos_sim": {
      "pearson": 0.23538736690111658,
      "spearman": 0.19489332057166223
    },
    "euclidean": {
      "pearson": 0.2659751593280398,
      "spearman": 0.22485129375485743
    },
    "evaluation_time": 0.04,
    "manhattan": {
      "pearson": 0.26855411272821234,
      "spearman": 0.2319857889177641
    }
  }
}