{
  "dataset_revision": null,
  "mteb_dataset_name": "InstructSTSBenchmark",
  "mteb_version": "1.1.2.dev0",
  "test": {
    "cos_sim": {
      "pearson": -0.12916627760196225,
      "spearman": -0.12522806156179045
    },
    "euclidean": {
      "pearson": -0.14670635241339,
      "spearman": -0.14012268559363214
    },
    "evaluation_time": 0.08,
    "manhattan": {
      "pearson": -0.149398006534742,
      "spearman": -0.14350728932579934
    }
  }
}