{
  "dataset_revision": null,
  "mteb_dataset_name": "InstructSTSBenchmark",
  "mteb_version": "1.1.2.dev0",
  "test": {
    "cos_sim": {
      "pearson": 0.13357662816564153,
      "spearman": 0.17575848440939237
    },
    "euclidean": {
      "pearson": 0.00864022939338814,
      "spearman": 0.013404979932231215
    },
    "evaluation_time": 0.11,
    "manhattan": {
      "pearson": 0.06541078913413001,
      "spearman": 0.08409729265247537
    }
  }
}