{
  "dataset_revision": "a0d554a64d88156834ff5ae9920b964011b16384",
  "mteb_dataset_name": "STS12",
  "mteb_version": "1.1.2.dev0",
  "test": {
    "cos_sim": {
      "pearson": 0.12635834018137798,
      "spearman": 0.2153623152619818
    },
    "euclidean": {
      "pearson": 0.1292484822501822,
      "spearman": 0.24475886514251557
    },
    "evaluation_time": 0.43,
    "manhattan": {
      "pearson": 0.189067530315469,
      "spearman": 0.2588315713340829
    }
  }
}