{
  "dataset_revision": "b0fddb56ed78048fa8b90373c8a3cfc37b684831",
  "mteb_dataset_name": "STSBenchmark",
  "mteb_version": "1.1.2.dev0",
  "test": {
    "cos_sim": {
      "pearson": 0.24507401322955902,
      "spearman": 0.3541886600951295
    },
    "euclidean": {
      "pearson": 0.3249876806244678,
      "spearman": 0.38521823134084543
    },
    "evaluation_time": 0.03,
    "manhattan": {
      "pearson": 0.32688534830925886,
      "spearman": 0.3893075135055332
    }
  }
}