{
  "dataset_revision": null,
  "mteb_dataset_name": "InstructSTSBenchmark",
  "mteb_version": "1.1.2.dev0",
  "test": {
    "cos_sim": {
      "pearson": -0.060785328341243824,
      "spearman": -0.0656149553530503
    },
    "euclidean": {
      "pearson": -0.0862633417100323,
      "spearman": -0.07938016059410775
    },
    "evaluation_time": 0.08,
    "manhattan": {
      "pearson": -0.09341048362096946,
      "spearman": -0.08840000202566106
    }
  }
}