{
  "dataset_revision": "b0fddb56ed78048fa8b90373c8a3cfc37b684831",
  "mteb_dataset_name": "STSBenchmark",
  "mteb_version": "1.1.2.dev0",
  "test": {
    "cos_sim": {
      "pearson": 0.20903780824400633,
      "spearman": 0.2706409394381187
    },
    "euclidean": {
      "pearson": 0.18411916156255181,
      "spearman": 0.23623838306004888
    },
    "evaluation_time": 0.06,
    "manhattan": {
      "pearson": 0.3690952236861593,
      "spearman": 0.36642588430486606
    }
  }
}