{
  "dataset_revision": "b0fddb56ed78048fa8b90373c8a3cfc37b684831",
  "mteb_dataset_name": "STSBenchmark",
  "mteb_version": "1.1.2.dev0",
  "test": {
    "cos_sim": {
      "pearson": 0.36407707255308486,
      "spearman": 0.3785604771168439
    },
    "euclidean": {
      "pearson": 0.3616023671629239,
      "spearman": 0.36253772924865996
    },
    "evaluation_time": 0.06,
    "manhattan": {
      "pearson": 0.47529567147640167,
      "spearman": 0.4648487895286517
    }
  }
}