{
  "dataset_revision": "b0fddb56ed78048fa8b90373c8a3cfc37b684831",
  "mteb_dataset_name": "STSBenchmark",
  "mteb_version": "1.1.2.dev0",
  "test": {
    "cos_sim": {
      "pearson": 0.19609781667359824,
      "spearman": 0.2310862736779099
    },
    "euclidean": {
      "pearson": 0.20267173590145068,
      "spearman": 0.21703685010211102
    },
    "evaluation_time": 0.04,
    "manhattan": {
      "pearson": 0.26147468964564397,
      "spearman": 0.2710861211323898
    }
  }
}