{
  "dataset_revision": "b0fddb56ed78048fa8b90373c8a3cfc37b684831",
  "mteb_dataset_name": "STSBenchmark",
  "mteb_version": "1.1.2.dev0",
  "test": {
    "cos_sim": {
      "pearson": 0.1346624559768137,
      "spearman": 0.10599678976309308
    },
    "euclidean": {
      "pearson": 0.19215018606208642,
      "spearman": 0.1361717797565068
    },
    "evaluation_time": 0.08,
    "manhattan": {
      "pearson": 0.1958792077604945,
      "spearman": 0.13696513240430744
    }
  }
}