{
  "dataset_revision": "b0fddb56ed78048fa8b90373c8a3cfc37b684831",
  "mteb_dataset_name": "STSBenchmark",
  "mteb_version": "1.1.2.dev0",
  "test": {
    "cos_sim": {
      "pearson": 0.4766694561525503,
      "spearman": 0.4980309535409009
    },
    "euclidean": {
      "pearson": 0.4938803695722827,
      "spearman": 0.49952009960021454
    },
    "evaluation_time": 0.02,
    "manhattan": {
      "pearson": 0.5040835097222567,
      "spearman": 0.5090633278881509
    }
  }
}