{
  "dataset_revision": "b0fddb56ed78048fa8b90373c8a3cfc37b684831",
  "mteb_dataset_name": "STSBenchmark",
  "mteb_version": "1.1.2.dev0",
  "test": {
    "cos_sim": {
      "pearson": 0.5014341995335333,
      "spearman": 0.5462933162286079
    },
    "euclidean": {
      "pearson": 0.5897900263561511,
      "spearman": 0.592110859691046
    },
    "evaluation_time": 0.07,
    "manhattan": {
      "pearson": 0.6079918457168867,
      "spearman": 0.6087384095630303
    }
  }
}