{
  "dataset_revision": "b0fddb56ed78048fa8b90373c8a3cfc37b684831",
  "mteb_dataset_name": "STSBenchmark",
  "mteb_version": "1.1.2.dev0",
  "test": {
    "cos_sim": {
      "pearson": 0.0007231304771918884,
      "spearman": 0.004731709880579956
    },
    "euclidean": {
      "pearson": 0.007618858553555342,
      "spearman": 0.00482531081068726
    },
    "evaluation_time": 0.03,
    "manhattan": {
      "pearson": 0.010244226228723242,
      "spearman": 0.011467757995624772
    }
  }
}