{
  "dataset_revision": null,
  "mteb_dataset_name": "InstructSTSBenchmark",
  "mteb_version": "1.1.2.dev0",
  "test": {
    "cos_sim": {
      "pearson": -0.08167911763293016,
      "spearman": -0.09257474291876887
    },
    "euclidean": {
      "pearson": -0.07464504048866093,
      "spearman": -0.09204965411252707
    },
    "evaluation_time": 0.08,
    "manhattan": {
      "pearson": -0.07749040668823619,
      "spearman": -0.08807028551569213
    }
  }
}