{
  "dataset_revision": "b0fddb56ed78048fa8b90373c8a3cfc37b684831",
  "mteb_dataset_name": "STSBenchmark",
  "mteb_version": "1.1.2.dev0",
  "test": {
    "cos_sim": {
      "pearson": 0.2970666369856831,
      "spearman": 0.38239966647914214
    },
    "euclidean": {
      "pearson": 0.10842492700552232,
      "spearman": 0.3740771717486671
    },
    "evaluation_time": 0.05,
    "manhattan": {
      "pearson": 0.3645149633979847,
      "spearman": 0.39373542755587887
    }
  }
}