{
  "dataset_revision": "b0fddb56ed78048fa8b90373c8a3cfc37b684831",
  "mteb_dataset_name": "STSBenchmark",
  "mteb_version": "1.1.2.dev0",
  "test": {
    "cos_sim": {
      "pearson": 0.2842621532483964,
      "spearman": 0.36014211660845724
    },
    "euclidean": {
      "pearson": 0.20890635880904193,
      "spearman": 0.34995486356394484
    },
    "evaluation_time": 0.05,
    "manhattan": {
      "pearson": 0.3239589133806094,
      "spearman": 0.3504119643812703
    }
  }
}