{
  "dataset_revision": "a0d554a64d88156834ff5ae9920b964011b16384",
  "mteb_dataset_name": "STS12",
  "mteb_version": "1.1.2.dev0",
  "test": {
    "cos_sim": {
      "pearson": 0.09995251362800177,
      "spearman": 0.23000457260160165
    },
    "euclidean": {
      "pearson": 0.1317905438707159,
      "spearman": 0.23073057929185933
    },
    "evaluation_time": 0.46,
    "manhattan": {
      "pearson": 0.1218555547788787,
      "spearman": 0.21834757226446494
    }
  }
}