{
  "dataset_revision": "a0d554a64d88156834ff5ae9920b964011b16384",
  "mteb_dataset_name": "STS12",
  "mteb_version": "1.1.2.dev0",
  "test": {
    "cos_sim": {
      "pearson": 0.7074903670869058,
      "spearman": 0.6498831775371497
    },
    "euclidean": {
      "pearson": 0.6815809030381887,
      "spearman": 0.6541556061711892
    },
    "evaluation_time": 0.16,
    "manhattan": {
      "pearson": 0.694425930322987,
      "spearman": 0.6621944895991299
    }
  }
}