{
  "dataset_revision": null,
  "mteb_dataset_name": "InstructSTSBenchmark",
  "mteb_version": "1.1.2.dev0",
  "test": {
    "cos_sim": {
      "pearson": 0.3004494266499446,
      "spearman": 0.29708869317787306
    },
    "euclidean": {
      "pearson": 0.31748742613886327,
      "spearman": 0.29687465064966645
    },
    "evaluation_time": 0.15,
    "manhattan": {
      "pearson": 0.31677676911735647,
      "spearman": 0.29500656078417814
    }
  }
}