{
  "dataset_revision": "b0fddb56ed78048fa8b90373c8a3cfc37b684831",
  "mteb_dataset_name": "STSBenchmark",
  "mteb_version": "1.1.2.dev0",
  "test": {
    "cos_sim": {
      "pearson": 0.44413554720100834,
      "spearman": 0.46114859885490667
    },
    "euclidean": {
      "pearson": 0.45723209572963125,
      "spearman": 0.466951664647739
    },
    "evaluation_time": 0.03,
    "manhattan": {
      "pearson": 0.46112439111082876,
      "spearman": 0.4699783623305185
    }
  }
}