{
  "dataset_revision": "b0fddb56ed78048fa8b90373c8a3cfc37b684831",
  "mteb_dataset_name": "STSBenchmark",
  "mteb_version": "1.1.2.dev0",
  "test": {
    "cos_sim": {
      "pearson": 0.11386938894862639,
      "spearman": 0.14485560423705054
    },
    "euclidean": {
      "pearson": 0.148136349643504,
      "spearman": 0.15553123380475933
    },
    "evaluation_time": 0.18,
    "manhattan": {
      "pearson": 0.1522828351450961,
      "spearman": 0.1608822397564728
    }
  }
}