{
  "dataset_revision": null,
  "mteb_dataset_name": "InstructSTSBenchmark",
  "mteb_version": "1.1.2.dev0",
  "test": {
    "cos_sim": {
      "pearson": 0.04527936338844213,
      "spearman": 0.05418599387754579
    },
    "euclidean": {
      "pearson": 0.008005583722658033,
      "spearman": 0.012790177047620645
    },
    "evaluation_time": 0.15,
    "manhattan": {
      "pearson": 0.016786647121225608,
      "spearman": 0.020251607021968186
    }
  }
}