{
  "dataset_revision": "b0fddb56ed78048fa8b90373c8a3cfc37b684831",
  "mteb_dataset_name": "STSBenchmark",
  "mteb_version": "1.1.2.dev0",
  "test": {
    "cos_sim": {
      "pearson": 0.5705553039170467,
      "spearman": 0.6098997361201306
    },
    "euclidean": {
      "pearson": 0.6011676089723551,
      "spearman": 0.6116779521043249
    },
    "evaluation_time": 0.11,
    "manhattan": {
      "pearson": 0.6016387739801263,
      "spearman": 0.6117028654801494
    }
  }
}