{
  "dataset_revision": null,
  "mteb_dataset_name": "InstructSTSBenchmark",
  "mteb_version": "1.1.2.dev0",
  "test": {
    "cos_sim": {
      "pearson": 0.18630679201809022,
      "spearman": 0.22070694905404953
    },
    "euclidean": {
      "pearson": 0.22132780524033913,
      "spearman": 0.23113901545046928
    },
    "evaluation_time": 0.11,
    "manhattan": {
      "pearson": 0.2205473617195852,
      "spearman": 0.2303238323664301
    }
  }
}