{
  "dataset_revision": "a0d554a64d88156834ff5ae9920b964011b16384",
  "mteb_dataset_name": "STS12",
  "mteb_version": "1.1.2.dev0",
  "test": {
    "cos_sim": {
      "pearson": 0.7215949915556782,
      "spearman": 0.6564115606327425
    },
    "euclidean": {
      "pearson": 0.6806576378891619,
      "spearman": 0.6624819282483283
    },
    "evaluation_time": 0.14,
    "manhattan": {
      "pearson": 0.6853986976865941,
      "spearman": 0.6656439839415076
    }
  }
}