{
  "dataset_revision": "b0fddb56ed78048fa8b90373c8a3cfc37b684831",
  "mteb_dataset_name": "STSBenchmark",
  "mteb_version": "1.1.2.dev0",
  "test": {
    "cos_sim": {
      "pearson": 0.7797675224206926,
      "spearman": 0.7708553887258035
    },
    "euclidean": {
      "pearson": 0.7736397009610315,
      "spearman": 0.7699820159227238
    },
    "evaluation_time": 0.06,
    "manhattan": {
      "pearson": 0.7762805849953489,
      "spearman": 0.7727575933818944
    }
  }
}