{
  "dataset_revision": null,
  "mteb_dataset_name": "InstructSTSBenchmark",
  "mteb_version": "1.1.2.dev0",
  "test": {
    "cos_sim": {
      "pearson": 0.04880683947327317,
      "spearman": 0.051272283521468814
    },
    "euclidean": {
      "pearson": 0.01688102605120544,
      "spearman": 0.07482606513114759
    },
    "evaluation_time": 0.15,
    "manhattan": {
      "pearson": 0.0839548693325903,
      "spearman": 0.0794493828220968
    }
  }
}