{
  "dataset_revision": "b0fddb56ed78048fa8b90373c8a3cfc37b684831",
  "mteb_dataset_name": "STSBenchmark",
  "mteb_version": "1.1.2.dev0",
  "test": {
    "cos_sim": {
      "pearson": 0.409234684428486,
      "spearman": 0.43986235321112677
    },
    "euclidean": {
      "pearson": 0.4075374646744425,
      "spearman": 0.434076668474877
    },
    "evaluation_time": 0.06,
    "manhattan": {
      "pearson": 0.4156496184831338,
      "spearman": 0.4417102848255338
    }
  }
}