{
  "dataset_revision": "b0fddb56ed78048fa8b90373c8a3cfc37b684831",
  "mteb_dataset_name": "STSBenchmark",
  "mteb_version": "1.1.2.dev0",
  "test": {
    "cos_sim": {
      "pearson": 0.3800854135076464,
      "spearman": 0.3893981352913145
    },
    "euclidean": {
      "pearson": 0.40150734250138403,
      "spearman": 0.40158456867576314
    },
    "evaluation_time": 0.03,
    "manhattan": {
      "pearson": 0.40592149727572635,
      "spearman": 0.40539578089023853
    }
  }
}