{
  "dataset_revision": null,
  "mteb_dataset_name": "InstructSTSBenchmark",
  "mteb_version": "1.1.2.dev0",
  "test": {
    "cos_sim": {
      "pearson": 0.02536442288303206,
      "spearman": 0.028842452651781567
    },
    "euclidean": {
      "pearson": 0.012563675049434975,
      "spearman": 0.027314098222031215
    },
    "evaluation_time": 0.12,
    "manhattan": {
      "pearson": 0.04318854231731163,
      "spearman": 0.03391662579131626
    }
  }
}