{
  "dataset_revision": "b0fddb56ed78048fa8b90373c8a3cfc37b684831",
  "mteb_dataset_name": "STSBenchmark",
  "mteb_version": "1.1.2.dev0",
  "test": {
    "cos_sim": {
      "pearson": 0.08866686197111184,
      "spearman": 0.10329583729912117
    },
    "euclidean": {
      "pearson": 0.10655364407693206,
      "spearman": 0.11190776478865216
    },
    "evaluation_time": 0.04,
    "manhattan": {
      "pearson": 0.10957860066828669,
      "spearman": 0.1144153903909916
    }
  }
}