{
  "dataset_revision": "b0fddb56ed78048fa8b90373c8a3cfc37b684831",
  "mteb_dataset_name": "STSBenchmark",
  "mteb_version": "1.1.2.dev0",
  "test": {
    "cos_sim": {
      "pearson": 0.02476476167130424,
      "spearman": 0.052737279241064715
    },
    "euclidean": {
      "pearson": 0.031407342881398376,
      "spearman": 0.05275836925502642
    },
    "evaluation_time": 0.03,
    "manhattan": {
      "pearson": 0.038495888130093824,
      "spearman": 0.0690252116544674
    }
  }
}