{
  "dataset_revision": null,
  "mteb_dataset_name": "InstructSTSBenchmark",
  "mteb_version": "1.1.2.dev0",
  "test": {
    "cos_sim": {
      "pearson": 0.0023402494046339518,
      "spearman": 0.01835391548006973
    },
    "euclidean": {
      "pearson": 0.004527917569185152,
      "spearman": 0.01632051183391779
    },
    "evaluation_time": 0.11,
    "manhattan": {
      "pearson": 0.00455236464673838,
      "spearman": 0.016349658047081782
    }
  }
}