{
  "dataset_revision": "a0d554a64d88156834ff5ae9920b964011b16384",
  "mteb_dataset_name": "STS12",
  "mteb_version": "1.1.2.dev0",
  "test": {
    "cos_sim": {
      "pearson": 0.21656100970738987,
      "spearman": 0.33469215868926916
    },
    "euclidean": {
      "pearson": 0.29010182262608863,
      "spearman": 0.3349861789731934
    },
    "evaluation_time": 0.39,
    "manhattan": {
      "pearson": 0.290217524133938,
      "spearman": 0.334577644027386
    }
  }
}