{
  "dataset_revision": null,
  "mteb_dataset_name": "InstructSTSBenchmark",
  "mteb_version": "1.1.2.dev0",
  "test": {
    "cos_sim": {
      "pearson": -0.026783343231098263,
      "spearman": -0.03907231735097901
    },
    "euclidean": {
      "pearson": -0.03910347360669311,
      "spearman": -0.044479850184075034
    },
    "evaluation_time": 0.19,
    "manhattan": {
      "pearson": -0.03882846378546375,
      "spearman": -0.04436964107437352
    }
  }
}