{
    "dataset_revision": null,
    "mteb_dataset_name": "IntentEmotion",
    "mteb_version": "1.1.2.dev0",
    "test": {
        "Emotion_success_rate": 0.43522727272727274,
        "Intent_success_rate": 0.8006493506493506,
        "evaluation_time": 235.73,
        "harmonic_mean": 0.5639146067210744
    }
}