{
  "dataset_revision": "b0fddb56ed78048fa8b90373c8a3cfc37b684831",
  "mteb_dataset_name": "STSBenchmark",
  "mteb_version": "1.1.2.dev0",
  "test": {
    "cos_sim": {
      "pearson": -0.000975372777150959,
      "spearman": -0.003982896747981465
    },
    "euclidean": {
      "pearson": -0.0014340392849118899,
      "spearman": -0.00398478773815155
    },
    "evaluation_time": 68.32,
    "manhattan": {
      "pearson": 0.028870116445861495,
      "spearman": 0.005997487081758591
    }
  }
}