{
  "dataset_revision": null,
  "mteb_dataset_name": "InstructSTSBenchmark",
  "mteb_version": "1.1.2.dev0",
  "test": {
    "cos_sim": {
      "pearson": -0.06097747382718661,
      "spearman": -0.057557953261458336
    },
    "euclidean": {
      "pearson": -0.12984985376185781,
      "spearman": -0.10970178346924438
    },
    "evaluation_time": 0.1,
    "manhattan": {
      "pearson": -0.14737790816621477,
      "spearman": -0.13780282935599567
    }
  }
}