{
  "dataset_revision": "b0fddb56ed78048fa8b90373c8a3cfc37b684831",
  "mteb_dataset_name": "STSBenchmark",
  "mteb_version": "1.1.2.dev0",
  "test": {
    "cos_sim": {
      "pearson": 0.170540627136985,
      "spearman": 0.16380084328203498
    },
    "euclidean": {
      "pearson": 0.17712177651480243,
      "spearman": 0.17975430654375846
    },
    "evaluation_time": 0.07,
    "manhattan": {
      "pearson": 0.177155001041375,
      "spearman": 0.1796955365509974
    }
  }
}