{
  "dataset_revision": "b0fddb56ed78048fa8b90373c8a3cfc37b684831",
  "mteb_dataset_name": "STSBenchmark",
  "mteb_version": "1.1.2.dev0",
  "test": {
    "cos_sim": {
      "pearson": 0.7797453446888924,
      "spearman": 0.7853488588588996
    },
    "euclidean": {
      "pearson": 0.8005821418177936,
      "spearman": 0.786927846737732
    },
    "evaluation_time": 0.04,
    "manhattan": {
      "pearson": 0.8020358197976359,
      "spearman": 0.7883148772420863
    }
  }
}