{
  "dataset_revision": null,
  "mteb_dataset_name": "InstructSTSBenchmark",
  "mteb_version": "1.1.2.dev0",
  "test": {
    "cos_sim": {
      "pearson": 0.08523995398291832,
      "spearman": 0.11532153722844171
    },
    "euclidean": {
      "pearson": 0.08449170028770257,
      "spearman": 0.08424484533273484
    },
    "evaluation_time": 0.15,
    "manhattan": {
      "pearson": 0.08657336199518097,
      "spearman": 0.08583058136525919
    }
  }
}