{
  "dataset_revision": "b0fddb56ed78048fa8b90373c8a3cfc37b684831",
  "mteb_dataset_name": "STSBenchmark",
  "mteb_version": "1.1.2.dev0",
  "test": {
    "cos_sim": {
      "pearson": 0.24150264652865358,
      "spearman": 0.3086945706300109
    },
    "euclidean": {
      "pearson": 0.3395329323715131,
      "spearman": 0.35351545089018566
    },
    "evaluation_time": 0.08,
    "manhattan": {
      "pearson": 0.3623049277654773,
      "spearman": 0.3721792704628937
    }
  }
}