{
  "dataset_revision": "b0fddb56ed78048fa8b90373c8a3cfc37b684831",
  "mteb_dataset_name": "STSBenchmark",
  "mteb_version": "1.1.2.dev0",
  "test": {
    "cos_sim": {
      "pearson": 0.13452573759423964,
      "spearman": 0.1653593701346455
    },
    "euclidean": {
      "pearson": 0.14391174547086064,
      "spearman": 0.15887853032340293
    },
    "evaluation_time": 0.14,
    "manhattan": {
      "pearson": 0.16013993782744226,
      "spearman": 0.17372406853371258
    }
  }
}