{
  "dataset_revision": "b0fddb56ed78048fa8b90373c8a3cfc37b684831",
  "mteb_dataset_name": "STSBenchmark",
  "mteb_version": "1.1.2.dev0",
  "test": {
    "cos_sim": {
      "pearson": 0.27446742158884346,
      "spearman": 0.3473963840782978
    },
    "euclidean": {
      "pearson": 0.34146700241826117,
      "spearman": 0.35681535021515737
    },
    "evaluation_time": 0.03,
    "manhattan": {
      "pearson": 0.3456780019727457,
      "spearman": 0.3591477910616483
    }
  }
}