{
  "dataset_revision": "b0fddb56ed78048fa8b90373c8a3cfc37b684831",
  "mteb_dataset_name": "STSBenchmark",
  "mteb_version": "1.1.2.dev0",
  "test": {
    "cos_sim": {
      "pearson": -0.041245246460136414,
      "spearman": -0.03430949209576552
    },
    "euclidean": {
      "pearson": -0.033432571309716,
      "spearman": -0.03411065799346353
    },
    "evaluation_time": 0.12,
    "manhattan": {
      "pearson": -0.038456736702289634,
      "spearman": -0.04141126896969545
    }
  }
}