{
  "dataset_revision": "b0fddb56ed78048fa8b90373c8a3cfc37b684831",
  "mteb_dataset_name": "STSBenchmark",
  "mteb_version": "1.1.2.dev0",
  "test": {
    "cos_sim": {
      "pearson": 0.487980241526724,
      "spearman": 0.49326807448353815
    },
    "euclidean": {
      "pearson": 0.5176420779511767,
      "spearman": 0.5240176315594215
    },
    "evaluation_time": 0.04,
    "manhattan": {
      "pearson": 0.5255770455646817,
      "spearman": 0.5306740360792032
    }
  }
}