{
  "dataset_revision": null,
  "mteb_dataset_name": "InstructSTSBenchmark",
  "mteb_version": "1.1.2.dev0",
  "test": {
    "cos_sim": {
      "pearson": -0.003771263930571114,
      "spearman": 0.003213825436669407
    },
    "euclidean": {
      "pearson": -0.0706430856278438,
      "spearman": -0.06810695273807067
    },
    "evaluation_time": 0.12,
    "manhattan": {
      "pearson": -0.08236152096811875,
      "spearman": -0.07632163009555622
    }
  }
}