{
  "dataset_revision": "b0fddb56ed78048fa8b90373c8a3cfc37b684831",
  "mteb_dataset_name": "STSBenchmark",
  "mteb_version": "1.1.2.dev0",
  "test": {
    "cos_sim": {
      "pearson": 0.2616716975859074,
      "spearman": 0.19427175646925965
    },
    "euclidean": {
      "pearson": 0.25414931411826663,
      "spearman": 0.19532228316262248
    },
    "evaluation_time": 0.03,
    "manhattan": {
      "pearson": 0.25891603759142073,
      "spearman": 0.21540779405537516
    }
  }
}