{
  "dataset_revision": "b0fddb56ed78048fa8b90373c8a3cfc37b684831",
  "mteb_dataset_name": "STSBenchmark",
  "mteb_version": "1.1.2.dev0",
  "test": {
    "cos_sim": {
      "pearson": 0.002335408356774228,
      "spearman": 0.06534299441196942
    },
    "euclidean": {
      "pearson": 0.017631074502698685,
      "spearman": 0.065660219358862
    },
    "evaluation_time": 0.03,
    "manhattan": {
      "pearson": 0.019752130489389258,
      "spearman": 0.07031875347929235
    }
  }
}