{
  "dataset_revision": null,
  "mteb_dataset_name": "InstructSTSBenchmark",
  "mteb_version": "1.1.2.dev0",
  "test": {
    "cos_sim": {
      "pearson": -0.0886919728847424,
      "spearman": -0.07418849182255664
    },
    "euclidean": {
      "pearson": -0.12324277823321243,
      "spearman": -0.11074876999557154
    },
    "evaluation_time": 0.04,
    "manhattan": {
      "pearson": -0.1224315938180941,
      "spearman": -0.11019909069153382
    }
  }
}