{
  "dataset_revision": null,
  "mteb_dataset_name": "InstructSTSBenchmark",
  "mteb_version": "1.1.2.dev0",
  "test": {
    "cos_sim": {
      "pearson": 0.2768628245615748,
      "spearman": 0.28064908908761016
    },
    "euclidean": {
      "pearson": 0.2867686170179851,
      "spearman": 0.2813840217252766
    },
    "evaluation_time": 0.03,
    "manhattan": {
      "pearson": 0.2869462930999832,
      "spearman": 0.2818822288380297
    }
  }
}