{
  "dataset_revision": "b0fddb56ed78048fa8b90373c8a3cfc37b684831",
  "mteb_dataset_name": "STSBenchmark",
  "mteb_version": "1.1.2.dev0",
  "test": {
    "cos_sim": {
      "pearson": 0.4872847304568871,
      "spearman": 0.48195650805732954
    },
    "euclidean": {
      "pearson": 0.45341545529442473,
      "spearman": 0.4565926516963729
    },
    "evaluation_time": 0.03,
    "manhattan": {
      "pearson": 0.4530642845899058,
      "spearman": 0.45676635453320896
    }
  }
}