{
  "dataset_revision": "b0fddb56ed78048fa8b90373c8a3cfc37b684831",
  "mteb_dataset_name": "STSBenchmark",
  "mteb_version": "1.1.2.dev0",
  "test": {
    "cos_sim": {
      "pearson": 0.12755111134433778,
      "spearman": 0.116415753967765
    },
    "euclidean": {
      "pearson": 0.1748755413084213,
      "spearman": 0.13845471365515974
    },
    "evaluation_time": 0.08,
    "manhattan": {
      "pearson": 0.1794985470122971,
      "spearman": 0.13911040117601683
    }
  }
}