{
  "dataset_revision": "b0fddb56ed78048fa8b90373c8a3cfc37b684831",
  "mteb_dataset_name": "STSBenchmark",
  "mteb_version": "1.1.2.dev0",
  "test": {
    "cos_sim": {
      "pearson": 0.2768306497587619,
      "spearman": 0.23096649701088756
    },
    "euclidean": {
      "pearson": 0.2692503806731397,
      "spearman": 0.23215931378466684
    },
    "evaluation_time": 0.04,
    "manhattan": {
      "pearson": 0.2744115681970653,
      "spearman": 0.25391103753993605
    }
  }
}