{
  "dataset_revision": "a0d554a64d88156834ff5ae9920b964011b16384",
  "mteb_dataset_name": "STS12",
  "mteb_version": "1.1.2.dev0",
  "test": {
    "cos_sim": {
      "pearson": 0.7365631299954764,
      "spearman": 0.683451560404849
    },
    "euclidean": {
      "pearson": 0.7044310451280715,
      "spearman": 0.6768700829584531
    },
    "evaluation_time": 577.77,
    "manhattan": {
      "pearson": 0.718611538102766,
      "spearman": 0.6802511704067153
    }
  }
}