{
  "dataset_revision": "b0fddb56ed78048fa8b90373c8a3cfc37b684831",
  "mteb_dataset_name": "STSBenchmark",
  "mteb_version": "1.1.2.dev0",
  "test": {
    "cos_sim": {
      "pearson": 0.754153388727231,
      "spearman": 0.755456520177586
    },
    "euclidean": {
      "pearson": 0.7788253733140511,
      "spearman": 0.7643301700445896
    },
    "evaluation_time": 0.13,
    "manhattan": {
      "pearson": 0.7848033764082492,
      "spearman": 0.770181465698728
    }
  }
}