{
    "dataset_revision": null,
    "mteb_dataset_name": "IntentEmotion",
    "mteb_version": "1.1.2.dev0",
    "test": {
        "Emotion_success_rate": 0.9930194805194805,
        "Intent_success_rate": 0.012662337662337663,
        "evaluation_time": 0.91,
        "harmonic_mean": 0.02500583692983391
    }
}