{
  "dataset_revision": "a0d554a64d88156834ff5ae9920b964011b16384",
  "mteb_dataset_name": "STS12",
  "mteb_version": "1.1.2.dev0",
  "test": {
    "cos_sim": {
      "pearson": 0.21329745090256277,
      "spearman": 0.19214588650670925
    },
    "euclidean": {
      "pearson": 0.2158455776074938,
      "spearman": 0.18325432883748838
    },
    "evaluation_time": 0.44,
    "manhattan": {
      "pearson": 0.22471680260447877,
      "spearman": 0.18631253304666873
    }
  }
}