{
  "dataset_revision": "b0fddb56ed78048fa8b90373c8a3cfc37b684831",
  "mteb_dataset_name": "STSBenchmark",
  "mteb_version": "1.1.2.dev0",
  "test": {
    "cos_sim": {
      "pearson": 0.2028403687970548,
      "spearman": 0.18404598045368936
    },
    "euclidean": {
      "pearson": 0.21506741428785225,
      "spearman": 0.21438617365519716
    },
    "evaluation_time": 0.06,
    "manhattan": {
      "pearson": 0.21989012226353322,
      "spearman": 0.21900829316141435
    }
  }
}