{
  "dataset_revision": null,
  "mteb_dataset_name": "InstructSTSBenchmark",
  "mteb_version": "1.1.2.dev0",
  "test": {
    "cos_sim": {
      "pearson": 0.01624663823632349,
      "spearman": -0.002839478507000428
    },
    "euclidean": {
      "pearson": 0.0074428559225360735,
      "spearman": -0.023100649130615394
    },
    "evaluation_time": 0.1,
    "manhattan": {
      "pearson": 0.006970825492760246,
      "spearman": -0.021942998062929625
    }
  }
}