{
  "dataset_revision": null,
  "mteb_dataset_name": "InstructSTSBenchmark",
  "mteb_version": "1.1.2.dev0",
  "test": {
    "cos_sim": {
      "pearson": 0.0028568829496670475,
      "spearman": 0.04763128425051899
    },
    "euclidean": {
      "pearson": 0.01907213733513054,
      "spearman": 0.04528182638497306
    },
    "evaluation_time": 0.15,
    "manhattan": {
      "pearson": 0.01899673826940955,
      "spearman": 0.0450486566983652
    }
  }
}