{
  "dataset_revision": "b0fddb56ed78048fa8b90373c8a3cfc37b684831",
  "mteb_dataset_name": "STSBenchmark",
  "mteb_version": "1.1.2.dev0",
  "test": {
    "cos_sim": {
      "pearson": 0.36723522040007556,
      "spearman": 0.37879273861600626
    },
    "euclidean": {
      "pearson": 0.37175292730506476,
      "spearman": 0.3807492585065175
    },
    "evaluation_time": 0.04,
    "manhattan": {
      "pearson": 0.40358388501002984,
      "spearman": 0.4122177995566588
    }
  }
}