{
  "dataset_revision": "b0fddb56ed78048fa8b90373c8a3cfc37b684831",
  "mteb_dataset_name": "STSBenchmark",
  "mteb_version": "1.1.2.dev0",
  "test": {
    "cos_sim": {
      "pearson": 0.25429068075107114,
      "spearman": 0.24851615980565006
    },
    "euclidean": {
      "pearson": 0.28909774849170394,
      "spearman": 0.24892183663628561
    },
    "evaluation_time": 0.03,
    "manhattan": {
      "pearson": 0.2926044301867012,
      "spearman": 0.2520205444279741
    }
  }
}