{
  "dataset_revision": null,
  "mteb_dataset_name": "InstructSTSBenchmark",
  "mteb_version": "1.1.2.dev0",
  "test": {
    "cos_sim": {
      "pearson": 0.026697840154301447,
      "spearman": 0.035363920766094625
    },
    "euclidean": {
      "pearson": -0.12950668238256574,
      "spearman": -0.11114133302263399
    },
    "evaluation_time": 0.12,
    "manhattan": {
      "pearson": -0.05962709667754777,
      "spearman": -0.05336443497465336
    }
  }
}