{
  "dataset_revision": "a0d554a64d88156834ff5ae9920b964011b16384",
  "mteb_dataset_name": "STS12",
  "mteb_version": "1.1.2.dev0",
  "test": {
    "cos_sim": {
      "pearson": 0.26251561726048667,
      "spearman": 0.44255057520757807
    },
    "euclidean": {
      "pearson": 0.15212536213182623,
      "spearman": 0.27406411690118
    },
    "evaluation_time": 0.35,
    "manhattan": {
      "pearson": 0.46886097013649514,
      "spearman": 0.5516084064897054
    }
  }
}