{
  "dataset_revision": "b0fddb56ed78048fa8b90373c8a3cfc37b684831",
  "mteb_dataset_name": "STSBenchmark",
  "mteb_version": "1.1.2.dev0",
  "test": {
    "cos_sim": {
      "pearson": 0.5733263768278586,
      "spearman": 0.5932958141765814
    },
    "euclidean": {
      "pearson": 0.5881033377546705,
      "spearman": 0.5962612446094291
    },
    "evaluation_time": 0.03,
    "manhattan": {
      "pearson": 0.5965769721957092,
      "spearman": 0.6037222239938862
    }
  }
}