{
  "dataset_revision": "b0fddb56ed78048fa8b90373c8a3cfc37b684831",
  "mteb_dataset_name": "STSBenchmark",
  "mteb_version": "1.1.2.dev0",
  "test": {
    "cos_sim": {
      "pearson": -0.03268867724609698,
      "spearman": -0.024285345220898275
    },
    "euclidean": {
      "pearson": -0.03359890185626765,
      "spearman": -0.024284859617003007
    },
    "evaluation_time": 29.98,
    "manhattan": {
      "pearson": -0.010139816371062567,
      "spearman": 1.2301142015191963e-05
    }
  }
}