{
  "dataset_revision": null,
  "mteb_dataset_name": "InstructSTSBenchmark",
  "mteb_version": "1.1.2.dev0",
  "test": {
    "cos_sim": {
      "pearson": -0.028779994238047595,
      "spearman": -0.015659855198171434
    },
    "euclidean": {
      "pearson": -0.12751006487146796,
      "spearman": -0.10873221653404885
    },
    "evaluation_time": 0.15,
    "manhattan": {
      "pearson": -0.14595290214621032,
      "spearman": -0.1369758056435143
    }
  }
}