{
    "dataset_revision": null,
    "mteb_dataset_name": "IntentEmotion",
    "mteb_version": "1.1.2.dev0",
    "test": {
        "Emotion_success_rate": 0.9761363636363637,
        "Intent_success_rate": 0.021266233766233766,
        "evaluation_time": 0.41,
        "harmonic_mean": 0.04162562581778181
    }
}