{
  "dataset_revision": "b0fddb56ed78048fa8b90373c8a3cfc37b684831",
  "mteb_dataset_name": "STSBenchmark",
  "mteb_version": "1.1.2.dev0",
  "test": {
    "cos_sim": {
      "pearson": 0.1895563183833589,
      "spearman": 0.2561687172692703
    },
    "euclidean": {
      "pearson": 0.09896479887996883,
      "spearman": 0.10220095753784861
    },
    "evaluation_time": 0.06,
    "manhattan": {
      "pearson": 0.22501551857984414,
      "spearman": 0.2602044400999172
    }
  }
}