{
  "dataset_revision": "b0fddb56ed78048fa8b90373c8a3cfc37b684831",
  "mteb_dataset_name": "STSBenchmark",
  "mteb_version": "1.1.2.dev0",
  "test": {
    "cos_sim": {
      "pearson": 0.4140036148784602,
      "spearman": 0.46257562675596614
    },
    "euclidean": {
      "pearson": 0.43911325577786225,
      "spearman": 0.4721212396677807
    },
    "evaluation_time": 0.03,
    "manhattan": {
      "pearson": 0.4406743938454599,
      "spearman": 0.47481843113456795
    }
  }
}