{
  "dataset_revision": null,
  "mteb_dataset_name": "InstructSTSBenchmark",
  "mteb_version": "1.1.2.dev0",
  "test": {
    "cos_sim": {
      "pearson": -0.006306645757134276,
      "spearman": -0.02445868042645884
    },
    "euclidean": {
      "pearson": -0.018820613133387187,
      "spearman": -0.02806552397770046
    },
    "evaluation_time": 0.12,
    "manhattan": {
      "pearson": -0.0191951263008072,
      "spearman": -0.028811484811027955
    }
  }
}