{
  "dataset_revision": "a0d554a64d88156834ff5ae9920b964011b16384",
  "mteb_dataset_name": "STS12",
  "mteb_version": "1.1.2.dev0",
  "test": {
    "cos_sim": {
      "pearson": 0.13659775030242874,
      "spearman": 0.25443099561437443
    },
    "euclidean": {
      "pearson": 0.12626465968659223,
      "spearman": 0.2500715112909141
    },
    "evaluation_time": 0.39,
    "manhattan": {
      "pearson": 0.2115838059184881,
      "spearman": 0.31432696236735613
    }
  }
}