{
  "dataset_revision": "b0fddb56ed78048fa8b90373c8a3cfc37b684831",
  "mteb_dataset_name": "STSBenchmark",
  "mteb_version": "1.1.2.dev0",
  "test": {
    "cos_sim": {
      "pearson": 0.11947701478718988,
      "spearman": 0.20573244374934624
    },
    "euclidean": {
      "pearson": 0.09689948206168689,
      "spearman": 0.13262163038684202
    },
    "evaluation_time": 0.06,
    "manhattan": {
      "pearson": 0.281971789845938,
      "spearman": 0.29219711203561854
    }
  }
}