{
  "dataset_revision": null,
  "mteb_dataset_name": "InstructSTSBenchmark",
  "mteb_version": "1.1.2.dev0",
  "test": {
    "cos_sim": {
      "pearson": 0.2192859736734085,
      "spearman": 0.24912450457782132
    },
    "euclidean": {
      "pearson": 0.20000173172648106,
      "spearman": 0.21029947467981872
    },
    "evaluation_time": 0.11,
    "manhattan": {
      "pearson": 0.19945801549074416,
      "spearman": 0.21014645707300417
    }
  }
}