{
  "dataset_revision": "b0fddb56ed78048fa8b90373c8a3cfc37b684831",
  "mteb_dataset_name": "STSBenchmark",
  "mteb_version": "1.1.2.dev0",
  "test": {
    "cos_sim": {
      "pearson": 0.1420164347378712,
      "spearman": 0.2304053786677341
    },
    "euclidean": {
      "pearson": 0.16738528411561437,
      "spearman": 0.24409460106611428
    },
    "evaluation_time": 0.04,
    "manhattan": {
      "pearson": 0.24829937215758252,
      "spearman": 0.24214120949116805
    }
  }
}