{
  "dataset_revision": null,
  "mteb_dataset_name": "InstructSTSBenchmark",
  "mteb_version": "1.1.2.dev0",
  "test": {
    "cos_sim": {
      "pearson": 0.3072214270422598,
      "spearman": 0.2820934231174492
    },
    "euclidean": {
      "pearson": 0.315279957062171,
      "spearman": 0.2682175496782053
    },
    "evaluation_time": 0.15,
    "manhattan": {
      "pearson": 0.31433608908074523,
      "spearman": 0.2651417136174158
    }
  }
}