{
    "test": {
        "NYTTopicClustering": 0.015619056952317837,
        "NYTLocationClustering": 0.11341756004953886,
        "harmonic_mean": 0.027456955812440398
    }
}