{
  "dataset_revision": "b0fddb56ed78048fa8b90373c8a3cfc37b684831",
  "mteb_dataset_name": "STSBenchmark",
  "mteb_version": "1.1.2.dev0",
  "test": {
    "cos_sim": {
      "pearson": 0.47238347248425994,
      "spearman": 0.465921112993225
    },
    "euclidean": {
      "pearson": 0.5026220994294681,
      "spearman": 0.500408081705661
    },
    "evaluation_time": 0.04,
    "manhattan": {
      "pearson": 0.5066405785713763,
      "spearman": 0.5063875500264385
    }
  }
}