{
    "test": {
        "NYTTopicClustering": 0.11763148889847026,
        "NYTLocationClustering": 0.447520063710738,
        "harmonic_mean": 0.1862950033553186
    }
}