{
  "dataset_revision": "b0fddb56ed78048fa8b90373c8a3cfc37b684831",
  "mteb_dataset_name": "STSBenchmark",
  "mteb_version": "1.1.2.dev0",
  "test": {
    "cos_sim": {
      "pearson": 0.25637490550216013,
      "spearman": 0.22285121510579844
    },
    "euclidean": {
      "pearson": 0.26169696829438194,
      "spearman": 0.22575783523699572
    },
    "evaluation_time": 0.05,
    "manhattan": {
      "pearson": 0.26221932982516466,
      "spearman": 0.22696811413612397
    }
  }
}