{
  "dataset_revision": "b0fddb56ed78048fa8b90373c8a3cfc37b684831",
  "mteb_dataset_name": "STSBenchmark",
  "mteb_version": "1.1.2.dev0",
  "test": {
    "cos_sim": {
      "pearson": 0.35788605181626204,
      "spearman": 0.38508304018628825
    },
    "euclidean": {
      "pearson": 0.3235522099727771,
      "spearman": 0.3760174283633757
    },
    "evaluation_time": 0.06,
    "manhattan": {
      "pearson": 0.3580259034026112,
      "spearman": 0.37774879921632487
    }
  }
}