{
  "dataset_revision": null,
  "mteb_dataset_name": "InstructSTSBenchmark",
  "mteb_version": "1.1.2.dev0",
  "test": {
    "cos_sim": {
      "pearson": 0.017384046550296135,
      "spearman": 0.011205351832355466
    },
    "euclidean": {
      "pearson": 0.022169242864140175,
      "spearman": 0.013764753468177694
    },
    "evaluation_time": 0.11,
    "manhattan": {
      "pearson": 0.024692163006874532,
      "spearman": 0.014544414607549743
    }
  }
}