{
  "dataset_revision": "b0fddb56ed78048fa8b90373c8a3cfc37b684831",
  "mteb_dataset_name": "STSBenchmark",
  "mteb_version": "1.1.2.dev0",
  "test": {
    "cos_sim": {
      "pearson": 0.42965453476829,
      "spearman": 0.4402924165137396
    },
    "euclidean": {
      "pearson": 0.2763339019684197,
      "spearman": 0.324977962742384
    },
    "evaluation_time": 0.06,
    "manhattan": {
      "pearson": 0.484643624190338,
      "spearman": 0.4751899341849764
    }
  }
}