{
  "dataset_revision": "b0fddb56ed78048fa8b90373c8a3cfc37b684831",
  "mteb_dataset_name": "STSBenchmark",
  "mteb_version": "1.1.2.dev0",
  "test": {
    "cos_sim": {
      "pearson": 0.3186695480924696,
      "spearman": 0.38853954471846935
    },
    "euclidean": {
      "pearson": 0.3933916310086343,
      "spearman": 0.4178341367898878
    },
    "evaluation_time": 0.03,
    "manhattan": {
      "pearson": 0.39828146990413643,
      "spearman": 0.42072534040601023
    }
  }
}