{
  "dataset_revision": "b0fddb56ed78048fa8b90373c8a3cfc37b684831",
  "mteb_dataset_name": "STSBenchmark",
  "mteb_version": "1.1.2.dev0",
  "test": {
    "cos_sim": {
      "pearson": 0.13490933818619097,
      "spearman": 0.2237315886066667
    },
    "euclidean": {
      "pearson": 0.11044768330505413,
      "spearman": 0.14244212000243198
    },
    "evaluation_time": 0.07,
    "manhattan": {
      "pearson": 0.3443866670328126,
      "spearman": 0.35019282537709273
    }
  }
}