{
  "dataset_revision": "b0fddb56ed78048fa8b90373c8a3cfc37b684831",
  "mteb_dataset_name": "STSBenchmark",
  "mteb_version": "1.1.2.dev0",
  "test": {
    "cos_sim": {
      "pearson": 0.33913618737486295,
      "spearman": 0.30374547778067545
    },
    "euclidean": {
      "pearson": 0.29892802402033336,
      "spearman": 0.29440647439576495
    },
    "evaluation_time": 68.19,
    "manhattan": {
      "pearson": 0.3341760171555538,
      "spearman": 0.3247052420941619
    }
  }
}