{
  "dataset_revision": null,
  "mteb_dataset_name": "InstructSTSBenchmark",
  "mteb_version": "1.1.2.dev0",
  "test": {
    "cos_sim": {
      "pearson": 0.005192389475747868,
      "spearman": 0.035648092938874554
    },
    "euclidean": {
      "pearson": 0.013489059890425746,
      "spearman": 0.036136291919232705
    },
    "evaluation_time": 0.12,
    "manhattan": {
      "pearson": 0.013866615165801255,
      "spearman": 0.03589811273277258
    }
  }
}