{
  "dataset_revision": "a0d554a64d88156834ff5ae9920b964011b16384",
  "mteb_dataset_name": "STS12",
  "mteb_version": "1.1.2.dev0",
  "test": {
    "cos_sim": {
      "pearson": 0.17953536764573066,
      "spearman": 0.30692363200322526
    },
    "euclidean": {
      "pearson": 0.23518907623422847,
      "spearman": 0.3048005319008292
    },
    "evaluation_time": 0.36,
    "manhattan": {
      "pearson": 0.23696749789958718,
      "spearman": 0.30421934870210476
    }
  }
}