{
  "dataset_revision": null,
  "mteb_dataset_name": "InstructSTSBenchmark",
  "mteb_version": "1.1.2.dev0",
  "test": {
    "cos_sim": {
      "pearson": -0.024868077842029386,
      "spearman": -0.010902104363297761
    },
    "euclidean": {
      "pearson": -0.12460355469067712,
      "spearman": -0.1038953117655682
    },
    "evaluation_time": 0.12,
    "manhattan": {
      "pearson": -0.1300642944258541,
      "spearman": -0.11761998918097717
    }
  }
}