{
    "test": {
        "NYTTopicClustering": 0.03276736861547072,
        "NYTLocationClustering": 0.026560768486504523,
        "harmonic_mean": 0.02933942760072576
    }
}