{
  "dataset_revision": "b0fddb56ed78048fa8b90373c8a3cfc37b684831",
  "mteb_dataset_name": "STSBenchmark",
  "mteb_version": "1.1.2.dev0",
  "test": {
    "cos_sim": {
      "pearson": 0.12731516291872003,
      "spearman": 0.18452184572829536
    },
    "euclidean": {
      "pearson": 0.12561223962355214,
      "spearman": 0.14694931652413296
    },
    "evaluation_time": 0.07,
    "manhattan": {
      "pearson": 0.3242823308311762,
      "spearman": 0.32779366056573134
    }
  }
}