{
  "dataset_revision": "b0fddb56ed78048fa8b90373c8a3cfc37b684831",
  "mteb_dataset_name": "STSBenchmark",
  "mteb_version": "1.1.2.dev0",
  "test": {
    "cos_sim": {
      "pearson": 0.024551250633176636,
      "spearman": 0.08353986241173768
    },
    "euclidean": {
      "pearson": 0.06605256683419268,
      "spearman": 0.07932500370166289
    },
    "evaluation_time": 0.04,
    "manhattan": {
      "pearson": 0.06815611912037144,
      "spearman": 0.08240571696851715
    }
  }
}