{
  "dataset_revision": null,
  "mteb_dataset_name": "InstructSTSBenchmark",
  "mteb_version": "1.1.2.dev0",
  "test": {
    "cos_sim": {
      "pearson": -0.06528221469229552,
      "spearman": -0.12563702709553626
    },
    "euclidean": {
      "pearson": -0.04076134166165704,
      "spearman": -0.08799286589318561
    },
    "evaluation_time": 0.07,
    "manhattan": {
      "pearson": -0.04959486560322513,
      "spearman": -0.13294178790138067
    }
  }
}