{
  "dataset_revision": null,
  "mteb_dataset_name": "InstructSTSBenchmark",
  "mteb_version": "1.1.2.dev0",
  "test": {
    "cos_sim": {
      "pearson": 0.07444760951162374,
      "spearman": 0.09597983849231835
    },
    "euclidean": {
      "pearson": 0.07660527495891677,
      "spearman": 0.07664314924469036
    },
    "evaluation_time": 0.11,
    "manhattan": {
      "pearson": 0.07593132833140992,
      "spearman": 0.07522864718958186
    }
  }
}