{
  "dataset_revision": "a0d554a64d88156834ff5ae9920b964011b16384",
  "mteb_dataset_name": "STS12",
  "mteb_version": "1.1.2.dev0",
  "test": {
    "cos_sim": {
      "pearson": 0.14497520790540455,
      "spearman": 0.3165348334002816
    },
    "euclidean": {
      "pearson": 0.21161288316124066,
      "spearman": 0.32842798922528565
    },
    "evaluation_time": 0.42,
    "manhattan": {
      "pearson": 0.21936107590534468,
      "spearman": 0.336700468280994
    }
  }
}