{
  "dataset_revision": "b0fddb56ed78048fa8b90373c8a3cfc37b684831",
  "mteb_dataset_name": "STSBenchmark",
  "mteb_version": "1.1.2.dev0",
  "test": {
    "cos_sim": {
      "pearson": 0.1467041434422814,
      "spearman": 0.22938368984134622
    },
    "euclidean": {
      "pearson": 0.1499477348952511,
      "spearman": 0.19159976745092513
    },
    "evaluation_time": 0.07,
    "manhattan": {
      "pearson": 0.3344345317225408,
      "spearman": 0.33951457506517696
    }
  }
}