{
  "dataset_revision": "b0fddb56ed78048fa8b90373c8a3cfc37b684831",
  "mteb_dataset_name": "STSBenchmark",
  "mteb_version": "1.1.2.dev0",
  "test": {
    "cos_sim": {
      "pearson": 0.332446002557041,
      "spearman": 0.352830458648534
    },
    "euclidean": {
      "pearson": 0.34950449819919305,
      "spearman": 0.3487078782402165
    },
    "evaluation_time": 0.05,
    "manhattan": {
      "pearson": 0.3476380637664961,
      "spearman": 0.3478180612716832
    }
  }
}