{
  "dataset_revision": "b0fddb56ed78048fa8b90373c8a3cfc37b684831",
  "mteb_dataset_name": "STSBenchmark",
  "mteb_version": "1.1.2.dev0",
  "test": {
    "cos_sim": {
      "pearson": 0.3180038627138059,
      "spearman": 0.32943630246712935
    },
    "euclidean": {
      "pearson": 0.383970771642391,
      "spearman": 0.36912076932507054
    },
    "evaluation_time": 0.08,
    "manhattan": {
      "pearson": 0.39369743052856826,
      "spearman": 0.3766762888101682
    }
  }
}