{
  "dataset_revision": "b0fddb56ed78048fa8b90373c8a3cfc37b684831",
  "mteb_dataset_name": "STSBenchmark",
  "mteb_version": "1.1.2.dev0",
  "test": {
    "cos_sim": {
      "pearson": 0.21880146973218192,
      "spearman": 0.23125661321715554
    },
    "euclidean": {
      "pearson": 0.24419739038778954,
      "spearman": 0.24561377978877724
    },
    "evaluation_time": 0.03,
    "manhattan": {
      "pearson": 0.25417902511949725,
      "spearman": 0.2559898220291296
    }
  }
}