{
  "dataset_revision": null,
  "mteb_dataset_name": "InstructSTSBenchmark",
  "mteb_version": "1.1.2.dev0",
  "test": {
    "cos_sim": {
      "pearson": 0.0718690991328243,
      "spearman": 0.06611726843019838
    },
    "euclidean": {
      "pearson": 0.05122549736886009,
      "spearman": 0.05328428287964251
    },
    "evaluation_time": 0.12,
    "manhattan": {
      "pearson": 0.06440381407670834,
      "spearman": 0.0546823901798015
    }
  }
}