{
  "dataset_revision": "b0fddb56ed78048fa8b90373c8a3cfc37b684831",
  "mteb_dataset_name": "STSBenchmark",
  "mteb_version": "1.1.2.dev0",
  "test": {
    "cos_sim": {
      "pearson": 0.2874958609932658,
      "spearman": 0.35877320337114404
    },
    "euclidean": {
      "pearson": 0.34654783033416897,
      "spearman": 0.36163463332051266
    },
    "evaluation_time": 0.07,
    "manhattan": {
      "pearson": 0.3722315614155515,
      "spearman": 0.3860300199306336
    }
  }
}