{
  "dataset_revision": "a0d554a64d88156834ff5ae9920b964011b16384",
  "mteb_dataset_name": "STS12",
  "mteb_version": "1.1.2.dev0",
  "test": {
    "cos_sim": {
      "pearson": 0.18633927319254054,
      "spearman": 0.32623119327713385
    },
    "euclidean": {
      "pearson": 0.14186530489875043,
      "spearman": 0.25601890588589965
    },
    "evaluation_time": 0.38,
    "manhattan": {
      "pearson": 0.2504626754421278,
      "spearman": 0.3793709491540055
    }
  }
}