{
  "dataset_revision": "b0fddb56ed78048fa8b90373c8a3cfc37b684831",
  "mteb_dataset_name": "STSBenchmark",
  "mteb_version": "1.1.2.dev0",
  "test": {
    "cos_sim": {
      "pearson": 0.03465714378193397,
      "spearman": 0.0833883651777366
    },
    "euclidean": {
      "pearson": 0.04861754961147394,
      "spearman": 0.08342536605705154
    },
    "evaluation_time": 0.03,
    "manhattan": {
      "pearson": 0.049154939196799294,
      "spearman": 0.08349898048921257
    }
  }
}