{
    "dataset_revision": null,
    "mteb_dataset_name": "IntentEmotion",
    "mteb_version": "1.1.2.dev0",
    "test": {
        "Emotion_success_rate": 0.9530844155844156,
        "Intent_success_rate": 0.056006493506493504,
        "evaluation_time": 0.36,
        "harmonic_mean": 0.10579606789561975
    }
}