{
  "dataset_revision": "b0fddb56ed78048fa8b90373c8a3cfc37b684831",
  "mteb_dataset_name": "STSBenchmark",
  "mteb_version": "1.1.2.dev0",
  "test": {
    "cos_sim": {
      "pearson": 0.3710116169750348,
      "spearman": 0.39493331115188496
    },
    "euclidean": {
      "pearson": 0.4418017258704823,
      "spearman": 0.4411212093880905
    },
    "evaluation_time": 0.05,
    "manhattan": {
      "pearson": 0.44692757304778524,
      "spearman": 0.44627798736165497
    }
  }
}