{
  "dataset_revision": null,
  "mteb_dataset_name": "InstructSTSBenchmark",
  "mteb_version": "1.1.2.dev0",
  "test": {
    "cos_sim": {
      "pearson": -0.0029414511097851275,
      "spearman": -0.009327698331422008
    },
    "euclidean": {
      "pearson": -0.08757188793978321,
      "spearman": -0.07356731315146048
    },
    "evaluation_time": 0.1,
    "manhattan": {
      "pearson": -0.02907779594302048,
      "spearman": -0.03699974840437045
    }
  }
}