{
    "dataset_revision": null,
    "mteb_dataset_name": "IntentEmotion",
    "mteb_version": "1.1.2.dev0",
    "test": {
        "Emotion_success_rate": 0.9964285714285714,
        "Intent_success_rate": 0.005844155844155844,
        "evaluation_time": 0.68,
        "harmonic_mean": 0.01162017803551222
    }
}