{
  "dataset_revision": "b0fddb56ed78048fa8b90373c8a3cfc37b684831",
  "mteb_dataset_name": "STSBenchmark",
  "mteb_version": "1.1.2.dev0",
  "test": {
    "cos_sim": {
      "pearson": 0.4079318617178916,
      "spearman": 0.49640697093390324
    },
    "euclidean": {
      "pearson": 0.13369818103416817,
      "spearman": 0.15992800654076664
    },
    "evaluation_time": 0.06,
    "manhattan": {
      "pearson": 0.6859933960691021,
      "spearman": 0.6862562283550996
    }
  }
}