{
  "dataset_revision": "b0fddb56ed78048fa8b90373c8a3cfc37b684831",
  "mteb_dataset_name": "STSBenchmark",
  "mteb_version": "1.1.2.dev0",
  "test": {
    "cos_sim": {
      "pearson": 0.14691030285486412,
      "spearman": 0.19591130145324442
    },
    "euclidean": {
      "pearson": 0.26143787984149036,
      "spearman": 0.2645569964786541
    },
    "evaluation_time": 0.08,
    "manhattan": {
      "pearson": 0.30120179806840214,
      "spearman": 0.2971350543496011
    }
  }
}