{
  "dataset_revision": "b0fddb56ed78048fa8b90373c8a3cfc37b684831",
  "mteb_dataset_name": "STSBenchmark",
  "mteb_version": "1.1.2.dev0",
  "test": {
    "cos_sim": {
      "pearson": 0.696567236457049,
      "spearman": 0.6909739977264457
    },
    "euclidean": {
      "pearson": 0.6893285647887686,
      "spearman": 0.690943139498426
    },
    "evaluation_time": 0.04,
    "manhattan": {
      "pearson": 0.6897006952347607,
      "spearman": 0.691327354331108
    }
  }
}