{
  "dataset_revision": "b0fddb56ed78048fa8b90373c8a3cfc37b684831",
  "mteb_dataset_name": "STSBenchmark",
  "mteb_version": "1.1.2.dev0",
  "test": {
    "cos_sim": {
      "pearson": 0.1794254787573845,
      "spearman": 0.2526365072405172
    },
    "euclidean": {
      "pearson": 0.27883213782543514,
      "spearman": 0.29507877024040124
    },
    "evaluation_time": 0.11,
    "manhattan": {
      "pearson": 0.32932655061372634,
      "spearman": 0.3385646611764374
    }
  }
}