{
  "dataset_revision": "b0fddb56ed78048fa8b90373c8a3cfc37b684831",
  "mteb_dataset_name": "STSBenchmark",
  "mteb_version": "1.1.2.dev0",
  "test": {
    "cos_sim": {
      "pearson": 0.1958961004852539,
      "spearman": 0.24928031150415664
    },
    "euclidean": {
      "pearson": 0.1787317442612249,
      "spearman": 0.21557981991459835
    },
    "evaluation_time": 0.03,
    "manhattan": {
      "pearson": 0.2511836521180674,
      "spearman": 0.27306993112022127
    }
  }
}