{
  "dataset_revision": "b0fddb56ed78048fa8b90373c8a3cfc37b684831",
  "mteb_dataset_name": "STSBenchmark",
  "mteb_version": "1.1.2.dev0",
  "test": {
    "cos_sim": {
      "pearson": 0.4949641188325774,
      "spearman": 0.499856537552297
    },
    "euclidean": {
      "pearson": 0.5178392747336156,
      "spearman": 0.5236486133331296
    },
    "evaluation_time": 0.07,
    "manhattan": {
      "pearson": 0.5299223584599019,
      "spearman": 0.5342920172814023
    }
  }
}