{
  "dataset_revision": "a0d554a64d88156834ff5ae9920b964011b16384",
  "mteb_dataset_name": "STS12",
  "mteb_version": "1.1.2.dev0",
  "test": {
    "cos_sim": {
      "pearson": 0.18442003554930875,
      "spearman": 0.3128978087560267
    },
    "euclidean": {
      "pearson": 0.26399241206022817,
      "spearman": 0.3195090818771239
    },
    "evaluation_time": 0.37,
    "manhattan": {
      "pearson": 0.2644153938101364,
      "spearman": 0.31929660781691743
    }
  }
}