{
  "dataset_revision": "b0fddb56ed78048fa8b90373c8a3cfc37b684831",
  "mteb_dataset_name": "STSBenchmark",
  "mteb_version": "1.1.2.dev0",
  "test": {
    "cos_sim": {
      "pearson": 0.33852990248075177,
      "spearman": 0.4807788384051481
    },
    "euclidean": {
      "pearson": 0.4486257649291212,
      "spearman": 0.4918515086744723
    },
    "evaluation_time": 0.06,
    "manhattan": {
      "pearson": 0.4508896779321234,
      "spearman": 0.49321746459499227
    }
  }
}