{
  "dataset_revision": null,
  "mteb_dataset_name": "InstructSTSBenchmark",
  "mteb_version": "1.1.2.dev0",
  "test": {
    "cos_sim": {
      "pearson": 0.011990956297755505,
      "spearman": 0.012575850721393618
    },
    "euclidean": {
      "pearson": -0.11073306504593582,
      "spearman": -0.09524207500344078
    },
    "evaluation_time": 0.12,
    "manhattan": {
      "pearson": -0.11026867560993654,
      "spearman": -0.09255515868006928
    }
  }
}