{
    "test": {
        "NYTTopicClustering": 0.03469931699013565,
        "NYTLocationClustering": 0.025983191267843507,
        "harmonic_mean": 0.02971529443237585
    }
}