{
  "dataset_revision": null,
  "mteb_dataset_name": "InstructSTSBenchmark",
  "mteb_version": "1.1.2.dev0",
  "test": {
    "cos_sim": {
      "pearson": -0.031497631406994055,
      "spearman": -0.033959434298167133
    },
    "euclidean": {
      "pearson": 0.02345732522664117,
      "spearman": -0.04234352400607869
    },
    "evaluation_time": 0.11,
    "manhattan": {
      "pearson": -0.000978353492472415,
      "spearman": -0.04523446378591227
    }
  }
}