{
  "dataset_revision": "b0fddb56ed78048fa8b90373c8a3cfc37b684831",
  "mteb_dataset_name": "STSBenchmark",
  "mteb_version": "1.1.2.dev0",
  "test": {
    "cos_sim": {
      "pearson": 0.303011640942815,
      "spearman": 0.24063809679759426
    },
    "euclidean": {
      "pearson": 0.2823637492282635,
      "spearman": 0.20535192441019906
    },
    "evaluation_time": 0.03,
    "manhattan": {
      "pearson": 0.28769181882004985,
      "spearman": 0.21825370254114487
    }
  }
}