{
  "dataset_revision": null,
  "mteb_dataset_name": "InstructSTSBenchmark",
  "mteb_version": "1.1.2.dev0",
  "test": {
    "cos_sim": {
      "pearson": 0.019699307273985216,
      "spearman": 0.02613140036487468
    },
    "euclidean": {
      "pearson": -0.11232844706443211,
      "spearman": -0.09935260153419734
    },
    "evaluation_time": 0.12,
    "manhattan": {
      "pearson": -0.03369137993677891,
      "spearman": -0.03431465373770177
    }
  }
}