{
  "dataset_revision": "a0d554a64d88156834ff5ae9920b964011b16384",
  "mteb_dataset_name": "STS12",
  "mteb_version": "1.1.2.dev0",
  "test": {
    "cos_sim": {
      "pearson": 0.7027753759786641,
      "spearman": 0.6573235923572986
    },
    "euclidean": {
      "pearson": 0.23319852532563679,
      "spearman": 0.41110744406638533
    },
    "evaluation_time": 0.35,
    "manhattan": {
      "pearson": 0.6647387005673956,
      "spearman": 0.5562631070294063
    }
  }
}