{
  "dataset_revision": "b0fddb56ed78048fa8b90373c8a3cfc37b684831",
  "mteb_dataset_name": "STSBenchmark",
  "mteb_version": "1.1.2.dev0",
  "test": {
    "cos_sim": {
      "pearson": 0.7055692790730935,
      "spearman": 0.6973177384056153
    },
    "euclidean": {
      "pearson": 0.21761716474288498,
      "spearman": 0.3049135841475007
    },
    "evaluation_time": 0.06,
    "manhattan": {
      "pearson": 0.7071597230868163,
      "spearman": 0.6872975593291242
    }
  }
}