{
  "dataset_revision": "b0fddb56ed78048fa8b90373c8a3cfc37b684831",
  "mteb_dataset_name": "STSBenchmark",
  "mteb_version": "1.1.2.dev0",
  "test": {
    "cos_sim": {
      "pearson": 0.17148613412080457,
      "spearman": 0.22600882621778892
    },
    "euclidean": {
      "pearson": 0.14593346485165803,
      "spearman": 0.17839050104106385
    },
    "evaluation_time": 0.04,
    "manhattan": {
      "pearson": 0.15993932704840158,
      "spearman": 0.19859704875751968
    }
  }
}