{
  "dataset_revision": "b0fddb56ed78048fa8b90373c8a3cfc37b684831",
  "mteb_dataset_name": "STSBenchmark",
  "mteb_version": "1.1.2.dev0",
  "test": {
    "cos_sim": {
      "pearson": 0.3095363328076315,
      "spearman": 0.32425942674710023
    },
    "euclidean": {
      "pearson": 0.3415146129143532,
      "spearman": 0.34518414469483016
    },
    "evaluation_time": 0.04,
    "manhattan": {
      "pearson": 0.342386069813014,
      "spearman": 0.34541626060184755
    }
  }
}