{
  "dataset_revision": null,
  "mteb_dataset_name": "InstructSTSBenchmark",
  "mteb_version": "1.1.2.dev0",
  "test": {
    "cos_sim": {
      "pearson": 0.0013923948809120754,
      "spearman": 0.01486138635941935
    },
    "euclidean": {
      "pearson": -0.1102637123583011,
      "spearman": -0.09912307512400835
    },
    "evaluation_time": 0.12,
    "manhattan": {
      "pearson": -0.09139379206423433,
      "spearman": -0.08418108798452414
    }
  }
}