{
    "test": {
        "NYTTopicClustering": 0.03392055920822332,
        "NYTLocationClustering": 0.02432901740541739,
        "harmonic_mean": 0.028335113231701483
    }
}