{
  "dataset_revision": "b0fddb56ed78048fa8b90373c8a3cfc37b684831",
  "mteb_dataset_name": "STSBenchmark",
  "mteb_version": "1.1.2.dev0",
  "test": {
    "cos_sim": {
      "pearson": 0.35868164312508116,
      "spearman": 0.36965408622693624
    },
    "euclidean": {
      "pearson": 0.4139750198639789,
      "spearman": 0.4141977627617132
    },
    "evaluation_time": 0.05,
    "manhattan": {
      "pearson": 0.4292896230481328,
      "spearman": 0.42634429821773034
    }
  }
}