{
  "dataset_revision": null,
  "mteb_dataset_name": "InstructSTSBenchmark",
  "mteb_version": "1.1.2.dev0",
  "test": {
    "cos_sim": {
      "pearson": -0.06599041430804287,
      "spearman": -0.05858616265945493
    },
    "euclidean": {
      "pearson": -0.10143136953036665,
      "spearman": -0.07404002827933476
    },
    "evaluation_time": 0.08,
    "manhattan": {
      "pearson": -0.07506916284690775,
      "spearman": -0.0686343169902033
    }
  }
}