{
  "dataset_revision": "b0fddb56ed78048fa8b90373c8a3cfc37b684831",
  "mteb_dataset_name": "STSBenchmark",
  "mteb_version": "1.1.2.dev0",
  "test": {
    "cos_sim": {
      "pearson": 0.39140245758542386,
      "spearman": 0.42301546778449856
    },
    "euclidean": {
      "pearson": 0.32370768413566514,
      "spearman": 0.36749109906578603
    },
    "evaluation_time": 0.06,
    "manhattan": {
      "pearson": 0.4545231703404866,
      "spearman": 0.4516912205989564
    }
  }
}