{
  "dataset_revision": "b0fddb56ed78048fa8b90373c8a3cfc37b684831",
  "mteb_dataset_name": "STSBenchmark",
  "mteb_version": "1.1.2.dev0",
  "test": {
    "cos_sim": {
      "pearson": 0.030616352665347617,
      "spearman": 0.0996194147215094
    },
    "euclidean": {
      "pearson": 0.04052786753480025,
      "spearman": 0.09975419979838764
    },
    "evaluation_time": 0.03,
    "manhattan": {
      "pearson": 0.04237831436146721,
      "spearman": 0.1026829230431
    }
  }
}