{
  "dataset_revision": "b0fddb56ed78048fa8b90373c8a3cfc37b684831",
  "mteb_dataset_name": "STSBenchmark",
  "mteb_version": "1.1.2.dev0",
  "test": {
    "cos_sim": {
      "pearson": 0.4315381109474592,
      "spearman": 0.45347128277173504
    },
    "euclidean": {
      "pearson": 0.4669395092541604,
      "spearman": 0.4684365046568831
    },
    "evaluation_time": 0.04,
    "manhattan": {
      "pearson": 0.48729500969969053,
      "spearman": 0.4849206025564953
    }
  }
}