{
  "dataset_revision": "b0fddb56ed78048fa8b90373c8a3cfc37b684831",
  "mteb_dataset_name": "STSBenchmark",
  "mteb_version": "1.1.2.dev0",
  "test": {
    "cos_sim": {
      "pearson": 0.19822992747443113,
      "spearman": 0.3190644904628705
    },
    "euclidean": {
      "pearson": 0.21254525295692986,
      "spearman": 0.28454731666741834
    },
    "evaluation_time": 0.04,
    "manhattan": {
      "pearson": 0.4099197059042612,
      "spearman": 0.4076885586774242
    }
  }
}