{
  "dataset_revision": "b0fddb56ed78048fa8b90373c8a3cfc37b684831",
  "mteb_dataset_name": "STSBenchmark",
  "mteb_version": "1.1.2.dev0",
  "test": {
    "cos_sim": {
      "pearson": 0.37685669765284074,
      "spearman": 0.3893124165273791
    },
    "euclidean": {
      "pearson": 0.4386704197679897,
      "spearman": 0.4273692403989857
    },
    "evaluation_time": 0.1,
    "manhattan": {
      "pearson": 0.442436832770308,
      "spearman": 0.4303997905309845
    }
  }
}