{
  "dataset_revision": "b0fddb56ed78048fa8b90373c8a3cfc37b684831",
  "mteb_dataset_name": "STSBenchmark",
  "mteb_version": "1.1.2.dev0",
  "test": {
    "cos_sim": {
      "pearson": 0.25437210717798137,
      "spearman": 0.4776853600356353
    },
    "euclidean": {
      "pearson": 0.4022694145127801,
      "spearman": 0.5071775009485183
    },
    "evaluation_time": 0.08,
    "manhattan": {
      "pearson": 0.42287454630293225,
      "spearman": 0.5142122881233143
    }
  }
}