{
  "dataset_revision": "a0d554a64d88156834ff5ae9920b964011b16384",
  "mteb_dataset_name": "STS12",
  "mteb_version": "1.1.2.dev0",
  "test": {
    "cos_sim": {
      "pearson": 0.7358364665624038,
      "spearman": 0.6718249961702609
    },
    "euclidean": {
      "pearson": 0.33875305139688333,
      "spearman": 0.5110142025448738
    },
    "evaluation_time": 0.35,
    "manhattan": {
      "pearson": 0.6946533803605981,
      "spearman": 0.5662949575986959
    }
  }
}