{
  "dataset_revision": "b0fddb56ed78048fa8b90373c8a3cfc37b684831",
  "mteb_dataset_name": "STSBenchmark",
  "mteb_version": "1.1.2.dev0",
  "test": {
    "cos_sim": {
      "pearson": 0.3131999417891395,
      "spearman": 0.27522301842357577
    },
    "euclidean": {
      "pearson": 0.3130581237260747,
      "spearman": 0.2751318522146701
    },
    "evaluation_time": 0.03,
    "manhattan": {
      "pearson": 0.315083985280837,
      "spearman": 0.2854924054895564
    }
  }
}