{
  "dataset_revision": "b0fddb56ed78048fa8b90373c8a3cfc37b684831",
  "mteb_dataset_name": "STSBenchmark",
  "mteb_version": "1.1.2.dev0",
  "test": {
    "cos_sim": {
      "pearson": 0.627000779947538,
      "spearman": 0.6829873262141885
    },
    "euclidean": {
      "pearson": 0.6771584432860692,
      "spearman": 0.6955708378518732
    },
    "evaluation_time": 0.07,
    "manhattan": {
      "pearson": 0.6803420375265489,
      "spearman": 0.6974391362174267
    }
  }
}