{
  "dataset_revision": "b0fddb56ed78048fa8b90373c8a3cfc37b684831",
  "mteb_dataset_name": "STSBenchmark",
  "mteb_version": "1.1.2.dev0",
  "test": {
    "cos_sim": {
      "pearson": 0.34747230603345797,
      "spearman": 0.3728501618903307
    },
    "euclidean": {
      "pearson": 0.478625852954163,
      "spearman": 0.4775176195061635
    },
    "evaluation_time": 0.06,
    "manhattan": {
      "pearson": 0.4986140920307731,
      "spearman": 0.49294582466590814
    }
  }
}