{
  "dataset_revision": "b0fddb56ed78048fa8b90373c8a3cfc37b684831",
  "mteb_dataset_name": "STSBenchmark",
  "mteb_version": "1.1.2.dev0",
  "test": {
    "cos_sim": {
      "pearson": 0.3474724243441284,
      "spearman": 0.3728581798210173
    },
    "euclidean": {
      "pearson": 0.4786262158446609,
      "spearman": 0.4775342277395822
    },
    "evaluation_time": 0.04,
    "manhattan": {
      "pearson": 0.49861443717060294,
      "spearman": 0.49292388419316596
    }
  }
}