{
  "dataset_revision": "b0fddb56ed78048fa8b90373c8a3cfc37b684831",
  "mteb_dataset_name": "STSBenchmark",
  "mteb_version": "1.1.2.dev0",
  "test": {
    "cos_sim": {
      "pearson": 0.032780868234027594,
      "spearman": 0.09750910266241983
    },
    "euclidean": {
      "pearson": 0.06050769487258034,
      "spearman": 0.058545648839063914
    },
    "evaluation_time": 0.05,
    "manhattan": {
      "pearson": 0.06645304447840282,
      "spearman": 0.06903316959999041
    }
  }
}