{
  "dataset_revision": "b0fddb56ed78048fa8b90373c8a3cfc37b684831",
  "mteb_dataset_name": "STSBenchmark",
  "mteb_version": "1.1.2.dev0",
  "test": {
    "cos_sim": {
      "pearson": 0.020301857046176344,
      "spearman": 0.050835769219878015
    },
    "euclidean": {
      "pearson": 0.033325320093887084,
      "spearman": 0.048153802100219724
    },
    "evaluation_time": 0.04,
    "manhattan": {
      "pearson": 0.05194277490782455,
      "spearman": 0.06427699831432483
    }
  }
}