{
  "dataset_revision": "b0fddb56ed78048fa8b90373c8a3cfc37b684831",
  "mteb_dataset_name": "STSBenchmark",
  "mteb_version": "1.1.2.dev0",
  "test": {
    "cos_sim": {
      "pearson": 0.33220309118970903,
      "spearman": 0.3262004671899452
    },
    "euclidean": {
      "pearson": 0.34424166303702475,
      "spearman": 0.32577696200561934
    },
    "evaluation_time": 0.04,
    "manhattan": {
      "pearson": 0.3443575408057704,
      "spearman": 0.3255590095920522
    }
  }
}