{
  "dataset_revision": null,
  "mteb_dataset_name": "InstructSTSBenchmark",
  "mteb_version": "1.1.2.dev0",
  "test": {
    "cos_sim": {
      "pearson": 0.006866638201066361,
      "spearman": 0.01861851181499341
    },
    "euclidean": {
      "pearson": -0.13094484420015787,
      "spearman": -0.11230900309384992
    },
    "evaluation_time": 0.12,
    "manhattan": {
      "pearson": -0.09453425610059123,
      "spearman": -0.08382677939523402
    }
  }
}