{
  "dataset_revision": null,
  "mteb_dataset_name": "InstructSTSBenchmark",
  "mteb_version": "1.1.2.dev0",
  "test": {
    "cos_sim": {
      "pearson": -0.03190371501346924,
      "spearman": -0.0256573183192107
    },
    "euclidean": {
      "pearson": -0.027973009792853092,
      "spearman": -0.022797346370904106
    },
    "evaluation_time": 0.07,
    "manhattan": {
      "pearson": -0.028126902807912156,
      "spearman": -0.02279916800908073
    }
  }
}