{
  "dataset_revision": "b0fddb56ed78048fa8b90373c8a3cfc37b684831",
  "mteb_dataset_name": "STSBenchmark",
  "mteb_version": "1.1.2.dev0",
  "test": {
    "cos_sim": {
      "pearson": 0.12809660385445795,
      "spearman": 0.1841806758950202
    },
    "euclidean": {
      "pearson": 0.12182218250423103,
      "spearman": 0.14293660840516717
    },
    "evaluation_time": 0.07,
    "manhattan": {
      "pearson": 0.32214894434417995,
      "spearman": 0.326859669067323
    }
  }
}