{
  "dataset_revision": "b0fddb56ed78048fa8b90373c8a3cfc37b684831",
  "mteb_dataset_name": "STSBenchmark",
  "mteb_version": "1.1.2.dev0",
  "test": {
    "cos_sim": {
      "pearson": 0.03358525971822601,
      "spearman": 0.11640803452301117
    },
    "euclidean": {
      "pearson": 0.07102803865388911,
      "spearman": 0.10217449290211972
    },
    "evaluation_time": 0.05,
    "manhattan": {
      "pearson": 0.17274905904623444,
      "spearman": 0.11340330520945889
    }
  }
}