{
    "test": {
        "NYTTopicClustering": 0.03362884324199133,
        "NYTLocationClustering": 0.027660595693402925,
        "harmonic_mean": 0.03035414133541504
    }
}