{
  "dataset_revision": null,
  "mteb_dataset_name": "InstructSTSBenchmark",
  "mteb_version": "1.1.2.dev0",
  "test": {
    "cos_sim": {
      "pearson": 0.07830604327045443,
      "spearman": 0.07924900262272548
    },
    "euclidean": {
      "pearson": 0.037720431085244546,
      "spearman": 0.08885905482075644
    },
    "evaluation_time": 0.15,
    "manhattan": {
      "pearson": 0.09556600092836937,
      "spearman": 0.09119894905796064
    }
  }
}