{
  "dataset_revision": "a0d554a64d88156834ff5ae9920b964011b16384",
  "mteb_dataset_name": "STS12",
  "mteb_version": "1.1.2.dev0",
  "test": {
    "cos_sim": {
      "pearson": 0.3432520665276099,
      "spearman": 0.33238827785766883
    },
    "euclidean": {
      "pearson": 0.12264636086474102,
      "spearman": 0.31804529986915187
    },
    "evaluation_time": 0.41,
    "manhattan": {
      "pearson": 0.3406335330671576,
      "spearman": 0.32514170933429826
    }
  }
}