{
  "dataset_revision": "b0fddb56ed78048fa8b90373c8a3cfc37b684831",
  "mteb_dataset_name": "STSBenchmark",
  "mteb_version": "1.1.2.dev0",
  "test": {
    "cos_sim": {
      "pearson": 0.37678510746043287,
      "spearman": 0.4086952387849331
    },
    "euclidean": {
      "pearson": 0.375761180321514,
      "spearman": 0.4103242118946348
    },
    "evaluation_time": 0.06,
    "manhattan": {
      "pearson": 0.3816730461879911,
      "spearman": 0.41619873336368957
    }
  }
}