{
  "dataset_revision": "b0fddb56ed78048fa8b90373c8a3cfc37b684831",
  "mteb_dataset_name": "STSBenchmark",
  "mteb_version": "1.1.2.dev0",
  "test": {
    "cos_sim": {
      "pearson": 0.291419423868181,
      "spearman": 0.2975787443885965
    },
    "euclidean": {
      "pearson": 0.3106408333877562,
      "spearman": 0.31338847727234354
    },
    "evaluation_time": 0.03,
    "manhattan": {
      "pearson": 0.3142828831928553,
      "spearman": 0.3164048982678915
    }
  }
}