{
    "test": {
        "NYTTopicClustering": 0.12623125093949789,
        "NYTLocationClustering": 0.06688673035989472,
        "harmonic_mean": 0.08744081358498267
    }
}