{
  "dataset_revision": "a0d554a64d88156834ff5ae9920b964011b16384",
  "mteb_dataset_name": "STS12",
  "mteb_version": "1.1.2.dev0",
  "test": {
    "cos_sim": {
      "pearson": 0.13488548082622642,
      "spearman": 0.22146701802761365
    },
    "euclidean": {
      "pearson": 0.1323749364269755,
      "spearman": 0.25030325755016525
    },
    "evaluation_time": 0.41,
    "manhattan": {
      "pearson": 0.19165141573917777,
      "spearman": 0.26178740169078213
    }
  }
}