{
  "dataset_revision": "b0fddb56ed78048fa8b90373c8a3cfc37b684831",
  "mteb_dataset_name": "STSBenchmark",
  "mteb_version": "1.1.2.dev0",
  "test": {
    "cos_sim": {
      "pearson": 0.1319817654913327,
      "spearman": 0.18171003658281076
    },
    "euclidean": {
      "pearson": 0.1400429054845603,
      "spearman": 0.17752134935592043
    },
    "evaluation_time": 0.06,
    "manhattan": {
      "pearson": 0.2577447884422238,
      "spearman": 0.30515151159937215
    }
  }
}