{
  "dataset_revision": "b0fddb56ed78048fa8b90373c8a3cfc37b684831",
  "mteb_dataset_name": "STSBenchmark",
  "mteb_version": "1.1.2.dev0",
  "test": {
    "cos_sim": {
      "pearson": 0.07113290885724582,
      "spearman": 0.15668342291829288
    },
    "euclidean": {
      "pearson": 0.09882592367370512,
      "spearman": 0.16599385315333293
    },
    "evaluation_time": 0.04,
    "manhattan": {
      "pearson": 0.18972367273191554,
      "spearman": 0.21213233756708463
    }
  }
}