{
  "dataset_revision": null,
  "mteb_dataset_name": "InstructSTSBenchmark",
  "mteb_version": "1.1.2.dev0",
  "test": {
    "cos_sim": {
      "pearson": 0.08529314100686995,
      "spearman": 0.11186179092148874
    },
    "euclidean": {
      "pearson": 0.06177906844964239,
      "spearman": 0.07000145644175955
    },
    "evaluation_time": 0.11,
    "manhattan": {
      "pearson": 0.06089908978535266,
      "spearman": 0.06876001002439036
    }
  }
}