{
  "dataset_revision": "a0d554a64d88156834ff5ae9920b964011b16384",
  "mteb_dataset_name": "STS12",
  "mteb_version": "1.1.2.dev0",
  "test": {
    "cos_sim": {
      "pearson": 0.32384877895795877,
      "spearman": 0.4360794043521927
    },
    "euclidean": {
      "pearson": 0.3583845405522553,
      "spearman": 0.4272694186143683
    },
    "evaluation_time": 0.98,
    "manhattan": {
      "pearson": 0.38673140011713153,
      "spearman": 0.45275819068884354
    }
  }
}