{
  "dataset_revision": "b0fddb56ed78048fa8b90373c8a3cfc37b684831",
  "mteb_dataset_name": "STSBenchmark",
  "mteb_version": "1.1.2.dev0",
  "test": {
    "cos_sim": {
      "pearson": 0.4409298913638275,
      "spearman": 0.4835475905996126
    },
    "euclidean": {
      "pearson": 0.5019658086940993,
      "spearman": 0.5079534390299906
    },
    "evaluation_time": 0.48,
    "manhattan": {
      "pearson": 0.523256168599838,
      "spearman": 0.5282153539034742
    }
  }
}