{
  "dataset_revision": "a0d554a64d88156834ff5ae9920b964011b16384",
  "mteb_dataset_name": "STS12",
  "mteb_version": "1.1.2.dev0",
  "test": {
    "cos_sim": {
      "pearson": 0.25767861683194326,
      "spearman": 0.242212488691161
    },
    "euclidean": {
      "pearson": 0.22165858610488845,
      "spearman": 0.2071558808949061
    },
    "evaluation_time": 0.22,
    "manhattan": {
      "pearson": 0.21970520568052396,
      "spearman": 0.20586722549249642
    }
  }
}