{
  "dataset_revision": null,
  "mteb_dataset_name": "InstructSTSBenchmark",
  "mteb_version": "1.1.2.dev0",
  "test": {
    "cos_sim": {
      "pearson": 0.20676263117441598,
      "spearman": 0.18747252674542617
    },
    "euclidean": {
      "pearson": 0.19215291648086352,
      "spearman": 0.16424572914757427
    },
    "evaluation_time": 0.12,
    "manhattan": {
      "pearson": 0.19241058652448673,
      "spearman": 0.16186120477437357
    }
  }
}