{
  "dataset_revision": "b0fddb56ed78048fa8b90373c8a3cfc37b684831",
  "mteb_dataset_name": "STSBenchmark",
  "mteb_version": "1.1.2.dev0",
  "test": {
    "cos_sim": {
      "pearson": 0.20782633113527071,
      "spearman": 0.27726202237468434
    },
    "euclidean": {
      "pearson": 0.3017061595459174,
      "spearman": 0.3188239304496488
    },
    "evaluation_time": 0.07,
    "manhattan": {
      "pearson": 0.3453191211750747,
      "spearman": 0.35501248613256703
    }
  }
}