{
  "dataset_revision": "b0fddb56ed78048fa8b90373c8a3cfc37b684831",
  "mteb_dataset_name": "STSBenchmark",
  "mteb_version": "1.1.2.dev0",
  "test": {
    "cos_sim": {
      "pearson": 0.20407385021971206,
      "spearman": 0.22498801447676273
    },
    "euclidean": {
      "pearson": 0.09093986812220115,
      "spearman": 0.19401926235720623
    },
    "evaluation_time": 0.05,
    "manhattan": {
      "pearson": 0.2294474894261361,
      "spearman": 0.2164782431011311
    }
  }
}