{
  "dataset_revision": null,
  "mteb_dataset_name": "InstructSTSBenchmark",
  "mteb_version": "1.1.2.dev0",
  "test": {
    "cos_sim": {
      "pearson": 0.0522963281044491,
      "spearman": 0.05092435063706562
    },
    "euclidean": {
      "pearson": 0.012068238654368508,
      "spearman": 0.03441575466141142
    },
    "evaluation_time": 0.08,
    "manhattan": {
      "pearson": 0.03545908232553739,
      "spearman": 0.03481560424118037
    }
  }
}