{
  "dataset_revision": "b0fddb56ed78048fa8b90373c8a3cfc37b684831",
  "mteb_dataset_name": "STSBenchmark",
  "mteb_version": "1.1.2.dev0",
  "test": {
    "cos_sim": {
      "pearson": 0.024932775222765442,
      "spearman": 0.07464205653734476
    },
    "euclidean": {
      "pearson": 0.03073210227277174,
      "spearman": 0.06285285471147141
    },
    "evaluation_time": 0.04,
    "manhattan": {
      "pearson": 0.09177076792968439,
      "spearman": 0.08400837938983977
    }
  }
}