{
  "dataset_revision": "b0fddb56ed78048fa8b90373c8a3cfc37b684831",
  "mteb_dataset_name": "STSBenchmark",
  "mteb_version": "1.1.2.dev0",
  "test": {
    "cos_sim": {
      "pearson": 0.23747994727348157,
      "spearman": 0.22048099348915468
    },
    "euclidean": {
      "pearson": 0.18047091217011357,
      "spearman": 0.21566782920273708
    },
    "evaluation_time": 0.04,
    "manhattan": {
      "pearson": 0.24654738938624102,
      "spearman": 0.218934572962541
    }
  }
}