{
  "dataset_revision": null,
  "mteb_dataset_name": "InstructSTSBenchmark",
  "mteb_version": "1.1.2.dev0",
  "test": {
    "cos_sim": {
      "pearson": 0.019780109141756808,
      "spearman": 0.011948580206603084
    },
    "euclidean": {
      "pearson": 0.022688954641098734,
      "spearman": 0.014713826960031408
    },
    "evaluation_time": 0.12,
    "manhattan": {
      "pearson": 0.02705140013794746,
      "spearman": 0.01617751323242601
    }
  }
}