{
  "dataset_revision": "b0fddb56ed78048fa8b90373c8a3cfc37b684831",
  "mteb_dataset_name": "STSBenchmark",
  "mteb_version": "1.1.2.dev0",
  "test": {
    "cos_sim": {
      "pearson": 0.3325315570229218,
      "spearman": 0.3657700537227651
    },
    "euclidean": {
      "pearson": 0.4297563797851082,
      "spearman": 0.44079647705922437
    },
    "evaluation_time": 0.04,
    "manhattan": {
      "pearson": 0.43582554226792375,
      "spearman": 0.44587853927113524
    }
  }
}