{
    "test": {
        "NYTTopicClustering": 0.24885576434709158,
        "NYTLocationClustering": 0.13317309395275725,
        "harmonic_mean": 0.1734994278644942
    }
}