{
  "dataset_revision": "b0fddb56ed78048fa8b90373c8a3cfc37b684831",
  "mteb_dataset_name": "STSBenchmark",
  "mteb_version": "1.1.2.dev0",
  "test": {
    "cos_sim": {
      "pearson": 0.40244293073216403,
      "spearman": 0.41205686453145046
    },
    "euclidean": {
      "pearson": 0.4055135323998223,
      "spearman": 0.4168728426267216
    },
    "evaluation_time": 0.03,
    "manhattan": {
      "pearson": 0.40994941357983244,
      "spearman": 0.42089497704900414
    }
  }
}