{
  "dataset_revision": null,
  "mteb_dataset_name": "InstructSTSBenchmark",
  "mteb_version": "1.1.2.dev0",
  "test": {
    "cos_sim": {
      "pearson": 0.08133428126355986,
      "spearman": 0.1316611762443864
    },
    "euclidean": {
      "pearson": 0.07725491905206099,
      "spearman": 0.08670223523264908
    },
    "evaluation_time": 0.15,
    "manhattan": {
      "pearson": 0.07657601225229713,
      "spearman": 0.08645358162157547
    }
  }
}