{
  "dataset_revision": null,
  "mteb_dataset_name": "InstructSTSBenchmark",
  "mteb_version": "1.1.2.dev0",
  "test": {
    "cos_sim": {
      "pearson": 0.10376313058588484,
      "spearman": 0.13023346734228505
    },
    "euclidean": {
      "pearson": 0.10804700149695971,
      "spearman": 0.11457238851192117
    },
    "evaluation_time": 0.13,
    "manhattan": {
      "pearson": 0.10875130451686113,
      "spearman": 0.11482377458025933
    }
  }
}