{
    "dataset_revision": null,
    "mteb_dataset_name": "IntentEmotion",
    "mteb_version": "1.1.2.dev0",
    "test": {
        "Emotion_success_rate": 0.9698051948051948,
        "Intent_success_rate": 0.030357142857142857,
        "evaluation_time": 0.68,
        "harmonic_mean": 0.058871491450117906
    }
}