{
  "dataset_revision": null,
  "mteb_dataset_name": "InstructSTSBenchmark",
  "mteb_version": "1.1.2.dev0",
  "test": {
    "cos_sim": {
      "pearson": -0.028590207242491693,
      "spearman": -0.031307584522546866
    },
    "euclidean": {
      "pearson": 0.024640134713141134,
      "spearman": -0.015458876976374677
    },
    "evaluation_time": 0.11,
    "manhattan": {
      "pearson": 0.02109255355536038,
      "spearman": -0.021401971530670687
    }
  }
}