{
    "test": {
        "NYTTopicClustering": 0.01557933051973846,
        "NYTLocationClustering": 0.07496075374779829,
        "harmonic_mean": 0.025797170734324984
    }
}