{
  "dataset_revision": "b0fddb56ed78048fa8b90373c8a3cfc37b684831",
  "mteb_dataset_name": "STSBenchmark",
  "mteb_version": "1.1.2.dev0",
  "test": {
    "cos_sim": {
      "pearson": 0.2802832379974444,
      "spearman": 0.38939118475170564
    },
    "euclidean": {
      "pearson": 0.33842771238647334,
      "spearman": 0.3938333762584172
    },
    "evaluation_time": 0.03,
    "manhattan": {
      "pearson": 0.37315388029801505,
      "spearman": 0.40499689402500755
    }
  }
}