{
  "dataset_revision": "b0fddb56ed78048fa8b90373c8a3cfc37b684831",
  "mteb_dataset_name": "STSBenchmark",
  "mteb_version": "1.1.2.dev0",
  "test": {
    "cos_sim": {
      "pearson": 0.4474286200777376,
      "spearman": 0.4732385017109057
    },
    "euclidean": {
      "pearson": 0.4907727448242768,
      "spearman": 0.4915951043114147
    },
    "evaluation_time": 0.03,
    "manhattan": {
      "pearson": 0.4981902494159724,
      "spearman": 0.49629920991991044
    }
  }
}