{
  "dataset_revision": "b0fddb56ed78048fa8b90373c8a3cfc37b684831",
  "mteb_dataset_name": "STSBenchmark",
  "mteb_version": "1.1.2.dev0",
  "test": {
    "cos_sim": {
      "pearson": 0.17841614747696055,
      "spearman": 0.2383590835305582
    },
    "euclidean": {
      "pearson": 0.18248001425633567,
      "spearman": 0.21857811243801664
    },
    "evaluation_time": 0.03,
    "manhattan": {
      "pearson": 0.19277622672514175,
      "spearman": 0.2312146791153067
    }
  }
}