{
  "dataset_revision": "b0fddb56ed78048fa8b90373c8a3cfc37b684831",
  "mteb_dataset_name": "STSBenchmark",
  "mteb_version": "1.1.2.dev0",
  "test": {
    "cos_sim": {
      "pearson": 0.032450144200379595,
      "spearman": 0.08930684540568727
    },
    "euclidean": {
      "pearson": 0.060452710604318005,
      "spearman": 0.05840032126857725
    },
    "evaluation_time": 0.05,
    "manhattan": {
      "pearson": 0.06484970451878129,
      "spearman": 0.06636980512537903
    }
  }
}