{
  "dataset_revision": "b0fddb56ed78048fa8b90373c8a3cfc37b684831",
  "mteb_dataset_name": "STSBenchmark",
  "mteb_version": "1.1.2.dev0",
  "test": {
    "cos_sim": {
      "pearson": 0.5578459306135295,
      "spearman": 0.5806986609865253
    },
    "euclidean": {
      "pearson": 0.5889071861307537,
      "spearman": 0.5889996147382532
    },
    "evaluation_time": 0.03,
    "manhattan": {
      "pearson": 0.5959903253566831,
      "spearman": 0.5954671749658729
    }
  }
}