{
    "test": {
        "NYTTopicClustering": 0.30174575579746044,
        "NYTLocationClustering": 0.2655218666689198,
        "harmonic_mean": 0.2824772506434314
    }
}