{
  "dataset_revision": "b0fddb56ed78048fa8b90373c8a3cfc37b684831",
  "mteb_dataset_name": "STSBenchmark",
  "mteb_version": "1.1.2.dev0",
  "test": {
    "cos_sim": {
      "pearson": 0.654164885420488,
      "spearman": 0.6402779909414703
    },
    "euclidean": {
      "pearson": 0.6193799329641594,
      "spearman": 0.6006098538615543
    },
    "evaluation_time": 0.06,
    "manhattan": {
      "pearson": 0.6240829645287282,
      "spearman": 0.6047780397108733
    }
  }
}