{
  "dataset_revision": "b0fddb56ed78048fa8b90373c8a3cfc37b684831",
  "mteb_dataset_name": "STSBenchmark",
  "mteb_version": "1.1.2.dev0",
  "test": {
    "cos_sim": {
      "pearson": 0.15264847838136267,
      "spearman": 0.28725062810917823
    },
    "euclidean": {
      "pearson": 0.14524696849587945,
      "spearman": 0.23713715072797248
    },
    "evaluation_time": 0.03,
    "manhattan": {
      "pearson": 0.3551156320037641,
      "spearman": 0.37790266428334696
    }
  }
}