{
  "dataset_revision": null,
  "mteb_dataset_name": "InstructSTSBenchmark",
  "mteb_version": "1.1.2.dev0",
  "test": {
    "cos_sim": {
      "pearson": 0.21311402851287126,
      "spearman": 0.2122941685132949
    },
    "euclidean": {
      "pearson": 0.2019233463438575,
      "spearman": 0.16628323142434948
    },
    "evaluation_time": 0.11,
    "manhattan": {
      "pearson": 0.2009638539837959,
      "spearman": 0.16384314711054038
    }
  }
}