{
  "dataset_revision": null,
  "mteb_dataset_name": "InstructSTSBenchmark",
  "mteb_version": "1.1.2.dev0",
  "test": {
    "cos_sim": {
      "pearson": -0.0068391116390729674,
      "spearman": -0.009110467932143144
    },
    "euclidean": {
      "pearson": -0.01185205207543717,
      "spearman": -0.010248991789764673
    },
    "evaluation_time": 0.1,
    "manhattan": {
      "pearson": -0.0021789122914110393,
      "spearman": -0.0007992437498794491
    }
  }
}