{
  "dataset_revision": "b0fddb56ed78048fa8b90373c8a3cfc37b684831",
  "mteb_dataset_name": "STSBenchmark",
  "mteb_version": "1.1.2.dev0",
  "test": {
    "cos_sim": {
      "pearson": 0.5142805160831345,
      "spearman": 0.6486190716186098
    },
    "euclidean": {
      "pearson": 0.6350441567712093,
      "spearman": 0.6639106189669794
    },
    "evaluation_time": 0.07,
    "manhattan": {
      "pearson": 0.6483964270387381,
      "spearman": 0.6698349566251224
    }
  }
}