{
  "dataset_revision": "b0fddb56ed78048fa8b90373c8a3cfc37b684831",
  "mteb_dataset_name": "STSBenchmark",
  "mteb_version": "1.1.2.dev0",
  "test": {
    "cos_sim": {
      "pearson": 0.07299365765320068,
      "spearman": 0.05979079801754542
    },
    "euclidean": {
      "pearson": 0.08835564777820133,
      "spearman": 0.0751104890960452
    },
    "evaluation_time": 0.06,
    "manhattan": {
      "pearson": 0.09456235149533539,
      "spearman": 0.08165619477603756
    }
  }
}