{
  "dataset_revision": "b0fddb56ed78048fa8b90373c8a3cfc37b684831",
  "mteb_dataset_name": "STSBenchmark",
  "mteb_version": "1.1.2.dev0",
  "test": {
    "cos_sim": {
      "pearson": 0.3355244269398506,
      "spearman": 0.4058781870555175
    },
    "euclidean": {
      "pearson": 0.380630216111265,
      "spearman": 0.4085987898232163
    },
    "evaluation_time": 0.03,
    "manhattan": {
      "pearson": 0.4056661831962915,
      "spearman": 0.4228084781070895
    }
  }
}