{
  "dataset_revision": "b0fddb56ed78048fa8b90373c8a3cfc37b684831",
  "mteb_dataset_name": "STSBenchmark",
  "mteb_version": "1.1.2.dev0",
  "test": {
    "cos_sim": {
      "pearson": 0.008341966034383051,
      "spearman": 0.00803863824756127
    },
    "euclidean": {
      "pearson": 0.008252380459325363,
      "spearman": 0.00803863824756127
    },
    "evaluation_time": 33.94,
    "manhattan": {
      "pearson": 0.04456086826695112,
      "spearman": 0.030081285986845115
    }
  }
}