{
  "dataset_revision": null,
  "mteb_dataset_name": "InstructSTSBenchmark",
  "mteb_version": "1.1.2.dev0",
  "test": {
    "cos_sim": {
      "pearson": 0.21040920885796816,
      "spearman": 0.24209252591036717
    },
    "euclidean": {
      "pearson": 0.19113497667483872,
      "spearman": 0.20317869110652353
    },
    "evaluation_time": 0.12,
    "manhattan": {
      "pearson": 0.19052520268565953,
      "spearman": 0.2030074571178964
    }
  }
}