{
  "dataset_revision": "b0fddb56ed78048fa8b90373c8a3cfc37b684831",
  "mteb_dataset_name": "STSBenchmark",
  "mteb_version": "1.1.2.dev0",
  "test": {
    "cos_sim": {
      "pearson": 0.2766485330157876,
      "spearman": 0.3279567869753859
    },
    "euclidean": {
      "pearson": 0.31353802105650397,
      "spearman": 0.32802231901301915
    },
    "evaluation_time": 0.03,
    "manhattan": {
      "pearson": 0.3139273625520772,
      "spearman": 0.32782724855622497
    }
  }
}