{
  "dataset_revision": "b0fddb56ed78048fa8b90373c8a3cfc37b684831",
  "mteb_dataset_name": "STSBenchmark",
  "mteb_version": "1.1.2.dev0",
  "test": {
    "cos_sim": {
      "pearson": 0.27153708323136755,
      "spearman": 0.35348794397889033
    },
    "euclidean": {
      "pearson": 0.34535851306923127,
      "spearman": 0.36404029427817225
    },
    "evaluation_time": 0.03,
    "manhattan": {
      "pearson": 0.35128152307544824,
      "spearman": 0.3660341055297208
    }
  }
}