{
  "dataset_revision": null,
  "mteb_dataset_name": "InstructSTSBenchmark",
  "mteb_version": "1.1.2.dev0",
  "test": {
    "cos_sim": {
      "pearson": 0.08889982172812469,
      "spearman": 0.08636794080978413
    },
    "euclidean": {
      "pearson": 0.08384926757383401,
      "spearman": 0.08348701076619357
    },
    "evaluation_time": 0.03,
    "manhattan": {
      "pearson": 0.08378692205516643,
      "spearman": 0.08410149383019937
    }
  }
}