{
  "dataset_revision": "b0fddb56ed78048fa8b90373c8a3cfc37b684831",
  "mteb_dataset_name": "STSBenchmark",
  "mteb_version": "1.1.2.dev0",
  "test": {
    "cos_sim": {
      "pearson": 0.48583045569679556,
      "spearman": 0.5063537376691214
    },
    "euclidean": {
      "pearson": 0.44015263613507166,
      "spearman": 0.46606667614577013
    },
    "evaluation_time": 0.03,
    "manhattan": {
      "pearson": 0.44049054144992883,
      "spearman": 0.4656769972041789
    }
  }
}