{
  "dataset_revision": "b0fddb56ed78048fa8b90373c8a3cfc37b684831",
  "mteb_dataset_name": "STSBenchmark",
  "mteb_version": "1.1.2.dev0",
  "test": {
    "cos_sim": {
      "pearson": 0.23299247894599212,
      "spearman": 0.46550802148166864
    },
    "euclidean": {
      "pearson": 0.3856076259518451,
      "spearman": 0.4959915525216951
    },
    "evaluation_time": 0.08,
    "manhattan": {
      "pearson": 0.40753849470029985,
      "spearman": 0.503410444573952
    }
  }
}