{
    "dataset_revision": null,
    "mteb_dataset_name": "IntentEmotion",
    "mteb_version": "1.1.2.dev0",
    "test": {
        "Emotion_success_rate": 0.9602272727272727,
        "Intent_success_rate": 0.060064935064935064,
        "evaluation_time": 0.53,
        "harmonic_mean": 0.11305780327596845
    }
}