{
  "dataset_revision": "b0fddb56ed78048fa8b90373c8a3cfc37b684831",
  "mteb_dataset_name": "STSBenchmark",
  "mteb_version": "1.1.2.dev0",
  "test": {
    "cos_sim": {
      "pearson": 0.37744126404257194,
      "spearman": 0.41259656640806897
    },
    "euclidean": {
      "pearson": 0.37608952713391053,
      "spearman": 0.3967206059370602
    },
    "evaluation_time": 0.05,
    "manhattan": {
      "pearson": 0.44948410813173256,
      "spearman": 0.44612897402998625
    }
  }
}