{
  "dataset_revision": null,
  "mteb_dataset_name": "InstructSTSBenchmark",
  "mteb_version": "1.1.2.dev0",
  "test": {
    "cos_sim": {
      "pearson": 0.21929516263667256,
      "spearman": 0.2491732334346779
    },
    "euclidean": {
      "pearson": 0.20002647365443754,
      "spearman": 0.21040148644778264
    },
    "evaluation_time": 0.14,
    "manhattan": {
      "pearson": 0.19949357582271274,
      "spearman": 0.210271239348223
    }
  }
}