{
  "dataset_revision": "a0d554a64d88156834ff5ae9920b964011b16384",
  "mteb_dataset_name": "STS12",
  "mteb_version": "1.1.2.dev0",
  "test": {
    "cos_sim": {
      "pearson": 0.7184407901957273,
      "spearman": 0.6315207085648183
    },
    "euclidean": {
      "pearson": 0.7100312371977924,
      "spearman": 0.6406020312088743
    },
    "evaluation_time": 0.39,
    "manhattan": {
      "pearson": 0.7118813325254705,
      "spearman": 0.64207451527148
    }
  }
}