{
  "dataset_revision": "b0fddb56ed78048fa8b90373c8a3cfc37b684831",
  "mteb_dataset_name": "STSBenchmark",
  "mteb_version": "1.1.2.dev0",
  "test": {
    "cos_sim": {
      "pearson": 0.7685655488493399,
      "spearman": 0.7598987171148799
    },
    "euclidean": {
      "pearson": 0.7694376071737494,
      "spearman": 0.757205758890266
    },
    "evaluation_time": 0.06,
    "manhattan": {
      "pearson": 0.770188376169371,
      "spearman": 0.7581056137729345
    }
  }
}