{
  "dataset_revision": "b0fddb56ed78048fa8b90373c8a3cfc37b684831",
  "mteb_dataset_name": "STSBenchmark",
  "mteb_version": "1.1.2.dev0",
  "test": {
    "cos_sim": {
      "pearson": 0.26595389634661465,
      "spearman": 0.3145883592680781
    },
    "euclidean": {
      "pearson": 0.3594335092809496,
      "spearman": 0.36892760016255377
    },
    "evaluation_time": 0.07,
    "manhattan": {
      "pearson": 0.4063331699498737,
      "spearman": 0.41000792822977045
    }
  }
}