{
  "dataset_revision": "b0fddb56ed78048fa8b90373c8a3cfc37b684831",
  "mteb_dataset_name": "STSBenchmark",
  "mteb_version": "1.1.2.dev0",
  "test": {
    "cos_sim": {
      "pearson": 0.2778479268966896,
      "spearman": 0.244899752324975
    },
    "euclidean": {
      "pearson": 0.2794452939510688,
      "spearman": 0.2692821414713684
    },
    "evaluation_time": 0.06,
    "manhattan": {
      "pearson": 0.3139828705821558,
      "spearman": 0.2721024382810086
    }
  }
}