{
  "dataset_revision": "b0fddb56ed78048fa8b90373c8a3cfc37b684831",
  "mteb_dataset_name": "STSBenchmark",
  "mteb_version": "1.1.2.dev0",
  "test": {
    "cos_sim": {
      "pearson": 0.7693057671427621,
      "spearman": 0.7709910185523721
    },
    "euclidean": {
      "pearson": 0.7842337666513229,
      "spearman": 0.7711183548436019
    },
    "evaluation_time": 0.04,
    "manhattan": {
      "pearson": 0.7850695319271128,
      "spearman": 0.7717279073565081
    }
  }
}