{
  "dataset_revision": "b0fddb56ed78048fa8b90373c8a3cfc37b684831",
  "mteb_dataset_name": "STSBenchmark",
  "mteb_version": "1.1.2.dev0",
  "test": {
    "cos_sim": {
      "pearson": 0.2727646297391167,
      "spearman": 0.3227924013450547
    },
    "euclidean": {
      "pearson": 0.31070590585981006,
      "spearman": 0.3341897596264092
    },
    "evaluation_time": 0.16,
    "manhattan": {
      "pearson": 0.39463385274849355,
      "spearman": 0.39416016354884487
    }
  }
}