{
  "dataset_revision": "b0fddb56ed78048fa8b90373c8a3cfc37b684831",
  "mteb_dataset_name": "STSBenchmark",
  "mteb_version": "1.1.2.dev0",
  "test": {
    "cos_sim": {
      "pearson": 0.43734403276213285,
      "spearman": 0.44028323754003157
    },
    "euclidean": {
      "pearson": 0.4491851297736806,
      "spearman": 0.4504913781994836
    },
    "evaluation_time": 0.03,
    "manhattan": {
      "pearson": 0.4529604848159977,
      "spearman": 0.4523608952299389
    }
  }
}