{
  "dataset_revision": "b0fddb56ed78048fa8b90373c8a3cfc37b684831",
  "mteb_dataset_name": "STSBenchmark",
  "mteb_version": "1.1.2.dev0",
  "test": {
    "cos_sim": {
      "pearson": 0.13658441653953646,
      "spearman": 0.20323999271523818
    },
    "euclidean": {
      "pearson": 0.14211214702758074,
      "spearman": 0.22945178202828553
    },
    "evaluation_time": 0.04,
    "manhattan": {
      "pearson": 0.1840117610979115,
      "spearman": 0.21318447005078428
    }
  }
}