{
  "dataset_revision": "b0fddb56ed78048fa8b90373c8a3cfc37b684831",
  "mteb_dataset_name": "STSBenchmark",
  "mteb_version": "1.1.2.dev0",
  "test": {
    "cos_sim": {
      "pearson": 0.05390991959050757,
      "spearman": 0.0977196370266666
    },
    "euclidean": {
      "pearson": 0.07360007224832693,
      "spearman": 0.09732398663444905
    },
    "evaluation_time": 0.03,
    "manhattan": {
      "pearson": 0.10306630733585614,
      "spearman": 0.11836944704039035
    }
  }
}