{
  "dataset_revision": "b0fddb56ed78048fa8b90373c8a3cfc37b684831",
  "mteb_dataset_name": "STSBenchmark",
  "mteb_version": "1.1.2.dev0",
  "test": {
    "cos_sim": {
      "pearson": 0.32002578277461613,
      "spearman": 0.3355992131814013
    },
    "euclidean": {
      "pearson": 0.33192102796276246,
      "spearman": 0.33130443322312586
    },
    "evaluation_time": 0.04,
    "manhattan": {
      "pearson": 0.331114370594569,
      "spearman": 0.3306744337839853
    }
  }
}