{
  "dataset_revision": "b0fddb56ed78048fa8b90373c8a3cfc37b684831",
  "mteb_dataset_name": "STSBenchmark",
  "mteb_version": "1.1.2.dev0",
  "test": {
    "cos_sim": {
      "pearson": -0.002568859815007489,
      "spearman": 0.0071976936953830365
    },
    "euclidean": {
      "pearson": -0.003057977530536877,
      "spearman": 0.0071976936953830365
    },
    "evaluation_time": 67.92,
    "manhattan": {
      "pearson": 0.03889115885677125,
      "spearman": 0.024504055888816472
    }
  }
}