{
  "dataset_revision": null,
  "mteb_dataset_name": "InstructSTSBenchmark",
  "mteb_version": "1.1.2.dev0",
  "test": {
    "cos_sim": {
      "pearson": 0.09675749003748352,
      "spearman": 0.1497030532368249
    },
    "euclidean": {
      "pearson": -0.003633950192299398,
      "spearman": -0.011499546402771491
    },
    "evaluation_time": 0.12,
    "manhattan": {
      "pearson": 0.018282889933562536,
      "spearman": 0.02489860600763979
    }
  }
}