{
    "test": {
        "NYTTopicClustering": 0.03617381737841519,
        "NYTLocationClustering": 0.02770418481709312,
        "harmonic_mean": 0.031377513784137806
    }
}