{
  "dataset_revision": "a0d554a64d88156834ff5ae9920b964011b16384",
  "mteb_dataset_name": "STS12",
  "mteb_version": "1.1.2.dev0",
  "test": {
    "cos_sim": {
      "pearson": 0.11434898183994657,
      "spearman": 0.2553535804935653
    },
    "euclidean": {
      "pearson": 0.12112198003235726,
      "spearman": 0.2030336546863592
    },
    "evaluation_time": 0.47,
    "manhattan": {
      "pearson": 0.18403834567461053,
      "spearman": 0.2998194329680939
    }
  }
}