{
  "dataset_revision": null,
  "mteb_dataset_name": "InstructSTSBenchmark",
  "mteb_version": "1.1.2.dev0",
  "test": {
    "cos_sim": {
      "pearson": -0.12125609123942084,
      "spearman": -0.11153070890059158
    },
    "euclidean": {
      "pearson": -0.12512151332596172,
      "spearman": -0.1206575708573173
    },
    "evaluation_time": 0.07,
    "manhattan": {
      "pearson": -0.12625885284296867,
      "spearman": -0.12197916935445795
    }
  }
}