{
  "dataset_revision": "b0fddb56ed78048fa8b90373c8a3cfc37b684831",
  "mteb_dataset_name": "STSBenchmark",
  "mteb_version": "1.1.2.dev0",
  "test": {
    "cos_sim": {
      "pearson": 0.5360213910686292,
      "spearman": 0.5959148364265007
    },
    "euclidean": {
      "pearson": 0.5730671315628045,
      "spearman": 0.5950795240599943
    },
    "evaluation_time": 0.03,
    "manhattan": {
      "pearson": 0.5737907899927838,
      "spearman": 0.5949985564311928
    }
  }
}