{
  "dataset_revision": "b0fddb56ed78048fa8b90373c8a3cfc37b684831",
  "mteb_dataset_name": "STSBenchmark",
  "mteb_version": "1.1.2.dev0",
  "test": {
    "cos_sim": {
      "pearson": 0.4016190528117531,
      "spearman": 0.4049136031729058
    },
    "euclidean": {
      "pearson": 0.4074907922003739,
      "spearman": 0.4143864038517115
    },
    "evaluation_time": 0.03,
    "manhattan": {
      "pearson": 0.4126681973430631,
      "spearman": 0.4187307296947645
    }
  }
}