{
  "dataset_revision": null,
  "mteb_dataset_name": "InstructSTSBenchmark",
  "mteb_version": "1.1.2.dev0",
  "test": {
    "cos_sim": {
      "pearson": 0.005172587985041226,
      "spearman": 0.032630549248319984
    },
    "euclidean": {
      "pearson": -0.017150087858600522,
      "spearman": -0.005742258942262728
    },
    "evaluation_time": 0.07,
    "manhattan": {
      "pearson": -0.014296689779676845,
      "spearman": -0.003039403298566272
    }
  }
}