{
  "dataset_revision": null,
  "mteb_dataset_name": "InstructSTSBenchmark",
  "mteb_version": "1.1.2.dev0",
  "test": {
    "cos_sim": {
      "pearson": 0.007058803958886114,
      "spearman": 0.024219617777506593
    },
    "euclidean": {
      "pearson": -0.06169021799805217,
      "spearman": -0.06082222171323978
    },
    "evaluation_time": 0.13,
    "manhattan": {
      "pearson": -0.08071217442920879,
      "spearman": -0.07704117717532265
    }
  }
}