{
  "dataset_revision": "b0fddb56ed78048fa8b90373c8a3cfc37b684831",
  "mteb_dataset_name": "STSBenchmark",
  "mteb_version": "1.1.2.dev0",
  "test": {
    "cos_sim": {
      "pearson": 0.38925847636471705,
      "spearman": 0.3988895075712722
    },
    "euclidean": {
      "pearson": 0.4552535058870494,
      "spearman": 0.4498693160894269
    },
    "evaluation_time": 0.06,
    "manhattan": {
      "pearson": 0.456070895570709,
      "spearman": 0.4507379462306308
    }
  }
}