{
  "dataset_revision": null,
  "mteb_dataset_name": "InstructSTSBenchmark",
  "mteb_version": "1.1.2.dev0",
  "test": {
    "cos_sim": {
      "pearson": -0.056630205646013336,
      "spearman": -0.05718258920614386
    },
    "euclidean": {
      "pearson": -0.055414398160427494,
      "spearman": -0.053775214383482046
    },
    "evaluation_time": 0.15,
    "manhattan": {
      "pearson": -0.0551177036955922,
      "spearman": -0.05340815429089233
    }
  }
}