{
    "test": {
        "NYTTopicClustering": 0.06691259752945711,
        "NYTLocationClustering": 0.07361059291754068,
        "harmonic_mean": 0.07010197628363878
    }
}