{
    "dataset_revision": null,
    "mteb_dataset_name": "IntentEmotion",
    "mteb_version": "1.1.2.dev0",
    "test": {
        "Emotion_success_rate": 0.9785714285714285,
        "Intent_success_rate": 0.024350649350649352,
        "evaluation_time": 0.62,
        "harmonic_mean": 0.04751886472598021
    }
}