{
  "dataset_revision": null,
  "mteb_dataset_name": "InstructSTSBenchmark",
  "mteb_version": "1.1.2.dev0",
  "test": {
    "cos_sim": {
      "pearson": 0.2143674526162919,
      "spearman": 0.21550389498050623
    },
    "euclidean": {
      "pearson": 0.21736499480739613,
      "spearman": 0.21765115101232593
    },
    "evaluation_time": 0.13,
    "manhattan": {
      "pearson": 0.21774334627592762,
      "spearman": 0.21860113532157113
    }
  }
}