{
  "dataset_revision": null,
  "mteb_dataset_name": "InstructSTSBenchmark",
  "mteb_version": "1.1.2.dev0",
  "test": {
    "cos_sim": {
      "pearson": 0.007028007932495026,
      "spearman": 0.02246627086086795
    },
    "euclidean": {
      "pearson": -0.129468140850144,
      "spearman": -0.11138998661781428
    },
    "evaluation_time": 0.11,
    "manhattan": {
      "pearson": -0.098123914417322,
      "spearman": -0.08665396182097544
    }
  }
}