{
  "dataset_revision": "b0fddb56ed78048fa8b90373c8a3cfc37b684831",
  "mteb_dataset_name": "STSBenchmark",
  "mteb_version": "1.1.2.dev0",
  "test": {
    "cos_sim": {
      "pearson": 0.37825341512754224,
      "spearman": 0.3951508988596972
    },
    "euclidean": {
      "pearson": 0.40747115520307997,
      "spearman": 0.4066213113729281
    },
    "evaluation_time": 0.03,
    "manhattan": {
      "pearson": 0.41811178795476106,
      "spearman": 0.4158112632312435
    }
  }
}