{
  "dataset_revision": "b0fddb56ed78048fa8b90373c8a3cfc37b684831",
  "mteb_dataset_name": "STSBenchmark",
  "mteb_version": "1.1.2.dev0",
  "test": {
    "cos_sim": {
      "pearson": 0.3310975966607605,
      "spearman": 0.34942522076904065
    },
    "euclidean": {
      "pearson": 0.34915786201685095,
      "spearman": 0.3477388254237727
    },
    "evaluation_time": 0.05,
    "manhattan": {
      "pearson": 0.3469780399172768,
      "spearman": 0.346541411182692
    }
  }
}