{
  "dataset_revision": "b0fddb56ed78048fa8b90373c8a3cfc37b684831",
  "mteb_dataset_name": "STSBenchmark",
  "mteb_version": "1.1.2.dev0",
  "test": {
    "cos_sim": {
      "pearson": 0.23870444156393836,
      "spearman": 0.3125597289175899
    },
    "euclidean": {
      "pearson": 0.28301020045285025,
      "spearman": 0.3218674899602228
    },
    "evaluation_time": 0.06,
    "manhattan": {
      "pearson": 0.2894271918749854,
      "spearman": 0.32752595114717825
    }
  }
}