{
  "dataset_revision": "b0fddb56ed78048fa8b90373c8a3cfc37b684831",
  "mteb_dataset_name": "STSBenchmark",
  "mteb_version": "1.1.2.dev0",
  "test": {
    "cos_sim": {
      "pearson": 0.012483327928748686,
      "spearman": 0.07533540932347205
    },
    "euclidean": {
      "pearson": 0.018986664552058205,
      "spearman": 0.08250174834210201
    },
    "evaluation_time": 0.04,
    "manhattan": {
      "pearson": 0.0637984838971348,
      "spearman": 0.07476452929793978
    }
  }
}