{
  "dataset_revision": "b0fddb56ed78048fa8b90373c8a3cfc37b684831",
  "mteb_dataset_name": "STSBenchmark",
  "mteb_version": "1.1.2.dev0",
  "test": {
    "cos_sim": {
      "pearson": 0.41435317441404307,
      "spearman": 0.4429652478060565
    },
    "euclidean": {
      "pearson": 0.4644463431514119,
      "spearman": 0.46784284001054266
    },
    "evaluation_time": 0.03,
    "manhattan": {
      "pearson": 0.4761286513621191,
      "spearman": 0.47718047658555746
    }
  }
}