{
  "dataset_revision": null,
  "mteb_dataset_name": "InstructSTSBenchmark",
  "mteb_version": "1.1.2.dev0",
  "test": {
    "cos_sim": {
      "pearson": 0.0026675563245404602,
      "spearman": 0.003233870316464484
    },
    "euclidean": {
      "pearson": -0.06313296113271444,
      "spearman": -0.0636954004929402
    },
    "evaluation_time": 0.13,
    "manhattan": {
      "pearson": -0.09241136764244443,
      "spearman": -0.08858763075785332
    }
  }
}