{
  "dataset_revision": "b0fddb56ed78048fa8b90373c8a3cfc37b684831",
  "mteb_dataset_name": "STSBenchmark",
  "mteb_version": "1.1.2.dev0",
  "test": {
    "cos_sim": {
      "pearson": 0.4180035315193918,
      "spearman": 0.44604851888637376
    },
    "euclidean": {
      "pearson": 0.47042628834200434,
      "spearman": 0.4725238941547027
    },
    "evaluation_time": 0.03,
    "manhattan": {
      "pearson": 0.48547965585754765,
      "spearman": 0.48453736585931656
    }
  }
}