{
  "dataset_revision": "b0fddb56ed78048fa8b90373c8a3cfc37b684831",
  "mteb_dataset_name": "STSBenchmark",
  "mteb_version": "1.1.2.dev0",
  "test": {
    "cos_sim": {
      "pearson": 0.48140094625225416,
      "spearman": 0.5412977188250734
    },
    "euclidean": {
      "pearson": 0.519517384096263,
      "spearman": 0.5403717639623453
    },
    "evaluation_time": 0.03,
    "manhattan": {
      "pearson": 0.5215931741798251,
      "spearman": 0.5422534561454934
    }
  }
}