{
  "dataset_revision": "b0fddb56ed78048fa8b90373c8a3cfc37b684831",
  "mteb_dataset_name": "STSBenchmark",
  "mteb_version": "1.1.2.dev0",
  "test": {
    "cos_sim": {
      "pearson": 0.2564044111903908,
      "spearman": 0.29918037565119376
    },
    "euclidean": {
      "pearson": 0.33363392355415494,
      "spearman": 0.34641134206791313
    },
    "evaluation_time": 0.04,
    "manhattan": {
      "pearson": 0.33834166049292275,
      "spearman": 0.3490570153469937
    }
  }
}