{
  "dataset_revision": null,
  "mteb_dataset_name": "InstructSTSBenchmark",
  "mteb_version": "1.1.2.dev0",
  "test": {
    "cos_sim": {
      "pearson": -0.08090939213967384,
      "spearman": -0.06753222674317624
    },
    "euclidean": {
      "pearson": -0.10759270157878455,
      "spearman": -0.08412006312968318
    },
    "evaluation_time": 0.08,
    "manhattan": {
      "pearson": -0.09105600286339405,
      "spearman": -0.08027094166247685
    }
  }
}