{
  "dataset_revision": "b0fddb56ed78048fa8b90373c8a3cfc37b684831",
  "mteb_dataset_name": "STSBenchmark",
  "mteb_version": "1.1.2.dev0",
  "test": {
    "cos_sim": {
      "pearson": 0.38499402096616986,
      "spearman": 0.40971996692162077
    },
    "euclidean": {
      "pearson": 0.37926782889154886,
      "spearman": 0.39726426327506886
    },
    "evaluation_time": 0.06,
    "manhattan": {
      "pearson": 0.4516937297985101,
      "spearman": 0.4480130806272337
    }
  }
}