{
  "dataset_revision": "b0fddb56ed78048fa8b90373c8a3cfc37b684831",
  "mteb_dataset_name": "STSBenchmark",
  "mteb_version": "1.1.2.dev0",
  "test": {
    "cos_sim": {
      "pearson": 0.1143475543988357,
      "spearman": 0.20105945526604663
    },
    "euclidean": {
      "pearson": 0.09896668763875346,
      "spearman": 0.13568775990796547
    },
    "evaluation_time": 0.06,
    "manhattan": {
      "pearson": 0.27552010944631483,
      "spearman": 0.28655844032661265
    }
  }
}