{
  "dataset_revision": "b0fddb56ed78048fa8b90373c8a3cfc37b684831",
  "mteb_dataset_name": "STSBenchmark",
  "mteb_version": "1.1.2.dev0",
  "test": {
    "cos_sim": {
      "pearson": 0.1222091966550929,
      "spearman": 0.2651865226490991
    },
    "euclidean": {
      "pearson": 0.10469391951423061,
      "spearman": 0.19231929813861579
    },
    "evaluation_time": 0.04,
    "manhattan": {
      "pearson": 0.23348706783548723,
      "spearman": 0.27150282830797423
    }
  }
}