{
    "dataset_revision": null,
    "mteb_dataset_name": "IntentEmotion",
    "mteb_version": "1.1.2.dev0",
    "test": {
        "Emotion_success_rate": 0.43392857142857144,
        "Intent_success_rate": 0.5761363636363637,
        "evaluation_time": 289.67,
        "harmonic_mean": 0.49502170740169193
    }
}