{
  "dataset_revision": "b0fddb56ed78048fa8b90373c8a3cfc37b684831",
  "mteb_dataset_name": "STSBenchmark",
  "mteb_version": "1.1.2.dev0",
  "test": {
    "cos_sim": {
      "pearson": 0.07778451842511992,
      "spearman": 0.08459346009199582
    },
    "euclidean": {
      "pearson": 0.07810701255771234,
      "spearman": 0.08459346009199582
    },
    "evaluation_time": 78.98,
    "manhattan": {
      "pearson": 0.08856638483939214,
      "spearman": 0.09771620614874511
    }
  }
}