{
  "dataset_revision": null,
  "mteb_dataset_name": "InstructSTSBenchmark",
  "mteb_version": "1.1.2.dev0",
  "test": {
    "cos_sim": {
      "pearson": 0.08788408435020116,
      "spearman": 0.11614264061994642
    },
    "euclidean": {
      "pearson": 0.0705785018855217,
      "spearman": 0.07196973648130994
    },
    "evaluation_time": 0.15,
    "manhattan": {
      "pearson": 0.07352897382719979,
      "spearman": 0.07458925217892054
    }
  }
}