{
  "dataset_revision": null,
  "mteb_dataset_name": "InstructSTSBenchmark",
  "mteb_version": "1.1.2.dev0",
  "test": {
    "cos_sim": {
      "pearson": -0.04106180483124536,
      "spearman": -0.04225745213400403
    },
    "euclidean": {
      "pearson": -0.04192868154588919,
      "spearman": -0.040586553984724924
    },
    "evaluation_time": 0.12,
    "manhattan": {
      "pearson": -0.04270499176027325,
      "spearman": -0.04120500014568874
    }
  }
}