{
  "dataset_revision": "b0fddb56ed78048fa8b90373c8a3cfc37b684831",
  "mteb_dataset_name": "STSBenchmark",
  "mteb_version": "1.1.2.dev0",
  "test": {
    "cos_sim": {
      "pearson": 0.04255089886169393,
      "spearman": 0.044250779054046174
    },
    "euclidean": {
      "pearson": 0.04182402158775235,
      "spearman": 0.044250779054046174
    },
    "evaluation_time": 30.55,
    "manhattan": {
      "pearson": 0.04965387901990969,
      "spearman": 0.03991237820212798
    }
  }
}