{
  "dataset_revision": "b0fddb56ed78048fa8b90373c8a3cfc37b684831",
  "mteb_dataset_name": "STSBenchmark",
  "mteb_version": "1.1.2.dev0",
  "test": {
    "cos_sim": {
      "pearson": 0.24716737467711494,
      "spearman": 0.302462436140542
    },
    "euclidean": {
      "pearson": 0.27129649655927474,
      "spearman": 0.3083101058429855
    },
    "evaluation_time": 0.07,
    "manhattan": {
      "pearson": 0.2746139790921572,
      "spearman": 0.3125100868228764
    }
  }
}