{
  "dataset_revision": "b0fddb56ed78048fa8b90373c8a3cfc37b684831",
  "mteb_dataset_name": "STSBenchmark",
  "mteb_version": "1.1.2.dev0",
  "test": {
    "cos_sim": {
      "pearson": 0.22929693818039046,
      "spearman": 0.2843540005463988
    },
    "euclidean": {
      "pearson": 0.22458615449038924,
      "spearman": 0.2651254486707439
    },
    "evaluation_time": 0.07,
    "manhattan": {
      "pearson": 0.4576787113025875,
      "spearman": 0.45594008837093986
    }
  }
}