{
  "dataset_revision": "a0d554a64d88156834ff5ae9920b964011b16384",
  "mteb_dataset_name": "STS12",
  "mteb_version": "1.1.2.dev0",
  "test": {
    "cos_sim": {
      "pearson": 0.41732189615235876,
      "spearman": 0.4899470940028894
    },
    "euclidean": {
      "pearson": 0.4446949958811139,
      "spearman": 0.48657257354157457
    },
    "evaluation_time": 0.72,
    "manhattan": {
      "pearson": 0.4600634105087921,
      "spearman": 0.5001068078463652
    }
  }
}