{
  "dataset_revision": "b0fddb56ed78048fa8b90373c8a3cfc37b684831",
  "mteb_dataset_name": "STSBenchmark",
  "mteb_version": "1.1.2.dev0",
  "test": {
    "cos_sim": {
      "pearson": 0.5190448004153408,
      "spearman": 0.5881134840034538
    },
    "euclidean": {
      "pearson": 0.5897105612923075,
      "spearman": 0.6107349696685679
    },
    "evaluation_time": 0.3,
    "manhattan": {
      "pearson": 0.6036239147223854,
      "spearman": 0.622468951152534
    }
  }
}