{
  "dataset_revision": "b0fddb56ed78048fa8b90373c8a3cfc37b684831",
  "mteb_dataset_name": "STSBenchmark",
  "mteb_version": "1.1.2.dev0",
  "test": {
    "cos_sim": {
      "pearson": 0.12678020702903126,
      "spearman": 0.10626787887887897
    },
    "euclidean": {
      "pearson": 0.18514039457649617,
      "spearman": 0.13656189547133235
    },
    "evaluation_time": 0.08,
    "manhattan": {
      "pearson": 0.18934458062025877,
      "spearman": 0.13752005822426652
    }
  }
}