{
  "dataset_revision": null,
  "mteb_dataset_name": "InstructSTSBenchmark",
  "mteb_version": "1.1.2.dev0",
  "test": {
    "cos_sim": {
      "pearson": -0.06712934007471455,
      "spearman": -0.09205921787092886
    },
    "euclidean": {
      "pearson": -0.08699522003529675,
      "spearman": -0.0933248008361638
    },
    "evaluation_time": 0.15,
    "manhattan": {
      "pearson": -0.08696922819136246,
      "spearman": -0.09337762834328592
    }
  }
}