{
  "dataset_revision": "b0fddb56ed78048fa8b90373c8a3cfc37b684831",
  "mteb_dataset_name": "STSBenchmark",
  "mteb_version": "1.1.2.dev0",
  "test": {
    "cos_sim": {
      "pearson": 0.2900818933085143,
      "spearman": 0.2675324265689811
    },
    "euclidean": {
      "pearson": 0.2819401622185879,
      "spearman": 0.2442360976942328
    },
    "evaluation_time": 0.04,
    "manhattan": {
      "pearson": 0.2837021165565564,
      "spearman": 0.24469972246920058
    }
  }
}