{
  "dataset_revision": "b0fddb56ed78048fa8b90373c8a3cfc37b684831",
  "mteb_dataset_name": "STSBenchmark",
  "mteb_version": "1.1.2.dev0",
  "test": {
    "cos_sim": {
      "pearson": 0.6385873675642444,
      "spearman": 0.6523761255323771
    },
    "euclidean": {
      "pearson": 0.6516326379859109,
      "spearman": 0.6541257755484087
    },
    "evaluation_time": 0.03,
    "manhattan": {
      "pearson": 0.658334314561472,
      "spearman": 0.6601834511858531
    }
  }
}