{
  "dataset_revision": "b0fddb56ed78048fa8b90373c8a3cfc37b684831",
  "mteb_dataset_name": "STSBenchmark",
  "mteb_version": "1.1.2.dev0",
  "test": {
    "cos_sim": {
      "pearson": 0.28549341381530297,
      "spearman": 0.3141158943273855
    },
    "euclidean": {
      "pearson": 0.394290904854211,
      "spearman": 0.394488454450461
    },
    "evaluation_time": 0.08,
    "manhattan": {
      "pearson": 0.3965280424458786,
      "spearman": 0.39619029110892884
    }
  }
}