{
  "dataset_revision": "b0fddb56ed78048fa8b90373c8a3cfc37b684831",
  "mteb_dataset_name": "STSBenchmark",
  "mteb_version": "1.1.2.dev0",
  "test": {
    "cos_sim": {
      "pearson": 0.12363782693845084,
      "spearman": 0.15314838769170738
    },
    "euclidean": {
      "pearson": 0.12948003794991292,
      "spearman": 0.1494355378464407
    },
    "evaluation_time": 0.04,
    "manhattan": {
      "pearson": 0.14223454949087602,
      "spearman": 0.16145735919516882
    }
  }
}