{
  "dataset_revision": "b0fddb56ed78048fa8b90373c8a3cfc37b684831",
  "mteb_dataset_name": "STSBenchmark",
  "mteb_version": "1.1.2.dev0",
  "test": {
    "cos_sim": {
      "pearson": 0.22197918821122456,
      "spearman": 0.26672190744355917
    },
    "euclidean": {
      "pearson": 0.21360351072081465,
      "spearman": 0.2467116538609499
    },
    "evaluation_time": 0.07,
    "manhattan": {
      "pearson": 0.4258637646815867,
      "spearman": 0.4213371013499565
    }
  }
}