{
  "dataset_revision": "b0fddb56ed78048fa8b90373c8a3cfc37b684831",
  "mteb_dataset_name": "STSBenchmark",
  "mteb_version": "1.1.2.dev0",
  "test": {
    "cos_sim": {
      "pearson": -0.010048879133937311,
      "spearman": -0.012630183848703631
    },
    "euclidean": {
      "pearson": 0.0013241227374687582,
      "spearman": -0.012810657866559183
    },
    "evaluation_time": 0.03,
    "manhattan": {
      "pearson": 0.004168342417943922,
      "spearman": -0.009479827021518011
    }
  }
}