{
  "dataset_revision": null,
  "mteb_dataset_name": "InstructSTSBenchmark",
  "mteb_version": "1.1.2.dev0",
  "test": {
    "cos_sim": {
      "pearson": -0.1272791685486612,
      "spearman": -0.12345469668356814
    },
    "euclidean": {
      "pearson": -0.14727705343239572,
      "spearman": -0.14052162435431276
    },
    "evaluation_time": 0.08,
    "manhattan": {
      "pearson": -0.14970901276445261,
      "spearman": -0.1436266066263682
    }
  }
}