{
    "dataset_revision": null,
    "mteb_dataset_name": "IntentEmotion",
    "mteb_version": "1.1.2.dev0",
    "test": {
        "Emotion_success_rate": 0.9784090909090909,
        "Intent_success_rate": 0.020616883116883117,
        "evaluation_time": 0.38,
        "harmonic_mean": 0.040382844848187174
    }
}