{
  "dataset_revision": null,
  "mteb_dataset_name": "InstructSTSBenchmark",
  "mteb_version": "1.1.2.dev0",
  "test": {
    "cos_sim": {
      "pearson": 0.07130514754919927,
      "spearman": 0.09087150963479025
    },
    "euclidean": {
      "pearson": 0.07654718317533826,
      "spearman": 0.07524868520952473
    },
    "evaluation_time": 0.12,
    "manhattan": {
      "pearson": 0.07573660159508716,
      "spearman": 0.07386606183346718
    }
  }
}