{
  "dataset_revision": "a0d554a64d88156834ff5ae9920b964011b16384",
  "mteb_dataset_name": "STS12",
  "mteb_version": "1.1.2.dev0",
  "test": {
    "cos_sim": {
      "pearson": 0.1487111768009336,
      "spearman": 0.3345883173808422
    },
    "euclidean": {
      "pearson": 0.22226764930541218,
      "spearman": 0.3485717175801529
    },
    "evaluation_time": 0.43,
    "manhattan": {
      "pearson": 0.2303498655791616,
      "spearman": 0.3556181698387632
    }
  }
}