{
  "dataset_revision": null,
  "mteb_dataset_name": "InstructSTSBenchmark",
  "mteb_version": "1.1.2.dev0",
  "test": {
    "cos_sim": {
      "pearson": 0.19374072282012944,
      "spearman": 0.1937098117709255
    },
    "euclidean": {
      "pearson": 0.20943619408664757,
      "spearman": 0.2012167284289348
    },
    "evaluation_time": 0.04,
    "manhattan": {
      "pearson": 0.20909522507656944,
      "spearman": 0.20087494641021592
    }
  }
}