{
  "dataset_revision": "a0d554a64d88156834ff5ae9920b964011b16384",
  "mteb_dataset_name": "STS12",
  "mteb_version": "1.1.2.dev0",
  "test": {
    "cos_sim": {
      "pearson": 0.29822697506516066,
      "spearman": 0.32108423166044814
    },
    "euclidean": {
      "pearson": 0.2580857262800664,
      "spearman": 0.26626779555124586
    },
    "evaluation_time": 0.24,
    "manhattan": {
      "pearson": 0.25808354101711856,
      "spearman": 0.2663577792247823
    }
  }
}