{
  "dataset_revision": "b0fddb56ed78048fa8b90373c8a3cfc37b684831",
  "mteb_dataset_name": "STSBenchmark",
  "mteb_version": "1.1.2.dev0",
  "test": {
    "cos_sim": {
      "pearson": 0.35232644567353333,
      "spearman": 0.35798441054501196
    },
    "euclidean": {
      "pearson": 0.3181020398905446,
      "spearman": 0.3104028514123989
    },
    "evaluation_time": 0.03,
    "manhattan": {
      "pearson": 0.31788054290985446,
      "spearman": 0.31025954706592757
    }
  }
}