{
  "dataset_revision": "b0fddb56ed78048fa8b90373c8a3cfc37b684831",
  "mteb_dataset_name": "STSBenchmark",
  "mteb_version": "1.1.2.dev0",
  "test": {
    "cos_sim": {
      "pearson": 0.21165619282134848,
      "spearman": 0.29918076197901483
    },
    "euclidean": {
      "pearson": 0.27475928869669175,
      "spearman": 0.3036806152639872
    },
    "evaluation_time": 0.08,
    "manhattan": {
      "pearson": 0.2759595506484239,
      "spearman": 0.3053173566611059
    }
  }
}