{
  "dataset_revision": null,
  "mteb_dataset_name": "InstructSTSBenchmark",
  "mteb_version": "1.1.2.dev0",
  "test": {
    "cos_sim": {
      "pearson": 0.06842749512907792,
      "spearman": 0.07631844408405915
    },
    "euclidean": {
      "pearson": -0.11972010943869664,
      "spearman": -0.09650264862148426
    },
    "evaluation_time": 0.1,
    "manhattan": {
      "pearson": 0.00903419787446637,
      "spearman": 0.014096291618244206
    }
  }
}