{
  "dataset_revision": "b0fddb56ed78048fa8b90373c8a3cfc37b684831",
  "mteb_dataset_name": "STSBenchmark",
  "mteb_version": "1.1.2.dev0",
  "test": {
    "cos_sim": {
      "pearson": 0.09969841791595518,
      "spearman": 0.17996119841789104
    },
    "euclidean": {
      "pearson": 0.15598435611597866,
      "spearman": 0.2124984488750334
    },
    "evaluation_time": 0.04,
    "manhattan": {
      "pearson": 0.1931955684154708,
      "spearman": 0.23622493056324176
    }
  }
}