{
  "dataset_revision": "b0fddb56ed78048fa8b90373c8a3cfc37b684831",
  "mteb_dataset_name": "STSBenchmark",
  "mteb_version": "1.1.2.dev0",
  "test": {
    "cos_sim": {
      "pearson": 0.5843676486885189,
      "spearman": 0.6001140795793144
    },
    "euclidean": {
      "pearson": 0.604476569453862,
      "spearman": 0.6049386809526218
    },
    "evaluation_time": 0.03,
    "manhattan": {
      "pearson": 0.6101905509570237,
      "spearman": 0.6101899583158811
    }
  }
}