{
  "dataset_revision": null,
  "mteb_dataset_name": "InstructSTSBenchmark",
  "mteb_version": "1.1.2.dev0",
  "test": {
    "cos_sim": {
      "pearson": 0.13157476398205165,
      "spearman": 0.1953939204414325
    },
    "euclidean": {
      "pearson": 0.07948674385610913,
      "spearman": 0.10383838555769974
    },
    "evaluation_time": 0.15,
    "manhattan": {
      "pearson": 0.10452256237142735,
      "spearman": 0.1289715274769858
    }
  }
}