{
  "dataset_revision": null,
  "mteb_dataset_name": "InstructSTSBenchmark",
  "mteb_version": "1.1.2.dev0",
  "test": {
    "cos_sim": {
      "pearson": 0.0031091949256446807,
      "spearman": 0.012656287213554383
    },
    "euclidean": {
      "pearson": -0.06875049005090209,
      "spearman": -0.06438716758140464
    },
    "evaluation_time": 0.13,
    "manhattan": {
      "pearson": -0.06915965457736067,
      "spearman": -0.06349729733212386
    }
  }
}