{
  "dataset_revision": null,
  "mteb_dataset_name": "InstructSTSBenchmark",
  "mteb_version": "1.1.2.dev0",
  "test": {
    "cos_sim": {
      "pearson": 0.08523697701715345,
      "spearman": 0.11005654748845445
    },
    "euclidean": {
      "pearson": 0.07855474533830349,
      "spearman": 0.09129094179890852
    },
    "evaluation_time": 0.12,
    "manhattan": {
      "pearson": 0.07840619577838992,
      "spearman": 0.0912713592015645
    }
  }
}