{
  "dataset_revision": "b0fddb56ed78048fa8b90373c8a3cfc37b684831",
  "mteb_dataset_name": "STSBenchmark",
  "mteb_version": "1.1.2.dev0",
  "test": {
    "cos_sim": {
      "pearson": 0.06587811273161667,
      "spearman": 0.09894721931784353
    },
    "euclidean": {
      "pearson": 0.09881812081432892,
      "spearman": 0.09860936538190714
    },
    "evaluation_time": 0.06,
    "manhattan": {
      "pearson": 0.11589679772761932,
      "spearman": 0.12707283589906376
    }
  }
}