{
  "dataset_revision": null,
  "mteb_dataset_name": "InstructSTSBenchmark",
  "mteb_version": "1.1.2.dev0",
  "test": {
    "cos_sim": {
      "pearson": 0.0017822491772270666,
      "spearman": 0.01819544082937115
    },
    "euclidean": {
      "pearson": -0.1288516549362059,
      "spearman": -0.10998186032321286
    },
    "evaluation_time": 0.15,
    "manhattan": {
      "pearson": -0.10703017842485026,
      "spearman": -0.09500708369227598
    }
  }
}