{
  "dataset_revision": "a0d554a64d88156834ff5ae9920b964011b16384",
  "mteb_dataset_name": "STS12",
  "mteb_version": "1.1.2.dev0",
  "test": {
    "cos_sim": {
      "pearson": 0.218099730522362,
      "spearman": 0.3726845176789887
    },
    "euclidean": {
      "pearson": 0.14393757788331502,
      "spearman": 0.2597004334612807
    },
    "evaluation_time": 0.39,
    "manhattan": {
      "pearson": 0.3283564101638561,
      "spearman": 0.44652648579307996
    }
  }
}