{
  "dataset_revision": "b0fddb56ed78048fa8b90373c8a3cfc37b684831",
  "mteb_dataset_name": "STSBenchmark",
  "mteb_version": "1.1.2.dev0",
  "test": {
    "cos_sim": {
      "pearson": 0.2546803383381273,
      "spearman": 0.3420345043610707
    },
    "euclidean": {
      "pearson": 0.1044100655266244,
      "spearman": 0.11183143229465681
    },
    "evaluation_time": 0.06,
    "manhattan": {
      "pearson": 0.43134379523327393,
      "spearman": 0.45415870432929645
    }
  }
}