{
  "dataset_revision": "b0fddb56ed78048fa8b90373c8a3cfc37b684831",
  "mteb_dataset_name": "STSBenchmark",
  "mteb_version": "1.1.2.dev0",
  "test": {
    "cos_sim": {
      "pearson": 0.12606216823626287,
      "spearman": 0.35886941195113786
    },
    "euclidean": {
      "pearson": 0.19251516660593251,
      "spearman": 0.3562406807173417
    },
    "evaluation_time": 0.08,
    "manhattan": {
      "pearson": 0.19712324618820654,
      "spearman": 0.357253694654261
    }
  }
}