{
  "dataset_revision": "b0fddb56ed78048fa8b90373c8a3cfc37b684831",
  "mteb_dataset_name": "STSBenchmark",
  "mteb_version": "1.1.2.dev0",
  "test": {
    "cos_sim": {
      "pearson": 0.2365403733529578,
      "spearman": 0.29497768635629346
    },
    "euclidean": {
      "pearson": 0.2603248938303512,
      "spearman": 0.29867340722329233
    },
    "evaluation_time": 0.07,
    "manhattan": {
      "pearson": 0.264261307609821,
      "spearman": 0.30286146961064975
    }
  }
}