{
  "dataset_revision": "b0fddb56ed78048fa8b90373c8a3cfc37b684831",
  "mteb_dataset_name": "STSBenchmark",
  "mteb_version": "1.1.2.dev0",
  "test": {
    "cos_sim": {
      "pearson": 0.565377814761071,
      "spearman": 0.581416475894584
    },
    "euclidean": {
      "pearson": 0.5760603975752563,
      "spearman": 0.586112481527835
    },
    "evaluation_time": 0.07,
    "manhattan": {
      "pearson": 0.5870074220700059,
      "spearman": 0.5951995412988486
    }
  }
}