{
  "dataset_revision": null,
  "mteb_dataset_name": "InstructSTSBenchmark",
  "mteb_version": "1.1.2.dev0",
  "test": {
    "cos_sim": {
      "pearson": 0.10013576142300577,
      "spearman": 0.10871946506681249
    },
    "euclidean": {
      "pearson": 0.08977142238196455,
      "spearman": 0.09785066088598592
    },
    "evaluation_time": 0.07,
    "manhattan": {
      "pearson": 0.0900219584896016,
      "spearman": 0.09820952360678084
    }
  }
}