{
  "dataset_revision": "b0fddb56ed78048fa8b90373c8a3cfc37b684831",
  "mteb_dataset_name": "STSBenchmark",
  "mteb_version": "1.1.2.dev0",
  "test": {
    "cos_sim": {
      "pearson": 0.7894870701362681,
      "spearman": 0.7865410433965753
    },
    "euclidean": {
      "pearson": 0.7988526666140884,
      "spearman": 0.7881917945658127
    },
    "evaluation_time": 0.04,
    "manhattan": {
      "pearson": 0.7993115492243226,
      "spearman": 0.7888366770269857
    }
  }
}