{
  "dataset_revision": null,
  "mteb_dataset_name": "InstructSTSBenchmark",
  "mteb_version": "1.1.2.dev0",
  "test": {
    "cos_sim": {
      "pearson": -0.013104234870708213,
      "spearman": -0.02370907627152354
    },
    "euclidean": {
      "pearson": 0.007876205912823784,
      "spearman": -0.011976360192213913
    },
    "evaluation_time": 0.11,
    "manhattan": {
      "pearson": 0.009355698488215736,
      "spearman": -0.010851954026140963
    }
  }
}