{
  "dataset_revision": "b0fddb56ed78048fa8b90373c8a3cfc37b684831",
  "mteb_dataset_name": "STSBenchmark",
  "mteb_version": "1.1.2.dev0",
  "test": {
    "cos_sim": {
      "pearson": 0.07921455390495105,
      "spearman": 0.1428204746882161
    },
    "euclidean": {
      "pearson": 0.1036253939601782,
      "spearman": 0.14287459791923154
    },
    "evaluation_time": 0.03,
    "manhattan": {
      "pearson": 0.10620140226198908,
      "spearman": 0.14408008006017758
    }
  }
}