{
  "dataset_revision": "b0fddb56ed78048fa8b90373c8a3cfc37b684831",
  "mteb_dataset_name": "STSBenchmark",
  "mteb_version": "1.1.2.dev0",
  "test": {
    "cos_sim": {
      "pearson": 0.26714622063005566,
      "spearman": 0.3286581288345388
    },
    "euclidean": {
      "pearson": 0.3494672633634106,
      "spearman": 0.3632855814170083
    },
    "evaluation_time": 0.07,
    "manhattan": {
      "pearson": 0.3669126224623696,
      "spearman": 0.37636789637583756
    }
  }
}