{
  "dataset_revision": null,
  "mteb_dataset_name": "InstructSTSBenchmark",
  "mteb_version": "1.1.2.dev0",
  "test": {
    "cos_sim": {
      "pearson": 0.02549154385221621,
      "spearman": 0.029010498802566734
    },
    "euclidean": {
      "pearson": 0.014773928940462918,
      "spearman": 0.015382368172956472
    },
    "evaluation_time": 0.16,
    "manhattan": {
      "pearson": 0.018387536809596018,
      "spearman": 0.018898129853840623
    }
  }
}