{
  "dataset_revision": "b0fddb56ed78048fa8b90373c8a3cfc37b684831",
  "mteb_dataset_name": "STSBenchmark",
  "mteb_version": "1.1.2.dev0",
  "test": {
    "cos_sim": {
      "pearson": 0.16907103690605169,
      "spearman": 0.28036534286035897
    },
    "euclidean": {
      "pearson": 0.19219322712122938,
      "spearman": 0.25740363040993597
    },
    "evaluation_time": 0.04,
    "manhattan": {
      "pearson": 0.33365550044800873,
      "spearman": 0.3413961527125518
    }
  }
}