{
  "dataset_revision": null,
  "mteb_dataset_name": "InstructSTSBenchmark",
  "mteb_version": "1.1.2.dev0",
  "test": {
    "cos_sim": {
      "pearson": 0.08527720227004193,
      "spearman": 0.10658541592765577
    },
    "euclidean": {
      "pearson": 0.07259999583239723,
      "spearman": 0.08771552148079463
    },
    "evaluation_time": 0.13,
    "manhattan": {
      "pearson": 0.07391146399624138,
      "spearman": 0.0884947271981907
    }
  }
}