{
    "test": {
        "NYTTopicClustering": 0.05970994362874483,
        "NYTLocationClustering": 0.04148089033434867,
        "harmonic_mean": 0.04895348815508358
    }
}