{
  "dataset_revision": "b0fddb56ed78048fa8b90373c8a3cfc37b684831",
  "mteb_dataset_name": "STSBenchmark",
  "mteb_version": "1.1.2.dev0",
  "test": {
    "cos_sim": {
      "pearson": 0.42308312352813066,
      "spearman": 0.4497914784908503
    },
    "euclidean": {
      "pearson": 0.43820605514416144,
      "spearman": 0.45160532564119127
    },
    "evaluation_time": 0.03,
    "manhattan": {
      "pearson": 0.4498519347269449,
      "spearman": 0.4617891204387051
    }
  }
}