{
  "dataset_revision": null,
  "mteb_dataset_name": "InstructSTSBenchmark",
  "mteb_version": "1.1.2.dev0",
  "test": {
    "cos_sim": {
      "pearson": -0.005438844679195681,
      "spearman": 0.020687889356456844
    },
    "euclidean": {
      "pearson": -0.015595788841356501,
      "spearman": 0.02863205344653609
    },
    "evaluation_time": 0.1,
    "manhattan": {
      "pearson": 0.02579455133243266,
      "spearman": 0.030438207694047727
    }
  }
}