{
    "test": {
        "NYTTopicClustering": 0.03139318791872108,
        "NYTLocationClustering": 0.09254846874552967,
        "harmonic_mean": 0.04688322424757038
    }
}