{
  "dataset_revision": "b0fddb56ed78048fa8b90373c8a3cfc37b684831",
  "mteb_dataset_name": "STSBenchmark",
  "mteb_version": "1.1.2.dev0",
  "test": {
    "cos_sim": {
      "pearson": 0.2750887330380058,
      "spearman": 0.2873729978111065
    },
    "euclidean": {
      "pearson": 0.29763129087385437,
      "spearman": 0.30133911921926587
    },
    "evaluation_time": 0.03,
    "manhattan": {
      "pearson": 0.30326790158262257,
      "spearman": 0.3059518688097111
    }
  }
}