{
  "dataset_revision": null,
  "mteb_dataset_name": "InstructSTSBenchmark",
  "mteb_version": "1.1.2.dev0",
  "test": {
    "cos_sim": {
      "pearson": 0.05506403139687406,
      "spearman": 0.060865031576909735
    },
    "euclidean": {
      "pearson": -0.124990318214347,
      "spearman": -0.10289659862051985
    },
    "evaluation_time": 0.11,
    "manhattan": {
      "pearson": -0.007628314333098112,
      "spearman": -0.003681986164501083
    }
  }
}