{
    "test": {
        "NYTTopicClustering": 0.27167749976980027,
        "NYTLocationClustering": 0.3282562341543691,
        "harmonic_mean": 0.2972989547426556
    }
}