{
  "dataset_revision": null,
  "mteb_dataset_name": "InstructSTSBenchmark",
  "mteb_version": "1.1.2.dev0",
  "test": {
    "cos_sim": {
      "pearson": -0.15145033493930715,
      "spearman": -0.14549287554168183
    },
    "euclidean": {
      "pearson": -0.20120835316148852,
      "spearman": -0.1939393423010993
    },
    "evaluation_time": 0.12,
    "manhattan": {
      "pearson": -0.20098181753314676,
      "spearman": -0.1941675024550206
    }
  }
}