{
  "dataset_revision": "b0fddb56ed78048fa8b90373c8a3cfc37b684831",
  "mteb_dataset_name": "STSBenchmark",
  "mteb_version": "1.1.2.dev0",
  "test": {
    "cos_sim": {
      "pearson": 0.0645717155911379,
      "spearman": 0.10088618148344787
    },
    "euclidean": {
      "pearson": 0.08456567251100366,
      "spearman": 0.1009227876760655
    },
    "evaluation_time": 0.03,
    "manhattan": {
      "pearson": 0.11282341249935655,
      "spearman": 0.12453194352676611
    }
  }
}