{
  "dataset_revision": "b0fddb56ed78048fa8b90373c8a3cfc37b684831",
  "mteb_dataset_name": "STSBenchmark",
  "mteb_version": "1.1.2.dev0",
  "test": {
    "cos_sim": {
      "pearson": 0.08190596986677316,
      "spearman": 0.22114468999215078
    },
    "euclidean": {
      "pearson": 0.18644743060503008,
      "spearman": 0.236328362968122
    },
    "evaluation_time": 0.08,
    "manhattan": {
      "pearson": 0.1968360800857162,
      "spearman": 0.241473642042929
    }
  }
}