{
  "dataset_revision": "b0fddb56ed78048fa8b90373c8a3cfc37b684831",
  "mteb_dataset_name": "STSBenchmark",
  "mteb_version": "1.1.2.dev0",
  "test": {
    "cos_sim": {
      "pearson": 0.3380865486177419,
      "spearman": 0.3934134078818441
    },
    "euclidean": {
      "pearson": 0.39381279671625596,
      "spearman": 0.40651023607028797
    },
    "evaluation_time": 260.95,
    "manhattan": {
      "pearson": 0.39724197417856116,
      "spearman": 0.410039353912167
    }
  }
}