{
  "dataset_revision": "b0fddb56ed78048fa8b90373c8a3cfc37b684831",
  "mteb_dataset_name": "STSBenchmark",
  "mteb_version": "1.1.2.dev0",
  "test": {
    "cos_sim": {
      "pearson": -0.016526565753692997,
      "spearman": -0.014600131538497518
    },
    "euclidean": {
      "pearson": -0.01729494772374782,
      "spearman": -0.014599957477527539
    },
    "evaluation_time": 29.54,
    "manhattan": {
      "pearson": 0.011659217815556637,
      "spearman": 0.03054192824922444
    }
  }
}