{
  "dataset_revision": "b0fddb56ed78048fa8b90373c8a3cfc37b684831",
  "mteb_dataset_name": "STSBenchmark",
  "mteb_version": "1.1.2.dev0",
  "test": {
    "cos_sim": {
      "pearson": 0.288033284677703,
      "spearman": 0.34850402747104775
    },
    "euclidean": {
      "pearson": 0.23451061954911667,
      "spearman": 0.3389124009467814
    },
    "evaluation_time": 0.05,
    "manhattan": {
      "pearson": 0.3145037573523753,
      "spearman": 0.3398982561611559
    }
  }
}