{
  "dataset_revision": null,
  "mteb_dataset_name": "InstructSTSBenchmark",
  "mteb_version": "1.1.2.dev0",
  "test": {
    "cos_sim": {
      "pearson": 0.031045168566420412,
      "spearman": 0.03690730051498862
    },
    "euclidean": {
      "pearson": -0.08965724716515287,
      "spearman": -0.07336738837212477
    },
    "evaluation_time": 0.13,
    "manhattan": {
      "pearson": -0.01416229219681027,
      "spearman": -0.013246497407076414
    }
  }
}