{
  "dataset_revision": "a0d554a64d88156834ff5ae9920b964011b16384",
  "mteb_dataset_name": "STS12",
  "mteb_version": "1.1.2.dev0",
  "test": {
    "cos_sim": {
      "pearson": 0.7355728093266325,
      "spearman": 0.6927888335143959
    },
    "euclidean": {
      "pearson": 0.4415141943127522,
      "spearman": 0.574243374097491
    },
    "evaluation_time": 0.34,
    "manhattan": {
      "pearson": 0.7035036031409024,
      "spearman": 0.58815430229615
    }
  }
}