{
  "dataset_revision": "b0fddb56ed78048fa8b90373c8a3cfc37b684831",
  "mteb_dataset_name": "STSBenchmark",
  "mteb_version": "1.1.2.dev0",
  "test": {
    "cos_sim": {
      "pearson": 0.7583017934362637,
      "spearman": 0.7551152505911374
    },
    "euclidean": {
      "pearson": 0.5090893166242488,
      "spearman": 0.5823071243907932
    },
    "evaluation_time": 0.06,
    "manhattan": {
      "pearson": 0.7635276887098782,
      "spearman": 0.7440793903461271
    }
  }
}