{
  "dataset_revision": "b0fddb56ed78048fa8b90373c8a3cfc37b684831",
  "mteb_dataset_name": "STSBenchmark",
  "mteb_version": "1.1.2.dev0",
  "test": {
    "cos_sim": {
      "pearson": 0.47335895074475665,
      "spearman": 0.5011603349117472
    },
    "euclidean": {
      "pearson": 0.5451177572529177,
      "spearman": 0.5459007722499285
    },
    "evaluation_time": 0.05,
    "manhattan": {
      "pearson": 0.5511822245565263,
      "spearman": 0.5511053281805778
    }
  }
}