{
  "dataset_revision": null,
  "mteb_dataset_name": "InstructSTSBenchmark",
  "mteb_version": "1.1.2.dev0",
  "test": {
    "cos_sim": {
      "pearson": 0.16251791466255983,
      "spearman": 0.22064546927041936
    },
    "euclidean": {
      "pearson": 0.18767493837545263,
      "spearman": 0.22734727558582662
    },
    "evaluation_time": 0.08,
    "manhattan": {
      "pearson": 0.24381658065141326,
      "spearman": 0.2496700852474232
    }
  }
}