{
  "dataset_revision": "b0fddb56ed78048fa8b90373c8a3cfc37b684831",
  "mteb_dataset_name": "STSBenchmark",
  "mteb_version": "1.1.2.dev0",
  "test": {
    "cos_sim": {
      "pearson": 0.3096663433960456,
      "spearman": 0.2776252204039597
    },
    "euclidean": {
      "pearson": 0.3113688269837653,
      "spearman": 0.30173503880779984
    },
    "evaluation_time": 0.06,
    "manhattan": {
      "pearson": 0.34295720443510314,
      "spearman": 0.3046174125159781
    }
  }
}