{
    "dataset_revision": null,
    "mteb_dataset_name": "IntentEmotion",
    "mteb_version": "1.1.2.dev0",
    "test": {
        "Emotion_success_rate": 0.9836038961038961,
        "Intent_success_rate": 0.017045454545454544,
        "evaluation_time": 0.83,
        "harmonic_mean": 0.033510210469396735
    }
}