{
    "test": {
        "NYTTopicClustering": 0.012381678315198224,
        "NYTLocationClustering": 0.14582404754555012,
        "harmonic_mean": 0.022825315472116452
    }
}