{
  "dataset_revision": null,
  "mteb_dataset_name": "InstructSTSBenchmark",
  "mteb_version": "1.1.2.dev0",
  "test": {
    "cos_sim": {
      "pearson": -0.012372688659292249,
      "spearman": -0.03617727969389512
    },
    "euclidean": {
      "pearson": -0.046807987960006334,
      "spearman": -0.06985208211127639
    },
    "evaluation_time": 0.08,
    "manhattan": {
      "pearson": -0.037546937729905146,
      "spearman": -0.1250149293758017
    }
  }
}