{
  "dataset_revision": null,
  "mteb_dataset_name": "InstructSTSBenchmark",
  "mteb_version": "1.1.2.dev0",
  "test": {
    "cos_sim": {
      "pearson": 0.08450331344965327,
      "spearman": 0.1278175197653716
    },
    "euclidean": {
      "pearson": 0.10799430553516368,
      "spearman": 0.12522806102455897
    },
    "evaluation_time": 0.15,
    "manhattan": {
      "pearson": 0.11053958130485694,
      "spearman": 0.12803793792990908
    }
  }
}