{
    "test": {
        "NYTTopicClustering": 0.3823713869762222,
        "NYTLocationClustering": 0.1668611900411544,
        "harmonic_mean": 0.2323348996667307
    }
}