{
  "dataset_revision": null,
  "mteb_dataset_name": "InstructSTSBenchmark",
  "mteb_version": "1.1.2.dev0",
  "test": {
    "cos_sim": {
      "pearson": 0.06874163119021376,
      "spearman": 0.1185053053346898
    },
    "euclidean": {
      "pearson": 0.07754078102063583,
      "spearman": 0.08362366671459491
    },
    "evaluation_time": 0.15,
    "manhattan": {
      "pearson": 0.07719859690661321,
      "spearman": 0.08333675870181767
    }
  }
}