{
  "dataset_revision": "a0d554a64d88156834ff5ae9920b964011b16384",
  "mteb_dataset_name": "STS12",
  "mteb_version": "1.1.2.dev0",
  "test": {
    "cos_sim": {
      "pearson": 0.7302712970395284,
      "spearman": 0.6704209738334607
    },
    "euclidean": {
      "pearson": 0.2611537213009975,
      "spearman": 0.4449920986212696
    },
    "evaluation_time": 0.34,
    "manhattan": {
      "pearson": 0.6844490058590624,
      "spearman": 0.5650499811358847
    }
  }
}