{
  "dataset_revision": "b0fddb56ed78048fa8b90373c8a3cfc37b684831",
  "mteb_dataset_name": "STSBenchmark",
  "mteb_version": "1.1.2.dev0",
  "test": {
    "cos_sim": {
      "pearson": 0.7249564814424774,
      "spearman": 0.7135542626408997
    },
    "euclidean": {
      "pearson": 0.2580797769626837,
      "spearman": 0.3512773328852834
    },
    "evaluation_time": 0.06,
    "manhattan": {
      "pearson": 0.7243797441144595,
      "spearman": 0.7017426964782303
    }
  }
}