{
  "dataset_revision": "b0fddb56ed78048fa8b90373c8a3cfc37b684831",
  "mteb_dataset_name": "STSBenchmark",
  "mteb_version": "1.1.2.dev0",
  "test": {
    "cos_sim": {
      "pearson": 0.2621420788211694,
      "spearman": 0.2892827011811272
    },
    "euclidean": {
      "pearson": 0.28829918873946736,
      "spearman": 0.2844915873217691
    },
    "evaluation_time": 0.06,
    "manhattan": {
      "pearson": 0.288059919488607,
      "spearman": 0.2839236044223937
    }
  }
}