{
  "dataset_revision": null,
  "mteb_dataset_name": "InstructSTSBenchmark",
  "mteb_version": "1.1.2.dev0",
  "test": {
    "cos_sim": {
      "pearson": 0.18212098892979894,
      "spearman": 0.19464340581840994
    },
    "euclidean": {
      "pearson": 0.19841548375690182,
      "spearman": 0.19422260700987135
    },
    "evaluation_time": 0.07,
    "manhattan": {
      "pearson": 0.19892659650457728,
      "spearman": 0.1944630632214117
    }
  }
}