{
  "dataset_revision": "b0fddb56ed78048fa8b90373c8a3cfc37b684831",
  "mteb_dataset_name": "STSBenchmark",
  "mteb_version": "1.1.2.dev0",
  "test": {
    "cos_sim": {
      "pearson": 0.3246849534438209,
      "spearman": 0.34544263973093536
    },
    "euclidean": {
      "pearson": 0.34327944621442413,
      "spearman": 0.34306263446854346
    },
    "evaluation_time": 0.05,
    "manhattan": {
      "pearson": 0.3430427619145241,
      "spearman": 0.3434489269801517
    }
  }
}