{
  "dataset_revision": "b0fddb56ed78048fa8b90373c8a3cfc37b684831",
  "mteb_dataset_name": "STSBenchmark",
  "mteb_version": "1.1.2.dev0",
  "test": {
    "cos_sim": {
      "pearson": 0.2497043217418263,
      "spearman": 0.2929395443711783
    },
    "euclidean": {
      "pearson": 0.3257051866429208,
      "spearman": 0.33850702219392453
    },
    "evaluation_time": 0.03,
    "manhattan": {
      "pearson": 0.3312287506211373,
      "spearman": 0.3427635930182553
    }
  }
}