{
    "dataset_revision": null,
    "mteb_dataset_name": "IntentEmotion",
    "mteb_version": "1.1.2.dev0",
    "test": {
        "Emotion_success_rate": 0.9686688311688312,
        "Intent_success_rate": 0.031006493506493506,
        "evaluation_time": 0.83,
        "harmonic_mean": 0.060089576041484086
    }
}