{
  "dataset_revision": "b0fddb56ed78048fa8b90373c8a3cfc37b684831",
  "mteb_dataset_name": "STSBenchmark",
  "mteb_version": "1.1.2.dev0",
  "test": {
    "cos_sim": {
      "pearson": 0.18231794051783962,
      "spearman": 0.2633886556366107
    },
    "euclidean": {
      "pearson": 0.23045868398101807,
      "spearman": 0.2748359582074299
    },
    "evaluation_time": 0.07,
    "manhattan": {
      "pearson": 0.39135633304766815,
      "spearman": 0.3916169509873316
    }
  }
}