{
    "dataset_revision": null,
    "mteb_dataset_name": "IntentEmotion",
    "mteb_version": "1.1.2.dev0",
    "test": {
        "Emotion_success_rate": 0.9706168831168831,
        "Intent_success_rate": 0.029707792207792207,
        "evaluation_time": 0.18,
        "harmonic_mean": 0.05765107032751843
    }
}