{
  "dataset_revision": "b0fddb56ed78048fa8b90373c8a3cfc37b684831",
  "mteb_dataset_name": "STSBenchmark",
  "mteb_version": "1.1.2.dev0",
  "test": {
    "cos_sim": {
      "pearson": 0.3624756325954225,
      "spearman": 0.3819390743383926
    },
    "euclidean": {
      "pearson": 0.38890175500591917,
      "spearman": 0.3927868988539885
    },
    "evaluation_time": 0.03,
    "manhattan": {
      "pearson": 0.39704121832127953,
      "spearman": 0.39983331441258374
    }
  }
}