{
  "dataset_revision": null,
  "mteb_dataset_name": "FeedbacksClustering",
  "mteb_version": "1.1.2.dev0",
  "test": {
    "correct_instructions": [
      0.2648407817663256,
      0.25368461359566696,
      0.32113944542639955,
      0.35016406843606684,
      0.36483742023667914,
      0.2878603571084586,
      0.2936145208605949,
      0.37105209030418596,
      0.27100910282915386,
      0.2461465633473556
    ],
    "dci": -0.03688333542900049,
    "dii": -0.07907317525028595,
    "implicit_instructions": [
      0.2645435908177087,
      0.27026690813806575,
      0.28215802353911873,
      0.26525553282039854,
      0.22005997626787382,
      0.23325745966816114,
      0.2996673408777443,
      0.30465894280212424,
      0.20395672352607014,
      0.3211519943747617
    ],
    "incorrect_instructions": [
      0.061850401866706116,
      0.2830298987763561,
      0.18013229805046554,
      0.18969633622590773,
      0.22587027929139888,
      0.1678091504612135,
      0.251557527760168,
      0.23212871934240442,
      0.2376535209565099,
      0.27611357428816863
    ]
  }
}