{
  "dataset_revision": null,
  "mteb_dataset_name": "FewRelClustering",
  "mteb_version": "1.1.2.dev0",
  "test": {
    "correct_instructions": [
      0.5618172131067153,
      0.5445809447038642,
      0.5566068552902159,
      0.5370198333009147,
      0.54210206991623,
      0.5584698572207121,
      0.553799371477384,
      0.554411002554686,
      0.5490470850716282,
      0.5559709410362713
    ],
    "dci": -0.0015605257803038564,
    "dii": -0.01444866396439315,
    "implicit_instructions": [
      0.5468011968435984,
      0.5476817714781405,
      0.5317650350183747,
      0.5241316951168254,
      0.5474397931234195,
      0.5442915923248559,
      0.5525100583807124,
      0.5446027351300101,
      0.5482023636450778,
      0.5448156930422686
    ],
    "incorrect_instructions": [
      0.5326668107855932,
      0.5311892491385848,
      0.4970974192865204,
      0.5180477905654542,
      0.5385803590812186,
      0.49292223980385236,
      0.5202982996710716,
      0.5129982285629641,
      0.529353998344249,
      0.5285492512332616
    ]
  }
}