{
  "dataset_revision": null,
  "mteb_dataset_name": "NYTTopicClustering",
  "mteb_version": "1.1.2.dev0",
  "test": {
    "correct_instructions": [
      0.46316915808401576,
      0.5133050669613606,
      0.517927153451257,
      0.44900162984927994,
      0.5269584123454445,
      0.4588916916238293,
      0.5030450300206315,
      0.5101577387519193,
      0.4739485855912129,
      0.3956515211468953
    ],
    "dci": -0.1393437523170713,
    "dii": -0.08264505091023172,
    "implicit_instructions": [
      0.45235022255373486,
      0.45879663341385307,
      0.4768396193995513,
      0.48222962454309987,
      0.45961843658759405,
      0.5285999982547738,
      0.4865185175128371,
      0.47109389175810956,
      0.46890390718296365,
      0.5456335700955479
    ],
    "incorrect_instructions": [
      0.44475825563451193,
      0.4631652497587209,
      0.4691964175824564,
      0.42926287616467257,
      0.5001450897986675,
      0.4829288131537622,
      0.5349952734639666,
      0.49925993775623606,
      0.4778102519877122,
      0.445115267002486
    ]
  }
}