{
  "dataset_revision": null,
  "mteb_dataset_name": "RateMyProfClustering",
  "mteb_version": "1.1.2.dev0",
  "test": {
    "correct_instructions": [
      0.0774427851842224,
      0.08098110879530802,
      0.06653012606508492,
      0.07509914326318501,
      0.0677587131959134,
      0.053987241989212835,
      0.05730999063310338,
      0.03458909800476155,
      0.07642391487727523,
      0.059608004139152446
    ],
    "dci": -0.028967691077732297,
    "dii": -0.012161562824543691,
    "implicit_instructions": [
      0.07782361395317194,
      0.09115937901370247,
      0.07239311686584762,
      0.051395226257950156,
      0.06552773002595258,
      0.07143259161029127,
      0.06502136664002924,
      0.06176194427032812,
      0.06537093567447726,
      0.058553318224037594
    ],
    "incorrect_instructions": [
      0.05352990502264151,
      0.03474312694196256,
      0.059256160765988275,
      0.059792241741162246,
      0.048199383527302235,
      0.04659073143996854,
      0.06355678908249385,
      0.02587934434370908,
      0.049145504516661026,
      0.049810851315342616
    ]
  }
}