{
  "dataset_revision": "b0fddb56ed78048fa8b90373c8a3cfc37b684831",
  "mteb_dataset_name": "STSBenchmark",
  "mteb_version": "1.1.2.dev0",
  "test": {
    "cos_sim": {
      "pearson": 0.06277219165544712,
      "spearman": 0.11681196924755406
    },
    "euclidean": {
      "pearson": 0.08169926050208036,
      "spearman": 0.1168682656030186
    },
    "evaluation_time": 0.03,
    "manhattan": {
      "pearson": 0.08354672968279889,
      "spearman": 0.11680729362950511
    }
  }
}