{
  "dataset_revision": "b0fddb56ed78048fa8b90373c8a3cfc37b684831",
  "mteb_dataset_name": "STSBenchmark",
  "mteb_version": "1.1.2.dev0",
  "test": {
    "cos_sim": {
      "pearson": 0.7686550631558463,
      "spearman": 0.7753677122049356
    },
    "euclidean": {
      "pearson": 0.7950597930795085,
      "spearman": 0.7802537281152646
    },
    "evaluation_time": 0.05,
    "manhattan": {
      "pearson": 0.799349461302137,
      "spearman": 0.7855058049382212
    }
  }
}