{
  "dataset_revision": "a0d554a64d88156834ff5ae9920b964011b16384",
  "mteb_dataset_name": "STS12",
  "mteb_version": "1.1.2.dev0",
  "test": {
    "cos_sim": {
      "pearson": 0.1299347272997045,
      "spearman": 0.11455174375295417
    },
    "euclidean": {
      "pearson": 0.10235866207953472,
      "spearman": 0.0804485486964927
    },
    "evaluation_time": 0.43,
    "manhattan": {
      "pearson": 0.11079629510912992,
      "spearman": 0.0853511119239095
    }
  }
}