{
  "dataset_revision": null,
  "mteb_dataset_name": "InstructSTSBenchmark",
  "mteb_version": "1.1.2.dev0",
  "test": {
    "cos_sim": {
      "pearson": 0.09868662993458459,
      "spearman": 0.11698150501689025
    },
    "euclidean": {
      "pearson": 0.09906023174347572,
      "spearman": 0.10009856238162565
    },
    "evaluation_time": 0.15,
    "manhattan": {
      "pearson": 0.10010210125199887,
      "spearman": 0.10023154196850018
    }
  }
}