{
  "dataset_revision": "b0fddb56ed78048fa8b90373c8a3cfc37b684831",
  "mteb_dataset_name": "STSBenchmark",
  "mteb_version": "1.1.2.dev0",
  "test": {
    "cos_sim": {
      "pearson": 0.06060301970450212,
      "spearman": 0.15034509861543452
    },
    "euclidean": {
      "pearson": 0.07247685059745135,
      "spearman": 0.09413974782398585
    },
    "evaluation_time": 0.04,
    "manhattan": {
      "pearson": 0.10159151412829734,
      "spearman": 0.15941154774193103
    }
  }
}