{
  "dataset_revision": "b0fddb56ed78048fa8b90373c8a3cfc37b684831",
  "mteb_dataset_name": "STSBenchmark",
  "mteb_version": "1.1.2.dev0",
  "test": {
    "cos_sim": {
      "pearson": 0.27849225197612126,
      "spearman": 0.2438412221507359
    },
    "euclidean": {
      "pearson": 0.27922528514016054,
      "spearman": 0.24461337394977348
    },
    "evaluation_time": 0.03,
    "manhattan": {
      "pearson": 0.2801249030461302,
      "spearman": 0.24803018910132793
    }
  }
}