{
  "dataset_revision": "b0fddb56ed78048fa8b90373c8a3cfc37b684831",
  "mteb_dataset_name": "STSBenchmark",
  "mteb_version": "1.1.2.dev0",
  "test": {
    "cos_sim": {
      "pearson": 0.28801188576085124,
      "spearman": 0.27652176214836305
    },
    "euclidean": {
      "pearson": 0.31390762679827444,
      "spearman": 0.27683906060090185
    },
    "evaluation_time": 0.03,
    "manhattan": {
      "pearson": 0.31712201963570513,
      "spearman": 0.2811784728592839
    }
  }
}