{
  "dataset_revision": "b0fddb56ed78048fa8b90373c8a3cfc37b684831",
  "mteb_dataset_name": "STSBenchmark",
  "mteb_version": "1.1.2.dev0",
  "test": {
    "cos_sim": {
      "pearson": 0.04214128753860607,
      "spearman": 0.07168360537831453
    },
    "euclidean": {
      "pearson": 0.039357094533550414,
      "spearman": 0.05076541473106145
    },
    "evaluation_time": 0.04,
    "manhattan": {
      "pearson": 0.04230961503228305,
      "spearman": 0.054505475032499945
    }
  }
}