{
  "dataset_revision": "b0fddb56ed78048fa8b90373c8a3cfc37b684831",
  "mteb_dataset_name": "STSBenchmark",
  "mteb_version": "1.1.2.dev0",
  "test": {
    "cos_sim": {
      "pearson": 0.2832977072355007,
      "spearman": 0.33547584137507636
    },
    "euclidean": {
      "pearson": 0.28103231304062826,
      "spearman": 0.32372595428431056
    },
    "evaluation_time": 0.07,
    "manhattan": {
      "pearson": 0.5153228808064173,
      "spearman": 0.5108294030569573
    }
  }
}