{
  "dataset_revision": "b0fddb56ed78048fa8b90373c8a3cfc37b684831",
  "mteb_dataset_name": "STSBenchmark",
  "mteb_version": "1.1.2.dev0",
  "test": {
    "cos_sim": {
      "pearson": 0.37791539749671876,
      "spearman": 0.3610151928258425
    },
    "euclidean": {
      "pearson": 0.37973790240671523,
      "spearman": 0.3388084141190927
    },
    "evaluation_time": 0.02,
    "manhattan": {
      "pearson": 0.3781476195599553,
      "spearman": 0.3345876329144318
    }
  }
}