{
  "dataset_revision": "b0fddb56ed78048fa8b90373c8a3cfc37b684831",
  "mteb_dataset_name": "STSBenchmark",
  "mteb_version": "1.1.2.dev0",
  "test": {
    "cos_sim": {
      "pearson": 0.16253339829249616,
      "spearman": 0.23623087145168437
    },
    "euclidean": {
      "pearson": 0.09413013698269611,
      "spearman": 0.10177596327252465
    },
    "evaluation_time": 0.06,
    "manhattan": {
      "pearson": 0.29349966155907403,
      "spearman": 0.3215613793627122
    }
  }
}