{
  "dataset_revision": null,
  "mteb_dataset_name": "InstructSTSBenchmark",
  "mteb_version": "1.1.2.dev0",
  "test": {
    "cos_sim": {
      "pearson": 0.20922503200405715,
      "spearman": 0.19066130434679765
    },
    "euclidean": {
      "pearson": 0.19441146713078547,
      "spearman": 0.16044214863478354
    },
    "evaluation_time": 0.12,
    "manhattan": {
      "pearson": 0.1926860209985752,
      "spearman": 0.15629336768752258
    }
  }
}