{
  "dataset_revision": "a0d554a64d88156834ff5ae9920b964011b16384",
  "mteb_dataset_name": "STS12",
  "mteb_version": "1.1.2.dev0",
  "test": {
    "cos_sim": {
      "pearson": 0.1597740450382539,
      "spearman": 0.19566338141784173
    },
    "euclidean": {
      "pearson": 0.1848957905616279,
      "spearman": 0.197364781359424
    },
    "evaluation_time": 0.42,
    "manhattan": {
      "pearson": 0.1887873776984112,
      "spearman": 0.2009304578183623
    }
  }
}