{
  "dataset_revision": null,
  "mteb_dataset_name": "InstructSTSBenchmark",
  "mteb_version": "1.1.2.dev0",
  "test": {
    "cos_sim": {
      "pearson": 0.16400023807485642,
      "spearman": 0.16659108829997757
    },
    "euclidean": {
      "pearson": 0.143270249188958,
      "spearman": 0.13103999770120178
    },
    "evaluation_time": 0.08,
    "manhattan": {
      "pearson": 0.14272562817291973,
      "spearman": 0.12946336982163062
    }
  }
}