{
  "dataset_revision": "b0fddb56ed78048fa8b90373c8a3cfc37b684831",
  "mteb_dataset_name": "STSBenchmark",
  "mteb_version": "1.1.2.dev0",
  "test": {
    "cos_sim": {
      "pearson": 0.41502366788768874,
      "spearman": 0.41365677432488185
    },
    "euclidean": {
      "pearson": 0.4684197968149117,
      "spearman": 0.4855481532208045
    },
    "evaluation_time": 0.04,
    "manhattan": {
      "pearson": 0.4771251814205454,
      "spearman": 0.5055504813629017
    }
  }
}