{
  "dataset_revision": "b0fddb56ed78048fa8b90373c8a3cfc37b684831",
  "mteb_dataset_name": "STSBenchmark",
  "mteb_version": "1.1.2.dev0",
  "test": {
    "cos_sim": {
      "pearson": 0.46475890799633185,
      "spearman": 0.4557700708454199
    },
    "euclidean": {
      "pearson": 0.4769497274579928,
      "spearman": 0.47247526684682634
    },
    "evaluation_time": 0.04,
    "manhattan": {
      "pearson": 0.47781409489600557,
      "spearman": 0.4735670539071323
    }
  }
}