{
  "dataset_revision": null,
  "mteb_dataset_name": "InstructSTSBenchmark",
  "mteb_version": "1.1.2.dev0",
  "test": {
    "cos_sim": {
      "pearson": 0.28742969973002075,
      "spearman": 0.29791435068142785
    },
    "euclidean": {
      "pearson": 0.3003161663594952,
      "spearman": 0.29286522502349055
    },
    "evaluation_time": 0.16,
    "manhattan": {
      "pearson": 0.30044528791141156,
      "spearman": 0.2927044654962835
    }
  }
}