{
  "dataset_revision": null,
  "mteb_dataset_name": "InstructSTSBenchmark",
  "mteb_version": "1.1.2.dev0",
  "test": {
    "cos_sim": {
      "pearson": 0.017778752741062363,
      "spearman": 0.021327285042478307
    },
    "euclidean": {
      "pearson": -0.10968181103282927,
      "spearman": -0.09127955656030626
    },
    "evaluation_time": 0.11,
    "manhattan": {
      "pearson": -0.03345598961830804,
      "spearman": -0.0366349653700835
    }
  }
}