{
  "dataset_revision": null,
  "mteb_dataset_name": "InstructSTSBenchmark",
  "mteb_version": "1.1.2.dev0",
  "test": {
    "cos_sim": {
      "pearson": -0.03878578115985553,
      "spearman": -0.032966740221275416
    },
    "euclidean": {
      "pearson": -0.12485595479055614,
      "spearman": -0.10477835087168666
    },
    "evaluation_time": 0.1,
    "manhattan": {
      "pearson": -0.1344813690695625,
      "spearman": -0.12172505081141213
    }
  }
}