{
  "dataset_revision": "a0d554a64d88156834ff5ae9920b964011b16384",
  "mteb_dataset_name": "STS12",
  "mteb_version": "1.1.2.dev0",
  "test": {
    "cos_sim": {
      "pearson": 0.3662867801325981,
      "spearman": 0.3660439175880243
    },
    "euclidean": {
      "pearson": 0.012058446074079885,
      "spearman": 0.3213233772471418
    },
    "evaluation_time": 0.46,
    "manhattan": {
      "pearson": 0.30411315435172104,
      "spearman": 0.3273380523568368
    }
  }
}