{
  "dataset_revision": "b0fddb56ed78048fa8b90373c8a3cfc37b684831",
  "mteb_dataset_name": "STSBenchmark",
  "mteb_version": "1.1.2.dev0",
  "test": {
    "cos_sim": {
      "pearson": 0.4278616609561083,
      "spearman": 0.4591268808002557
    },
    "euclidean": {
      "pearson": 0.3848468588565496,
      "spearman": 0.4328907439686919
    },
    "evaluation_time": 0.06,
    "manhattan": {
      "pearson": 0.3938019885893434,
      "spearman": 0.44073675824401565
    }
  }
}