{
  "dataset_revision": "b0fddb56ed78048fa8b90373c8a3cfc37b684831",
  "mteb_dataset_name": "STSBenchmark",
  "mteb_version": "1.1.2.dev0",
  "test": {
    "cos_sim": {
      "pearson": 0.2478835694651186,
      "spearman": 0.1878210360364756
    },
    "euclidean": {
      "pearson": 0.22006650653612528,
      "spearman": 0.15714925458942747
    },
    "evaluation_time": 0.05,
    "manhattan": {
      "pearson": 0.21825887484131928,
      "spearman": 0.16066220378496207
    }
  }
}