{
  "dataset_revision": "b0fddb56ed78048fa8b90373c8a3cfc37b684831",
  "mteb_dataset_name": "STSBenchmark",
  "mteb_version": "1.1.2.dev0",
  "test": {
    "cos_sim": {
      "pearson": 0.128776429648751,
      "spearman": 0.22015512198003767
    },
    "euclidean": {
      "pearson": 0.09936993164148249,
      "spearman": 0.13613882927147342
    },
    "evaluation_time": 0.07,
    "manhattan": {
      "pearson": 0.3529841932234424,
      "spearman": 0.3567820985976387
    }
  }
}