{
  "dataset_revision": "b0fddb56ed78048fa8b90373c8a3cfc37b684831",
  "mteb_dataset_name": "STSBenchmark",
  "mteb_version": "1.1.2.dev0",
  "test": {
    "cos_sim": {
      "pearson": 0.3884606113537559,
      "spearman": 0.4109940466691695
    },
    "euclidean": {
      "pearson": 0.42833495171717656,
      "spearman": 0.4290902200776754
    },
    "evaluation_time": 0.04,
    "manhattan": {
      "pearson": 0.44213010887267223,
      "spearman": 0.43979370491114594
    }
  }
}