{
  "dataset_revision": null,
  "mteb_dataset_name": "InstructSTSBenchmark",
  "mteb_version": "1.1.2.dev0",
  "test": {
    "cos_sim": {
      "pearson": -0.08712652299359629,
      "spearman": -0.07828353531854355
    },
    "euclidean": {
      "pearson": -0.08294855718885377,
      "spearman": -0.08030054329433002
    },
    "evaluation_time": 0.07,
    "manhattan": {
      "pearson": -0.08392808457208374,
      "spearman": -0.08173918203283573
    }
  }
}