{
  "dataset_revision": "b0fddb56ed78048fa8b90373c8a3cfc37b684831",
  "mteb_dataset_name": "STSBenchmark",
  "mteb_version": "1.1.2.dev0",
  "test": {
    "cos_sim": {
      "pearson": 0.3605343439923255,
      "spearman": 0.3829720660177145
    },
    "euclidean": {
      "pearson": 0.3748370560154841,
      "spearman": 0.3851022272190174
    },
    "evaluation_time": 0.05,
    "manhattan": {
      "pearson": 0.39222302835608774,
      "spearman": 0.40080879726733587
    }
  }
}