{
  "dataset_revision": "b0fddb56ed78048fa8b90373c8a3cfc37b684831",
  "mteb_dataset_name": "STSBenchmark",
  "mteb_version": "1.1.2.dev0",
  "test": {
    "cos_sim": {
      "pearson": 0.7109825837697659,
      "spearman": 0.7231389193957284
    },
    "euclidean": {
      "pearson": 0.7363860074610866,
      "spearman": 0.7230728062294369
    },
    "evaluation_time": 0.03,
    "manhattan": {
      "pearson": 0.7366813452559985,
      "spearman": 0.722965845852262
    }
  }
}