{
  "dataset_revision": "b0fddb56ed78048fa8b90373c8a3cfc37b684831",
  "mteb_dataset_name": "STSBenchmark",
  "mteb_version": "1.1.2.dev0",
  "test": {
    "cos_sim": {
      "pearson": 0.013260177677238619,
      "spearman": 0.0279454776520649
    },
    "euclidean": {
      "pearson": 0.01705622007753203,
      "spearman": 0.02874189887267278
    },
    "evaluation_time": 31.25,
    "manhattan": {
      "pearson": 0.01571505325026233,
      "spearman": 0.0356443004576305
    }
  }
}