{
  "dataset_revision": null,
  "mteb_dataset_name": "InstructSTSBenchmark",
  "mteb_version": "1.1.2.dev0",
  "test": {
    "cos_sim": {
      "pearson": 0.05392793628094077,
      "spearman": 0.06108544853477338
    },
    "euclidean": {
      "pearson": -0.00563935519709719,
      "spearman": -0.0016098727385913825
    },
    "evaluation_time": 0.12,
    "manhattan": {
      "pearson": 0.018072836290644916,
      "spearman": 0.018100252335067697
    }
  }
}