{
  "dataset_revision": "a0d554a64d88156834ff5ae9920b964011b16384",
  "mteb_dataset_name": "STS12",
  "mteb_version": "1.1.2.dev0",
  "test": {
    "cos_sim": {
      "pearson": 0.12094043893634475,
      "spearman": 0.24624415120843915
    },
    "euclidean": {
      "pearson": 0.14571521863479353,
      "spearman": 0.2398104595663272
    },
    "evaluation_time": 0.4,
    "manhattan": {
      "pearson": 0.14319070584938265,
      "spearman": 0.2358867697657714
    }
  }
}