{
  "dataset_revision": null,
  "mteb_dataset_name": "InstructSTSBenchmark",
  "mteb_version": "1.1.2.dev0",
  "test": {
    "cos_sim": {
      "pearson": 0.051003175048879086,
      "spearman": 0.057589269455788676
    },
    "euclidean": {
      "pearson": -0.00042435448626459,
      "spearman": 0.002802134925191733
    },
    "evaluation_time": 0.12,
    "manhattan": {
      "pearson": 0.0198206428872307,
      "spearman": 0.019866330544716232
    }
  }
}