{
  "dataset_revision": "a0d554a64d88156834ff5ae9920b964011b16384",
  "mteb_dataset_name": "STS12",
  "mteb_version": "1.1.2.dev0",
  "test": {
    "cos_sim": {
      "pearson": 0.19382787702034507,
      "spearman": 0.33044050119176716
    },
    "euclidean": {
      "pearson": 0.25441277848509375,
      "spearman": 0.3743317832654046
    },
    "evaluation_time": 0.39,
    "manhattan": {
      "pearson": 0.29954952542180474,
      "spearman": 0.3855728170533627
    }
  }
}