{
  "dataset_revision": "b0fddb56ed78048fa8b90373c8a3cfc37b684831",
  "mteb_dataset_name": "STSBenchmark",
  "mteb_version": "1.1.2.dev0",
  "test": {
    "cos_sim": {
      "pearson": 0.3829977115686596,
      "spearman": 0.4042913188606015
    },
    "euclidean": {
      "pearson": 0.4274872130162534,
      "spearman": 0.4278844767951664
    },
    "evaluation_time": 0.04,
    "manhattan": {
      "pearson": 0.4437995454486956,
      "spearman": 0.440449021337598
    }
  }
}