{
  "dataset_revision": "b0fddb56ed78048fa8b90373c8a3cfc37b684831",
  "mteb_dataset_name": "STSBenchmark",
  "mteb_version": "1.1.2.dev0",
  "test": {
    "cos_sim": {
      "pearson": 0.32595329789473576,
      "spearman": 0.36982568946137123
    },
    "euclidean": {
      "pearson": 0.33342906611190015,
      "spearman": 0.3552427992467796
    },
    "evaluation_time": 0.04,
    "manhattan": {
      "pearson": 0.4132175206425443,
      "spearman": 0.4101608738365068
    }
  }
}