{
  "dataset_revision": "b0fddb56ed78048fa8b90373c8a3cfc37b684831",
  "mteb_dataset_name": "STSBenchmark",
  "mteb_version": "1.1.2.dev0",
  "test": {
    "cos_sim": {
      "pearson": 0.023879356381092523,
      "spearman": 0.0956354653666209
    },
    "euclidean": {
      "pearson": 0.07210328137969574,
      "spearman": 0.07327295635211421
    },
    "evaluation_time": 0.04,
    "manhattan": {
      "pearson": 0.07858554503394796,
      "spearman": 0.0873102408087127
    }
  }
}