{
  "dataset_revision": "b0fddb56ed78048fa8b90373c8a3cfc37b684831",
  "mteb_dataset_name": "STSBenchmark",
  "mteb_version": "1.1.2.dev0",
  "test": {
    "cos_sim": {
      "pearson": 0.40875495763928027,
      "spearman": 0.4371517657080802
    },
    "euclidean": {
      "pearson": 0.4637126167695753,
      "spearman": 0.4665207329638779
    },
    "evaluation_time": 0.04,
    "manhattan": {
      "pearson": 0.47915685692383125,
      "spearman": 0.479016313226541
    }
  }
}