{
  "dataset_revision": null,
  "mteb_dataset_name": "InstructSTSBenchmark",
  "mteb_version": "1.1.2.dev0",
  "test": {
    "cos_sim": {
      "pearson": 0.004394396736467313,
      "spearman": 0.007343025628940839
    },
    "euclidean": {
      "pearson": -0.06827698421076832,
      "spearman": -0.0669128689132937
    },
    "evaluation_time": 0.12,
    "manhattan": {
      "pearson": -0.0859796083465985,
      "spearman": -0.08142039535192654
    }
  }
}