{
    "dataset_revision": null,
    "mteb_dataset_name": "IntentEmotion",
    "mteb_version": "1.1.2.dev0",
    "test": {
        "Emotion_success_rate": 0.9728896103896104,
        "Intent_success_rate": 0.02727272727272727,
        "evaluation_time": 0.57,
        "harmonic_mean": 0.053058111633525556
    }
}