{
    "test": {
        "NYTTopicClustering": 0.06395226944617073,
        "NYTLocationClustering": 0.09371354366459726,
        "harmonic_mean": 0.0760240218645409
    }
}