{
  "dataset_revision": "a0d554a64d88156834ff5ae9920b964011b16384",
  "mteb_dataset_name": "STS12",
  "mteb_version": "1.1.2.dev0",
  "test": {
    "cos_sim": {
      "pearson": 0.17082151143923124,
      "spearman": 0.295014507572123
    },
    "euclidean": {
      "pearson": 0.1232595511419042,
      "spearman": 0.24760578663910154
    },
    "evaluation_time": 0.41,
    "manhattan": {
      "pearson": 0.26775343230077914,
      "spearman": 0.37258145943711646
    }
  }
}