{
  "dataset_revision": null,
  "mteb_dataset_name": "InstructSTSBenchmark",
  "mteb_version": "1.1.2.dev0",
  "test": {
    "cos_sim": {
      "pearson": 0.04541213427432154,
      "spearman": 0.049137780843375146
    },
    "euclidean": {
      "pearson": -0.1292093015848591,
      "spearman": -0.10936523580042568
    },
    "evaluation_time": 0.11,
    "manhattan": {
      "pearson": -0.02602641702357534,
      "spearman": -0.023147100900815898
    }
  }
}