{
  "dataset_revision": "b0fddb56ed78048fa8b90373c8a3cfc37b684831",
  "mteb_dataset_name": "STSBenchmark",
  "mteb_version": "1.1.2.dev0",
  "test": {
    "cos_sim": {
      "pearson": 0.23760206534469402,
      "spearman": 0.21893289451253994
    },
    "euclidean": {
      "pearson": 0.26304043188071113,
      "spearman": 0.2195542625351001
    },
    "evaluation_time": 0.16,
    "manhattan": {
      "pearson": 0.2656670718228125,
      "spearman": 0.22105085566768468
    }
  }
}