{
  "dataset_revision": null,
  "mteb_dataset_name": "InstructSTSBenchmark",
  "mteb_version": "1.1.2.dev0",
  "test": {
    "cos_sim": {
      "pearson": 0.06602337490831386,
      "spearman": 0.05419692360587007
    },
    "euclidean": {
      "pearson": 0.054275809669176105,
      "spearman": 0.04887500767438539
    },
    "evaluation_time": 0.11,
    "manhattan": {
      "pearson": 0.05979028791184965,
      "spearman": 0.050527233500110735
    }
  }
}