{
  "dataset_revision": "a0d554a64d88156834ff5ae9920b964011b16384",
  "mteb_dataset_name": "STS12",
  "mteb_version": "1.1.2.dev0",
  "test": {
    "cos_sim": {
      "pearson": 0.4316528047193956,
      "spearman": 0.529382903967228
    },
    "euclidean": {
      "pearson": 0.1375669937749414,
      "spearman": 0.2664959335085197
    },
    "evaluation_time": 0.34,
    "manhattan": {
      "pearson": 0.3935276897982049,
      "spearman": 0.48547320756727674
    }
  }
}