{
  "dataset_revision": "b0fddb56ed78048fa8b90373c8a3cfc37b684831",
  "mteb_dataset_name": "STSBenchmark",
  "mteb_version": "1.1.2.dev0",
  "test": {
    "cos_sim": {
      "pearson": 0.4557417946635282,
      "spearman": 0.49396640575818723
    },
    "euclidean": {
      "pearson": 0.08252933969324651,
      "spearman": 0.09890319305031645
    },
    "evaluation_time": 0.06,
    "manhattan": {
      "pearson": 0.4402347062751642,
      "spearman": 0.46903996111223173
    }
  }
}