{
  "dataset_revision": "b0fddb56ed78048fa8b90373c8a3cfc37b684831",
  "mteb_dataset_name": "STSBenchmark",
  "mteb_version": "1.1.2.dev0",
  "test": {
    "cos_sim": {
      "pearson": 0.029011689128557824,
      "spearman": 0.1363298786891946
    },
    "euclidean": {
      "pearson": 0.04761703362785426,
      "spearman": 0.11733147906033256
    },
    "evaluation_time": 0.05,
    "manhattan": {
      "pearson": 0.1591309652108894,
      "spearman": 0.14110167577847532
    }
  }
}