{
  "dataset_revision": "b0fddb56ed78048fa8b90373c8a3cfc37b684831",
  "mteb_dataset_name": "STSBenchmark",
  "mteb_version": "1.1.2.dev0",
  "test": {
    "cos_sim": {
      "pearson": 0.1365266468369496,
      "spearman": 0.20499610817992528
    },
    "euclidean": {
      "pearson": 0.14183365523148328,
      "spearman": 0.23327712795279945
    },
    "evaluation_time": 0.04,
    "manhattan": {
      "pearson": 0.18286792967540438,
      "spearman": 0.21870821655862666
    }
  }
}