{
  "dataset_revision": null,
  "mteb_dataset_name": "InstructSTSBenchmark",
  "mteb_version": "1.1.2.dev0",
  "test": {
    "cos_sim": {
      "pearson": 0.027048995776093907,
      "spearman": 0.02983342432299365
    },
    "euclidean": {
      "pearson": -0.10594876408800818,
      "spearman": -0.09052767539006672
    },
    "evaluation_time": 0.12,
    "manhattan": {
      "pearson": -0.021104014159966367,
      "spearman": -0.02314710089750584
    }
  }
}