{
    "test": {
        "NYTTopicClustering": 0.28771921201527006,
        "NYTLocationClustering": 0.1608700607680077,
        "harmonic_mean": 0.20635985901372814
    }
}