{
  "dataset_revision": "a0d554a64d88156834ff5ae9920b964011b16384",
  "mteb_dataset_name": "STS12",
  "mteb_version": "1.1.2.dev0",
  "test": {
    "cos_sim": {
      "pearson": 0.7334378487276336,
      "spearman": 0.6678525031120139
    },
    "euclidean": {
      "pearson": 0.2982558500836503,
      "spearman": 0.4779602976524473
    },
    "evaluation_time": 0.35,
    "manhattan": {
      "pearson": 0.6899170369805494,
      "spearman": 0.5607795642156175
    }
  }
}