{
  "dataset_revision": "b0fddb56ed78048fa8b90373c8a3cfc37b684831",
  "mteb_dataset_name": "STSBenchmark",
  "mteb_version": "1.1.2.dev0",
  "test": {
    "cos_sim": {
      "pearson": 0.7353959241712267,
      "spearman": 0.7242018043286812
    },
    "euclidean": {
      "pearson": 0.3080497287328131,
      "spearman": 0.4038036834682531
    },
    "evaluation_time": 0.06,
    "manhattan": {
      "pearson": 0.7333485248549299,
      "spearman": 0.7086027272613695
    }
  }
}