{
  "dataset_revision": "b0fddb56ed78048fa8b90373c8a3cfc37b684831",
  "mteb_dataset_name": "STSBenchmark",
  "mteb_version": "1.1.2.dev0",
  "test": {
    "cos_sim": {
      "pearson": 0.14211240953223372,
      "spearman": 0.13705464202857492
    },
    "euclidean": {
      "pearson": 0.11301015550467039,
      "spearman": 0.13068152381399636
    },
    "evaluation_time": 0.04,
    "manhattan": {
      "pearson": 0.2298880562233693,
      "spearman": 0.24110553579806057
    }
  }
}