{
  "dataset_revision": "b0fddb56ed78048fa8b90373c8a3cfc37b684831",
  "mteb_dataset_name": "STSBenchmark",
  "mteb_version": "1.1.2.dev0",
  "test": {
    "cos_sim": {
      "pearson": 0.22652405546265864,
      "spearman": 0.2174210379436699
    },
    "euclidean": {
      "pearson": 0.22591324396980683,
      "spearman": 0.21848371728051935
    },
    "evaluation_time": 0.04,
    "manhattan": {
      "pearson": 0.21780551539297022,
      "spearman": 0.19821996950350895
    }
  }
}