{
  "dataset_revision": "a0d554a64d88156834ff5ae9920b964011b16384",
  "mteb_dataset_name": "STS12",
  "mteb_version": "1.1.2.dev0",
  "test": {
    "cos_sim": {
      "pearson": 0.23232663182862828,
      "spearman": 0.37121062036073754
    },
    "euclidean": {
      "pearson": 0.29118186950942476,
      "spearman": 0.3788617574526541
    },
    "evaluation_time": 0.07,
    "manhattan": {
      "pearson": 0.2918056635382425,
      "spearman": 0.3797252731061208
    }
  }
}