{
  "dataset_revision": "b0fddb56ed78048fa8b90373c8a3cfc37b684831",
  "mteb_dataset_name": "STSBenchmark",
  "mteb_version": "1.1.2.dev0",
  "test": {
    "cos_sim": {
      "pearson": 0.3765890418416275,
      "spearman": 0.4024523327019805
    },
    "euclidean": {
      "pearson": 0.41912705652177495,
      "spearman": 0.4221510358966866
    },
    "evaluation_time": 0.04,
    "manhattan": {
      "pearson": 0.4328510476095897,
      "spearman": 0.43242366922133724
    }
  }
}