{
  "dataset_revision": "b0fddb56ed78048fa8b90373c8a3cfc37b684831",
  "mteb_dataset_name": "STSBenchmark",
  "mteb_version": "1.1.2.dev0",
  "test": {
    "cos_sim": {
      "pearson": 0.3839648164927373,
      "spearman": 0.40194152081047657
    },
    "euclidean": {
      "pearson": 0.2120024115244968,
      "spearman": 0.25087332892557823
    },
    "evaluation_time": 0.06,
    "manhattan": {
      "pearson": 0.4473824785987224,
      "spearman": 0.44296613050195965
    }
  }
}