{
  "dataset_revision": "b0fddb56ed78048fa8b90373c8a3cfc37b684831",
  "mteb_dataset_name": "STSBenchmark",
  "mteb_version": "1.1.2.dev0",
  "test": {
    "cos_sim": {
      "pearson": 0.31302398690084,
      "spearman": 0.33037427559840205
    },
    "euclidean": {
      "pearson": 0.3417764480529958,
      "spearman": 0.347061437953822
    },
    "evaluation_time": 0.03,
    "manhattan": {
      "pearson": 0.3447841956276281,
      "spearman": 0.3488162245002474
    }
  }
}