{
  "dataset_revision": "b0fddb56ed78048fa8b90373c8a3cfc37b684831",
  "mteb_dataset_name": "STSBenchmark",
  "mteb_version": "1.1.2.dev0",
  "test": {
    "cos_sim": {
      "pearson": 0.30338785797344664,
      "spearman": 0.2620866514277936
    },
    "euclidean": {
      "pearson": 0.30856046285954464,
      "spearman": 0.2621376702426147
    },
    "evaluation_time": 0.03,
    "manhattan": {
      "pearson": 0.3117258698933556,
      "spearman": 0.27263034969476685
    }
  }
}