{
  "dataset_revision": "b0fddb56ed78048fa8b90373c8a3cfc37b684831",
  "mteb_dataset_name": "STSBenchmark",
  "mteb_version": "1.1.2.dev0",
  "test": {
    "cos_sim": {
      "pearson": 0.13463558794227906,
      "spearman": 0.36218840898232624
    },
    "euclidean": {
      "pearson": 0.20188744038999032,
      "spearman": 0.3602436166533179
    },
    "evaluation_time": 0.08,
    "manhattan": {
      "pearson": 0.2031222704204896,
      "spearman": 0.36113191643599357
    }
  }
}