{
  "dataset_revision": null,
  "mteb_dataset_name": "InstructSTSBenchmark",
  "mteb_version": "1.1.2.dev0",
  "test": {
    "cos_sim": {
      "pearson": -0.03681815929061908,
      "spearman": -0.0344449011628507
    },
    "euclidean": {
      "pearson": -0.08705302526233717,
      "spearman": -0.08532917548161945
    },
    "evaluation_time": 0.08,
    "manhattan": {
      "pearson": -0.07220970839472135,
      "spearman": -0.07161087377080677
    }
  }
}