{
  "dataset_revision": "b0fddb56ed78048fa8b90373c8a3cfc37b684831",
  "mteb_dataset_name": "STSBenchmark",
  "mteb_version": "1.1.2.dev0",
  "test": {
    "cos_sim": {
      "pearson": 0.4476749611246599,
      "spearman": 0.4660816569375149
    },
    "euclidean": {
      "pearson": 0.45909107764113466,
      "spearman": 0.4701351085799361
    },
    "evaluation_time": 0.05,
    "manhattan": {
      "pearson": 0.5093315345191898,
      "spearman": 0.5081271216407499
    }
  }
}