{
  "dataset_revision": "b0fddb56ed78048fa8b90373c8a3cfc37b684831",
  "mteb_dataset_name": "STSBenchmark",
  "mteb_version": "1.1.2.dev0",
  "test": {
    "cos_sim": {
      "pearson": 0.1138811128437511,
      "spearman": 0.15952635353634778
    },
    "euclidean": {
      "pearson": 0.13553750795460637,
      "spearman": 0.15953759436035458
    },
    "evaluation_time": 0.09,
    "manhattan": {
      "pearson": 0.13835166014339292,
      "spearman": 0.16200636484698844
    }
  }
}