{
  "dataset_revision": "b0fddb56ed78048fa8b90373c8a3cfc37b684831",
  "mteb_dataset_name": "STSBenchmark",
  "mteb_version": "1.1.2.dev0",
  "test": {
    "cos_sim": {
      "pearson": -0.034333330551032264,
      "spearman": -0.026051454769822815
    },
    "euclidean": {
      "pearson": -0.034699980788608566,
      "spearman": -0.02605062670598647
    },
    "evaluation_time": 54.14,
    "manhattan": {
      "pearson": 0.03549914368850909,
      "spearman": 0.02746074415311935
    }
  }
}