{
  "dataset_revision": "b0fddb56ed78048fa8b90373c8a3cfc37b684831",
  "mteb_dataset_name": "STSBenchmark",
  "mteb_version": "1.1.2.dev0",
  "test": {
    "cos_sim": {
      "pearson": 0.5060154213029456,
      "spearman": 0.5492683068340842
    },
    "euclidean": {
      "pearson": 0.5354743629228569,
      "spearman": 0.5489903083016662
    },
    "evaluation_time": 0.03,
    "manhattan": {
      "pearson": 0.5371806649477023,
      "spearman": 0.5505176107674775
    }
  }
}