{
  "dataset_revision": "b0fddb56ed78048fa8b90373c8a3cfc37b684831",
  "mteb_dataset_name": "STSBenchmark",
  "mteb_version": "1.1.2.dev0",
  "test": {
    "cos_sim": {
      "pearson": 0.07884591826062683,
      "spearman": 0.07220223340066056
    },
    "euclidean": {
      "pearson": 0.07890715482688238,
      "spearman": 0.07220223340066056
    },
    "evaluation_time": 70.51,
    "manhattan": {
      "pearson": 0.09112698819623047,
      "spearman": 0.07899741993668943
    }
  }
}