{
  "dataset_revision": "b0fddb56ed78048fa8b90373c8a3cfc37b684831",
  "mteb_dataset_name": "STSBenchmark",
  "mteb_version": "1.1.2.dev0",
  "test": {
    "cos_sim": {
      "pearson": 0.5853718450841493,
      "spearman": 0.602327657277693
    },
    "euclidean": {
      "pearson": 0.5991928040454795,
      "spearman": 0.6060446360880745
    },
    "evaluation_time": 0.03,
    "manhattan": {
      "pearson": 0.6066072499552005,
      "spearman": 0.6125497411421541
    }
  }
}