{
  "dataset_revision": "b0fddb56ed78048fa8b90373c8a3cfc37b684831",
  "mteb_dataset_name": "STSBenchmark",
  "mteb_version": "1.1.2.dev0",
  "test": {
    "cos_sim": {
      "pearson": 0.00889083139766689,
      "spearman": 0.03585496816141717
    },
    "euclidean": {
      "pearson": 0.004656749912643826,
      "spearman": 0.03892630598430136
    },
    "evaluation_time": 0.03,
    "manhattan": {
      "pearson": 0.005770811035647423,
      "spearman": 0.04169831493928642
    }
  }
}