{
  "dataset_revision": null,
  "mteb_dataset_name": "InstructSTSBenchmark",
  "mteb_version": "1.1.2.dev0",
  "test": {
    "cos_sim": {
      "pearson": 0.05028941018679473,
      "spearman": 0.05417096718299083
    },
    "euclidean": {
      "pearson": -0.12692035949513994,
      "spearman": -0.10675938238876516
    },
    "evaluation_time": 0.12,
    "manhattan": {
      "pearson": -0.01824138192932454,
      "spearman": -0.01584688590799557
    }
  }
}