{
  "dataset_revision": "a0d554a64d88156834ff5ae9920b964011b16384",
  "mteb_dataset_name": "STS12",
  "mteb_version": "1.1.2.dev0",
  "test": {
    "cos_sim": {
      "pearson": 0.3084006846684147,
      "spearman": 0.5098845992773627
    },
    "euclidean": {
      "pearson": 0.16928042207725316,
      "spearman": 0.3034734190081965
    },
    "evaluation_time": 0.34,
    "manhattan": {
      "pearson": 0.583200096155375,
      "spearman": 0.6228257132128829
    }
  }
}