{
  "dataset_revision": "b0fddb56ed78048fa8b90373c8a3cfc37b684831",
  "mteb_dataset_name": "STSBenchmark",
  "mteb_version": "1.1.2.dev0",
  "test": {
    "cos_sim": {
      "pearson": 0.020295459032202198,
      "spearman": 0.05067486790991231
    },
    "euclidean": {
      "pearson": 0.029908127302699563,
      "spearman": 0.05081087168873519
    },
    "evaluation_time": 0.03,
    "manhattan": {
      "pearson": 0.036996244129935234,
      "spearman": 0.06371983904551837
    }
  }
}