{
  "dataset_revision": null,
  "mteb_dataset_name": "InstructSTSBenchmark",
  "mteb_version": "1.1.2.dev0",
  "test": {
    "cos_sim": {
      "pearson": 0.0703513906863792,
      "spearman": 0.07789325023692388
    },
    "euclidean": {
      "pearson": -0.11857549543489236,
      "spearman": -0.09506446528124535
    },
    "evaluation_time": 0.11,
    "manhattan": {
      "pearson": 0.012340624928789654,
      "spearman": 0.017531901218865612
    }
  }
}