{
  "dataset_revision": "b0fddb56ed78048fa8b90373c8a3cfc37b684831",
  "mteb_dataset_name": "STSBenchmark",
  "mteb_version": "1.1.2.dev0",
  "test": {
    "cos_sim": {
      "pearson": 0.33924230524378834,
      "spearman": 0.3675868972070255
    },
    "euclidean": {
      "pearson": 0.471798121179173,
      "spearman": 0.47220637404297144
    },
    "evaluation_time": 0.04,
    "manhattan": {
      "pearson": 0.49290519209174366,
      "spearman": 0.48799542763352133
    }
  }
}