{
    "dataset_revision": null,
    "mteb_dataset_name": "IntentEmotion",
    "mteb_version": "1.1.2.dev0",
    "test": {
        "Emotion_success_rate": 0.9793831168831169,
        "Intent_success_rate": 0.02418831168831169,
        "evaluation_time": 0.16,
        "harmonic_mean": 0.047210657821872705
    }
}