{
  "dataset_revision": "b0fddb56ed78048fa8b90373c8a3cfc37b684831",
  "mteb_dataset_name": "STSBenchmark",
  "mteb_version": "1.1.2.dev0",
  "test": {
    "cos_sim": {
      "pearson": 0.3826157037967419,
      "spearman": 0.3943526969330294
    },
    "euclidean": {
      "pearson": 0.38706430217113114,
      "spearman": 0.3995151019645748
    },
    "evaluation_time": 0.03,
    "manhattan": {
      "pearson": 0.3939979048422625,
      "spearman": 0.40629599770697983
    }
  }
}