{
  "dataset_revision": null,
  "mteb_dataset_name": "InstructSTSBenchmark",
  "mteb_version": "1.1.2.dev0",
  "test": {
    "cos_sim": {
      "pearson": 0.0154075529276529,
      "spearman": 0.027071366131274845
    },
    "euclidean": {
      "pearson": -0.11091768699860342,
      "spearman": -0.10008672171916681
    },
    "evaluation_time": 0.13,
    "manhattan": {
      "pearson": -0.04516382493551232,
      "spearman": -0.04220416867349649
    }
  }
}