{
  "dataset_revision": "a0d554a64d88156834ff5ae9920b964011b16384",
  "mteb_dataset_name": "STS12",
  "mteb_version": "1.1.2.dev0",
  "test": {
    "cos_sim": {
      "pearson": 0.5976176984189017,
      "spearman": 0.6151457616739977
    },
    "euclidean": {
      "pearson": 0.19034774447495972,
      "spearman": 0.3536052999292589
    },
    "evaluation_time": 0.34,
    "manhattan": {
      "pearson": 0.5917161786844483,
      "spearman": 0.532744797496109
    }
  }
}