{
  "dataset_revision": "b0fddb56ed78048fa8b90373c8a3cfc37b684831",
  "mteb_dataset_name": "STSBenchmark",
  "mteb_version": "1.1.2.dev0",
  "test": {
    "cos_sim": {
      "pearson": 0.6333722199248444,
      "spearman": 0.6466541508781943
    },
    "euclidean": {
      "pearson": 0.16326154807508736,
      "spearman": 0.22838532085809857
    },
    "evaluation_time": 0.06,
    "manhattan": {
      "pearson": 0.6602240935768007,
      "spearman": 0.6532191879027441
    }
  }
}