{
  "dataset_revision": null,
  "mteb_dataset_name": "InstructSTSBenchmark",
  "mteb_version": "1.1.2.dev0",
  "test": {
    "cos_sim": {
      "pearson": -0.1313522918096366,
      "spearman": -0.1008463449683917
    },
    "euclidean": {
      "pearson": -0.14975137402163033,
      "spearman": -0.13728184085718712
    },
    "evaluation_time": 0.11,
    "manhattan": {
      "pearson": -0.14994584474122286,
      "spearman": -0.1373911391674316
    }
  }
}