{
  "dataset_revision": null,
  "mteb_dataset_name": "InstructSTSBenchmark",
  "mteb_version": "1.1.2.dev0",
  "test": {
    "cos_sim": {
      "pearson": 0.275107805586693,
      "spearman": 0.2552069545225581
    },
    "euclidean": {
      "pearson": 0.2781352889931826,
      "spearman": 0.25093612374447377
    },
    "evaluation_time": 0.11,
    "manhattan": {
      "pearson": 0.27890885650384345,
      "spearman": 0.253754653376968
    }
  }
}