{
  "dataset_revision": "b0fddb56ed78048fa8b90373c8a3cfc37b684831",
  "mteb_dataset_name": "STSBenchmark",
  "mteb_version": "1.1.2.dev0",
  "test": {
    "cos_sim": {
      "pearson": 0.1693162888671352,
      "spearman": 0.34621523620772915
    },
    "euclidean": {
      "pearson": 0.2259764712121631,
      "spearman": 0.36904690333656975
    },
    "evaluation_time": 0.04,
    "manhattan": {
      "pearson": 0.2279507933902406,
      "spearman": 0.3711763226504539
    }
  }
}