{
  "dataset_revision": "b0fddb56ed78048fa8b90373c8a3cfc37b684831",
  "mteb_dataset_name": "STSBenchmark",
  "mteb_version": "1.1.2.dev0",
  "test": {
    "cos_sim": {
      "pearson": 0.009544559176048597,
      "spearman": 0.10607265493582706
    },
    "euclidean": {
      "pearson": 0.10348238310948245,
      "spearman": 0.17773424636329993
    },
    "evaluation_time": 0.04,
    "manhattan": {
      "pearson": 0.13078117834973868,
      "spearman": 0.21790146551518297
    }
  }
}