{
  "dataset_revision": "b0fddb56ed78048fa8b90373c8a3cfc37b684831",
  "mteb_dataset_name": "STSBenchmark",
  "mteb_version": "1.1.2.dev0",
  "test": {
    "cos_sim": {
      "pearson": 0.22397215588457978,
      "spearman": 0.17403836614899304
    },
    "euclidean": {
      "pearson": 0.20793883423286436,
      "spearman": 0.18906018178642764
    },
    "evaluation_time": 0.04,
    "manhattan": {
      "pearson": 0.24527694970104033,
      "spearman": 0.19125656466135713
    }
  }
}