{
  "dataset_revision": "b0fddb56ed78048fa8b90373c8a3cfc37b684831",
  "mteb_dataset_name": "STSBenchmark",
  "mteb_version": "1.1.2.dev0",
  "test": {
    "cos_sim": {
      "pearson": 0.016889759396798053,
      "spearman": 0.04568572627528429
    },
    "euclidean": {
      "pearson": 0.02367547417520109,
      "spearman": 0.04602993089675405
    },
    "evaluation_time": 0.03,
    "manhattan": {
      "pearson": 0.027478402270597356,
      "spearman": 0.06400996732193491
    }
  }
}