{
  "dataset_revision": "b0fddb56ed78048fa8b90373c8a3cfc37b684831",
  "mteb_dataset_name": "STSBenchmark",
  "mteb_version": "1.1.2.dev0",
  "test": {
    "cos_sim": {
      "pearson": 0.08779444152327624,
      "spearman": 0.07538993531022749
    },
    "euclidean": {
      "pearson": 0.027435279699831536,
      "spearman": 0.04082908244237493
    },
    "evaluation_time": 0.04,
    "manhattan": {
      "pearson": 0.052045498054397496,
      "spearman": 0.017658690258215065
    }
  }
}