{
  "dataset_revision": null,
  "mteb_dataset_name": "InstructSTSBenchmark",
  "mteb_version": "1.1.2.dev0",
  "test": {
    "cos_sim": {
      "pearson": -0.06466720598554804,
      "spearman": -0.04661207768344936
    },
    "euclidean": {
      "pearson": -0.08677140971093811,
      "spearman": -0.06871765694661051
    },
    "evaluation_time": 0.08,
    "manhattan": {
      "pearson": -0.08621010796537518,
      "spearman": -0.06894809418584602
    }
  }
}