{
  "dataset_revision": null,
  "mteb_dataset_name": "InstructSTSBenchmark",
  "mteb_version": "1.1.2.dev0",
  "test": {
    "cos_sim": {
      "pearson": 0.02844029038376772,
      "spearman": 0.02881467295803253
    },
    "euclidean": {
      "pearson": -0.09965321460529447,
      "spearman": -0.08065439647558889
    },
    "evaluation_time": 0.11,
    "manhattan": {
      "pearson": -0.01677865282352249,
      "spearman": -0.021881973180892307
    }
  }
}