{
  "dataset_revision": "b0fddb56ed78048fa8b90373c8a3cfc37b684831",
  "mteb_dataset_name": "STSBenchmark",
  "mteb_version": "1.1.2.dev0",
  "test": {
    "cos_sim": {
      "pearson": 0.18781491094069627,
      "spearman": 0.2521730851815635
    },
    "euclidean": {
      "pearson": 0.26810441262240586,
      "spearman": 0.290306147036271
    },
    "evaluation_time": 0.03,
    "manhattan": {
      "pearson": 0.27724104143401207,
      "spearman": 0.2963279500695444
    }
  }
}