{
  "dataset_revision": null,
  "mteb_dataset_name": "InstructSTSBenchmark",
  "mteb_version": "1.1.2.dev0",
  "test": {
    "cos_sim": {
      "pearson": 0.2688270839952667,
      "spearman": 0.25537818843817117
    },
    "euclidean": {
      "pearson": 0.25813854247882073,
      "spearman": 0.22595918726292685
    },
    "evaluation_time": 0.11,
    "manhattan": {
      "pearson": 0.2585626433307788,
      "spearman": 0.2267607080929537
    }
  }
}