{
  "dataset_revision": "b0fddb56ed78048fa8b90373c8a3cfc37b684831",
  "mteb_dataset_name": "STSBenchmark",
  "mteb_version": "1.1.2.dev0",
  "test": {
    "cos_sim": {
      "pearson": 0.34615647862578053,
      "spearman": 0.35996092486289405
    },
    "euclidean": {
      "pearson": 0.39428010789275336,
      "spearman": 0.39435643593682196
    },
    "evaluation_time": 0.06,
    "manhattan": {
      "pearson": 0.4041447506121671,
      "spearman": 0.4025065839408628
    }
  }
}