{
  "dataset_revision": "b0fddb56ed78048fa8b90373c8a3cfc37b684831",
  "mteb_dataset_name": "STSBenchmark",
  "mteb_version": "1.1.2.dev0",
  "test": {
    "cos_sim": {
      "pearson": 0.3799324373080647,
      "spearman": 0.3984719609822817
    },
    "euclidean": {
      "pearson": 0.39946910241495487,
      "spearman": 0.40976385228979456
    },
    "evaluation_time": 0.06,
    "manhattan": {
      "pearson": 0.44867614802768047,
      "spearman": 0.44738163803735065
    }
  }
}