{
  "dataset_revision": null,
  "mteb_dataset_name": "InstructSTSBenchmark",
  "mteb_version": "1.1.2.dev0",
  "test": {
    "cos_sim": {
      "pearson": 0.20835291917213594,
      "spearman": 0.20397383631657573
    },
    "euclidean": {
      "pearson": 0.2102795962769784,
      "spearman": 0.2002485860703693
    },
    "evaluation_time": 0.07,
    "manhattan": {
      "pearson": 0.21067347735394298,
      "spearman": 0.20076046639800063
    }
  }
}