{
  "dataset_revision": "b0fddb56ed78048fa8b90373c8a3cfc37b684831",
  "mteb_dataset_name": "STSBenchmark",
  "mteb_version": "1.1.2.dev0",
  "test": {
    "cos_sim": {
      "pearson": 0.3314174171667113,
      "spearman": 0.35490090006152103
    },
    "euclidean": {
      "pearson": 0.34848285956764014,
      "spearman": 0.3514723480232761
    },
    "evaluation_time": 0.05,
    "manhattan": {
      "pearson": 0.3482437514655064,
      "spearman": 0.3514901491731492
    }
  }
}