{
  "dataset_revision": "b0fddb56ed78048fa8b90373c8a3cfc37b684831",
  "mteb_dataset_name": "STSBenchmark",
  "mteb_version": "1.1.2.dev0",
  "test": {
    "cos_sim": {
      "pearson": 0.4459634964838577,
      "spearman": 0.4452417878215254
    },
    "euclidean": {
      "pearson": 0.49271011740193826,
      "spearman": 0.4818174670782486
    },
    "evaluation_time": 0.07,
    "manhattan": {
      "pearson": 0.49415015546339414,
      "spearman": 0.4832078030866085
    }
  }
}