{
    "dataset_revision": null,
    "mteb_dataset_name": "IntentEmotion",
    "mteb_version": "1.1.2.dev0",
    "test": {
        "Emotion_success_rate": 0.14902597402597403,
        "Intent_success_rate": 0.4224025974025974,
        "evaluation_time": 484.59,
        "harmonic_mean": 0.22032136707033456
    }
}