{
  "dataset_revision": "b0fddb56ed78048fa8b90373c8a3cfc37b684831",
  "mteb_dataset_name": "STSBenchmark",
  "mteb_version": "1.1.2.dev0",
  "test": {
    "cos_sim": {
      "pearson": 0.33389701334647875,
      "spearman": 0.3356882651755576
    },
    "euclidean": {
      "pearson": 0.3356986490471076,
      "spearman": 0.3446692792776307
    },
    "evaluation_time": 68.65,
    "manhattan": {
      "pearson": 0.33401706552010557,
      "spearman": 0.35169460965040644
    }
  }
}