{
  "dataset_revision": null,
  "mteb_dataset_name": "InstructSTSBenchmark",
  "mteb_version": "1.1.2.dev0",
  "test": {
    "cos_sim": {
      "pearson": 0.01771253966682184,
      "spearman": 0.022251914514412552
    },
    "euclidean": {
      "pearson": -0.1101855751972319,
      "spearman": -0.09480442643156947
    },
    "evaluation_time": 0.11,
    "manhattan": {
      "pearson": -0.11019449819456147,
      "spearman": -0.0917609244352884
    }
  }
}