{
    "test": {
        "NYTTopicClustering": 0.019731089522967447,
        "NYTLocationClustering": 0.05244437085071963,
        "harmonic_mean": 0.028674150629226923
    }
}