{
  "dataset_revision": null,
  "mteb_dataset_name": "InstructSTSBenchmark",
  "mteb_version": "1.1.2.dev0",
  "test": {
    "cos_sim": {
      "pearson": 0.1838949363239755,
      "spearman": 0.1686440745250327
    },
    "euclidean": {
      "pearson": 0.19144884234294302,
      "spearman": 0.17059595983128523
    },
    "evaluation_time": 0.07,
    "manhattan": {
      "pearson": 0.1916931251932056,
      "spearman": 0.17119983288683605
    }
  }
}