{
  "dataset_revision": "b0fddb56ed78048fa8b90373c8a3cfc37b684831",
  "mteb_dataset_name": "STSBenchmark",
  "mteb_version": "1.1.2.dev0",
  "test": {
    "cos_sim": {
      "pearson": 0.2923195495924522,
      "spearman": 0.3821194470236733
    },
    "euclidean": {
      "pearson": 0.3425224149180533,
      "spearman": 0.38481660248920363
    },
    "evaluation_time": 0.03,
    "manhattan": {
      "pearson": 0.373503491724516,
      "spearman": 0.3997775400724588
    }
  }
}