{
  "dataset_revision": "b0fddb56ed78048fa8b90373c8a3cfc37b684831",
  "mteb_dataset_name": "STSBenchmark",
  "mteb_version": "1.1.2.dev0",
  "test": {
    "cos_sim": {
      "pearson": 0.032109491904630236,
      "spearman": 0.10609317847886036
    },
    "euclidean": {
      "pearson": 0.06058900149371224,
      "spearman": 0.05889723930210331
    },
    "evaluation_time": 0.06,
    "manhattan": {
      "pearson": 0.07019977380003688,
      "spearman": 0.07514947609974384
    }
  }
}