{
  "dataset_revision": null,
  "mteb_dataset_name": "InstructSTSBenchmark",
  "mteb_version": "1.1.2.dev0",
  "test": {
    "cos_sim": {
      "pearson": 0.00023775980615689066,
      "spearman": 0.041402647923376105
    },
    "euclidean": {
      "pearson": 0.017145113721346927,
      "spearman": 0.044308160785903675
    },
    "evaluation_time": 0.15,
    "manhattan": {
      "pearson": 0.017129445345665895,
      "spearman": 0.04423165197614937
    }
  }
}