{
  "dataset_revision": null,
  "mteb_dataset_name": "InstructSTSBenchmark",
  "mteb_version": "1.1.2.dev0",
  "test": {
    "cos_sim": {
      "pearson": 0.02737062419786516,
      "spearman": 0.035781076271399884
    },
    "euclidean": {
      "pearson": -0.12880147695801467,
      "spearman": -0.10998277112657354
    },
    "evaluation_time": 0.1,
    "manhattan": {
      "pearson": -0.05951274728480656,
      "spearman": -0.05320230916932585
    }
  }
}