{
  "dataset_revision": "b0fddb56ed78048fa8b90373c8a3cfc37b684831",
  "mteb_dataset_name": "STSBenchmark",
  "mteb_version": "1.1.2.dev0",
  "test": {
    "cos_sim": {
      "pearson": 0.5103338886066744,
      "spearman": 0.5325443905854945
    },
    "euclidean": {
      "pearson": 0.5239375304985717,
      "spearman": 0.5343167066126766
    },
    "evaluation_time": 0.03,
    "manhattan": {
      "pearson": 0.5338422102430018,
      "spearman": 0.5433733594474083
    }
  }
}