{
  "dataset_revision": "b0fddb56ed78048fa8b90373c8a3cfc37b684831",
  "mteb_dataset_name": "STSBenchmark",
  "mteb_version": "1.1.2.dev0",
  "test": {
    "cos_sim": {
      "pearson": 0.17231614735543407,
      "spearman": 0.22294319038755164
    },
    "euclidean": {
      "pearson": 0.20612832949628396,
      "spearman": 0.22268726860001792
    },
    "evaluation_time": 0.03,
    "manhattan": {
      "pearson": 0.2045291560198427,
      "spearman": 0.21997457127716719
    }
  }
}