{
  "dataset_revision": "b0fddb56ed78048fa8b90373c8a3cfc37b684831",
  "mteb_dataset_name": "STSBenchmark",
  "mteb_version": "1.1.2.dev0",
  "test": {
    "cos_sim": {
      "pearson": 0.1803934515582886,
      "spearman": 0.3763934497374387
    },
    "euclidean": {
      "pearson": 0.24195540647716615,
      "spearman": 0.3992836762512211
    },
    "evaluation_time": 0.16,
    "manhattan": {
      "pearson": 0.2450407294412478,
      "spearman": 0.40786733688687704
    }
  }
}