{
  "dataset_revision": null,
  "mteb_dataset_name": "InstructSTSBenchmark",
  "mteb_version": "1.1.2.dev0",
  "test": {
    "cos_sim": {
      "pearson": 0.015334464739293726,
      "spearman": 0.005023622680866212
    },
    "euclidean": {
      "pearson": 0.007775518015700477,
      "spearman": -0.019087580218750427
    },
    "evaluation_time": 0.1,
    "manhattan": {
      "pearson": 0.0072404545280776375,
      "spearman": -0.021088649758215183
    }
  }
}