{
  "dataset_revision": "b0fddb56ed78048fa8b90373c8a3cfc37b684831",
  "mteb_dataset_name": "STSBenchmark",
  "mteb_version": "1.1.2.dev0",
  "test": {
    "cos_sim": {
      "pearson": 0.3053875055567111,
      "spearman": 0.3143006607199992
    },
    "euclidean": {
      "pearson": 0.3331155425279791,
      "spearman": 0.3374096503693165
    },
    "evaluation_time": 0.03,
    "manhattan": {
      "pearson": 0.3381202882391623,
      "spearman": 0.34122422269874614
    }
  }
}