{
  "dataset_revision": "b0fddb56ed78048fa8b90373c8a3cfc37b684831",
  "mteb_dataset_name": "STSBenchmark",
  "mteb_version": "1.1.2.dev0",
  "test": {
    "cos_sim": {
      "pearson": 0.2288617929939441,
      "spearman": 0.18969466415573186
    },
    "euclidean": {
      "pearson": 0.2167351027219364,
      "spearman": 0.21236449838599994
    },
    "evaluation_time": 0.07,
    "manhattan": {
      "pearson": 0.2633137928507729,
      "spearman": 0.21571631219553916
    }
  }
}