{
    "test": {
        "NYTTopicClustering": 0.089658423272426,
        "NYTLocationClustering": 0.3121428456365751,
        "harmonic_mean": 0.13930388062988328
    }
}