{
  "dataset_revision": "b0fddb56ed78048fa8b90373c8a3cfc37b684831",
  "mteb_dataset_name": "STSBenchmark",
  "mteb_version": "1.1.2.dev0",
  "test": {
    "cos_sim": {
      "pearson": 0.3099568029105426,
      "spearman": 0.26067109464376226
    },
    "euclidean": {
      "pearson": 0.3159444700454554,
      "spearman": 0.26076626470844244
    },
    "evaluation_time": 0.03,
    "manhattan": {
      "pearson": 0.31711392598590266,
      "spearman": 0.26592761545471943
    }
  }
}