{
  "dataset_revision": null,
  "mteb_dataset_name": "InstructSTSBenchmark",
  "mteb_version": "1.1.2.dev0",
  "test": {
    "cos_sim": {
      "pearson": 0.049886442597390834,
      "spearman": 0.056388809967047995
    },
    "euclidean": {
      "pearson": 0.0034247351350935465,
      "spearman": 0.0057768700676185825
    },
    "evaluation_time": 0.12,
    "manhattan": {
      "pearson": 0.021429382503863073,
      "spearman": 0.0211742667555322
    }
  }
}