{
  "dataset_revision": "a0d554a64d88156834ff5ae9920b964011b16384",
  "mteb_dataset_name": "STS12",
  "mteb_version": "1.1.2.dev0",
  "test": {
    "cos_sim": {
      "pearson": 0.19212385620635203,
      "spearman": 0.3261600800722602
    },
    "euclidean": {
      "pearson": 0.2530548815244302,
      "spearman": 0.3682686134651875
    },
    "evaluation_time": 0.41,
    "manhattan": {
      "pearson": 0.290224308494109,
      "spearman": 0.37595830768455757
    }
  }
}