{
  "dataset_revision": "b0fddb56ed78048fa8b90373c8a3cfc37b684831",
  "mteb_dataset_name": "STSBenchmark",
  "mteb_version": "1.1.2.dev0",
  "test": {
    "cos_sim": {
      "pearson": 0.03462067677360266,
      "spearman": 0.09443120378607388
    },
    "euclidean": {
      "pearson": 0.08923092798703894,
      "spearman": 0.09326258247696188
    },
    "evaluation_time": 0.04,
    "manhattan": {
      "pearson": 0.0913492848375625,
      "spearman": 0.09596258923614034
    }
  }
}