{
  "dataset_revision": "b0fddb56ed78048fa8b90373c8a3cfc37b684831",
  "mteb_dataset_name": "STSBenchmark",
  "mteb_version": "1.1.2.dev0",
  "test": {
    "cos_sim": {
      "pearson": 0.1316610061672665,
      "spearman": 0.17834360735031562
    },
    "euclidean": {
      "pearson": 0.23827421072757393,
      "spearman": 0.24258004615608125
    },
    "evaluation_time": 0.08,
    "manhattan": {
      "pearson": 0.2885168847766411,
      "spearman": 0.2826575608446356
    }
  }
}