{
  "dataset_revision": "b0fddb56ed78048fa8b90373c8a3cfc37b684831",
  "mteb_dataset_name": "STSBenchmark",
  "mteb_version": "1.1.2.dev0",
  "test": {
    "cos_sim": {
      "pearson": 0.38251453481278264,
      "spearman": 0.41253890174222607
    },
    "euclidean": {
      "pearson": 0.47202395894529026,
      "spearman": 0.4617984002158076
    },
    "evaluation_time": 0.1,
    "manhattan": {
      "pearson": 0.4951657679457541,
      "spearman": 0.482400382642152
    }
  }
}