{
  "dataset_revision": "b0fddb56ed78048fa8b90373c8a3cfc37b684831",
  "mteb_dataset_name": "STSBenchmark",
  "mteb_version": "1.1.2.dev0",
  "test": {
    "cos_sim": {
      "pearson": 0.6010150081626638,
      "spearman": 0.6483361043918141
    },
    "euclidean": {
      "pearson": 0.6427604058975804,
      "spearman": 0.6479825577233804
    },
    "evaluation_time": 0.03,
    "manhattan": {
      "pearson": 0.6427061479913936,
      "spearman": 0.6479123816551313
    }
  }
}