{
  "dataset_revision": "b0fddb56ed78048fa8b90373c8a3cfc37b684831",
  "mteb_dataset_name": "STSBenchmark",
  "mteb_version": "1.1.2.dev0",
  "test": {
    "cos_sim": {
      "pearson": 0.4272417779611173,
      "spearman": 0.44591051373220286
    },
    "euclidean": {
      "pearson": 0.4492770436889482,
      "spearman": 0.4522427218005661
    },
    "evaluation_time": 0.04,
    "manhattan": {
      "pearson": 0.45329149349677356,
      "spearman": 0.4549238776372672
    }
  }
}