{
  "dataset_revision": "b0fddb56ed78048fa8b90373c8a3cfc37b684831",
  "mteb_dataset_name": "STSBenchmark",
  "mteb_version": "1.1.2.dev0",
  "test": {
    "cos_sim": {
      "pearson": 0.5747779346192171,
      "spearman": 0.5945140409758868
    },
    "euclidean": {
      "pearson": 0.5937188316256795,
      "spearman": 0.5992005876110339
    },
    "evaluation_time": 0.03,
    "manhattan": {
      "pearson": 0.5970458456198878,
      "spearman": 0.6021468577362029
    }
  }
}