{
  "dataset_revision": "b0fddb56ed78048fa8b90373c8a3cfc37b684831",
  "mteb_dataset_name": "STSBenchmark",
  "mteb_version": "1.1.2.dev0",
  "test": {
    "cos_sim": {
      "pearson": 0.40375727313302606,
      "spearman": 0.41029069977854304
    },
    "euclidean": {
      "pearson": 0.40527873802815384,
      "spearman": 0.41522973533132773
    },
    "evaluation_time": 0.03,
    "manhattan": {
      "pearson": 0.4102632227513856,
      "spearman": 0.4201738328129361
    }
  }
}