{
  "dataset_revision": null,
  "mteb_dataset_name": "InstructSTSBenchmark",
  "mteb_version": "1.1.2.dev0",
  "test": {
    "cos_sim": {
      "pearson": -0.033878199096744416,
      "spearman": -0.03865698374060807
    },
    "euclidean": {
      "pearson": 0.004994707072595153,
      "spearman": -0.05853743197835021
    },
    "evaluation_time": 0.11,
    "manhattan": {
      "pearson": -0.0388747346416231,
      "spearman": -0.061300401673583416
    }
  }
}