{
  "dataset_revision": null,
  "mteb_dataset_name": "InstructSTSBenchmark",
  "mteb_version": "1.1.2.dev0",
  "test": {
    "cos_sim": {
      "pearson": 0.20959060184544276,
      "spearman": 0.24110519791477872
    },
    "euclidean": {
      "pearson": 0.19298171499920483,
      "spearman": 0.20490651488799663
    },
    "evaluation_time": 0.14,
    "manhattan": {
      "pearson": 0.1921214468340717,
      "spearman": 0.20461869605609
    }
  }
}