{
  "dataset_revision": null,
  "mteb_dataset_name": "InstructSTSBenchmark",
  "mteb_version": "1.1.2.dev0",
  "test": {
    "cos_sim": {
      "pearson": -0.007639063913804219,
      "spearman": 0.0003593181302363011
    },
    "euclidean": {
      "pearson": -0.00867118830568312,
      "spearman": 0.016100093609941638
    },
    "evaluation_time": 0.11,
    "manhattan": {
      "pearson": 0.035057812077017095,
      "spearman": 0.02509534292353786
    }
  }
}