{
  "dataset_revision": null,
  "mteb_dataset_name": "InstructSTSBenchmark",
  "mteb_version": "1.1.2.dev0",
  "test": {
    "cos_sim": {
      "pearson": -0.005054988843612754,
      "spearman": 0.013933726524638071
    },
    "euclidean": {
      "pearson": -0.1283440543744174,
      "spearman": -0.1096412139841842
    },
    "evaluation_time": 0.15,
    "manhattan": {
      "pearson": -0.12205057854809565,
      "spearman": -0.1097031496821894
    }
  }
}