{
  "dataset_revision": "a0d554a64d88156834ff5ae9920b964011b16384",
  "mteb_dataset_name": "STS12",
  "mteb_version": "1.1.2.dev0",
  "test": {
    "cos_sim": {
      "pearson": 0.20893381913381442,
      "spearman": 0.35535406870691216
    },
    "euclidean": {
      "pearson": 0.14263404285547485,
      "spearman": 0.25775514249885656
    },
    "evaluation_time": 0.4,
    "manhattan": {
      "pearson": 0.27595891560868824,
      "spearman": 0.4050525665635865
    }
  }
}