{
  "dataset_revision": "b0fddb56ed78048fa8b90373c8a3cfc37b684831",
  "mteb_dataset_name": "STSBenchmark",
  "mteb_version": "1.1.2.dev0",
  "test": {
    "cos_sim": {
      "pearson": 0.21512942463511436,
      "spearman": 0.3106427091572904
    },
    "euclidean": {
      "pearson": 0.10210362143369482,
      "spearman": 0.1072286564846088
    },
    "evaluation_time": 0.06,
    "manhattan": {
      "pearson": 0.34232022516507116,
      "spearman": 0.3726863828992378
    }
  }
}