{
  "dataset_revision": null,
  "mteb_dataset_name": "InstructSTSBenchmark",
  "mteb_version": "1.1.2.dev0",
  "test": {
    "cos_sim": {
      "pearson": 0.3234009934162249,
      "spearman": 0.2835530107470174
    },
    "euclidean": {
      "pearson": 0.32631932127603447,
      "spearman": 0.26359559825292167
    },
    "evaluation_time": 0.15,
    "manhattan": {
      "pearson": 0.3194774736784431,
      "spearman": 0.25863117877509284
    }
  }
}