{
    "dataset_revision": null,
    "mteb_dataset_name": "IntentEmotion",
    "mteb_version": "1.1.2.dev0",
    "test": {
        "Emotion_success_rate": 0.016558441558441557,
        "Intent_success_rate": 0.9849025974025974,
        "evaluation_time": 104.2,
        "harmonic_mean": 0.032569338505039486
    }
}