{
  "dataset_revision": "b0fddb56ed78048fa8b90373c8a3cfc37b684831",
  "mteb_dataset_name": "STSBenchmark",
  "mteb_version": "1.1.2.dev0",
  "test": {
    "cos_sim": {
      "pearson": 0.010986479660317678,
      "spearman": 0.029056134762864547
    },
    "euclidean": {
      "pearson": 0.010553659015584357,
      "spearman": 0.029056134762864547
    },
    "evaluation_time": 29.91,
    "manhattan": {
      "pearson": 0.015214946782408329,
      "spearman": 0.02020698063856165
    }
  }
}