{
  "dataset_revision": "b0fddb56ed78048fa8b90373c8a3cfc37b684831",
  "mteb_dataset_name": "STSBenchmark",
  "mteb_version": "1.1.2.dev0",
  "test": {
    "cos_sim": {
      "pearson": 0.28257688740889847,
      "spearman": 0.24419951496826775
    },
    "euclidean": {
      "pearson": 0.30018381882068224,
      "spearman": 0.24418134043177395
    },
    "evaluation_time": 0.02,
    "manhattan": {
      "pearson": 0.30043167939533877,
      "spearman": 0.24193467084441309
    }
  }
}