{
  "dataset_revision": "b0fddb56ed78048fa8b90373c8a3cfc37b684831",
  "mteb_dataset_name": "STSBenchmark",
  "mteb_version": "1.1.2.dev0",
  "test": {
    "cos_sim": {
      "pearson": 0.05789345046572896,
      "spearman": 0.11746199901971699
    },
    "euclidean": {
      "pearson": 0.07139544580545806,
      "spearman": 0.08715212875521974
    },
    "evaluation_time": 0.04,
    "manhattan": {
      "pearson": 0.07855280942916386,
      "spearman": 0.09817249971244545
    }
  }
}