{
  "dataset_revision": "b0fddb56ed78048fa8b90373c8a3cfc37b684831",
  "mteb_dataset_name": "STSBenchmark",
  "mteb_version": "1.1.2.dev0",
  "test": {
    "cos_sim": {
      "pearson": 0.018863212178529754,
      "spearman": 0.04571612037230713
    },
    "euclidean": {
      "pearson": 0.02661433400576759,
      "spearman": 0.046116863548624557
    },
    "evaluation_time": 0.03,
    "manhattan": {
      "pearson": 0.03345135516123683,
      "spearman": 0.06835945872835993
    }
  }
}