{
  "dataset_revision": "b0fddb56ed78048fa8b90373c8a3cfc37b684831",
  "mteb_dataset_name": "STSBenchmark",
  "mteb_version": "1.1.2.dev0",
  "test": {
    "cos_sim": {
      "pearson": 0.012405703647176154,
      "spearman": 0.08155138470204244
    },
    "euclidean": {
      "pearson": 0.026236276587391,
      "spearman": 0.09889511381002902
    },
    "evaluation_time": 0.04,
    "manhattan": {
      "pearson": 0.09673274189828805,
      "spearman": 0.09285724828682726
    }
  }
}