{
  "dataset_revision": "b0fddb56ed78048fa8b90373c8a3cfc37b684831",
  "mteb_dataset_name": "STSBenchmark",
  "mteb_version": "1.1.2.dev0",
  "test": {
    "cos_sim": {
      "pearson": 0.32553839793183365,
      "spearman": 0.35982839528691896
    },
    "euclidean": {
      "pearson": 0.37880731707881765,
      "spearman": 0.3858680415912433
    },
    "evaluation_time": 0.08,
    "manhattan": {
      "pearson": 0.39490610100027757,
      "spearman": 0.39637413546113537
    }
  }
}