{
  "dataset_revision": "b0fddb56ed78048fa8b90373c8a3cfc37b684831",
  "mteb_dataset_name": "STSBenchmark",
  "mteb_version": "1.1.2.dev0",
  "test": {
    "cos_sim": {
      "pearson": 0.14713031036090185,
      "spearman": 0.20200036536666968
    },
    "euclidean": {
      "pearson": 0.16690676631252732,
      "spearman": 0.19111608975278277
    },
    "evaluation_time": 0.04,
    "manhattan": {
      "pearson": 0.19680696301174436,
      "spearman": 0.21681306119357652
    }
  }
}