{
  "dataset_revision": "b0fddb56ed78048fa8b90373c8a3cfc37b684831",
  "mteb_dataset_name": "STSBenchmark",
  "mteb_version": "1.1.2.dev0",
  "test": {
    "cos_sim": {
      "pearson": 0.09736719235317007,
      "spearman": 0.1851180171869256
    },
    "euclidean": {
      "pearson": 0.0970190316122571,
      "spearman": 0.13030040817027294
    },
    "evaluation_time": 0.09,
    "manhattan": {
      "pearson": 0.2637688273315735,
      "spearman": 0.2747010565141192
    }
  }
}