{
  "dataset_revision": "b0fddb56ed78048fa8b90373c8a3cfc37b684831",
  "mteb_dataset_name": "STSBenchmark",
  "mteb_version": "1.1.2.dev0",
  "test": {
    "cos_sim": {
      "pearson": 0.43920181492962895,
      "spearman": 0.45641081801826877
    },
    "euclidean": {
      "pearson": 0.45456308449554217,
      "spearman": 0.4566068348437998
    },
    "evaluation_time": 0.03,
    "manhattan": {
      "pearson": 0.46693401673590046,
      "spearman": 0.47089181436355393
    }
  }
}