{
  "dataset_revision": "b0fddb56ed78048fa8b90373c8a3cfc37b684831",
  "mteb_dataset_name": "STSBenchmark",
  "mteb_version": "1.1.2.dev0",
  "test": {
    "cos_sim": {
      "pearson": 0.2086267842347985,
      "spearman": 0.24736252540869902
    },
    "euclidean": {
      "pearson": 0.2742155459262739,
      "spearman": 0.29104743678425116
    },
    "evaluation_time": 0.07,
    "manhattan": {
      "pearson": 0.35671191428450444,
      "spearman": 0.35295023551289395
    }
  }
}