{
  "dataset_revision": null,
  "mteb_dataset_name": "InstructSTSBenchmark",
  "mteb_version": "1.1.2.dev0",
  "test": {
    "cos_sim": {
      "pearson": 0.2121665149594121,
      "spearman": 0.20308943080681427
    },
    "euclidean": {
      "pearson": 0.20637491954633258,
      "spearman": 0.19505964972425605
    },
    "evaluation_time": 0.12,
    "manhattan": {
      "pearson": 0.20801038174865627,
      "spearman": 0.1960970726658434
    }
  }
}