{
  "dataset_revision": "b0fddb56ed78048fa8b90373c8a3cfc37b684831",
  "mteb_dataset_name": "STSBenchmark",
  "mteb_version": "1.1.2.dev0",
  "test": {
    "cos_sim": {
      "pearson": 0.12205822879789788,
      "spearman": 0.15521147820475908
    },
    "euclidean": {
      "pearson": 0.14990207576348855,
      "spearman": 0.15465643326759615
    },
    "evaluation_time": 0.06,
    "manhattan": {
      "pearson": 0.15056805852645205,
      "spearman": 0.15453426024930222
    }
  }
}