{
  "dataset_revision": "b0fddb56ed78048fa8b90373c8a3cfc37b684831",
  "mteb_dataset_name": "STSBenchmark",
  "mteb_version": "1.1.2.dev0",
  "test": {
    "cos_sim": {
      "pearson": 0.6551900158070156,
      "spearman": 0.6668608527819749
    },
    "euclidean": {
      "pearson": 0.6769010701086176,
      "spearman": 0.6719273285874724
    },
    "evaluation_time": 0.03,
    "manhattan": {
      "pearson": 0.6791832953192249,
      "spearman": 0.6742138405889039
    }
  }
}