{
  "dataset_revision": "b0fddb56ed78048fa8b90373c8a3cfc37b684831",
  "mteb_dataset_name": "STSBenchmark",
  "mteb_version": "1.1.2.dev0",
  "test": {
    "cos_sim": {
      "pearson": 0.018863217818247496,
      "spearman": 0.045715330023167855
    },
    "euclidean": {
      "pearson": 0.026614342891279962,
      "spearman": 0.046116863548624557
    },
    "evaluation_time": 0.03,
    "manhattan": {
      "pearson": 0.03345136517042033,
      "spearman": 0.06836034531344934
    }
  }
}