{
  "dataset_revision": "b0fddb56ed78048fa8b90373c8a3cfc37b684831",
  "mteb_dataset_name": "STSBenchmark",
  "mteb_version": "1.1.2.dev0",
  "test": {
    "cos_sim": {
      "pearson": 0.7302644363777502,
      "spearman": 0.7329205842176789
    },
    "euclidean": {
      "pearson": 0.7456954604469356,
      "spearman": 0.7340268586832553
    },
    "evaluation_time": 0.04,
    "manhattan": {
      "pearson": 0.7459897579161088,
      "spearman": 0.7345895500299081
    }
  }
}