{
  "dataset_revision": null,
  "mteb_dataset_name": "InstructSTSBenchmark",
  "mteb_version": "1.1.2.dev0",
  "test": {
    "cos_sim": {
      "pearson": 0.11255869333885903,
      "spearman": 0.16715351937384726
    },
    "euclidean": {
      "pearson": 0.011607646421010392,
      "spearman": 0.03233726549725928
    },
    "evaluation_time": 0.15,
    "manhattan": {
      "pearson": 0.056495715900208174,
      "spearman": 0.07145102502080802
    }
  }
}