{
  "dataset_revision": "b0fddb56ed78048fa8b90373c8a3cfc37b684831",
  "mteb_dataset_name": "STSBenchmark",
  "mteb_version": "1.1.2.dev0",
  "test": {
    "cos_sim": {
      "pearson": 0.26419398309279274,
      "spearman": 0.2420252998425639
    },
    "euclidean": {
      "pearson": 0.2654410181880138,
      "spearman": 0.24315038332062272
    },
    "evaluation_time": 0.05,
    "manhattan": {
      "pearson": 0.26601736394899184,
      "spearman": 0.24418846684758339
    }
  }
}