{
  "dataset_revision": null,
  "mteb_dataset_name": "InstructSTSBenchmark",
  "mteb_version": "1.1.2.dev0",
  "test": {
    "cos_sim": {
      "pearson": -0.07828473361193306,
      "spearman": -0.051624315121198
    },
    "euclidean": {
      "pearson": -0.10120417192632412,
      "spearman": -0.07947761823655715
    },
    "evaluation_time": 0.08,
    "manhattan": {
      "pearson": -0.10091612441795261,
      "spearman": -0.0803492721040717
    }
  }
}