{
    "test": {
        "NYTTopicClustering": 0.376720182796458,
        "NYTLocationClustering": 0.23830185516876212,
        "harmonic_mean": 0.291934649912047
    }
}