{
  "dataset_revision": null,
  "mteb_dataset_name": "InstructSTSBenchmark",
  "mteb_version": "1.1.2.dev0",
  "test": {
    "cos_sim": {
      "pearson": 0.09884174799559545,
      "spearman": 0.09320942450714033
    },
    "euclidean": {
      "pearson": 0.08595284348804771,
      "spearman": 0.08591589607334596
    },
    "evaluation_time": 0.03,
    "manhattan": {
      "pearson": 0.08674326163935378,
      "spearman": 0.0865491974124066
    }
  }
}