{
  "dataset_revision": "b0fddb56ed78048fa8b90373c8a3cfc37b684831",
  "mteb_dataset_name": "STSBenchmark",
  "mteb_version": "1.1.2.dev0",
  "test": {
    "cos_sim": {
      "pearson": 0.47971224824705555,
      "spearman": 0.5060316603776894
    },
    "euclidean": {
      "pearson": 0.4344760654184698,
      "spearman": 0.4614723489228946
    },
    "evaluation_time": 0.02,
    "manhattan": {
      "pearson": 0.4349346732781577,
      "spearman": 0.46174767461641886
    }
  }
}