{
  "dataset_revision": "b0fddb56ed78048fa8b90373c8a3cfc37b684831",
  "mteb_dataset_name": "STSBenchmark",
  "mteb_version": "1.1.2.dev0",
  "test": {
    "cos_sim": {
      "pearson": 0.5049073864880401,
      "spearman": 0.5080725677580514
    },
    "euclidean": {
      "pearson": 0.44545987825612154,
      "spearman": 0.4496490249858541
    },
    "evaluation_time": 0.03,
    "manhattan": {
      "pearson": 0.44598101126305173,
      "spearman": 0.45005487216654444
    }
  }
}