{
  "dataset_revision": "b0fddb56ed78048fa8b90373c8a3cfc37b684831",
  "mteb_dataset_name": "STSBenchmark",
  "mteb_version": "1.1.2.dev0",
  "test": {
    "cos_sim": {
      "pearson": -0.05839466727901776,
      "spearman": -0.04378875549024504
    },
    "euclidean": {
      "pearson": -0.0584382685516223,
      "spearman": -0.04378875549024504
    },
    "evaluation_time": 29.82,
    "manhattan": {
      "pearson": -0.024909800029603347,
      "spearman": -0.021576956740032738
    }
  }
}