{
  "dataset_revision": "b0fddb56ed78048fa8b90373c8a3cfc37b684831",
  "mteb_dataset_name": "STSBenchmark",
  "mteb_version": "1.1.2.dev0",
  "test": {
    "cos_sim": {
      "pearson": 0.6031099281012624,
      "spearman": 0.606904190414609
    },
    "euclidean": {
      "pearson": 0.6192737954386398,
      "spearman": 0.6213934108360393
    },
    "evaluation_time": 0.07,
    "manhattan": {
      "pearson": 0.6254821541427286,
      "spearman": 0.6272949231079724
    }
  }
}