{
  "dataset_revision": "b0fddb56ed78048fa8b90373c8a3cfc37b684831",
  "mteb_dataset_name": "STSBenchmark",
  "mteb_version": "1.1.2.dev0",
  "test": {
    "cos_sim": {
      "pearson": 0.10896591133815088,
      "spearman": 0.13794918011516666
    },
    "euclidean": {
      "pearson": 0.10706261602002419,
      "spearman": 0.14234915589674393
    },
    "evaluation_time": 0.04,
    "manhattan": {
      "pearson": 0.16182435585497007,
      "spearman": 0.19981236493995397
    }
  }
}