{
  "dataset_revision": "b0fddb56ed78048fa8b90373c8a3cfc37b684831",
  "mteb_dataset_name": "STSBenchmark",
  "mteb_version": "1.1.2.dev0",
  "test": {
    "cos_sim": {
      "pearson": 0.4104160712639848,
      "spearman": 0.4208316748043642
    },
    "euclidean": {
      "pearson": 0.41828791176456415,
      "spearman": 0.425485577711625
    },
    "evaluation_time": 0.03,
    "manhattan": {
      "pearson": 0.4227768903660565,
      "spearman": 0.429386257745853
    }
  }
}