{
  "dataset_revision": null,
  "mteb_dataset_name": "InstructSTSBenchmark",
  "mteb_version": "1.1.2.dev0",
  "test": {
    "cos_sim": {
      "pearson": 0.18950857080384637,
      "spearman": 0.16504998237895144
    },
    "euclidean": {
      "pearson": 0.19639561942811218,
      "spearman": 0.1653059225427305
    },
    "evaluation_time": 0.12,
    "manhattan": {
      "pearson": 0.19554291534193655,
      "spearman": 0.16532140646722962
    }
  }
}