{
  "dataset_revision": "b0fddb56ed78048fa8b90373c8a3cfc37b684831",
  "mteb_dataset_name": "STSBenchmark",
  "mteb_version": "1.1.2.dev0",
  "test": {
    "cos_sim": {
      "pearson": 0.16462247062625818,
      "spearman": 0.4250304326466595
    },
    "euclidean": {
      "pearson": 0.2485937790393738,
      "spearman": 0.4215004887398312
    },
    "evaluation_time": 0.08,
    "manhattan": {
      "pearson": 0.24926325094638097,
      "spearman": 0.422702841763453
    }
  }
}