{
  "dataset_revision": "b0fddb56ed78048fa8b90373c8a3cfc37b684831",
  "mteb_dataset_name": "STSBenchmark",
  "mteb_version": "1.1.2.dev0",
  "test": {
    "cos_sim": {
      "pearson": 0.007885852994194264,
      "spearman": 0.09984236107013546
    },
    "euclidean": {
      "pearson": 0.034548770501989526,
      "spearman": 0.10004988305980514
    },
    "evaluation_time": 0.03,
    "manhattan": {
      "pearson": 0.045611560388704946,
      "spearman": 0.10675358169106297
    }
  }
}