{
  "dataset_revision": "a0d554a64d88156834ff5ae9920b964011b16384",
  "mteb_dataset_name": "STS12",
  "mteb_version": "1.1.2.dev0",
  "test": {
    "cos_sim": {
      "pearson": 0.17708757276387377,
      "spearman": 0.21055156975707187
    },
    "euclidean": {
      "pearson": 0.21154224932069188,
      "spearman": 0.2174240086634194
    },
    "evaluation_time": 0.4,
    "manhattan": {
      "pearson": 0.2138335333984813,
      "spearman": 0.21849036957294124
    }
  }
}