{
  "dataset_revision": "b0fddb56ed78048fa8b90373c8a3cfc37b684831",
  "mteb_dataset_name": "STSBenchmark",
  "mteb_version": "1.1.2.dev0",
  "test": {
    "cos_sim": {
      "pearson": 0.41655572906513905,
      "spearman": 0.43541332151865
    },
    "euclidean": {
      "pearson": 0.33862723116015825,
      "spearman": 0.3775104250743934
    },
    "evaluation_time": 0.07,
    "manhattan": {
      "pearson": 0.48193836327206796,
      "spearman": 0.47744720978493704
    }
  }
}