{
    "test": {
        "NYTTopicClustering": 0.03491407431060632,
        "NYTLocationClustering": 0.026870935793206634,
        "harmonic_mean": 0.030368989554699622
    }
}