{
  "dataset_revision": null,
  "mteb_dataset_name": "FeedbacksClustering",
  "mteb_version": "1.1.2.dev0",
  "test": {
    "correct_instructions": [
      0.029978374785526552,
      0.15886665738891767,
      0.16476036477928266,
      0.08486226456952617,
      0.14517798306937088,
      0.12863386404363997,
      0.016503229882176552,
      0.10272441787160408,
      0.03653479267926542,
      0.10566632794779268
    ],
    "dci": -0.05280585125437945,
    "dii": -0.013264638882665561,
    "implicit_instructions": [
      0.056044442253890436,
      0.18139025140779164,
      0.16402325386951375,
      0.16449463228622782,
      0.2962329024334879,
      0.21993498895383326,
      0.2146338595186054,
      0.2432782055482609,
      0.1571646401484723,
      0.16417960028394904
    ],
    "incorrect_instructions": [
      0.04741337164025105,
      0.026871284071698677,
      0.007655701864320163,
      0.009671407513859465,
      0.03043179304207159,
      0.019715619305475687,
      0.03537346626856689,
      0.043401335402724076,
      0.069309081136556,
      0.03914755197853211
    ]
  }
}