{
  "dataset_revision": null,
  "mteb_dataset_name": "FewEventClustering",
  "mteb_version": "1.1.2.dev0",
  "test": {
    "correct_instructions": [
      0.5006821704585201,
      0.48417490510109906,
      0.5154080185861413,
      0.5276965849604413,
      0.48273775585044126,
      0.5059038485929017,
      0.5293263095505713,
      0.5318111430103948,
      0.49119307364666226,
      0.4969139413970337
    ],
    "dci": -0.03998109794524002,
    "dii": -0.06022292994210543,
    "implicit_instructions": [
      0.5144864846636676,
      0.490049168879011,
      0.519777482494208,
      0.46249592385357585,
      0.5291629899048125,
      0.49515210886913236,
      0.5243654844231442,
      0.49470395758481794,
      0.5192076817227386,
      0.5111535635579292
    ],
    "incorrect_instructions": [
      0.5227188537956813,
      0.43419881650296505,
      0.46421887305597287,
      0.4071851825012561,
      0.07540601210883377,
      0.4992054967398902,
      0.44090791399994905,
      0.5191292851420275,
      0.447068005734117,
      0.43900840529514423
    ]
  }
}