{
  "dataset_revision": null,
  "mteb_dataset_name": "FewRelClustering",
  "mteb_version": "1.1.2.dev0",
  "test": {
    "correct_instructions": [
      0.5230961083049693,
      0.49308008973554807,
      0.531022436040586,
      0.4526606224198823,
      0.5074640483976457,
      0.5231515365587017,
      0.5265407975749606,
      0.48318051302234266,
      0.5227023362478393,
      0.47268571000974763
    ],
    "dci": -0.04121893403662824,
    "dii": -0.04759552381706261,
    "implicit_instructions": [
      0.4950403730106277,
      0.5056608209873159,
      0.45479096117241075,
      0.44628403263944794,
      0.525601766560237,
      0.48383813616529087,
      0.49438200004304717,
      0.502633218681773,
      0.4891831493472337,
      0.4780759566135422
    ],
    "incorrect_instructions": [
      0.49387955645651055,
      0.432870579760996,
      0.13016170444470515,
      0.28451442238008606,
      0.4389305574118786,
      0.19523967658837685,
      0.47200810752183203,
      0.34353246841561325,
      0.42251661638022364,
      0.4795827432567344
    ]
  }
}