{
  "dataset_revision": null,
  "mteb_dataset_name": "NYTTopicClustering",
  "mteb_version": "1.1.2.dev0",
  "test": {
    "correct_instructions": [
      0.4164074142380849,
      0.3280789575216647,
      0.4272241707100401,
      0.3880100866017758,
      0.3302116572845401,
      0.43070322277842665,
      0.420806957578658,
      0.45642008421611696,
      0.44246241762615424,
      0.37469623515120937
    ],
    "dci": -0.07685074228574085,
    "dii": -0.2312255540538385,
    "implicit_instructions": [
      0.3012814867367473,
      0.29875115104080174,
      0.1757452722045616,
      0.31587357203916566,
      0.3992941012460847,
      0.3838404909267545,
      0.28372710243285887,
      0.24934796125808578,
      0.30085802481324114,
      0.17370414575356707
    ],
    "incorrect_instructions": [
      0.0765848240985841,
      0.31098601327698566,
      0.40492969980740556,
      0.297725636866659,
      0.20865009608745652,
      0.029430985940770586,
      0.22699073759103905,
      0.33550057628125945,
      0.23811769971901497,
      0.1646524261188736
    ]
  }
}