{
  "dataset_revision": null,
  "mteb_dataset_name": "RateMyProfClustering",
  "mteb_version": "1.1.2.dev0",
  "test": {
    "correct_instructions": [
      0.06520666502912215,
      0.0339180035484256,
      0.05090510038776276,
      0.061427449216689585,
      0.059092680887771636,
      0.007072508746188517,
      0.07354101442788481,
      0.009863182422840044,
      0.10596443118507747,
      0.08719499419690338
    ],
    "dci": -0.012860529513690029,
    "dii": -0.006506663332749829,
    "implicit_instructions": [
      0.07109808778296818,
      0.07980757502493405,
      0.1265803554568551,
      0.0637659925323464,
      0.013426374927128717,
      0.07151771040655032,
      0.057394507018810687,
      0.06873459169095159,
      0.08505339595058885,
      0.06405577308267074
    ],
    "incorrect_instructions": [
      0.0031607678962932914,
      0.004640188840398279,
      0.0064053995975169205,
      0.019933038259878546,
      0.0073484752370085275,
      0.005600604539644234,
      0.011509232047510086,
      0.01579687306821577,
      0.004729702686617361,
      0.00738672194903482
    ]
  }
}