{
    "test": {
        "NYTTopicClustering": 0.2917623340496449,
        "NYTLocationClustering": 0.24076033477833722,
        "harmonic_mean": 0.2638190034731802
    }
}