{
  "dataset_revision": "b0fddb56ed78048fa8b90373c8a3cfc37b684831",
  "mteb_dataset_name": "STSBenchmark",
  "mteb_version": "1.1.2.dev0",
  "test": {
    "cos_sim": {
      "pearson": 0.3119179559973306,
      "spearman": 0.3747647254138485
    },
    "euclidean": {
      "pearson": 0.37997187309100633,
      "spearman": 0.40452490126644863
    },
    "evaluation_time": 0.03,
    "manhattan": {
      "pearson": 0.3815761869293484,
      "spearman": 0.40471982053602207
    }
  }
}