{
  "dataset_revision": "b0fddb56ed78048fa8b90373c8a3cfc37b684831",
  "mteb_dataset_name": "STSBenchmark",
  "mteb_version": "1.1.2.dev0",
  "test": {
    "cos_sim": {
      "pearson": 0.17500386947563187,
      "spearman": 0.2014433775433928
    },
    "euclidean": {
      "pearson": 0.173805422222025,
      "spearman": 0.17962366418768058
    },
    "evaluation_time": 0.03,
    "manhattan": {
      "pearson": 0.25936046499438214,
      "spearman": 0.26333876566344655
    }
  }
}