{
  "dataset_revision": null,
  "mteb_dataset_name": "InstructSTSBenchmark",
  "mteb_version": "1.1.2.dev0",
  "test": {
    "cos_sim": {
      "pearson": 0.1952256025061323,
      "spearman": 0.20437095323484397
    },
    "euclidean": {
      "pearson": 0.22264279971751602,
      "spearman": 0.20198369640471972
    },
    "evaluation_time": 0.11,
    "manhattan": {
      "pearson": 0.2249469069855688,
      "spearman": 0.1970452353085985
    }
  }
}