{
  "dataset_revision": "b0fddb56ed78048fa8b90373c8a3cfc37b684831",
  "mteb_dataset_name": "STSBenchmark",
  "mteb_version": "1.1.2.dev0",
  "test": {
    "cos_sim": {
      "pearson": 0.2872110850755789,
      "spearman": 0.3344492644802818
    },
    "euclidean": {
      "pearson": 0.32384327808830776,
      "spearman": 0.3344910727033956
    },
    "evaluation_time": 0.03,
    "manhattan": {
      "pearson": 0.32294613672520095,
      "spearman": 0.3324857391530615
    }
  }
}