{
  "dataset_revision": null,
  "mteb_dataset_name": "InstructSTSBenchmark",
  "mteb_version": "1.1.2.dev0",
  "test": {
    "cos_sim": {
      "pearson": 0.005430139784000678,
      "spearman": 0.0028586057086670744
    },
    "euclidean": {
      "pearson": 0.00044486301265723955,
      "spearman": 0.001935035153118751
    },
    "evaluation_time": 0.06,
    "manhattan": {
      "pearson": 0.0030057461844705635,
      "spearman": 0.00515341440240599
    }
  }
}