{
  "dataset_revision": "b0fddb56ed78048fa8b90373c8a3cfc37b684831",
  "mteb_dataset_name": "STSBenchmark",
  "mteb_version": "1.1.2.dev0",
  "test": {
    "cos_sim": {
      "pearson": 0.35706139475309007,
      "spearman": 0.37419922893582686
    },
    "euclidean": {
      "pearson": 0.3832846300275386,
      "spearman": 0.38582088421877303
    },
    "evaluation_time": 0.03,
    "manhattan": {
      "pearson": 0.39059664107593833,
      "spearman": 0.3917878337795381
    }
  }
}