{
  "dataset_revision": "b0fddb56ed78048fa8b90373c8a3cfc37b684831",
  "mteb_dataset_name": "STSBenchmark",
  "mteb_version": "1.1.2.dev0",
  "test": {
    "cos_sim": {
      "pearson": 0.4314782398912782,
      "spearman": 0.47881493473694825
    },
    "euclidean": {
      "pearson": 0.5279174550106546,
      "spearman": 0.5314082996529053
    },
    "evaluation_time": 0.07,
    "manhattan": {
      "pearson": 0.5538886940707711,
      "spearman": 0.5565393701491449
    }
  }
}