{
  "dataset_revision": null,
  "mteb_dataset_name": "InstructSTSBenchmark",
  "mteb_version": "1.1.2.dev0",
  "test": {
    "cos_sim": {
      "pearson": 0.05331010231864538,
      "spearman": 0.06512447601522016
    },
    "euclidean": {
      "pearson": -0.03917102567228004,
      "spearman": -0.0275654842982172
    },
    "evaluation_time": 0.12,
    "manhattan": {
      "pearson": 0.0027171229781116305,
      "spearman": 0.006171254733740153
    }
  }
}