{
  "dataset_revision": "b0fddb56ed78048fa8b90373c8a3cfc37b684831",
  "mteb_dataset_name": "STSBenchmark",
  "mteb_version": "1.1.2.dev0",
  "test": {
    "cos_sim": {
      "pearson": 0.1661584660368885,
      "spearman": 0.2640533907146172
    },
    "euclidean": {
      "pearson": 0.19672347539244173,
      "spearman": 0.2423469950465577
    },
    "evaluation_time": 0.06,
    "manhattan": {
      "pearson": 0.34156316335181935,
      "spearman": 0.35557067622333244
    }
  }
}