{
  "dataset_revision": null,
  "mteb_dataset_name": "InstructSTSBenchmark",
  "mteb_version": "1.1.2.dev0",
  "test": {
    "cos_sim": {
      "pearson": -0.03058267555484231,
      "spearman": -0.022349399974166087
    },
    "euclidean": {
      "pearson": -0.12463279581673181,
      "spearman": -0.10412984766591789
    },
    "evaluation_time": 0.1,
    "manhattan": {
      "pearson": -0.13265782925500758,
      "spearman": -0.12040572937939904
    }
  }
}