{
    "test": {
        "NYTTopicClustering": 0.03285261067915811,
        "NYTLocationClustering": 0.025000305533256873,
        "harmonic_mean": 0.028393576431721357
    }
}