{
    "test": {
        "NYTTopicClustering": 0.02221878458459276,
        "NYTLocationClustering": 0.024276062053704132,
        "harmonic_mean": 0.023201918718387907
    }
}