{
  "dataset_revision": "b0fddb56ed78048fa8b90373c8a3cfc37b684831",
  "mteb_dataset_name": "STSBenchmark",
  "mteb_version": "1.1.2.dev0",
  "test": {
    "cos_sim": {
      "pearson": 0.4242479111433839,
      "spearman": 0.5078283281852517
    },
    "euclidean": {
      "pearson": 0.47179409773308134,
      "spearman": 0.5104763013065079
    },
    "evaluation_time": 0.03,
    "manhattan": {
      "pearson": 0.6791248353341509,
      "spearman": 0.6755112678397246
    }
  }
}