{
  "dataset_revision": "b0fddb56ed78048fa8b90373c8a3cfc37b684831",
  "mteb_dataset_name": "STSBenchmark",
  "mteb_version": "1.1.2.dev0",
  "test": {
    "cos_sim": {
      "pearson": 0.004776997680300954,
      "spearman": 0.027714283984114314
    },
    "euclidean": {
      "pearson": -0.02428400107935934,
      "spearman": -0.02238458973361334
    },
    "evaluation_time": 0.04,
    "manhattan": {
      "pearson": -0.01918511792477184,
      "spearman": -0.015238684525153933
    }
  }
}