{
  "dataset_revision": null,
  "mteb_dataset_name": "InstructSTSBenchmark",
  "mteb_version": "1.1.2.dev0",
  "test": {
    "cos_sim": {
      "pearson": 0.0317925344367898,
      "spearman": 0.03601743006941217
    },
    "euclidean": {
      "pearson": 0.015358493958248362,
      "spearman": 0.0163369065775074
    },
    "evaluation_time": 0.16,
    "manhattan": {
      "pearson": 0.019585467885717845,
      "spearman": 0.020352707937874817
    }
  }
}