{
  "dataset_revision": "b0fddb56ed78048fa8b90373c8a3cfc37b684831",
  "mteb_dataset_name": "STSBenchmark",
  "mteb_version": "1.1.2.dev0",
  "test": {
    "cos_sim": {
      "pearson": 0.38837317911857594,
      "spearman": 0.4424640634462519
    },
    "euclidean": {
      "pearson": 0.44477444213005674,
      "spearman": 0.4649633923461831
    },
    "evaluation_time": 0.03,
    "manhattan": {
      "pearson": 0.44990434076942853,
      "spearman": 0.47116710109447724
    }
  }
}