{
  "dataset_revision": "b0fddb56ed78048fa8b90373c8a3cfc37b684831",
  "mteb_dataset_name": "STSBenchmark",
  "mteb_version": "1.1.2.dev0",
  "test": {
    "cos_sim": {
      "pearson": 0.43012884841194,
      "spearman": 0.4550275297001885
    },
    "euclidean": {
      "pearson": 0.4558920144474369,
      "spearman": 0.4622929449793561
    },
    "evaluation_time": 0.03,
    "manhattan": {
      "pearson": 0.46017468149671714,
      "spearman": 0.4653441733963842
    }
  }
}