{
  "dataset_revision": "a0d554a64d88156834ff5ae9920b964011b16384",
  "mteb_dataset_name": "STS12",
  "mteb_version": "1.1.2.dev0",
  "test": {
    "cos_sim": {
      "pearson": 0.5245736444878847,
      "spearman": 0.5786404810333698
    },
    "euclidean": {
      "pearson": 0.5307124801692348,
      "spearman": 0.5780578786665669
    },
    "evaluation_time": 0.05,
    "manhattan": {
      "pearson": 0.5365390684235704,
      "spearman": 0.5826238606663123
    }
  }
}