{
  "dataset_revision": "b0fddb56ed78048fa8b90373c8a3cfc37b684831",
  "mteb_dataset_name": "STSBenchmark",
  "mteb_version": "1.1.2.dev0",
  "test": {
    "cos_sim": {
      "pearson": 0.5830819614132103,
      "spearman": 0.6121900378623159
    },
    "euclidean": {
      "pearson": 0.6122675064102496,
      "spearman": 0.6125435912718867
    },
    "evaluation_time": 0.03,
    "manhattan": {
      "pearson": 0.6207090054565857,
      "spearman": 0.6192912297064267
    }
  }
}