{
  "dataset_revision": "b0fddb56ed78048fa8b90373c8a3cfc37b684831",
  "mteb_dataset_name": "STSBenchmark",
  "mteb_version": "1.1.2.dev0",
  "test": {
    "cos_sim": {
      "pearson": 0.6290935879247979,
      "spearman": 0.6288501611423312
    },
    "euclidean": {
      "pearson": 0.6464661902385767,
      "spearman": 0.6429334153834072
    },
    "evaluation_time": 0.05,
    "manhattan": {
      "pearson": 0.6503384567209429,
      "spearman": 0.6461636838304101
    }
  }
}