{
  "dataset_revision": null,
  "mteb_dataset_name": "InstructSTSBenchmark",
  "mteb_version": "1.1.2.dev0",
  "test": {
    "cos_sim": {
      "pearson": 0.1695667058613818,
      "spearman": 0.16461005678289906
    },
    "euclidean": {
      "pearson": 0.16598852583276347,
      "spearman": 0.14683086817904967
    },
    "evaluation_time": 0.07,
    "manhattan": {
      "pearson": 0.16630267867745238,
      "spearman": 0.1470503756003612
    }
  }
}