{
  "dataset_revision": "b0fddb56ed78048fa8b90373c8a3cfc37b684831",
  "mteb_dataset_name": "STSBenchmark",
  "mteb_version": "1.1.2.dev0",
  "test": {
    "cos_sim": {
      "pearson": 0.25591970263461605,
      "spearman": 0.23197441639546118
    },
    "euclidean": {
      "pearson": 0.27227816413903555,
      "spearman": 0.2329065818197168
    },
    "evaluation_time": 0.03,
    "manhattan": {
      "pearson": 0.2752157144790128,
      "spearman": 0.23448928779619457
    }
  }
}