{
  "dataset_revision": "b0fddb56ed78048fa8b90373c8a3cfc37b684831",
  "mteb_dataset_name": "STSBenchmark",
  "mteb_version": "1.1.2.dev0",
  "test": {
    "cos_sim": {
      "pearson": 0.6349319547929111,
      "spearman": 0.6459865523727616
    },
    "euclidean": {
      "pearson": 0.6362940341260467,
      "spearman": 0.6353005342569313
    },
    "evaluation_time": 0.06,
    "manhattan": {
      "pearson": 0.6371740943507397,
      "spearman": 0.6362673444618295
    }
  }
}