{
    "dataset_revision": null,
    "mteb_dataset_name": "IntentEmotion",
    "mteb_version": "1.1.2.dev0",
    "test": {
        "Emotion_success_rate": 0.9863636363636363,
        "Intent_success_rate": 0.013636363636363636,
        "evaluation_time": 0.17,
        "harmonic_mean": 0.026900845908264272
    }
}