{
  "dataset_revision": "b0fddb56ed78048fa8b90373c8a3cfc37b684831",
  "mteb_dataset_name": "STSBenchmark",
  "mteb_version": "1.1.2.dev0",
  "test": {
    "cos_sim": {
      "pearson": 0.3109535574899025,
      "spearman": 0.32460073954464447
    },
    "euclidean": {
      "pearson": 0.34384935317769616,
      "spearman": 0.347499606007835
    },
    "evaluation_time": 0.03,
    "manhattan": {
      "pearson": 0.34458487807521193,
      "spearman": 0.34771704988256896
    }
  }
}