{
  "dataset_revision": "b0fddb56ed78048fa8b90373c8a3cfc37b684831",
  "mteb_dataset_name": "STSBenchmark",
  "mteb_version": "1.1.2.dev0",
  "test": {
    "cos_sim": {
      "pearson": 0.08981822695287796,
      "spearman": 0.1316988055629043
    },
    "euclidean": {
      "pearson": 0.09072327395126947,
      "spearman": 0.13136931098186763
    },
    "evaluation_time": 0.05,
    "manhattan": {
      "pearson": 0.12465417100562304,
      "spearman": 0.16160729797571363
    }
  }
}