{
  "dataset_revision": null,
  "mteb_dataset_name": "InstructSTSBenchmark",
  "mteb_version": "1.1.2.dev0",
  "test": {
    "cos_sim": {
      "pearson": -0.11950707405958072,
      "spearman": -0.1163298167539266
    },
    "euclidean": {
      "pearson": -0.13734905043486445,
      "spearman": -0.12734116132735043
    },
    "evaluation_time": 0.08,
    "manhattan": {
      "pearson": -0.1400757220062756,
      "spearman": -0.13398376493840955
    }
  }
}