{
    "test": {
        "NYTTopicClustering": 0.26313582811285596,
        "NYTLocationClustering": 0.17623135044810043,
        "harmonic_mean": 0.21108897926455522
    }
}