{
  "dataset_revision": "b0fddb56ed78048fa8b90373c8a3cfc37b684831",
  "mteb_dataset_name": "STSBenchmark",
  "mteb_version": "1.1.2.dev0",
  "test": {
    "cos_sim": {
      "pearson": 0.3706788993378836,
      "spearman": 0.4066929835274545
    },
    "euclidean": {
      "pearson": 0.37146244577006077,
      "spearman": 0.38973018257871467
    },
    "evaluation_time": 0.06,
    "manhattan": {
      "pearson": 0.43997401129335345,
      "spearman": 0.43924820996548375
    }
  }
}