{
  "dataset_revision": null,
  "mteb_dataset_name": "InstructSTSBenchmark",
  "mteb_version": "1.1.2.dev0",
  "test": {
    "cos_sim": {
      "pearson": 0.23866255300965106,
      "spearman": 0.27504960373732096
    },
    "euclidean": {
      "pearson": 0.22123194111143035,
      "spearman": 0.23314919317837374
    },
    "evaluation_time": 0.11,
    "manhattan": {
      "pearson": 0.22269692308180777,
      "spearman": 0.23441705334930402
    }
  }
}