{
  "dataset_revision": "b0fddb56ed78048fa8b90373c8a3cfc37b684831",
  "mteb_dataset_name": "STSBenchmark",
  "mteb_version": "1.1.2.dev0",
  "test": {
    "cos_sim": {
      "pearson": 0.3771636316211264,
      "spearman": 0.3869666214297764
    },
    "euclidean": {
      "pearson": 0.4148772868045677,
      "spearman": 0.4191824931450582
    },
    "evaluation_time": 0.05,
    "manhattan": {
      "pearson": 0.438963642050269,
      "spearman": 0.4359615853366278
    }
  }
}