{
  "dataset_revision": "b0fddb56ed78048fa8b90373c8a3cfc37b684831",
  "mteb_dataset_name": "STSBenchmark",
  "mteb_version": "1.1.2.dev0",
  "test": {
    "cos_sim": {
      "pearson": 0.04580985209094058,
      "spearman": -0.003536584064248091
    },
    "euclidean": {
      "pearson": 0.08625556763014683,
      "spearman": 0.06550643553729903
    },
    "evaluation_time": 0.04,
    "manhattan": {
      "pearson": 0.07129890145266063,
      "spearman": 0.046393320835150104
    }
  }
}