{
  "dataset_revision": "b0fddb56ed78048fa8b90373c8a3cfc37b684831",
  "mteb_dataset_name": "STSBenchmark",
  "mteb_version": "1.1.2.dev0",
  "test": {
    "cos_sim": {
      "pearson": 0.17593766363003321,
      "spearman": 0.2340796562558756
    },
    "euclidean": {
      "pearson": 0.22580444041299788,
      "spearman": 0.24102663810650757
    },
    "evaluation_time": 0.37,
    "manhattan": {
      "pearson": 0.2281152414312943,
      "spearman": 0.24461121179421214
    }
  }
}