{
  "dataset_revision": "b0fddb56ed78048fa8b90373c8a3cfc37b684831",
  "mteb_dataset_name": "STSBenchmark",
  "mteb_version": "1.1.2.dev0",
  "test": {
    "cos_sim": {
      "pearson": 0.2239690000919832,
      "spearman": 0.2638615313488536
    },
    "euclidean": {
      "pearson": 0.2671288311287226,
      "spearman": 0.28978192873817393
    },
    "evaluation_time": 0.07,
    "manhattan": {
      "pearson": 0.38352209101263374,
      "spearman": 0.37864832909743196
    }
  }
}