{
    "test": {
        "NYTTopicClustering": 0.03289241102981409,
        "NYTLocationClustering": 0.02893411313816906,
        "harmonic_mean": 0.030786561765552695
    }
}