{
  "dataset_revision": "b0fddb56ed78048fa8b90373c8a3cfc37b684831",
  "mteb_dataset_name": "STSBenchmark",
  "mteb_version": "1.1.2.dev0",
  "test": {
    "cos_sim": {
      "pearson": 0.12550367798588444,
      "spearman": 0.19990311712355113
    },
    "euclidean": {
      "pearson": 0.16618509857401015,
      "spearman": 0.1978073956133787
    },
    "evaluation_time": 0.08,
    "manhattan": {
      "pearson": 0.2992209851896114,
      "spearman": 0.30249091615259033
    }
  }
}