{
  "dataset_revision": null,
  "mteb_dataset_name": "InstructSTSBenchmark",
  "mteb_version": "1.1.2.dev0",
  "test": {
    "cos_sim": {
      "pearson": 0.2232859789144561,
      "spearman": 0.23047502833508984
    },
    "euclidean": {
      "pearson": 0.23938587591300878,
      "spearman": 0.22957513907583765
    },
    "evaluation_time": 143.7,
    "manhattan": {
      "pearson": 0.24574970972414178,
      "spearman": 0.23451086771540014
    }
  }
}