{
    "test": {
        "NYTTopicClustering": 0.09100069600285955,
        "NYTLocationClustering": 0.3430164395469043,
        "harmonic_mean": 0.1438410379876493
    }
}