{
  "dataset_revision": "a0d554a64d88156834ff5ae9920b964011b16384",
  "mteb_dataset_name": "STS12",
  "mteb_version": "1.1.2.dev0",
  "test": {
    "cos_sim": {
      "pearson": 0.27100987743811555,
      "spearman": 0.25408966759035184
    },
    "euclidean": {
      "pearson": 0.24879058049698646,
      "spearman": 0.22703783149710632
    },
    "evaluation_time": 190.89,
    "manhattan": {
      "pearson": 0.27379025224420395,
      "spearman": 0.25229808603140486
    }
  }
}