{
  "dataset_revision": null,
  "mteb_dataset_name": "InstructSTSBenchmark",
  "mteb_version": "1.1.2.dev0",
  "test": {
    "cos_sim": {
      "pearson": 0.09635743781431476,
      "spearman": 0.10626253060648223
    },
    "euclidean": {
      "pearson": 0.09090733148680534,
      "spearman": 0.09835753172269672
    },
    "evaluation_time": 0.07,
    "manhattan": {
      "pearson": 0.0910928622128046,
      "spearman": 0.09859753253840173
    }
  }
}