{
  "dataset_revision": "b0fddb56ed78048fa8b90373c8a3cfc37b684831",
  "mteb_dataset_name": "STSBenchmark",
  "mteb_version": "1.1.2.dev0",
  "test": {
    "cos_sim": {
      "pearson": 0.6859121657478368,
      "spearman": 0.6993033927248613
    },
    "euclidean": {
      "pearson": 0.7018642427104054,
      "spearman": 0.6981106873947672
    },
    "evaluation_time": 0.04,
    "manhattan": {
      "pearson": 0.702512178952096,
      "spearman": 0.6985233277156458
    }
  }
}