{
  "dataset_revision": "b0fddb56ed78048fa8b90373c8a3cfc37b684831",
  "mteb_dataset_name": "STSBenchmark",
  "mteb_version": "1.1.2.dev0",
  "test": {
    "cos_sim": {
      "pearson": 0.062328161515768615,
      "spearman": 0.11752515901204239
    },
    "euclidean": {
      "pearson": 0.07318978326156769,
      "spearman": 0.08938436329682592
    },
    "evaluation_time": 0.04,
    "manhattan": {
      "pearson": 0.0822773332957771,
      "spearman": 0.11482133825528491
    }
  }
}