{
  "dataset_revision": null,
  "mteb_dataset_name": "InstructSTSBenchmark",
  "mteb_version": "1.1.2.dev0",
  "test": {
    "cos_sim": {
      "pearson": 0.13748846699260625,
      "spearman": 0.18880551150733635
    },
    "euclidean": {
      "pearson": 0.020604050195465774,
      "spearman": 0.03455419916283484
    },
    "evaluation_time": 0.11,
    "manhattan": {
      "pearson": 0.08578680837585305,
      "spearman": 0.10858830711809557
    }
  }
}