{
  "dataset_revision": "b0fddb56ed78048fa8b90373c8a3cfc37b684831",
  "mteb_dataset_name": "STSBenchmark",
  "mteb_version": "1.1.2.dev0",
  "test": {
    "cos_sim": {
      "pearson": 0.13799393164445675,
      "spearman": 0.19632926766714284
    },
    "euclidean": {
      "pearson": 0.15765065772293851,
      "spearman": 0.19779707205157632
    },
    "evaluation_time": 0.06,
    "manhattan": {
      "pearson": 0.2700615823011059,
      "spearman": 0.3252390749272202
    }
  }
}