{
  "dataset_revision": null,
  "mteb_dataset_name": "InstructSTSBenchmark",
  "mteb_version": "1.1.2.dev0",
  "test": {
    "cos_sim": {
      "pearson": -0.05250877954235573,
      "spearman": -0.06326139528776181
    },
    "euclidean": {
      "pearson": -0.06812266816020417,
      "spearman": -0.0702751575978961
    },
    "evaluation_time": 0.12,
    "manhattan": {
      "pearson": -0.06787536060159549,
      "spearman": -0.06991583944745822
    }
  }
}