{
  "dataset_revision": "a0d554a64d88156834ff5ae9920b964011b16384",
  "mteb_dataset_name": "STS12",
  "mteb_version": "1.1.2.dev0",
  "test": {
    "cos_sim": {
      "pearson": 0.42367016829328613,
      "spearman": 0.4393358931169432
    },
    "euclidean": {
      "pearson": 0.4554946882809926,
      "spearman": 0.4440510739253909
    },
    "evaluation_time": 0.39,
    "manhattan": {
      "pearson": 0.4554531685003069,
      "spearman": 0.4437543533815815
    }
  }
}