{
  "dataset_revision": null,
  "mteb_dataset_name": "InstructSTSBenchmark",
  "mteb_version": "1.1.2.dev0",
  "test": {
    "cos_sim": {
      "pearson": 0.07356727517459546,
      "spearman": 0.07658986812421238
    },
    "euclidean": {
      "pearson": 0.06861049945538679,
      "spearman": 0.07658440181869623
    },
    "evaluation_time": 0.05,
    "manhattan": {
      "pearson": 0.06875383422265396,
      "spearman": 0.07672375713996521
    }
  }
}