{
  "dataset_revision": "b0fddb56ed78048fa8b90373c8a3cfc37b684831",
  "mteb_dataset_name": "STSBenchmark",
  "mteb_version": "1.1.2.dev0",
  "test": {
    "cos_sim": {
      "pearson": 0.22633892288867094,
      "spearman": 0.18401865607537315
    },
    "euclidean": {
      "pearson": 0.22395818977594217,
      "spearman": 0.17862342577525217
    },
    "evaluation_time": 0.04,
    "manhattan": {
      "pearson": 0.24143258954004337,
      "spearman": 0.17675173236075936
    }
  }
}