{
  "dataset_revision": "b0fddb56ed78048fa8b90373c8a3cfc37b684831",
  "mteb_dataset_name": "STSBenchmark",
  "mteb_version": "1.1.2.dev0",
  "test": {
    "cos_sim": {
      "pearson": 0.11982661244594096,
      "spearman": 0.19727899627722664
    },
    "euclidean": {
      "pearson": 0.1412935128483691,
      "spearman": 0.23579551762422465
    },
    "evaluation_time": 0.03,
    "manhattan": {
      "pearson": 0.2736897877644801,
      "spearman": 0.3010556760515221
    }
  }
}