{
  "dataset_revision": "b0fddb56ed78048fa8b90373c8a3cfc37b684831",
  "mteb_dataset_name": "STSBenchmark",
  "mteb_version": "1.1.2.dev0",
  "test": {
    "cos_sim": {
      "pearson": 0.4525978807609263,
      "spearman": 0.46098097769406715
    },
    "euclidean": {
      "pearson": 0.4892030128349479,
      "spearman": 0.4928877590463853
    },
    "evaluation_time": 0.05,
    "manhattan": {
      "pearson": 0.49527605018258264,
      "spearman": 0.4981596803374091
    }
  }
}