{
  "dataset_revision": "b0fddb56ed78048fa8b90373c8a3cfc37b684831",
  "mteb_dataset_name": "STSBenchmark",
  "mteb_version": "1.1.2.dev0",
  "test": {
    "cos_sim": {
      "pearson": 0.13836164731344763,
      "spearman": 0.09359234335284355
    },
    "euclidean": {
      "pearson": 0.149255776070301,
      "spearman": 0.09189185822039038
    },
    "evaluation_time": 0.27,
    "manhattan": {
      "pearson": 0.1483047100536203,
      "spearman": 0.08953432488209744
    }
  }
}