{
  "dataset_revision": "a0d554a64d88156834ff5ae9920b964011b16384",
  "mteb_dataset_name": "STS12",
  "mteb_version": "1.1.2.dev0",
  "test": {
    "cos_sim": {
      "pearson": 0.05433795312073457,
      "spearman": 0.17063613934715557
    },
    "euclidean": {
      "pearson": 0.08098086954818647,
      "spearman": 0.16969013258390608
    },
    "evaluation_time": 0.39,
    "manhattan": {
      "pearson": 0.07840793924705643,
      "spearman": 0.16662706364648572
    }
  }
}