{
  "dataset_revision": null,
  "mteb_dataset_name": "InstructSTSBenchmark",
  "mteb_version": "1.1.2.dev0",
  "test": {
    "cos_sim": {
      "pearson": 0.08041562807650152,
      "spearman": 0.12661205068336795
    },
    "euclidean": {
      "pearson": 0.10091345271192856,
      "spearman": 0.11891426310528336
    },
    "evaluation_time": 0.15,
    "manhattan": {
      "pearson": 0.10402847452423954,
      "spearman": 0.12226061243526297
    }
  }
}