{
  "dataset_revision": "b0fddb56ed78048fa8b90373c8a3cfc37b684831",
  "mteb_dataset_name": "STSBenchmark",
  "mteb_version": "1.1.2.dev0",
  "test": {
    "cos_sim": {
      "pearson": 0.46156804240921356,
      "spearman": 0.46071462764150134
    },
    "euclidean": {
      "pearson": 0.4668007847352681,
      "spearman": 0.4758291216838442
    },
    "evaluation_time": 0.07,
    "manhattan": {
      "pearson": 0.505667674759098,
      "spearman": 0.5056579159181779
    }
  }
}