{
  "dataset_revision": "b0fddb56ed78048fa8b90373c8a3cfc37b684831",
  "mteb_dataset_name": "STSBenchmark",
  "mteb_version": "1.1.2.dev0",
  "test": {
    "cos_sim": {
      "pearson": 0.024308954282959986,
      "spearman": 0.06828710473655077
    },
    "euclidean": {
      "pearson": 0.023080471457903033,
      "spearman": 0.039668308196473774
    },
    "evaluation_time": 0.05,
    "manhattan": {
      "pearson": 0.058618977663634136,
      "spearman": 0.06739273205637239
    }
  }
}