{
  "dataset_revision": "b0fddb56ed78048fa8b90373c8a3cfc37b684831",
  "mteb_dataset_name": "STSBenchmark",
  "mteb_version": "1.1.2.dev0",
  "test": {
    "cos_sim": {
      "pearson": -0.018369837021688006,
      "spearman": -0.02091980435450439
    },
    "euclidean": {
      "pearson": -0.017985102936157096,
      "spearman": -0.020919482485049625
    },
    "evaluation_time": 30.45,
    "manhattan": {
      "pearson": -0.012941439831664667,
      "spearman": -0.009678208674526931
    }
  }
}