{
  "dataset_revision": "b0fddb56ed78048fa8b90373c8a3cfc37b684831",
  "mteb_dataset_name": "STSBenchmark",
  "mteb_version": "1.1.2.dev0",
  "test": {
    "cos_sim": {
      "pearson": 0.2211502567188898,
      "spearman": 0.23246358432453412
    },
    "euclidean": {
      "pearson": 0.24877593879517526,
      "spearman": 0.24925334411208105
    },
    "evaluation_time": 0.04,
    "manhattan": {
      "pearson": 0.2572287543262519,
      "spearman": 0.25795967095870964
    }
  }
}