{
  "dataset_revision": "b0fddb56ed78048fa8b90373c8a3cfc37b684831",
  "mteb_dataset_name": "STSBenchmark",
  "mteb_version": "1.1.2.dev0",
  "test": {
    "cos_sim": {
      "pearson": 0.2379713605754506,
      "spearman": 0.30254300611597856
    },
    "euclidean": {
      "pearson": 0.33674657654911305,
      "spearman": 0.3494435781630267
    },
    "evaluation_time": 0.08,
    "manhattan": {
      "pearson": 0.35737269164035507,
      "spearman": 0.3671332549495291
    }
  }
}