{
  "dataset_revision": "b0fddb56ed78048fa8b90373c8a3cfc37b684831",
  "mteb_dataset_name": "STSBenchmark",
  "mteb_version": "1.1.2.dev0",
  "test": {
    "cos_sim": {
      "pearson": 0.1739051606489501,
      "spearman": 0.3370899485821646
    },
    "euclidean": {
      "pearson": 0.24240737144902058,
      "spearman": 0.36093087783937
    },
    "evaluation_time": 0.05,
    "manhattan": {
      "pearson": 0.24776080976473702,
      "spearman": 0.37013058283168204
    }
  }
}