{
  "dataset_revision": "b0fddb56ed78048fa8b90373c8a3cfc37b684831",
  "mteb_dataset_name": "STSBenchmark",
  "mteb_version": "1.1.2.dev0",
  "test": {
    "cos_sim": {
      "pearson": 0.4307331681923532,
      "spearman": 0.4365501593906289
    },
    "euclidean": {
      "pearson": 0.4437415756957589,
      "spearman": 0.4361057171536422
    },
    "evaluation_time": 0.03,
    "manhattan": {
      "pearson": 0.47738861776935765,
      "spearman": 0.46922667496682424
    }
  }
}