{
  "dataset_revision": "b0fddb56ed78048fa8b90373c8a3cfc37b684831",
  "mteb_dataset_name": "STSBenchmark",
  "mteb_version": "1.1.2.dev0",
  "test": {
    "cos_sim": {
      "pearson": 0.5194866235101621,
      "spearman": 0.5640312062441741
    },
    "euclidean": {
      "pearson": 0.5938468367185575,
      "spearman": 0.5967756795240372
    },
    "evaluation_time": 0.07,
    "manhattan": {
      "pearson": 0.6130577290850254,
      "spearman": 0.6137107006785149
    }
  }
}