{
  "dataset_revision": "b0fddb56ed78048fa8b90373c8a3cfc37b684831",
  "mteb_dataset_name": "STSBenchmark",
  "mteb_version": "1.1.2.dev0",
  "test": {
    "cos_sim": {
      "pearson": 0.007448274855664584,
      "spearman": 0.009353804466163454
    },
    "euclidean": {
      "pearson": 0.01297123947730802,
      "spearman": 0.009496006333997435
    },
    "evaluation_time": 0.03,
    "manhattan": {
      "pearson": 0.01494890308243446,
      "spearman": 0.013109937551255635
    }
  }
}