{
  "dataset_revision": "b0fddb56ed78048fa8b90373c8a3cfc37b684831",
  "mteb_dataset_name": "STSBenchmark",
  "mteb_version": "1.1.2.dev0",
  "test": {
    "cos_sim": {
      "pearson": 0.3484427269678885,
      "spearman": 0.36566657294202526
    },
    "euclidean": {
      "pearson": 0.4110749125370798,
      "spearman": 0.4096011794218122
    },
    "evaluation_time": 0.05,
    "manhattan": {
      "pearson": 0.4161787355822323,
      "spearman": 0.4138683562587427
    }
  }
}