{
  "dataset_revision": "b0fddb56ed78048fa8b90373c8a3cfc37b684831",
  "mteb_dataset_name": "STSBenchmark",
  "mteb_version": "1.1.2.dev0",
  "test": {
    "cos_sim": {
      "pearson": 0.23671706275572849,
      "spearman": 0.28119117437454505
    },
    "euclidean": {
      "pearson": 0.3121044836668765,
      "spearman": 0.3242672407809966
    },
    "evaluation_time": 0.03,
    "manhattan": {
      "pearson": 0.3201211749660344,
      "spearman": 0.3307242133217402
    }
  }
}