{
  "dataset_revision": "b0fddb56ed78048fa8b90373c8a3cfc37b684831",
  "mteb_dataset_name": "STSBenchmark",
  "mteb_version": "1.1.2.dev0",
  "test": {
    "cos_sim": {
      "pearson": 0.0971296660967679,
      "spearman": 0.121783223975844
    },
    "euclidean": {
      "pearson": 0.11447367871048932,
      "spearman": 0.12149907977561535
    },
    "evaluation_time": 0.03,
    "manhattan": {
      "pearson": 0.1493410849619745,
      "spearman": 0.15043010138660806
    }
  }
}