{
  "dataset_revision": "b0fddb56ed78048fa8b90373c8a3cfc37b684831",
  "mteb_dataset_name": "STSBenchmark",
  "mteb_version": "1.1.2.dev0",
  "test": {
    "cos_sim": {
      "pearson": 0.15799510493850147,
      "spearman": 0.1878930221792674
    },
    "euclidean": {
      "pearson": 0.16465031434481692,
      "spearman": 0.17315847485056657
    },
    "evaluation_time": 0.03,
    "manhattan": {
      "pearson": 0.19035762829133285,
      "spearman": 0.20035692985513764
    }
  }
}