{
  "dataset_revision": "b0fddb56ed78048fa8b90373c8a3cfc37b684831",
  "mteb_dataset_name": "STSBenchmark",
  "mteb_version": "1.1.2.dev0",
  "test": {
    "cos_sim": {
      "pearson": 0.0058557156053800985,
      "spearman": 0.12674232319394937
    },
    "euclidean": {
      "pearson": 0.011307282149237336,
      "spearman": 0.11373752975818102
    },
    "evaluation_time": 0.03,
    "manhattan": {
      "pearson": 0.08427228820312294,
      "spearman": 0.11183239210443527
    }
  }
}