{
  "dataset_revision": null,
  "mteb_dataset_name": "InstructSTSBenchmark",
  "mteb_version": "1.1.2.dev0",
  "test": {
    "cos_sim": {
      "pearson": -0.010599323765033449,
      "spearman": -0.026804039532722403
    },
    "euclidean": {
      "pearson": 0.021743632868170184,
      "spearman": -0.0465779219343196
    },
    "evaluation_time": 0.12,
    "manhattan": {
      "pearson": -0.006411274464052717,
      "spearman": -0.036136291914065186
    }
  }
}