{
  "dataset_revision": "a0d554a64d88156834ff5ae9920b964011b16384",
  "mteb_dataset_name": "STS12",
  "mteb_version": "1.1.2.dev0",
  "test": {
    "cos_sim": {
      "pearson": 0.11932717343512801,
      "spearman": 0.1018194904844116
    },
    "euclidean": {
      "pearson": 0.07242425636357717,
      "spearman": 0.042821632484124406
    },
    "evaluation_time": 0.36,
    "manhattan": {
      "pearson": 0.07625607547399411,
      "spearman": 0.04706173962402708
    }
  }
}