{
  "dataset_revision": "b0fddb56ed78048fa8b90373c8a3cfc37b684831",
  "mteb_dataset_name": "STSBenchmark",
  "mteb_version": "1.1.2.dev0",
  "test": {
    "cos_sim": {
      "pearson": 0.10082723262689157,
      "spearman": 0.07253418097783403
    },
    "euclidean": {
      "pearson": 0.10270505519238128,
      "spearman": 0.08533647436520898
    },
    "evaluation_time": 0.06,
    "manhattan": {
      "pearson": 0.10660597200256276,
      "spearman": 0.08800990184911273
    }
  }
}