{
  "dataset_revision": "b0fddb56ed78048fa8b90373c8a3cfc37b684831",
  "mteb_dataset_name": "STSBenchmark",
  "mteb_version": "1.1.2.dev0",
  "test": {
    "cos_sim": {
      "pearson": 0.36382417736167577,
      "spearman": 0.37862653956206854
    },
    "euclidean": {
      "pearson": 0.3999119926332255,
      "spearman": 0.40567989374784574
    },
    "evaluation_time": 0.05,
    "manhattan": {
      "pearson": 0.42963912570911955,
      "spearman": 0.4256636625132513
    }
  }
}