{
  "dataset_revision": "b0fddb56ed78048fa8b90373c8a3cfc37b684831",
  "mteb_dataset_name": "STSBenchmark",
  "mteb_version": "1.1.2.dev0",
  "test": {
    "cos_sim": {
      "pearson": 0.5512759357085371,
      "spearman": 0.5775731251270757
    },
    "euclidean": {
      "pearson": 0.47101582439179923,
      "spearman": 0.5372265635248249
    },
    "evaluation_time": 0.05,
    "manhattan": {
      "pearson": 0.5359559130575408,
      "spearman": 0.5388731710334483
    }
  }
}