{
  "dataset_revision": "b0fddb56ed78048fa8b90373c8a3cfc37b684831",
  "mteb_dataset_name": "STSBenchmark",
  "mteb_version": "1.1.2.dev0",
  "test": {
    "cos_sim": {
      "pearson": 0.09649263956741075,
      "spearman": 0.17742839431271826
    },
    "euclidean": {
      "pearson": 0.15575067206673618,
      "spearman": 0.21116948800921967
    },
    "evaluation_time": 0.04,
    "manhattan": {
      "pearson": 0.19096719217675284,
      "spearman": 0.23249286486304316
    }
  }
}