{
  "dataset_revision": "b0fddb56ed78048fa8b90373c8a3cfc37b684831",
  "mteb_dataset_name": "STSBenchmark",
  "mteb_version": "1.1.2.dev0",
  "test": {
    "cos_sim": {
      "pearson": 0.15823013752769838,
      "spearman": 0.20745188659842542
    },
    "euclidean": {
      "pearson": 0.274955292903173,
      "spearman": 0.27763973291416205
    },
    "evaluation_time": 0.31,
    "manhattan": {
      "pearson": 0.3123718948227016,
      "spearman": 0.30928535962395975
    }
  }
}