{
  "dataset_revision": "b0fddb56ed78048fa8b90373c8a3cfc37b684831",
  "mteb_dataset_name": "STSBenchmark",
  "mteb_version": "1.1.2.dev0",
  "test": {
    "cos_sim": {
      "pearson": 0.123385585564727,
      "spearman": 0.10970770299247311
    },
    "euclidean": {
      "pearson": 0.15921222418401104,
      "spearman": 0.12129957994293586
    },
    "evaluation_time": 0.08,
    "manhattan": {
      "pearson": 0.16325441697911194,
      "spearman": 0.12327404838858624
    }
  }
}