{
  "dataset_revision": "b0fddb56ed78048fa8b90373c8a3cfc37b684831",
  "mteb_dataset_name": "STSBenchmark",
  "mteb_version": "1.1.2.dev0",
  "test": {
    "cos_sim": {
      "pearson": 0.024858431047633484,
      "spearman": 0.058070575614414185
    },
    "euclidean": {
      "pearson": 7.203702422755491e-05,
      "spearman": -0.003362188456030714
    },
    "evaluation_time": 0.05,
    "manhattan": {
      "pearson": -0.0013341321583837892,
      "spearman": -0.007258677130638306
    }
  }
}