{
  "dataset_revision": "b0fddb56ed78048fa8b90373c8a3cfc37b684831",
  "mteb_dataset_name": "STSBenchmark",
  "mteb_version": "1.1.2.dev0",
  "test": {
    "cos_sim": {
      "pearson": 0.22433081169937047,
      "spearman": 0.16477619357037165
    },
    "euclidean": {
      "pearson": 0.24091423110125518,
      "spearman": 0.17687379387494304
    },
    "evaluation_time": 0.07,
    "manhattan": {
      "pearson": 0.24656549458057642,
      "spearman": 0.18981330102069063
    }
  }
}