{
  "dataset_revision": "b0fddb56ed78048fa8b90373c8a3cfc37b684831",
  "mteb_dataset_name": "STSBenchmark",
  "mteb_version": "1.1.2.dev0",
  "test": {
    "cos_sim": {
      "pearson": 0.4071978061659103,
      "spearman": 0.41975734268466036
    },
    "euclidean": {
      "pearson": 0.41535148995087273,
      "spearman": 0.42527815849428396
    },
    "evaluation_time": 0.03,
    "manhattan": {
      "pearson": 0.42115856541868435,
      "spearman": 0.430848994759724
    }
  }
}