{
  "dataset_revision": "b0fddb56ed78048fa8b90373c8a3cfc37b684831",
  "mteb_dataset_name": "STSBenchmark",
  "mteb_version": "1.1.2.dev0",
  "test": {
    "cos_sim": {
      "pearson": 0.3897930084466058,
      "spearman": 0.39241961081387894
    },
    "euclidean": {
      "pearson": 0.3684658823516562,
      "spearman": 0.3635782042825655
    },
    "evaluation_time": 0.03,
    "manhattan": {
      "pearson": 0.3707026637626566,
      "spearman": 0.36653251940044507
    }
  }
}