{
  "dataset_revision": null,
  "mteb_dataset_name": "InstructSTSBenchmark",
  "mteb_version": "1.1.2.dev0",
  "test": {
    "cos_sim": {
      "pearson": 0.1980032194602208,
      "spearman": 0.2064999931487654
    },
    "euclidean": {
      "pearson": 0.20597591398111478,
      "spearman": 0.20154923572847874
    },
    "evaluation_time": 0.07,
    "manhattan": {
      "pearson": 0.20664017553427597,
      "spearman": 0.20243364106322964
    }
  }
}