{
  "dataset_revision": "b0fddb56ed78048fa8b90373c8a3cfc37b684831",
  "mteb_dataset_name": "STSBenchmark",
  "mteb_version": "1.1.2.dev0",
  "test": {
    "cos_sim": {
      "pearson": 0.33239050982243973,
      "spearman": 0.3512029575939579
    },
    "euclidean": {
      "pearson": 0.3491332452687819,
      "spearman": 0.34824664497219343
    },
    "evaluation_time": 0.05,
    "manhattan": {
      "pearson": 0.34710868240540416,
      "spearman": 0.3470262044592656
    }
  }
}