{
  "dataset_revision": "b0fddb56ed78048fa8b90373c8a3cfc37b684831",
  "mteb_dataset_name": "STSBenchmark",
  "mteb_version": "1.1.2.dev0",
  "test": {
    "cos_sim": {
      "pearson": 0.1343061511886793,
      "spearman": 0.2217027883966743
    },
    "euclidean": {
      "pearson": 0.12053383940160398,
      "spearman": 0.16455958255921402
    },
    "evaluation_time": 0.07,
    "manhattan": {
      "pearson": 0.34255651305151313,
      "spearman": 0.3457123600232804
    }
  }
}