{
  "dataset_revision": "b0fddb56ed78048fa8b90373c8a3cfc37b684831",
  "mteb_dataset_name": "STSBenchmark",
  "mteb_version": "1.1.2.dev0",
  "test": {
    "cos_sim": {
      "pearson": 0.7731673595246581,
      "spearman": 0.7947098471878987
    },
    "euclidean": {
      "pearson": 0.8030215529620041,
      "spearman": 0.7949812692812923
    },
    "evaluation_time": 0.04,
    "manhattan": {
      "pearson": 0.8025619436788124,
      "spearman": 0.7944727762625251
    }
  }
}