{
  "dataset_revision": null,
  "mteb_dataset_name": "InstructSTSBenchmark",
  "mteb_version": "1.1.2.dev0",
  "test": {
    "cos_sim": {
      "pearson": 0.006497508372839837,
      "spearman": 0.011015903438994286
    },
    "euclidean": {
      "pearson": -0.06843134666860141,
      "spearman": -0.06754497736058221
    },
    "evaluation_time": 0.13,
    "manhattan": {
      "pearson": -0.08112013034909482,
      "spearman": -0.07654569159128095
    }
  }
}