{
  "dataset_revision": "b0fddb56ed78048fa8b90373c8a3cfc37b684831",
  "mteb_dataset_name": "STSBenchmark",
  "mteb_version": "1.1.2.dev0",
  "test": {
    "cos_sim": {
      "pearson": 0.22434608013276833,
      "spearman": 0.347397542081883
    },
    "euclidean": {
      "pearson": 0.28576016000313786,
      "spearman": 0.3553345790525726
    },
    "evaluation_time": 0.03,
    "manhattan": {
      "pearson": 0.30654387038289116,
      "spearman": 0.36139944753657494
    }
  }
}