{
  "dataset_revision": "b0fddb56ed78048fa8b90373c8a3cfc37b684831",
  "mteb_dataset_name": "STSBenchmark",
  "mteb_version": "1.1.2.dev0",
  "test": {
    "cos_sim": {
      "pearson": 0.3917470073550096,
      "spearman": 0.4161801755950788
    },
    "euclidean": {
      "pearson": 0.4068364032041165,
      "spearman": 0.41556418207983226
    },
    "evaluation_time": 0.02,
    "manhattan": {
      "pearson": 0.4233660122887075,
      "spearman": 0.43058306953013575
    }
  }
}