{
    "dataset_revision": null,
    "mteb_dataset_name": "IntentEmotion",
    "mteb_version": "1.1.2.dev0",
    "test": {
        "Emotion_success_rate": 0.6079545454545454,
        "Intent_success_rate": 0.6433441558441558,
        "evaluation_time": 1062.28,
        "harmonic_mean": 0.6251489107958462
    }
}