{
  "dataset_revision": "b0fddb56ed78048fa8b90373c8a3cfc37b684831",
  "mteb_dataset_name": "STSBenchmark",
  "mteb_version": "1.1.2.dev0",
  "test": {
    "cos_sim": {
      "pearson": 0.03244817609736218,
      "spearman": 0.08401783298836231
    },
    "euclidean": {
      "pearson": 0.05015987798383421,
      "spearman": 0.08390335590869603
    },
    "evaluation_time": 0.03,
    "manhattan": {
      "pearson": 0.0697395134061673,
      "spearman": 0.0976371309861908
    }
  }
}