{
  "dataset_revision": "b0fddb56ed78048fa8b90373c8a3cfc37b684831",
  "mteb_dataset_name": "STSBenchmark",
  "mteb_version": "1.1.2.dev0",
  "test": {
    "cos_sim": {
      "pearson": 0.7252910720308048,
      "spearman": 0.73011757428267
    },
    "euclidean": {
      "pearson": 0.7416811815682655,
      "spearman": 0.7320838532099897
    },
    "evaluation_time": 0.03,
    "manhattan": {
      "pearson": 0.743487936356071,
      "spearman": 0.7334815561576922
    }
  }
}