{
  "dataset_revision": "b0fddb56ed78048fa8b90373c8a3cfc37b684831",
  "mteb_dataset_name": "STSBenchmark",
  "mteb_version": "1.1.2.dev0",
  "test": {
    "cos_sim": {
      "pearson": 0.24942653994124594,
      "spearman": 0.3548759782225986
    },
    "euclidean": {
      "pearson": 0.3274041607729053,
      "spearman": 0.38355957695959525
    },
    "evaluation_time": 0.03,
    "manhattan": {
      "pearson": 0.3310201331327829,
      "spearman": 0.389378802861498
    }
  }
}