{
  "dataset_revision": "b0fddb56ed78048fa8b90373c8a3cfc37b684831",
  "mteb_dataset_name": "STSBenchmark",
  "mteb_version": "1.1.2.dev0",
  "test": {
    "cos_sim": {
      "pearson": 0.2182514574897213,
      "spearman": 0.3366583358449086
    },
    "euclidean": {
      "pearson": 0.23009553874207023,
      "spearman": 0.2976665121302146
    },
    "evaluation_time": 0.04,
    "manhattan": {
      "pearson": 0.4431447933201305,
      "spearman": 0.4377040484784764
    }
  }
}