{
  "dataset_revision": null,
  "mteb_dataset_name": "InstructSTSBenchmark",
  "mteb_version": "1.1.2.dev0",
  "test": {
    "cos_sim": {
      "pearson": -0.007375041731678144,
      "spearman": -0.004478497930506851
    },
    "euclidean": {
      "pearson": -0.06929762284745167,
      "spearman": -0.06739560303009905
    },
    "evaluation_time": 0.12,
    "manhattan": {
      "pearson": -0.09075841959525245,
      "spearman": -0.08555095991742127
    }
  }
}