{
  "dataset_revision": "b0fddb56ed78048fa8b90373c8a3cfc37b684831",
  "mteb_dataset_name": "STSBenchmark",
  "mteb_version": "1.1.2.dev0",
  "test": {
    "cos_sim": {
      "pearson": 0.10227519524034254,
      "spearman": 0.2174513340965827
    },
    "euclidean": {
      "pearson": 0.06657389081450783,
      "spearman": 0.0860339056930979
    },
    "evaluation_time": 0.07,
    "manhattan": {
      "pearson": 0.2238384044571302,
      "spearman": 0.2604182119575174
    }
  }
}