{
  "dataset_revision": null,
  "mteb_dataset_name": "InstructSTSBenchmark",
  "mteb_version": "1.1.2.dev0",
  "test": {
    "cos_sim": {
      "pearson": 0.046535139209687326,
      "spearman": 0.05079228331466469
    },
    "euclidean": {
      "pearson": -0.12800491451315718,
      "spearman": -0.10759551431183555
    },
    "evaluation_time": 0.13,
    "manhattan": {
      "pearson": -0.021583519362574754,
      "spearman": -0.018741924382875228
    }
  }
}