{
  "dataset_revision": "b0fddb56ed78048fa8b90373c8a3cfc37b684831",
  "mteb_dataset_name": "STSBenchmark",
  "mteb_version": "1.1.2.dev0",
  "test": {
    "cos_sim": {
      "pearson": 0.2975650643966893,
      "spearman": 0.39633033509681304
    },
    "euclidean": {
      "pearson": 0.35296555005701424,
      "spearman": 0.40055062676236186
    },
    "evaluation_time": 0.03,
    "manhattan": {
      "pearson": 0.38527542298918255,
      "spearman": 0.4121307775668852
    }
  }
}