{
  "dataset_revision": "b0fddb56ed78048fa8b90373c8a3cfc37b684831",
  "mteb_dataset_name": "STSBenchmark",
  "mteb_version": "1.1.2.dev0",
  "test": {
    "cos_sim": {
      "pearson": 0.11682129826026778,
      "spearman": 0.2002944739609521
    },
    "euclidean": {
      "pearson": 0.10252980277846956,
      "spearman": 0.14147276252083144
    },
    "evaluation_time": 0.09,
    "manhattan": {
      "pearson": 0.2742087572370792,
      "spearman": 0.2840268140779246
    }
  }
}