{
  "dataset_revision": null,
  "mteb_dataset_name": "InstructSTSBenchmark",
  "mteb_version": "1.1.2.dev0",
  "test": {
    "cos_sim": {
      "pearson": -0.08745121809877444,
      "spearman": -0.06497692295967014
    },
    "euclidean": {
      "pearson": -0.11518179292562065,
      "spearman": -0.0958605211780243
    },
    "evaluation_time": 0.08,
    "manhattan": {
      "pearson": -0.1154244944395357,
      "spearman": -0.09755919877772608
    }
  }
}