{
  "dataset_revision": "b0fddb56ed78048fa8b90373c8a3cfc37b684831",
  "mteb_dataset_name": "STSBenchmark",
  "mteb_version": "1.1.2.dev0",
  "test": {
    "cos_sim": {
      "pearson": 0.3397059753547389,
      "spearman": 0.35551585940227154
    },
    "euclidean": {
      "pearson": 0.4187484408906924,
      "spearman": 0.4151620474550212
    },
    "evaluation_time": 0.07,
    "manhattan": {
      "pearson": 0.44133597383890705,
      "spearman": 0.4356753444043542
    }
  }
}