{
  "dataset_revision": "b0fddb56ed78048fa8b90373c8a3cfc37b684831",
  "mteb_dataset_name": "STSBenchmark",
  "mteb_version": "1.1.2.dev0",
  "test": {
    "cos_sim": {
      "pearson": 0.3425983539290691,
      "spearman": 0.3681512060357315
    },
    "euclidean": {
      "pearson": 0.37869613064385443,
      "spearman": 0.3812900047990222
    },
    "evaluation_time": 0.03,
    "manhattan": {
      "pearson": 0.39069053808477744,
      "spearman": 0.39172047758202555
    }
  }
}