{
  "dataset_revision": null,
  "mteb_dataset_name": "InstructSTSBenchmark",
  "mteb_version": "1.1.2.dev0",
  "test": {
    "cos_sim": {
      "pearson": 0.09810965111951157,
      "spearman": 0.1199234506549887
    },
    "euclidean": {
      "pearson": 0.10725059236512373,
      "spearman": 0.10959202973774358
    },
    "evaluation_time": 0.13,
    "manhattan": {
      "pearson": 0.10820303560115134,
      "spearman": 0.11026330340573352
    }
  }
}