{
  "dataset_revision": "b0fddb56ed78048fa8b90373c8a3cfc37b684831",
  "mteb_dataset_name": "STSBenchmark",
  "mteb_version": "1.1.2.dev0",
  "test": {
    "cos_sim": {
      "pearson": 0.18396648348618527,
      "spearman": 0.20873501845993914
    },
    "euclidean": {
      "pearson": 0.2007261151995845,
      "spearman": 0.2033227519169469
    },
    "evaluation_time": 0.07,
    "manhattan": {
      "pearson": 0.21565945936978587,
      "spearman": 0.2109928186285752
    }
  }
}