{
  "dataset_revision": "b0fddb56ed78048fa8b90373c8a3cfc37b684831",
  "mteb_dataset_name": "STSBenchmark",
  "mteb_version": "1.1.2.dev0",
  "test": {
    "cos_sim": {
      "pearson": 0.27352887603701836,
      "spearman": 0.2592246842131421
    },
    "euclidean": {
      "pearson": 0.29981490493421054,
      "spearman": 0.25951728188082923
    },
    "evaluation_time": 0.03,
    "manhattan": {
      "pearson": 0.3019721114164101,
      "spearman": 0.2619613515826114
    }
  }
}