{
  "dataset_revision": "b0fddb56ed78048fa8b90373c8a3cfc37b684831",
  "mteb_dataset_name": "STSBenchmark",
  "mteb_version": "1.1.2.dev0",
  "test": {
    "cos_sim": {
      "pearson": 0.022368860158339488,
      "spearman": 0.2314235818847182
    },
    "euclidean": {
      "pearson": 0.10912844134461118,
      "spearman": 0.20817083609695886
    },
    "evaluation_time": 0.04,
    "manhattan": {
      "pearson": 0.21639963431501905,
      "spearman": 0.22207862550115112
    }
  }
}