{
  "dataset_revision": "b0fddb56ed78048fa8b90373c8a3cfc37b684831",
  "mteb_dataset_name": "STSBenchmark",
  "mteb_version": "1.1.2.dev0",
  "test": {
    "cos_sim": {
      "pearson": 0.08089216105263976,
      "spearman": 0.16956654003456906
    },
    "euclidean": {
      "pearson": 0.10369734062020117,
      "spearman": 0.17759347273531736
    },
    "evaluation_time": 0.04,
    "manhattan": {
      "pearson": 0.18061496502068747,
      "spearman": 0.2523774616611042
    }
  }
}