{
  "dataset_revision": null,
  "mteb_dataset_name": "InstructSTSBenchmark",
  "mteb_version": "1.1.2.dev0",
  "test": {
    "cos_sim": {
      "pearson": -0.048978625711741296,
      "spearman": -0.04309207084579933
    },
    "euclidean": {
      "pearson": -0.1297829560486951,
      "spearman": -0.11005836915810793
    },
    "evaluation_time": 0.1,
    "manhattan": {
      "pearson": -0.14260572720639536,
      "spearman": -0.13096166718466284
    }
  }
}