{
  "dataset_revision": null,
  "mteb_dataset_name": "InstructSTSBenchmark",
  "mteb_version": "1.1.2.dev0",
  "test": {
    "cos_sim": {
      "pearson": 0.0023481907656367363,
      "spearman": 0.04645313978568493
    },
    "euclidean": {
      "pearson": 0.017369619206983773,
      "spearman": 0.0454448630017809
    },
    "evaluation_time": 0.15,
    "manhattan": {
      "pearson": 0.017586465711930434,
      "spearman": 0.04572084118553942
    }
  }
}