{
  "dataset_revision": "b0fddb56ed78048fa8b90373c8a3cfc37b684831",
  "mteb_dataset_name": "STSBenchmark",
  "mteb_version": "1.1.2.dev0",
  "test": {
    "cos_sim": {
      "pearson": 0.07685285381144305,
      "spearman": 0.41762360429164486
    },
    "euclidean": {
      "pearson": 0.22462135377443856,
      "spearman": 0.4180155293846445
    },
    "evaluation_time": 0.07,
    "manhattan": {
      "pearson": 0.2371623491196292,
      "spearman": 0.4259004095890784
    }
  }
}