{
  "dataset_revision": "b0fddb56ed78048fa8b90373c8a3cfc37b684831",
  "mteb_dataset_name": "STSBenchmark",
  "mteb_version": "1.1.2.dev0",
  "test": {
    "cos_sim": {
      "pearson": 0.3899421388161526,
      "spearman": 0.41926295301629896
    },
    "euclidean": {
      "pearson": 0.366959990181975,
      "spearman": 0.3919023558084607
    },
    "evaluation_time": 0.05,
    "manhattan": {
      "pearson": 0.45905262989782414,
      "spearman": 0.45284618101033713
    }
  }
}