{
  "dataset_revision": null,
  "mteb_dataset_name": "InstructSTSBenchmark",
  "mteb_version": "1.1.2.dev0",
  "test": {
    "cos_sim": {
      "pearson": 0.045810167369626294,
      "spearman": 0.10107587158123113
    },
    "euclidean": {
      "pearson": -0.012379158839586188,
      "spearman": 0.01948150947990443
    },
    "evaluation_time": 0.13,
    "manhattan": {
      "pearson": 0.028496807077032255,
      "spearman": 0.050541806612747084
    }
  }
}