{
  "dataset_revision": null,
  "mteb_dataset_name": "InstructSTSBenchmark",
  "mteb_version": "1.1.2.dev0",
  "test": {
    "cos_sim": {
      "pearson": 0.03334000467133516,
      "spearman": 0.06263247464359764
    },
    "euclidean": {
      "pearson": 0.048143920293565054,
      "spearman": 0.05547389198318384
    },
    "evaluation_time": 0.14,
    "manhattan": {
      "pearson": 0.04805037422788381,
      "spearman": 0.05579905439771122
    }
  }
}