{
  "dataset_revision": "b0fddb56ed78048fa8b90373c8a3cfc37b684831",
  "mteb_dataset_name": "STSBenchmark",
  "mteb_version": "1.1.2.dev0",
  "test": {
    "cos_sim": {
      "pearson": 0.2926144680058884,
      "spearman": 0.26356263728577345
    },
    "euclidean": {
      "pearson": 0.3103110977147116,
      "spearman": 0.26380812638993695
    },
    "evaluation_time": 0.03,
    "manhattan": {
      "pearson": 0.3127201765935459,
      "spearman": 0.2674627544581341
    }
  }
}