{
  "dataset_revision": null,
  "mteb_dataset_name": "InstructSTSBenchmark",
  "mteb_version": "1.1.2.dev0",
  "test": {
    "cos_sim": {
      "pearson": 0.025835687024541473,
      "spearman": 0.015469351393678133
    },
    "euclidean": {
      "pearson": 0.014405363931687173,
      "spearman": -0.0033937119230503486
    },
    "evaluation_time": 0.11,
    "manhattan": {
      "pearson": 0.016410132522718536,
      "spearman": -0.00035521944439086616
    }
  }
}