{
    "test": {
        "NYTTopicClustering": 0.015333771720558005,
        "NYTLocationClustering": 0.030995666453190247,
        "harmonic_mean": 0.020517439907534605
    }
}