{
  "dataset_revision": "b0fddb56ed78048fa8b90373c8a3cfc37b684831",
  "mteb_dataset_name": "STSBenchmark",
  "mteb_version": "1.1.2.dev0",
  "test": {
    "cos_sim": {
      "pearson": 0.24213303500357572,
      "spearman": 0.25402193738355766
    },
    "euclidean": {
      "pearson": 0.25691396800625754,
      "spearman": 0.2540337878188065
    },
    "evaluation_time": 0.03,
    "manhattan": {
      "pearson": 0.2570453843551731,
      "spearman": 0.2538134874218885
    }
  }
}