{
  "dataset_revision": null,
  "mteb_dataset_name": "InstructSTSBenchmark",
  "mteb_version": "1.1.2.dev0",
  "test": {
    "cos_sim": {
      "pearson": 0.08505116399988757,
      "spearman": 0.11128979654994334
    },
    "euclidean": {
      "pearson": 0.06766283945404462,
      "spearman": 0.07457832236052712
    },
    "evaluation_time": 0.12,
    "manhattan": {
      "pearson": 0.06635226256819116,
      "spearman": 0.07326401041609297
    }
  }
}