{
  "dataset_revision": "a0d554a64d88156834ff5ae9920b964011b16384",
  "mteb_dataset_name": "STS12",
  "mteb_version": "1.1.2.dev0",
  "test": {
    "cos_sim": {
      "pearson": 0.10046746847261795,
      "spearman": 0.22463728951465664
    },
    "euclidean": {
      "pearson": 0.13984205219448595,
      "spearman": 0.2380924314532811
    },
    "evaluation_time": 0.44,
    "manhattan": {
      "pearson": 0.1453330834787614,
      "spearman": 0.24777283684387558
    }
  }
}