{
  "dataset_revision": null,
  "mteb_dataset_name": "InstructSTSBenchmark",
  "mteb_version": "1.1.2.dev0",
  "test": {
    "cos_sim": {
      "pearson": -0.0016443954908985183,
      "spearman": -0.008586291577440825
    },
    "euclidean": {
      "pearson": -0.078080741700718,
      "spearman": -0.0696881346554493
    },
    "evaluation_time": 0.11,
    "manhattan": {
      "pearson": -0.027639440743642156,
      "spearman": -0.035702742022985165
    }
  }
}