{
    "test": {
        "NYTTopicClustering": 0.28005799871265324,
        "NYTLocationClustering": 0.2722093725863078,
        "harmonic_mean": 0.27607792471945486
    }
}