{
  "dataset_revision": "b0fddb56ed78048fa8b90373c8a3cfc37b684831",
  "mteb_dataset_name": "STSBenchmark",
  "mteb_version": "1.1.2.dev0",
  "test": {
    "cos_sim": {
      "pearson": 0.3156232663849205,
      "spearman": 0.3274776010159837
    },
    "euclidean": {
      "pearson": 0.39451349570663075,
      "spearman": 0.3764987285827895
    },
    "evaluation_time": 0.07,
    "manhattan": {
      "pearson": 0.40354348334907375,
      "spearman": 0.38569231807622706
    }
  }
}