{
    "dataset_revision": null,
    "mteb_dataset_name": "IntentEmotion",
    "mteb_version": "1.1.2.dev0",
    "test": {
        "Emotion_success_rate": 0.9689935064935065,
        "Intent_success_rate": 0.029707792207792207,
        "evaluation_time": 0.22,
        "harmonic_mean": 0.05764820209921425
    }
}