{
  "dataset_revision": "b0fddb56ed78048fa8b90373c8a3cfc37b684831",
  "mteb_dataset_name": "STSBenchmark",
  "mteb_version": "1.1.2.dev0",
  "test": {
    "cos_sim": {
      "pearson": 0.3218767300731561,
      "spearman": 0.3551380422050844
    },
    "euclidean": {
      "pearson": 0.375024391734439,
      "spearman": 0.3820846111782473
    },
    "evaluation_time": 0.04,
    "manhattan": {
      "pearson": 0.38814810113610776,
      "spearman": 0.3904805621048653
    }
  }
}