{
  "dataset_revision": "b0fddb56ed78048fa8b90373c8a3cfc37b684831",
  "mteb_dataset_name": "STSBenchmark",
  "mteb_version": "1.1.2.dev0",
  "test": {
    "cos_sim": {
      "pearson": 0.4396147824668644,
      "spearman": 0.44828374662603077
    },
    "euclidean": {
      "pearson": 0.46992527580685395,
      "spearman": 0.4731419291869731
    },
    "evaluation_time": 0.04,
    "manhattan": {
      "pearson": 0.4832874811770807,
      "spearman": 0.4837892342236816
    }
  }
}