{
  "dataset_revision": "b0fddb56ed78048fa8b90373c8a3cfc37b684831",
  "mteb_dataset_name": "STSBenchmark",
  "mteb_version": "1.1.2.dev0",
  "test": {
    "cos_sim": {
      "pearson": 0.3054025030032966,
      "spearman": 0.24721530543733738
    },
    "euclidean": {
      "pearson": 0.2981895635851603,
      "spearman": 0.24777974059818417
    },
    "evaluation_time": 0.03,
    "manhattan": {
      "pearson": 0.30032379397511766,
      "spearman": 0.25461771897052876
    }
  }
}