{
  "dataset_revision": null,
  "mteb_dataset_name": "InstructSTSBenchmark",
  "mteb_version": "1.1.2.dev0",
  "test": {
    "cos_sim": {
      "pearson": -0.024942210197585253,
      "spearman": -0.01987407475499611
    },
    "euclidean": {
      "pearson": -0.10626121210782265,
      "spearman": -0.09502712168504095
    },
    "evaluation_time": 0.11,
    "manhattan": {
      "pearson": -0.07140550804702461,
      "spearman": -0.0737303497682217
    }
  }
}