{
  "dataset_revision": "b0fddb56ed78048fa8b90373c8a3cfc37b684831",
  "mteb_dataset_name": "STSBenchmark",
  "mteb_version": "1.1.2.dev0",
  "test": {
    "cos_sim": {
      "pearson": -0.006202506161468511,
      "spearman": 0.021947647201146947
    },
    "euclidean": {
      "pearson": -0.02425604723638523,
      "spearman": -0.02231839492891694
    },
    "evaluation_time": 0.05,
    "manhattan": {
      "pearson": -0.015115662800258944,
      "spearman": -0.009940250510779462
    }
  }
}