{
  "dataset_revision": null,
  "mteb_dataset_name": "InstructSTSBenchmark",
  "mteb_version": "1.1.2.dev0",
  "test": {
    "cos_sim": {
      "pearson": -0.01711094249465315,
      "spearman": -0.027744915658614654
    },
    "euclidean": {
      "pearson": 0.021991367511638858,
      "spearman": -0.05269543835428822
    },
    "evaluation_time": 0.15,
    "manhattan": {
      "pearson": -0.006816688194548378,
      "spearman": -0.04437829383667533
    }
  }
}