{
  "dataset_revision": "a0d554a64d88156834ff5ae9920b964011b16384",
  "mteb_dataset_name": "STS12",
  "mteb_version": "1.1.2.dev0",
  "test": {
    "cos_sim": {
      "pearson": 0.08625886855203581,
      "spearman": 0.07149442057450545
    },
    "euclidean": {
      "pearson": 0.0516914862049031,
      "spearman": 0.034793983262846835
    },
    "evaluation_time": 0.4,
    "manhattan": {
      "pearson": 0.06305569149910817,
      "spearman": 0.041447280873872686
    }
  }
}