{
  "dataset_revision": "b0fddb56ed78048fa8b90373c8a3cfc37b684831",
  "mteb_dataset_name": "STSBenchmark",
  "mteb_version": "1.1.2.dev0",
  "test": {
    "cos_sim": {
      "pearson": 0.06979902358046493,
      "spearman": 0.04995506829447573
    },
    "euclidean": {
      "pearson": 0.07394696926546629,
      "spearman": 0.04892365762402241
    },
    "evaluation_time": 0.06,
    "manhattan": {
      "pearson": 0.07500128804236084,
      "spearman": 0.049550688294486556
    }
  }
}