{
  "dataset_revision": "b0fddb56ed78048fa8b90373c8a3cfc37b684831",
  "mteb_dataset_name": "STSBenchmark",
  "mteb_version": "1.1.2.dev0",
  "test": {
    "cos_sim": {
      "pearson": 0.24598061027536613,
      "spearman": 0.2116814876939146
    },
    "euclidean": {
      "pearson": 0.2678563056840593,
      "spearman": 0.21152873084884696
    },
    "evaluation_time": 0.04,
    "manhattan": {
      "pearson": 0.26911149148026314,
      "spearman": 0.21213110196877244
    }
  }
}