{
  "dataset_revision": "b0fddb56ed78048fa8b90373c8a3cfc37b684831",
  "mteb_dataset_name": "STSBenchmark",
  "mteb_version": "1.1.2.dev0",
  "test": {
    "cos_sim": {
      "pearson": 0.5507884587044756,
      "spearman": 0.573694884120135
    },
    "euclidean": {
      "pearson": 0.5659231065387758,
      "spearman": 0.5780736760580452
    },
    "evaluation_time": 0.07,
    "manhattan": {
      "pearson": 0.5756344861462205,
      "spearman": 0.5860389273248771
    }
  }
}