{
  "dataset_revision": null,
  "mteb_dataset_name": "InstructSTSBenchmark",
  "mteb_version": "1.1.2.dev0",
  "test": {
    "cos_sim": {
      "pearson": 0.08703695672143187,
      "spearman": 0.12794139112484373
    },
    "euclidean": {
      "pearson": 0.11790616583301779,
      "spearman": 0.13415135563147518
    },
    "evaluation_time": 0.15,
    "manhattan": {
      "pearson": 0.11973027427208234,
      "spearman": 0.1356587612224159
    }
  }
}