{
  "dataset_revision": "b0fddb56ed78048fa8b90373c8a3cfc37b684831",
  "mteb_dataset_name": "STSBenchmark",
  "mteb_version": "1.1.2.dev0",
  "test": {
    "cos_sim": {
      "pearson": 0.39719520287825083,
      "spearman": 0.40709343456409286
    },
    "euclidean": {
      "pearson": 0.400684374034743,
      "spearman": 0.4122227497927772
    },
    "evaluation_time": 0.03,
    "manhattan": {
      "pearson": 0.40736331860994873,
      "spearman": 0.41890655585094305
    }
  }
}