{
  "dataset_revision": "b0fddb56ed78048fa8b90373c8a3cfc37b684831",
  "mteb_dataset_name": "STSBenchmark",
  "mteb_version": "1.1.2.dev0",
  "test": {
    "cos_sim": {
      "pearson": 0.7050975475021514,
      "spearman": 0.7103120825239265
    },
    "euclidean": {
      "pearson": 0.7284339372822007,
      "spearman": 0.7121535749413913
    },
    "evaluation_time": 0.03,
    "manhattan": {
      "pearson": 0.728063870025802,
      "spearman": 0.7114610595865143
    }
  }
}