{
  "dataset_revision": null,
  "mteb_dataset_name": "InstructSTSBenchmark",
  "mteb_version": "1.1.2.dev0",
  "test": {
    "cos_sim": {
      "pearson": 0.20757258077899046,
      "spearman": 0.20287356668288434
    },
    "euclidean": {
      "pearson": 0.21089829774801794,
      "spearman": 0.20069853069999538
    },
    "evaluation_time": 0.07,
    "manhattan": {
      "pearson": 0.2115134733419824,
      "spearman": 0.20122953822848125
    }
  }
}