{
  "dataset_revision": "b0fddb56ed78048fa8b90373c8a3cfc37b684831",
  "mteb_dataset_name": "STSBenchmark",
  "mteb_version": "1.1.2.dev0",
  "test": {
    "cos_sim": {
      "pearson": 0.328164547450503,
      "spearman": 0.35190118828391836
    },
    "euclidean": {
      "pearson": 0.34689026049311067,
      "spearman": 0.3491185393829341
    },
    "evaluation_time": 0.05,
    "manhattan": {
      "pearson": 0.34703942220058437,
      "spearman": 0.34946470085032305
    }
  }
}