{
  "dataset_revision": "b0fddb56ed78048fa8b90373c8a3cfc37b684831",
  "mteb_dataset_name": "STSBenchmark",
  "mteb_version": "1.1.2.dev0",
  "test": {
    "cos_sim": {
      "pearson": 0.44413539078353337,
      "spearman": 0.46114859885490667
    },
    "euclidean": {
      "pearson": 0.45723204697492487,
      "spearman": 0.466951664647739
    },
    "evaluation_time": 0.03,
    "manhattan": {
      "pearson": 0.46112432805266634,
      "spearman": 0.469974435506554
    }
  }
}