{
  "dataset_revision": null,
  "mteb_dataset_name": "InstructSTSBenchmark",
  "mteb_version": "1.1.2.dev0",
  "test": {
    "cos_sim": {
      "pearson": -0.04052640639156506,
      "spearman": -0.04520987167053136
    },
    "euclidean": {
      "pearson": 0.003734553634403705,
      "spearman": -0.05538827498888251
    },
    "evaluation_time": 0.12,
    "manhattan": {
      "pearson": -0.03810794870247915,
      "spearman": -0.05862669224899202
    }
  }
}