{
  "dataset_revision": "b0fddb56ed78048fa8b90373c8a3cfc37b684831",
  "mteb_dataset_name": "STSBenchmark",
  "mteb_version": "1.1.2.dev0",
  "test": {
    "cos_sim": {
      "pearson": 0.2679077088158744,
      "spearman": 0.2539483235155485
    },
    "euclidean": {
      "pearson": 0.2913188257300131,
      "spearman": 0.25492874973427265
    },
    "evaluation_time": 0.03,
    "manhattan": {
      "pearson": 0.2945239870326104,
      "spearman": 0.2590184221696282
    }
  }
}