{
  "dataset_revision": "b0fddb56ed78048fa8b90373c8a3cfc37b684831",
  "mteb_dataset_name": "STSBenchmark",
  "mteb_version": "1.1.2.dev0",
  "test": {
    "cos_sim": {
      "pearson": 0.4832955469345331,
      "spearman": 0.4820909871586731
    },
    "euclidean": {
      "pearson": 0.5046085577865214,
      "spearman": 0.4975584866521691
    },
    "evaluation_time": 0.1,
    "manhattan": {
      "pearson": 0.5064889837669592,
      "spearman": 0.4990859288481289
    }
  }
}