{
  "dataset_revision": "b0fddb56ed78048fa8b90373c8a3cfc37b684831",
  "mteb_dataset_name": "STSBenchmark",
  "mteb_version": "1.1.2.dev0",
  "test": {
    "cos_sim": {
      "pearson": 0.3503397685338118,
      "spearman": 0.38355489702287654
    },
    "euclidean": {
      "pearson": 0.22332589236280548,
      "spearman": 0.2756967174502985
    },
    "evaluation_time": 0.05,
    "manhattan": {
      "pearson": 0.4183941941946008,
      "spearman": 0.4154365686120311
    }
  }
}