{
  "dataset_revision": "b0fddb56ed78048fa8b90373c8a3cfc37b684831",
  "mteb_dataset_name": "STSBenchmark",
  "mteb_version": "1.1.2.dev0",
  "test": {
    "cos_sim": {
      "pearson": 0.02471636053162156,
      "spearman": 0.05640976286759072
    },
    "euclidean": {
      "pearson": 0.007420156940570931,
      "spearman": 0.004503695494183616
    },
    "evaluation_time": 0.04,
    "manhattan": {
      "pearson": 0.007562245328547452,
      "spearman": 0.002157139261686049
    }
  }
}