{
  "dataset_revision": "b0fddb56ed78048fa8b90373c8a3cfc37b684831",
  "mteb_dataset_name": "STSBenchmark",
  "mteb_version": "1.1.2.dev0",
  "test": {
    "cos_sim": {
      "pearson": 0.24319325115367416,
      "spearman": 0.2743254925848777
    },
    "euclidean": {
      "pearson": 0.2786167501004304,
      "spearman": 0.2807951541992428
    },
    "evaluation_time": 0.06,
    "manhattan": {
      "pearson": 0.3299041922294232,
      "spearman": 0.32224148742436715
    }
  }
}