{
  "dataset_revision": "b0fddb56ed78048fa8b90373c8a3cfc37b684831",
  "mteb_dataset_name": "STSBenchmark",
  "mteb_version": "1.1.2.dev0",
  "test": {
    "cos_sim": {
      "pearson": 0.017081577863534734,
      "spearman": 0.13992730118375293
    },
    "euclidean": {
      "pearson": 0.040135960542368655,
      "spearman": 0.1276422734021075
    },
    "evaluation_time": 0.05,
    "manhattan": {
      "pearson": 0.16401050370969508,
      "spearman": 0.1464075889962739
    }
  }
}