{
  "dataset_revision": "b0fddb56ed78048fa8b90373c8a3cfc37b684831",
  "mteb_dataset_name": "STSBenchmark",
  "mteb_version": "1.1.2.dev0",
  "test": {
    "cos_sim": {
      "pearson": 0.09843250494604233,
      "spearman": 0.18518260349929797
    },
    "euclidean": {
      "pearson": 0.10270010007112283,
      "spearman": 0.13580073211251953
    },
    "evaluation_time": 0.07,
    "manhattan": {
      "pearson": 0.26272937299813903,
      "spearman": 0.2719939347958055
    }
  }
}