{
  "dataset_revision": null,
  "mteb_dataset_name": "FeedbacksClustering",
  "mteb_version": "1.1.2.dev0",
  "test": {
    "correct_instructions": [
      0.013293883587792772,
      0.028651532196660348,
      0.02124435691252177,
      0.026365225203381443,
      0.004159185355992388,
      0.07185123446834761,
      0.005684674815589583,
      0.01025339514293271,
      0.002308911373325125,
      0.07102095833544739
    ],
    "dci": -0.02310483726391984,
    "dii": -0.024176390288956774,
    "implicit_instructions": [
      0.01669355327028823,
      0.011734620947758947,
      0.0020227066122304785,
      0.0012373583482881924,
      0.12897185409293555,
      0.028985841656619764,
      0.0666915296575494,
      0.08587938296520778,
      0.06695098058435718,
      0.04924622405029966
    ],
    "incorrect_instructions": [
      0.008109124690303648,
      0.01808623095330508,
      0.0052849611898769635,
      0.0057629699907294045,
      0.017223927162793123,
      0.008488192633913401,
      0.01836812820374263,
      0.020609965721795562,
      0.015366128585745983,
      0.025413748637244965
    ]
  }
}