{
  "dataset_revision": null,
  "mteb_dataset_name": "FewEventClustering",
  "mteb_version": "1.1.2.dev0",
  "test": {
    "correct_instructions": [
      0.20376239962882411,
      0.18787991370763313,
      0.2123916603994205,
      0.23751104784423324,
      0.20937279099214842,
      0.22661254563288472,
      0.2555852592321847,
      0.2397229017269147,
      0.20192746534421802,
      0.22312467697641938
    ],
    "dci": -0.06346458462199195,
    "dii": -0.052903515235095344,
    "implicit_instructions": [
      0.2311272716331837,
      0.19844098309452973,
      0.25406105685926117,
      0.23313604012294925,
      0.22767185550404348,
      0.22682465479235298,
      0.2658153633392586,
      0.24926112479851542,
      0.25548138429224954,
      0.22855594074389013
    ],
    "incorrect_instructions": [
      0.2389539666503166,
      0.22941566959349408,
      0.16760803544408662,
      0.19112950070930657,
      0.04448043248179417,
      0.24266855850376498,
      0.20799704909192698,
      0.2513444983296251,
      0.16718930841090948,
      0.22003948725323658
    ]
  }
}