{
  "dataset_revision": null,
  "mteb_dataset_name": "FewNerdClustering",
  "mteb_version": "1.1.2.dev0",
  "test": {
    "correct_instructions": [
      0.24579394587688644,
      0.2161237029311808,
      0.20287296220096554,
      0.18626705108449101,
      0.22047486004828643,
      0.18810607470914847,
      0.22123491985990512,
      0.19123965430988138,
      0.1748883597599418,
      0.21174951719401217
    ],
    "dci": -0.006385940777797056,
    "dii": -0.018159127247270118,
    "implicit_instructions": [
      0.16311517329046873,
      0.1721324349200166,
      0.18337453813508783,
      0.20555712348178723,
      0.1694776443813157,
      0.21534311360612887,
      0.1854809236618957,
      0.19734565128014603,
      0.21142634982564135,
      0.18626407332266434
    ],
    "incorrect_instructions": [
      0.1423507769241947,
      0.18127430053773885,
      0.10874411277277216,
      0.11913908204922954,
      0.11090695279301067,
      0.14108447082174794,
      0.12156120027753584,
      0.13933776537127132,
      0.15375018788951678,
      0.1144933710233886
    ]
  }
}