{
  "dataset_revision": null,
  "mteb_dataset_name": "FewRelClustering",
  "mteb_version": "1.1.2.dev0",
  "test": {
    "correct_instructions": [
      0.2705638442656318,
      0.23763990657775338,
      0.27022466280408064,
      0.19578072880228542,
      0.24151019261096077,
      0.24820524249101344,
      0.2633310703896386,
      0.2233965582820363,
      0.24600758692290978,
      0.23544321185484493
    ],
    "dci": -0.05046386709214712,
    "dii": -0.05553860533536817,
    "implicit_instructions": [
      0.23638567305771319,
      0.24643137421296626,
      0.22577058761108246,
      0.19070599055906437,
      0.2631330951622187,
      0.24466538963826448,
      0.27049558568039855,
      0.2449344299651759,
      0.2558166336965074,
      0.2159358950040778
    ],
    "incorrect_instructions": [
      0.22942696402420645,
      0.2165249351400584,
      0.12245797421706665,
      0.15648657821580375,
      0.20126798429878212,
      0.13954981893540644,
      0.20530915415686718,
      0.18136464558320584,
      0.18758676183034406,
      0.24624459589443254
    ]
  }
}