{
  "dataset_revision": null,
  "mteb_dataset_name": "NYTTopicClustering",
  "mteb_version": "1.1.2.dev0",
  "test": {
    "correct_instructions": [
      0.04712495315535968,
      0.021847817516819124,
      0.05733878668579015,
      0.0778102769013046,
      0.04856450204088845,
      0.08238727934877459,
      0.0464751957552623,
      0.09939611120878893,
      0.0858555779341972,
      0.03775512901394867
    ],
    "dci": -0.04944084722290498,
    "dii": -0.05963789093192398,
    "implicit_instructions": [
      0.05038096726509491,
      0.04078906018634319,
      0.011650773807800123,
      0.051451098182104534,
      0.04565045054721135,
      0.09302196282475073,
      0.020055798476308954,
      0.024470750731262758,
      0.04706907305198262,
      0.014278156169019476
    ],
    "incorrect_instructions": [
      0.011994776598116165,
      0.027266216814329725,
      0.0712886647397241,
      0.043104406239985564,
      0.020537519101687187,
      0.013532158867073018,
      0.06895242402138027,
      0.040187917029818346,
      0.05375192991521737,
      0.031825043314861724
    ]
  }
}