{
  "dataset_revision": null,
  "mteb_dataset_name": "RateMyProfClustering",
  "mteb_version": "1.1.2.dev0",
  "test": {
    "correct_instructions": [
      0.003288853031103738,
      0.0076967117308205536,
      0.0030114032169112647,
      0.004762473391297406,
      0.007555574156112864,
      0.0031498696638073815,
      0.013922370883633461,
      0.0035012267952233326,
      0.005710574860546398,
      0.003332678291584094
    ],
    "dci": -0.005489525882230346,
    "dii": -0.00608017496023927,
    "implicit_instructions": [
      0.015021127865975275,
      0.018804166722361685,
      0.002420754138902341,
      0.014898195232297911,
      0.006990618740378789,
      0.00534133036202904,
      0.00260198549481913,
      0.012009983340122583,
      0.009454864652882405,
      0.007676553414229457
    ],
    "incorrect_instructions": [
      0.003032195850037134,
      0.0030591885388077987,
      0.002239118920486269,
      0.00850092909914161,
      0.004853936105812357,
      0.0026750905398165714,
      0.006766320862668867,
      0.0031124821113184538,
      0.0037528897087601098,
      0.002422368678795357
    ]
  }
}