{
  "dataset_revision": "b0fddb56ed78048fa8b90373c8a3cfc37b684831",
  "mteb_dataset_name": "STSBenchmark",
  "mteb_version": "1.1.2.dev0",
  "test": {
    "cos_sim": {
      "pearson": 0.41452256104350216,
      "spearman": 0.42179617598352454
    },
    "euclidean": {
      "pearson": 0.42793164410932805,
      "spearman": 0.4217214745431255
    },
    "evaluation_time": 0.03,
    "manhattan": {
      "pearson": 0.43253471799893134,
      "spearman": 0.42717026149269605
    }
  }
}