{
  "dataset_revision": "a0d554a64d88156834ff5ae9920b964011b16384",
  "mteb_dataset_name": "STS12",
  "mteb_version": "1.1.2.dev0",
  "test": {
    "cos_sim": {
      "pearson": 0.5629449092675815,
      "spearman": 0.6033302187612263
    },
    "euclidean": {
      "pearson": 0.1668726914494448,
      "spearman": 0.31826895781822834
    },
    "evaluation_time": 0.35,
    "manhattan": {
      "pearson": 0.5598431901019021,
      "spearman": 0.5287958354265296
    }
  }
}