{
  "dataset_revision": null,
  "mteb_dataset_name": "InstructSTSBenchmark",
  "mteb_version": "1.1.2.dev0",
  "test": {
    "cos_sim": {
      "pearson": -0.02830186971702301,
      "spearman": -0.025410941999180252
    },
    "euclidean": {
      "pearson": -0.0821108568537938,
      "spearman": -0.07946122349296753
    },
    "evaluation_time": 0.07,
    "manhattan": {
      "pearson": -0.0630938834247768,
      "spearman": -0.061938885872022106
    }
  }
}