{
  "dataset_revision": "b0fddb56ed78048fa8b90373c8a3cfc37b684831",
  "mteb_dataset_name": "STSBenchmark",
  "mteb_version": "1.1.2.dev0",
  "test": {
    "cos_sim": {
      "pearson": 0.4457978563202774,
      "spearman": 0.46615595070676
    },
    "euclidean": {
      "pearson": 0.4521757701033429,
      "spearman": 0.46428758546990273
    },
    "evaluation_time": 0.05,
    "manhattan": {
      "pearson": 0.5096247578989278,
      "spearman": 0.5067204642862974
    }
  }
}