{
  "dataset_revision": "b0fddb56ed78048fa8b90373c8a3cfc37b684831",
  "mteb_dataset_name": "STSBenchmark",
  "mteb_version": "1.1.2.dev0",
  "test": {
    "cos_sim": {
      "pearson": 0.6461441363950443,
      "spearman": 0.6486662216892242
    },
    "euclidean": {
      "pearson": 0.6647501577640482,
      "spearman": 0.6533915600092194
    },
    "evaluation_time": 0.03,
    "manhattan": {
      "pearson": 0.665994932278911,
      "spearman": 0.6541493470105364
    }
  }
}