{
  "dataset_revision": null,
  "mteb_dataset_name": "InstructSTSBenchmark",
  "mteb_version": "1.1.2.dev0",
  "test": {
    "cos_sim": {
      "pearson": 0.2421396622084126,
      "spearman": 0.25114060259388654
    },
    "euclidean": {
      "pearson": 0.21618941017145707,
      "spearman": 0.2047216186130693
    },
    "evaluation_time": 0.11,
    "manhattan": {
      "pearson": 0.21541374021682952,
      "spearman": 0.20432996637587578
    }
  }
}