{
  "dataset_revision": "b0fddb56ed78048fa8b90373c8a3cfc37b684831",
  "mteb_dataset_name": "STSBenchmark",
  "mteb_version": "1.1.2.dev0",
  "test": {
    "cos_sim": {
      "pearson": 0.18611976191989563,
      "spearman": 0.28384774589206285
    },
    "euclidean": {
      "pearson": 0.25368241719571133,
      "spearman": 0.28990378171960746
    },
    "evaluation_time": 0.07,
    "manhattan": {
      "pearson": 0.3674233875018355,
      "spearman": 0.37740475050219807
    }
  }
}