{
  "dataset_revision": "b0fddb56ed78048fa8b90373c8a3cfc37b684831",
  "mteb_dataset_name": "STSBenchmark",
  "mteb_version": "1.1.2.dev0",
  "test": {
    "cos_sim": {
      "pearson": 0.3687986905441576,
      "spearman": 0.3887102140296457
    },
    "euclidean": {
      "pearson": 0.256679355242969,
      "spearman": 0.39245584764180885
    },
    "evaluation_time": 0.05,
    "manhattan": {
      "pearson": 0.39036887681007915,
      "spearman": 0.3932174876265368
    }
  }
}