{
  "dataset_revision": null,
  "mteb_dataset_name": "NYTTopicClustering",
  "mteb_version": "1.1.2.dev0",
  "test": {
    "correct_instructions": [
      0.31298009192650306,
      0.3916665770878243,
      0.25284173176990526,
      0.2253937912894469,
      0.3464357753255811,
      0.25934235597502026,
      0.2172478465404829,
      0.1880877156750509,
      0.30176838754149543,
      0.3346319825684135
    ],
    "dci": -0.05077330599978502,
    "dii": -0.1851067818566531,
    "implicit_instructions": [
      0.13204965602800434,
      0.1733606158220872,
      0.09880704313513766,
      0.22631375513413335,
      0.27868390256924236,
      0.2542990211621808,
      0.14224099357963169,
      0.25686225773532617,
      0.24312038916936865,
      0.053754239818182815
    ],
    "incorrect_instructions": [
      0.11613201192274354,
      0.1396843877238696,
      0.023437371048256803,
      0.1774146448906989,
      0.14760751160212987,
      0.0974696709382837,
      0.19865601740912467,
      0.23886102167483592,
      0.12716374073113912,
      0.025650593751521858
    ]
  }
}