{
  "dataset_revision": "a0d554a64d88156834ff5ae9920b964011b16384",
  "mteb_dataset_name": "STS12",
  "mteb_version": "1.1.2.dev0",
  "test": {
    "cos_sim": {
      "pearson": 0.11002786229350936,
      "spearman": 0.09414815238989231
    },
    "euclidean": {
      "pearson": 0.06266552417541078,
      "spearman": 0.07469711011920128
    },
    "evaluation_time": 0.35,
    "manhattan": {
      "pearson": 0.11808680912849626,
      "spearman": 0.08645799083989546
    }
  }
}