{
    "test": {
        "NYTTopicClustering": 0.17686170805397716,
        "NYTLocationClustering": 0.11607687529964475,
        "harmonic_mean": 0.1401628677506002
    }
}