{
  "dataset_revision": "b0fddb56ed78048fa8b90373c8a3cfc37b684831",
  "mteb_dataset_name": "STSBenchmark",
  "mteb_version": "1.1.2.dev0",
  "test": {
    "cos_sim": {
      "pearson": 0.35872010587148306,
      "spearman": 0.3831189875903284
    },
    "euclidean": {
      "pearson": 0.3856793716235796,
      "spearman": 0.39694727865054885
    },
    "evaluation_time": 0.07,
    "manhattan": {
      "pearson": 0.42127271696182195,
      "spearman": 0.42537766439681685
    }
  }
}