{
  "dataset_revision": "b0fddb56ed78048fa8b90373c8a3cfc37b684831",
  "mteb_dataset_name": "STSBenchmark",
  "mteb_version": "1.1.2.dev0",
  "test": {
    "cos_sim": {
      "pearson": 0.27587143714317286,
      "spearman": 0.2245462973328373
    },
    "euclidean": {
      "pearson": 0.2759140487537161,
      "spearman": 0.22474907744940908
    },
    "evaluation_time": 0.04,
    "manhattan": {
      "pearson": 0.27795333202711925,
      "spearman": 0.23352925238117608
    }
  }
}