{
  "dataset_revision": "b0fddb56ed78048fa8b90373c8a3cfc37b684831",
  "mteb_dataset_name": "STSBenchmark",
  "mteb_version": "1.1.2.dev0",
  "test": {
    "cos_sim": {
      "pearson": 0.430272418690434,
      "spearman": 0.43374084305929717
    },
    "euclidean": {
      "pearson": 0.44533351282690364,
      "spearman": 0.4477213053263983
    },
    "evaluation_time": 0.03,
    "manhattan": {
      "pearson": 0.448909163935079,
      "spearman": 0.4489221396056672
    }
  }
}