{
  "dataset_revision": null,
  "mteb_dataset_name": "InstructSTSBenchmark",
  "mteb_version": "1.1.2.dev0",
  "test": {
    "cos_sim": {
      "pearson": 0.24533506696871407,
      "spearman": 0.2535907059410953
    },
    "euclidean": {
      "pearson": 0.22010385987090234,
      "spearman": 0.20783069957102215
    },
    "evaluation_time": 0.11,
    "manhattan": {
      "pearson": 0.21928443940215378,
      "spearman": 0.20762804229418175
    }
  }
}