{
    "test": {
        "NYTTopicClustering": 0.42321967791308324,
        "NYTLocationClustering": 0.5064647772295624,
        "harmonic_mean": 0.4611153029254865
    }
}