{
  "dataset_revision": "b0fddb56ed78048fa8b90373c8a3cfc37b684831",
  "mteb_dataset_name": "STSBenchmark",
  "mteb_version": "1.1.2.dev0",
  "test": {
    "cos_sim": {
      "pearson": 0.04300205003761672,
      "spearman": 0.05613781139249581
    },
    "euclidean": {
      "pearson": -0.02431585647151737,
      "spearman": -0.022468404721641046
    },
    "evaluation_time": 0.05,
    "manhattan": {
      "pearson": -0.024287534012298138,
      "spearman": -0.02235486770049794
    }
  }
}