{
  "dataset_revision": "b0fddb56ed78048fa8b90373c8a3cfc37b684831",
  "mteb_dataset_name": "STSBenchmark",
  "mteb_version": "1.1.2.dev0",
  "test": {
    "cos_sim": {
      "pearson": 0.037769035523686566,
      "spearman": 0.03416463522822218
    },
    "euclidean": {
      "pearson": 0.03773464270071987,
      "spearman": 0.0341653796716618
    },
    "evaluation_time": 54.86,
    "manhattan": {
      "pearson": 0.0679577704000289,
      "spearman": 0.05909104750707604
    }
  }
}