{
    "test": {
        "NYTTopicClustering": 0.03402031117466373,
        "NYTLocationClustering": 0.0332051192485623,
        "harmonic_mean": 0.033607782605262315
    }
}