{
    "test": {
        "NYTTopicClustering": 0.08460693226308164,
        "NYTLocationClustering": 0.05921128681759841,
        "harmonic_mean": 0.06966691851036184
    }
}