{
  "dataset_revision": "b0fddb56ed78048fa8b90373c8a3cfc37b684831",
  "mteb_dataset_name": "STSBenchmark",
  "mteb_version": "1.1.2.dev0",
  "test": {
    "cos_sim": {
      "pearson": 0.5692924733146538,
      "spearman": 0.5932588954789784
    },
    "euclidean": {
      "pearson": 0.4964422118863565,
      "spearman": 0.5517813618376891
    },
    "evaluation_time": 0.05,
    "manhattan": {
      "pearson": 0.5526315594310068,
      "spearman": 0.5540285514174604
    }
  }
}