{
  "dataset_revision": "b0fddb56ed78048fa8b90373c8a3cfc37b684831",
  "mteb_dataset_name": "STSBenchmark",
  "mteb_version": "1.1.2.dev0",
  "test": {
    "cos_sim": {
      "pearson": 0.43944638937507247,
      "spearman": 0.4653467311900085
    },
    "euclidean": {
      "pearson": 0.46698481339051934,
      "spearman": 0.4723501571310276
    },
    "evaluation_time": 0.04,
    "manhattan": {
      "pearson": 0.4713009470387287,
      "spearman": 0.47506110603609464
    }
  }
}