{
  "dataset_revision": "b0fddb56ed78048fa8b90373c8a3cfc37b684831",
  "mteb_dataset_name": "STSBenchmark",
  "mteb_version": "1.1.2.dev0",
  "test": {
    "cos_sim": {
      "pearson": 0.3661926694312573,
      "spearman": 0.4180542498263947
    },
    "euclidean": {
      "pearson": 0.1917566960185692,
      "spearman": 0.410672146169263
    },
    "evaluation_time": 0.05,
    "manhattan": {
      "pearson": 0.3918575192132176,
      "spearman": 0.410443340345826
    }
  }
}