{
  "dataset_revision": "b0fddb56ed78048fa8b90373c8a3cfc37b684831",
  "mteb_dataset_name": "STSBenchmark",
  "mteb_version": "1.1.2.dev0",
  "test": {
    "cos_sim": {
      "pearson": 0.012187165399327843,
      "spearman": 0.06898219892857815
    },
    "euclidean": {
      "pearson": 0.016715869525101,
      "spearman": 0.08089884997708684
    },
    "evaluation_time": 0.05,
    "manhattan": {
      "pearson": 0.05352725491588081,
      "spearman": 0.07073346108995801
    }
  }
}