{
    "dataset_revision": null,
    "mteb_dataset_name": "IntentEmotion",
    "mteb_version": "1.1.2.dev0",
    "test": {
        "Emotion_success_rate": 0.9743506493506493,
        "Intent_success_rate": 0.026948051948051947,
        "evaluation_time": 0.19,
        "harmonic_mean": 0.05244561162177651
    }
}