{
  "dataset_revision": "b0fddb56ed78048fa8b90373c8a3cfc37b684831",
  "mteb_dataset_name": "STSBenchmark",
  "mteb_version": "1.1.2.dev0",
  "test": {
    "cos_sim": {
      "pearson": 0.3287823255351284,
      "spearman": 0.35320276249950205
    },
    "euclidean": {
      "pearson": 0.3599879671659916,
      "spearman": 0.3661246575120249
    },
    "evaluation_time": 0.04,
    "manhattan": {
      "pearson": 0.3683740448291814,
      "spearman": 0.37238533635391646
    }
  }
}