{
  "dataset_revision": "b0fddb56ed78048fa8b90373c8a3cfc37b684831",
  "mteb_dataset_name": "STSBenchmark",
  "mteb_version": "1.1.2.dev0",
  "test": {
    "cos_sim": {
      "pearson": -0.0028353477409623594,
      "spearman": 0.02126241271916063
    },
    "euclidean": {
      "pearson": -0.024230128442506698,
      "spearman": -0.02235101471709138
    },
    "evaluation_time": 0.05,
    "manhattan": {
      "pearson": -0.017323533032217175,
      "spearman": -0.012763094581414943
    }
  }
}