{
  "dataset_revision": null,
  "mteb_dataset_name": "InstructSTSBenchmark",
  "mteb_version": "1.1.2.dev0",
  "test": {
    "cos_sim": {
      "pearson": 0.2768123874606692,
      "spearman": 0.25685599240895735
    },
    "euclidean": {
      "pearson": 0.27578052268196246,
      "spearman": 0.24159704025701573
    },
    "evaluation_time": 0.1,
    "manhattan": {
      "pearson": 0.2757945709722657,
      "spearman": 0.24207430939012578
    }
  }
}