{
  "dataset_revision": "b0fddb56ed78048fa8b90373c8a3cfc37b684831",
  "mteb_dataset_name": "STSBenchmark",
  "mteb_version": "1.1.2.dev0",
  "test": {
    "cos_sim": {
      "pearson": 0.3102274396149798,
      "spearman": 0.32052066339406216
    },
    "euclidean": {
      "pearson": 0.31070208758110573,
      "spearman": 0.30272805330817104
    },
    "evaluation_time": 0.04,
    "manhattan": {
      "pearson": 0.31139530942431964,
      "spearman": 0.3030005041333495
    }
  }
}