{
  "dataset_revision": null,
  "mteb_dataset_name": "InstructSTSBenchmark",
  "mteb_version": "1.1.2.dev0",
  "test": {
    "cos_sim": {
      "pearson": 0.1717245846611116,
      "spearman": 0.1761300965866819
    },
    "euclidean": {
      "pearson": 0.18207541041563424,
      "spearman": 0.17521472342811517
    },
    "evaluation_time": 0.13,
    "manhattan": {
      "pearson": 0.18241956860023104,
      "spearman": 0.17516644999138567
    }
  }
}