{
  "dataset_revision": null,
  "mteb_dataset_name": "InstructSTSBenchmark",
  "mteb_version": "1.1.2.dev0",
  "test": {
    "cos_sim": {
      "pearson": -0.017900217336991594,
      "spearman": -0.017889449279365952
    },
    "euclidean": {
      "pearson": -0.10425668509968997,
      "spearman": -0.09029086244008501
    },
    "evaluation_time": 0.11,
    "manhattan": {
      "pearson": -0.09275747620547817,
      "spearman": -0.0820916689965341
    }
  }
}