{
  "dataset_revision": "b0fddb56ed78048fa8b90373c8a3cfc37b684831",
  "mteb_dataset_name": "STSBenchmark",
  "mteb_version": "1.1.2.dev0",
  "test": {
    "cos_sim": {
      "pearson": 0.38463328348774917,
      "spearman": 0.40790497037252854
    },
    "euclidean": {
      "pearson": 0.4601982255150312,
      "spearman": 0.45009128882417637
    },
    "evaluation_time": 0.07,
    "manhattan": {
      "pearson": 0.47962065186312186,
      "spearman": 0.4671941873517872
    }
  }
}