{
  "dataset_revision": null,
  "mteb_dataset_name": "InstructSTSBenchmark",
  "mteb_version": "1.1.2.dev0",
  "test": {
    "cos_sim": {
      "pearson": 0.04497879884903225,
      "spearman": 0.04875295792355821
    },
    "euclidean": {
      "pearson": 0.015222790474249032,
      "spearman": 0.06354101663018999
    },
    "evaluation_time": 0.12,
    "manhattan": {
      "pearson": 0.07171649168828154,
      "spearman": 0.06338344493702099
    }
  }
}