{
  "dataset_revision": "b0fddb56ed78048fa8b90373c8a3cfc37b684831",
  "mteb_dataset_name": "STSBenchmark",
  "mteb_version": "1.1.2.dev0",
  "test": {
    "cos_sim": {
      "pearson": 0.21270919678254532,
      "spearman": 0.3460967441003305
    },
    "euclidean": {
      "pearson": 0.27262052196948605,
      "spearman": 0.35156894978512143
    },
    "evaluation_time": 0.03,
    "manhattan": {
      "pearson": 0.289072803459985,
      "spearman": 0.3550262808210931
    }
  }
}