{
  "dataset_revision": "b0fddb56ed78048fa8b90373c8a3cfc37b684831",
  "mteb_dataset_name": "STSBenchmark",
  "mteb_version": "1.1.2.dev0",
  "test": {
    "cos_sim": {
      "pearson": 0.3822000304237147,
      "spearman": 0.3905213065571034
    },
    "euclidean": {
      "pearson": 0.3941550396780587,
      "spearman": 0.40174224320260243
    },
    "evaluation_time": 0.03,
    "manhattan": {
      "pearson": 0.39903563069015663,
      "spearman": 0.40530167829896474
    }
  }
}