{
  "dataset_revision": null,
  "mteb_dataset_name": "InstructSTSBenchmark",
  "mteb_version": "1.1.2.dev0",
  "test": {
    "cos_sim": {
      "pearson": 0.00317890572479635,
      "spearman": 0.015947081540072187
    },
    "euclidean": {
      "pearson": -0.1313421265769504,
      "spearman": -0.11213412581285873
    },
    "evaluation_time": 0.11,
    "manhattan": {
      "pearson": -0.10913334722444323,
      "spearman": -0.09771768128511865
    }
  }
}