{
    "test": {
        "NYTTopicClustering": 0.03279558380041897,
        "NYTLocationClustering": 0.0259353559773764,
        "harmonic_mean": 0.02896481620178866
    }
}