{
  "dataset_revision": "b0fddb56ed78048fa8b90373c8a3cfc37b684831",
  "mteb_dataset_name": "STSBenchmark",
  "mteb_version": "1.1.2.dev0",
  "test": {
    "cos_sim": {
      "pearson": 0.18183809274183957,
      "spearman": 0.2726089899947972
    },
    "euclidean": {
      "pearson": 0.10055537555550793,
      "spearman": 0.10462368005944729
    },
    "evaluation_time": 0.06,
    "manhattan": {
      "pearson": 0.27701346264848725,
      "spearman": 0.30851059877576326
    }
  }
}