{
  "dataset_revision": "b0fddb56ed78048fa8b90373c8a3cfc37b684831",
  "mteb_dataset_name": "STSBenchmark",
  "mteb_version": "1.1.2.dev0",
  "test": {
    "cos_sim": {
      "pearson": 0.06657266952838134,
      "spearman": 0.14392947732478736
    },
    "euclidean": {
      "pearson": 0.04861811494266531,
      "spearman": 0.1099771681210566
    },
    "evaluation_time": 0.08,
    "manhattan": {
      "pearson": 0.05582714685029267,
      "spearman": 0.14248429436484536
    }
  }
}