{
  "dataset_revision": "b0fddb56ed78048fa8b90373c8a3cfc37b684831",
  "mteb_dataset_name": "STSBenchmark",
  "mteb_version": "1.1.2.dev0",
  "test": {
    "cos_sim": {
      "pearson": 0.32633687026730884,
      "spearman": 0.3200406348056545
    },
    "euclidean": {
      "pearson": 0.33939881087694573,
      "spearman": 0.31784917604241436
    },
    "evaluation_time": 0.04,
    "manhattan": {
      "pearson": 0.33881961187911896,
      "spearman": 0.31625539014168247
    }
  }
}