{
  "dataset_revision": "a0d554a64d88156834ff5ae9920b964011b16384",
  "mteb_dataset_name": "STS12",
  "mteb_version": "1.1.2.dev0",
  "test": {
    "cos_sim": {
      "pearson": 0.3948945768044861,
      "spearman": 0.46710401528089135
    },
    "euclidean": {
      "pearson": 0.443371019692853,
      "spearman": 0.471715106754657
    },
    "evaluation_time": 0.05,
    "manhattan": {
      "pearson": 0.4615127780583992,
      "spearman": 0.48508983460678323
    }
  }
}