{
  "dataset_revision": "b0fddb56ed78048fa8b90373c8a3cfc37b684831",
  "mteb_dataset_name": "STSBenchmark",
  "mteb_version": "1.1.2.dev0",
  "test": {
    "cos_sim": {
      "pearson": 0.33679267875316615,
      "spearman": 0.37228998761343
    },
    "euclidean": {
      "pearson": 0.4006179414200632,
      "spearman": 0.39492506252724274
    },
    "evaluation_time": 0.03,
    "manhattan": {
      "pearson": 0.4278481354278687,
      "spearman": 0.4195053562253768
    }
  }
}