{
  "dataset_revision": "b0fddb56ed78048fa8b90373c8a3cfc37b684831",
  "mteb_dataset_name": "STSBenchmark",
  "mteb_version": "1.1.2.dev0",
  "test": {
    "cos_sim": {
      "pearson": 0.06879876447398439,
      "spearman": 0.12045105586084472
    },
    "euclidean": {
      "pearson": 0.07286518583007523,
      "spearman": 0.08794861843905014
    },
    "evaluation_time": 0.04,
    "manhattan": {
      "pearson": 0.07703196471081301,
      "spearman": 0.09795449106428884
    }
  }
}