{
  "dataset_revision": null,
  "mteb_dataset_name": "InstructSTSBenchmark",
  "mteb_version": "1.1.2.dev0",
  "test": {
    "cos_sim": {
      "pearson": 0.012098541597598754,
      "spearman": 0.022334195806670943
    },
    "euclidean": {
      "pearson": -0.11196492420218061,
      "spearman": -0.09557088068060765
    },
    "evaluation_time": 0.11,
    "manhattan": {
      "pearson": -0.04577148486978604,
      "spearman": -0.044912944641361544
    }
  }
}