{
    "test": {
        "NYTTopicClustering": 0.09819732564987853,
        "NYTLocationClustering": 0.06976256010335011,
        "harmonic_mean": 0.08157302162698035
    }
}