{
  "dataset_revision": null,
  "mteb_dataset_name": "InstructSTSBenchmark",
  "mteb_version": "1.1.2.dev0",
  "test": {
    "cos_sim": {
      "pearson": -0.0022478486235642027,
      "spearman": -0.012821651471031007
    },
    "euclidean": {
      "pearson": -0.1275078814210363,
      "spearman": -0.10847491018813674
    },
    "evaluation_time": 0.11,
    "manhattan": {
      "pearson": -0.13393144394296452,
      "spearman": -0.11786408869660987
    }
  }
}