{
  "dataset_revision": "b0fddb56ed78048fa8b90373c8a3cfc37b684831",
  "mteb_dataset_name": "STSBenchmark",
  "mteb_version": "1.1.2.dev0",
  "test": {
    "cos_sim": {
      "pearson": 0.42272352371031263,
      "spearman": 0.435985326107663
    },
    "euclidean": {
      "pearson": 0.2966824990462417,
      "spearman": 0.34132758472655866
    },
    "evaluation_time": 0.07,
    "manhattan": {
      "pearson": 0.47993036621210156,
      "spearman": 0.4728840633471559
    }
  }
}