{
  "dataset_revision": null,
  "mteb_dataset_name": "InstructSTSBenchmark",
  "mteb_version": "1.1.2.dev0",
  "test": {
    "cos_sim": {
      "pearson": 0.21723545320441637,
      "spearman": 0.24949930663266168
    },
    "euclidean": {
      "pearson": 0.19868511020638593,
      "spearman": 0.21022478754465013
    },
    "evaluation_time": 0.11,
    "manhattan": {
      "pearson": 0.19814439492433894,
      "spearman": 0.21019017644935162
    }
  }
}