{
  "dataset_revision": null,
  "mteb_dataset_name": "InstructSTSBenchmark",
  "mteb_version": "1.1.2.dev0",
  "test": {
    "cos_sim": {
      "pearson": -0.01286347892450813,
      "spearman": -0.011775069454899017
    },
    "euclidean": {
      "pearson": -0.08005886500582934,
      "spearman": -0.07756034405566047
    },
    "evaluation_time": 0.16,
    "manhattan": {
      "pearson": -0.08304377265863887,
      "spearman": -0.0798401242337053
    }
  }
}