{
    "test": {
        "NYTTopicClustering": 0.08387963996239042,
        "NYTLocationClustering": 0.042660265661852076,
        "harmonic_mean": 0.056556521147973556
    }
}