{
  "dataset_revision": "b0fddb56ed78048fa8b90373c8a3cfc37b684831",
  "mteb_dataset_name": "STSBenchmark",
  "mteb_version": "1.1.2.dev0",
  "test": {
    "cos_sim": {
      "pearson": 0.12867039710706765,
      "spearman": 0.17872806467530225
    },
    "euclidean": {
      "pearson": 0.16075083429965412,
      "spearman": 0.17805501066796922
    },
    "evaluation_time": 0.07,
    "manhattan": {
      "pearson": 0.15696486053329609,
      "spearman": 0.17344362634921617
    }
  }
}