{
  "dataset_revision": null,
  "mteb_dataset_name": "InstructSTSBenchmark",
  "mteb_version": "1.1.2.dev0",
  "test": {
    "cos_sim": {
      "pearson": -0.07145376430668522,
      "spearman": -0.04747280175621667
    },
    "euclidean": {
      "pearson": -0.09439977702308294,
      "spearman": -0.07351995057990864
    },
    "evaluation_time": 0.08,
    "manhattan": {
      "pearson": -0.09399510486138031,
      "spearman": -0.07419942163039993
    }
  }
}