{
  "dataset_revision": "b0fddb56ed78048fa8b90373c8a3cfc37b684831",
  "mteb_dataset_name": "STSBenchmark",
  "mteb_version": "1.1.2.dev0",
  "test": {
    "cos_sim": {
      "pearson": 0.5023989481316589,
      "spearman": 0.5150318946940339
    },
    "euclidean": {
      "pearson": 0.5863394914787846,
      "spearman": 0.5794415334512462
    },
    "evaluation_time": 0.07,
    "manhattan": {
      "pearson": 0.6010527160457712,
      "spearman": 0.5942263287595888
    }
  }
}