{
  "dataset_revision": "b0fddb56ed78048fa8b90373c8a3cfc37b684831",
  "mteb_dataset_name": "STSBenchmark",
  "mteb_version": "1.1.2.dev0",
  "test": {
    "cos_sim": {
      "pearson": 0.13569285139134485,
      "spearman": 0.2135494480034921
    },
    "euclidean": {
      "pearson": 0.16104525574237125,
      "spearman": 0.1987050903523938
    },
    "evaluation_time": 0.08,
    "manhattan": {
      "pearson": 0.3196006543434998,
      "spearman": 0.3211835895772867
    }
  }
}