{
  "dataset_revision": "b0fddb56ed78048fa8b90373c8a3cfc37b684831",
  "mteb_dataset_name": "STSBenchmark",
  "mteb_version": "1.1.2.dev0",
  "test": {
    "cos_sim": {
      "pearson": 0.36401129407383365,
      "spearman": 0.3899909605571389
    },
    "euclidean": {
      "pearson": 0.41209541842809555,
      "spearman": 0.4093260095173775
    },
    "evaluation_time": 0.04,
    "manhattan": {
      "pearson": 0.4214486927065494,
      "spearman": 0.4170212535002232
    }
  }
}