{
  "dataset_revision": "b0fddb56ed78048fa8b90373c8a3cfc37b684831",
  "mteb_dataset_name": "STSBenchmark",
  "mteb_version": "1.1.2.dev0",
  "test": {
    "cos_sim": {
      "pearson": 0.2009129972425169,
      "spearman": 0.2855631365643203
    },
    "euclidean": {
      "pearson": 0.26370082601852357,
      "spearman": 0.29150088572168936
    },
    "evaluation_time": 0.08,
    "manhattan": {
      "pearson": 0.265155490854376,
      "spearman": 0.2939688178064633
    }
  }
}