{
  "dataset_revision": "b0fddb56ed78048fa8b90373c8a3cfc37b684831",
  "mteb_dataset_name": "STSBenchmark",
  "mteb_version": "1.1.2.dev0",
  "test": {
    "cos_sim": {
      "pearson": 0.44142208473578376,
      "spearman": 0.577661970350018
    },
    "euclidean": {
      "pearson": 0.5605155828735886,
      "spearman": 0.5976829334166092
    },
    "evaluation_time": 0.07,
    "manhattan": {
      "pearson": 0.5748046888485564,
      "spearman": 0.6067466572180059
    }
  }
}