{
  "dataset_revision": null,
  "mteb_dataset_name": "InstructSTSBenchmark",
  "mteb_version": "1.1.2.dev0",
  "test": {
    "cos_sim": {
      "pearson": 0.06627055906756274,
      "spearman": 0.10509440512538806
    },
    "euclidean": {
      "pearson": 0.10703072968873194,
      "spearman": 0.1250386106720978
    },
    "evaluation_time": 0.05,
    "manhattan": {
      "pearson": 0.1371154846396198,
      "spearman": 0.14023107306514124
    }
  }
}