{
  "dataset_revision": "b0fddb56ed78048fa8b90373c8a3cfc37b684831",
  "mteb_dataset_name": "STSBenchmark",
  "mteb_version": "1.1.2.dev0",
  "test": {
    "cos_sim": {
      "pearson": 0.3413302783246648,
      "spearman": 0.35432547307623535
    },
    "euclidean": {
      "pearson": 0.3430983685281725,
      "spearman": 0.3423251867298341
    },
    "evaluation_time": 0.03,
    "manhattan": {
      "pearson": 0.34697448472482695,
      "spearman": 0.3452550644951405
    }
  }
}