{
  "dataset_revision": null,
  "mteb_dataset_name": "InstructSTSBenchmark",
  "mteb_version": "1.1.2.dev0",
  "test": {
    "cos_sim": {
      "pearson": -0.07221836126822533,
      "spearman": -0.068201677933008
    },
    "euclidean": {
      "pearson": -0.09602527329573902,
      "spearman": -0.0931107583637254
    },
    "evaluation_time": 0.13,
    "manhattan": {
      "pearson": -0.09571907267623621,
      "spearman": -0.0928557290189616
    }
  }
}