{
    "test": {
        "NYTTopicClustering": 0.09448978090332158,
        "NYTLocationClustering": 0.06897951742042088,
        "harmonic_mean": 0.07974415247339836
    }
}