{
  "dataset_revision": "b0fddb56ed78048fa8b90373c8a3cfc37b684831",
  "mteb_dataset_name": "STSBenchmark",
  "mteb_version": "1.1.2.dev0",
  "test": {
    "cos_sim": {
      "pearson": 0.027569073396596533,
      "spearman": 0.09957101562178163
    },
    "euclidean": {
      "pearson": 0.0721536893432455,
      "spearman": 0.07347711407715525
    },
    "evaluation_time": 0.03,
    "manhattan": {
      "pearson": 0.07984053199026198,
      "spearman": 0.09002521968416591
    }
  }
}