{
    "dataset_revision": null,
    "mteb_dataset_name": "IntentEmotion",
    "mteb_version": "1.1.2.dev0",
    "test": {
        "Emotion_success_rate": 0.9448051948051948,
        "Intent_success_rate": 0.056006493506493504,
        "evaluation_time": 0.19,
        "harmonic_mean": 0.10574463822998317
    }
}