{
  "dataset_revision": "b0fddb56ed78048fa8b90373c8a3cfc37b684831",
  "mteb_dataset_name": "STSBenchmark",
  "mteb_version": "1.1.2.dev0",
  "test": {
    "cos_sim": {
      "pearson": 0.08138485592421417,
      "spearman": 0.11191790010096042
    },
    "euclidean": {
      "pearson": 0.09222918646792437,
      "spearman": 0.0983273200078162
    },
    "evaluation_time": 0.04,
    "manhattan": {
      "pearson": 0.1369225606412104,
      "spearman": 0.14997615488447694
    }
  }
}