{
  "dataset_revision": "b0fddb56ed78048fa8b90373c8a3cfc37b684831",
  "mteb_dataset_name": "STSBenchmark",
  "mteb_version": "1.1.2.dev0",
  "test": {
    "cos_sim": {
      "pearson": 0.22330263039629344,
      "spearman": 0.26889490553883
    },
    "euclidean": {
      "pearson": 0.253814172884983,
      "spearman": 0.2673445810287613
    },
    "evaluation_time": 0.04,
    "manhattan": {
      "pearson": 0.2557582080158551,
      "spearman": 0.27274685090185063
    }
  }
}