{
  "dataset_revision": "a0d554a64d88156834ff5ae9920b964011b16384",
  "mteb_dataset_name": "STS12",
  "mteb_version": "1.1.2.dev0",
  "test": {
    "cos_sim": {
      "pearson": 0.30964841521606934,
      "spearman": 0.3458551011014271
    },
    "euclidean": {
      "pearson": 0.3471990789093748,
      "spearman": 0.3460450452955741
    },
    "evaluation_time": 0.39,
    "manhattan": {
      "pearson": 0.37327589857873833,
      "spearman": 0.36663725317553086
    }
  }
}