{
  "dataset_revision": "b0fddb56ed78048fa8b90373c8a3cfc37b684831",
  "mteb_dataset_name": "STSBenchmark",
  "mteb_version": "1.1.2.dev0",
  "test": {
    "cos_sim": {
      "pearson": 0.3612565066920251,
      "spearman": 0.39107892377408304
    },
    "euclidean": {
      "pearson": 0.407127452099642,
      "spearman": 0.39113424913397704
    },
    "evaluation_time": 0.08,
    "manhattan": {
      "pearson": 0.4377659172003437,
      "spearman": 0.4107830626120449
    }
  }
}