{
  "dataset_revision": "b0fddb56ed78048fa8b90373c8a3cfc37b684831",
  "mteb_dataset_name": "STSBenchmark",
  "mteb_version": "1.1.2.dev0",
  "test": {
    "cos_sim": {
      "pearson": 0.4094107304232484,
      "spearman": 0.42856189158064356
    },
    "euclidean": {
      "pearson": 0.42939493866328826,
      "spearman": 0.43445242304657844
    },
    "evaluation_time": 0.03,
    "manhattan": {
      "pearson": 0.43383382054410785,
      "spearman": 0.4380171176256468
    }
  }
}