{
  "dataset_revision": null,
  "mteb_dataset_name": "InstructSTSBenchmark",
  "mteb_version": "1.1.2.dev0",
  "test": {
    "cos_sim": {
      "pearson": 0.06971301139151033,
      "spearman": 0.11815737247679757
    },
    "euclidean": {
      "pearson": 0.0790487283251881,
      "spearman": 0.08350890350948402
    },
    "evaluation_time": 0.15,
    "manhattan": {
      "pearson": 0.07923149881508419,
      "spearman": 0.08375573549435839
    }
  }
}