{
  "dataset_revision": null,
  "mteb_dataset_name": "InstructSTSBenchmark",
  "mteb_version": "1.1.2.dev0",
  "test": {
    "cos_sim": {
      "pearson": 0.30636121835509206,
      "spearman": 0.3062774915503082
    },
    "euclidean": {
      "pearson": 0.31617887939985295,
      "spearman": 0.30053067846962783
    },
    "evaluation_time": 0.15,
    "manhattan": {
      "pearson": 0.3167307239525874,
      "spearman": 0.30018547807813367
    }
  }
}