{
  "dataset_revision": "b0fddb56ed78048fa8b90373c8a3cfc37b684831",
  "mteb_dataset_name": "STSBenchmark",
  "mteb_version": "1.1.2.dev0",
  "test": {
    "cos_sim": {
      "pearson": 0.524154677617789,
      "spearman": 0.5350528710963233
    },
    "euclidean": {
      "pearson": 0.5490914130831177,
      "spearman": 0.5455253881253613
    },
    "evaluation_time": 0.03,
    "manhattan": {
      "pearson": 0.5516206617308682,
      "spearman": 0.5465132820764991
    }
  }
}