{
  "dataset_revision": null,
  "mteb_dataset_name": "InstructSTSBenchmark",
  "mteb_version": "1.1.2.dev0",
  "test": {
    "cos_sim": {
      "pearson": 0.015131440722149416,
      "spearman": 0.02572517584223736
    },
    "euclidean": {
      "pearson": -0.11152888966305029,
      "spearman": -0.10098296770180942
    },
    "evaluation_time": 0.11,
    "manhattan": {
      "pearson": -0.048391415833475365,
      "spearman": -0.04600683836611134
    }
  }
}