{
  "dataset_revision": "a0d554a64d88156834ff5ae9920b964011b16384",
  "mteb_dataset_name": "STS12",
  "mteb_version": "1.1.2.dev0",
  "test": {
    "cos_sim": {
      "pearson": 0.5873508757970088,
      "spearman": 0.6065440563740634
    },
    "euclidean": {
      "pearson": 0.1781042757725136,
      "spearman": 0.3362676646912993
    },
    "evaluation_time": 0.36,
    "manhattan": {
      "pearson": 0.5781911737694002,
      "spearman": 0.5261722284931334
    }
  }
}