{
  "dataset_revision": "b0fddb56ed78048fa8b90373c8a3cfc37b684831",
  "mteb_dataset_name": "STSBenchmark",
  "mteb_version": "1.1.2.dev0",
  "test": {
    "cos_sim": {
      "pearson": 0.6162855173572059,
      "spearman": 0.6298266826964408
    },
    "euclidean": {
      "pearson": 0.14668061867968174,
      "spearman": 0.20363528109917386
    },
    "evaluation_time": 0.06,
    "manhattan": {
      "pearson": 0.6453370104737434,
      "spearman": 0.6371456429831044
    }
  }
}