{
  "dataset_revision": "b0fddb56ed78048fa8b90373c8a3cfc37b684831",
  "mteb_dataset_name": "STSBenchmark",
  "mteb_version": "1.1.2.dev0",
  "test": {
    "cos_sim": {
      "pearson": 0.08840040136294128,
      "spearman": 0.10014882112298581
    },
    "euclidean": {
      "pearson": 0.09321906569253031,
      "spearman": 0.09977523658385412
    },
    "evaluation_time": 0.05,
    "manhattan": {
      "pearson": 0.11382125651081204,
      "spearman": 0.1176429705488129
    }
  }
}