{
  "dataset_revision": "b0fddb56ed78048fa8b90373c8a3cfc37b684831",
  "mteb_dataset_name": "STSBenchmark",
  "mteb_version": "1.1.2.dev0",
  "test": {
    "cos_sim": {
      "pearson": 0.3759565351432522,
      "spearman": 0.4247578231008111
    },
    "euclidean": {
      "pearson": 0.40966168637002415,
      "spearman": 0.4246506880042981
    },
    "evaluation_time": 0.03,
    "manhattan": {
      "pearson": 0.41149749700614174,
      "spearman": 0.4268447989302426
    }
  }
}