{
  "dataset_revision": "b0fddb56ed78048fa8b90373c8a3cfc37b684831",
  "mteb_dataset_name": "STSBenchmark",
  "mteb_version": "1.1.2.dev0",
  "test": {
    "cos_sim": {
      "pearson": 0.02513919024138479,
      "spearman": 0.023737843609742036
    },
    "euclidean": {
      "pearson": 0.025921949924589828,
      "spearman": 0.023739916734391124
    },
    "evaluation_time": 55.29,
    "manhattan": {
      "pearson": 0.01867043763027396,
      "spearman": 0.014319883118519753
    }
  }
}