{
  "dataset_revision": "b0fddb56ed78048fa8b90373c8a3cfc37b684831",
  "mteb_dataset_name": "STSBenchmark",
  "mteb_version": "1.1.2.dev0",
  "test": {
    "cos_sim": {
      "pearson": 0.06039010414812285,
      "spearman": 0.18914626845170343
    },
    "euclidean": {
      "pearson": 0.11327171573471755,
      "spearman": 0.1924225887894988
    },
    "evaluation_time": 0.05,
    "manhattan": {
      "pearson": 0.2778278805838457,
      "spearman": 0.3209496006429431
    }
  }
}