{
  "dataset_revision": "b0fddb56ed78048fa8b90373c8a3cfc37b684831",
  "mteb_dataset_name": "STSBenchmark",
  "mteb_version": "1.1.2.dev0",
  "test": {
    "cos_sim": {
      "pearson": 0.136674040060238,
      "spearman": 0.2801193629915526
    },
    "euclidean": {
      "pearson": 0.1908990027005993,
      "spearman": 0.28423648261427553
    },
    "evaluation_time": 0.04,
    "manhattan": {
      "pearson": 0.43555183017532223,
      "spearman": 0.44512714107524826
    }
  }
}