{
  "dataset_revision": null,
  "mteb_dataset_name": "InstructSTSBenchmark",
  "mteb_version": "1.1.2.dev0",
  "test": {
    "cos_sim": {
      "pearson": 0.1601598598897962,
      "spearman": 0.16326842026581556
    },
    "euclidean": {
      "pearson": 0.16381491441935897,
      "spearman": 0.16272830454644657
    },
    "evaluation_time": 0.1,
    "manhattan": {
      "pearson": 0.16568089350173315,
      "spearman": 0.16566387446807598
    }
  }
}