{
  "dataset_revision": "a0d554a64d88156834ff5ae9920b964011b16384",
  "mteb_dataset_name": "STS12",
  "mteb_version": "1.1.2.dev0",
  "test": {
    "cos_sim": {
      "pearson": 0.3252178332068262,
      "spearman": 0.3529140932272768
    },
    "euclidean": {
      "pearson": 0.35692252985200457,
      "spearman": 0.3528719077342692
    },
    "evaluation_time": 0.11,
    "manhattan": {
      "pearson": 0.37860169847786107,
      "spearman": 0.368193210509751
    }
  }
}