{
  "dataset_revision": "b0fddb56ed78048fa8b90373c8a3cfc37b684831",
  "mteb_dataset_name": "STSBenchmark",
  "mteb_version": "1.1.2.dev0",
  "test": {
    "cos_sim": {
      "pearson": 0.37420459038614123,
      "spearman": 0.4023376207682154
    },
    "euclidean": {
      "pearson": 0.40736871860085666,
      "spearman": 0.4023232350750996
    },
    "evaluation_time": 0.05,
    "manhattan": {
      "pearson": 0.4305228750759644,
      "spearman": 0.41788851379357955
    }
  }
}