{
  "dataset_revision": null,
  "mteb_dataset_name": "InstructSTSBenchmark",
  "mteb_version": "1.1.2.dev0",
  "test": {
    "cos_sim": {
      "pearson": 0.07391834984123662,
      "spearman": 0.05114067018516603
    },
    "euclidean": {
      "pearson": 0.009981778113358758,
      "spearman": 0.0502904205516005
    },
    "evaluation_time": 0.08,
    "manhattan": {
      "pearson": 0.06988293505308182,
      "spearman": 0.05204010402024777
    }
  }
}