{
  "dataset_revision": "b0fddb56ed78048fa8b90373c8a3cfc37b684831",
  "mteb_dataset_name": "STSBenchmark",
  "mteb_version": "1.1.2.dev0",
  "test": {
    "cos_sim": {
      "pearson": 0.3654412977674615,
      "spearman": 0.4088479021616115
    },
    "euclidean": {
      "pearson": 0.2101674771329429,
      "spearman": 0.40290750496142613
    },
    "evaluation_time": 0.05,
    "manhattan": {
      "pearson": 0.3870377370282031,
      "spearman": 0.40291575611852853
    }
  }
}