{
  "dataset_revision": "b0fddb56ed78048fa8b90373c8a3cfc37b684831",
  "mteb_dataset_name": "STSBenchmark",
  "mteb_version": "1.1.2.dev0",
  "test": {
    "cos_sim": {
      "pearson": 0.01859934526429302,
      "spearman": 0.06899182811835555
    },
    "euclidean": {
      "pearson": 0.03936769659315997,
      "spearman": 0.05123639270266969
    },
    "evaluation_time": 0.04,
    "manhattan": {
      "pearson": 0.04924666527510711,
      "spearman": 0.06677610245513704
    }
  }
}