{
  "dataset_revision": "b0fddb56ed78048fa8b90373c8a3cfc37b684831",
  "mteb_dataset_name": "STSBenchmark",
  "mteb_version": "1.1.2.dev0",
  "test": {
    "cos_sim": {
      "pearson": 0.4937983120925207,
      "spearman": 0.508304172836445
    },
    "euclidean": {
      "pearson": 0.5019380937404919,
      "spearman": 0.513198192999863
    },
    "evaluation_time": 0.03,
    "manhattan": {
      "pearson": 0.5065220146017356,
      "spearman": 0.5175452362235321
    }
  }
}