{
  "dataset_revision": "b0fddb56ed78048fa8b90373c8a3cfc37b684831",
  "mteb_dataset_name": "STSBenchmark",
  "mteb_version": "1.1.2.dev0",
  "test": {
    "cos_sim": {
      "pearson": 0.43025652517800744,
      "spearman": 0.4460744639153314
    },
    "euclidean": {
      "pearson": 0.4641088776785143,
      "spearman": 0.46633228496549106
    },
    "evaluation_time": 0.04,
    "manhattan": {
      "pearson": 0.48207752142569454,
      "spearman": 0.4813835202616338
    }
  }
}