{
  "dataset_revision": "b0fddb56ed78048fa8b90373c8a3cfc37b684831",
  "mteb_dataset_name": "STSBenchmark",
  "mteb_version": "1.1.2.dev0",
  "test": {
    "cos_sim": {
      "pearson": 0.14499628014292487,
      "spearman": 0.21835658965184132
    },
    "euclidean": {
      "pearson": 0.23412240719436414,
      "spearman": 0.2533714366051635
    },
    "evaluation_time": 0.07,
    "manhattan": {
      "pearson": 0.29912638733500313,
      "spearman": 0.30734066087425743
    }
  }
}