{
  "dataset_revision": null,
  "mteb_dataset_name": "InstructSTSBenchmark",
  "mteb_version": "1.1.2.dev0",
  "test": {
    "cos_sim": {
      "pearson": -0.010843856430525014,
      "spearman": -0.0190760764181076
    },
    "euclidean": {
      "pearson": -0.10504820229967583,
      "spearman": -0.0927254818495349
    },
    "evaluation_time": 0.11,
    "manhattan": {
      "pearson": -0.10117375249467098,
      "spearman": -0.08125143839942565
    }
  }
}