{
    "test": {
        "NYTTopicClustering": 0.03506627291352433,
        "NYTLocationClustering": 0.027021972356721703,
        "harmonic_mean": 0.03052301345771877
    }
}