{
  "dataset_revision": null,
  "mteb_dataset_name": "InstructSTSBenchmark",
  "mteb_version": "1.1.2.dev0",
  "test": {
    "cos_sim": {
      "pearson": 0.0013100667334048134,
      "spearman": 0.042925992849884895
    },
    "euclidean": {
      "pearson": 0.016635939705689634,
      "spearman": 0.04386550270264796
    },
    "evaluation_time": 0.15,
    "manhattan": {
      "pearson": 0.017103231600467082,
      "spearman": 0.044685239882128726
    }
  }
}