{
  "dataset_revision": "b0fddb56ed78048fa8b90373c8a3cfc37b684831",
  "mteb_dataset_name": "STSBenchmark",
  "mteb_version": "1.1.2.dev0",
  "test": {
    "cos_sim": {
      "pearson": 0.2178201765220632,
      "spearman": 0.2103159208144681
    },
    "euclidean": {
      "pearson": 0.23684819735695598,
      "spearman": 0.23445001550206207
    },
    "evaluation_time": 0.04,
    "manhattan": {
      "pearson": 0.34463762230751327,
      "spearman": 0.33854823292318365
    }
  }
}