{
    "test": {
        "NYTTopicClustering": 0.026242172422347953,
        "NYTLocationClustering": 0.03342457698719662,
        "harmonic_mean": 0.029401092694968024
    }
}