{
  "dataset_revision": null,
  "mteb_dataset_name": "InstructSTSBenchmark",
  "mteb_version": "1.1.2.dev0",
  "test": {
    "cos_sim": {
      "pearson": 0.0034051986036253484,
      "spearman": 0.01626359188309699
    },
    "euclidean": {
      "pearson": -0.13107841999089295,
      "spearman": -0.1122397808431382
    },
    "evaluation_time": 0.11,
    "manhattan": {
      "pearson": -0.10915550509596335,
      "spearman": -0.09746401819693491
    }
  }
}