{
  "dataset_revision": "b0fddb56ed78048fa8b90373c8a3cfc37b684831",
  "mteb_dataset_name": "STSBenchmark",
  "mteb_version": "1.1.2.dev0",
  "test": {
    "cos_sim": {
      "pearson": 0.18404834207717832,
      "spearman": 0.2199882367919376
    },
    "euclidean": {
      "pearson": 0.22773452912226147,
      "spearman": 0.24548904432411583
    },
    "evaluation_time": 0.04,
    "manhattan": {
      "pearson": 0.22820582226119573,
      "spearman": 0.24545441786919694
    }
  }
}