{
  "dataset_revision": null,
  "mteb_dataset_name": "InstructSTSBenchmark",
  "mteb_version": "1.1.2.dev0",
  "test": {
    "cos_sim": {
      "pearson": 0.07127849448596553,
      "spearman": 0.07303949475374429
    },
    "euclidean": {
      "pearson": 0.09106881011760905,
      "spearman": 0.08909996801125165
    },
    "evaluation_time": 161.25,
    "manhattan": {
      "pearson": 0.0904548026664552,
      "spearman": 0.08803248802158463
    }
  }
}