{
  "dataset_revision": "b0fddb56ed78048fa8b90373c8a3cfc37b684831",
  "mteb_dataset_name": "STSBenchmark",
  "mteb_version": "1.1.2.dev0",
  "test": {
    "cos_sim": {
      "pearson": 0.521139868520794,
      "spearman": 0.5606642546041412
    },
    "euclidean": {
      "pearson": 0.5866598512526319,
      "spearman": 0.588913575263329
    },
    "evaluation_time": 0.07,
    "manhattan": {
      "pearson": 0.6045454398155431,
      "spearman": 0.6051960105256811
    }
  }
}