{
  "dataset_revision": null,
  "mteb_dataset_name": "InstructSTSBenchmark",
  "mteb_version": "1.1.2.dev0",
  "test": {
    "cos_sim": {
      "pearson": 0.08753741649109094,
      "spearman": 0.11540032306307835
    },
    "euclidean": {
      "pearson": 0.07617878983831027,
      "spearman": 0.09158877964074394
    },
    "evaluation_time": 0.12,
    "manhattan": {
      "pearson": 0.07588774261018508,
      "spearman": 0.09158786882165576
    }
  }
}