{
  "dataset_revision": null,
  "mteb_dataset_name": "InstructSTSBenchmark",
  "mteb_version": "1.1.2.dev0",
  "test": {
    "cos_sim": {
      "pearson": 0.13043271946367033,
      "spearman": 0.1828965722204885
    },
    "euclidean": {
      "pearson": 0.036564257493397125,
      "spearman": 0.05728323411030709
    },
    "evaluation_time": 0.12,
    "manhattan": {
      "pearson": 0.08242414369846414,
      "spearman": 0.10729904271393383
    }
  }
}