{
  "dataset_revision": "a0d554a64d88156834ff5ae9920b964011b16384",
  "mteb_dataset_name": "STS12",
  "mteb_version": "1.1.2.dev0",
  "test": {
    "cos_sim": {
      "pearson": 0.16907860601743335,
      "spearman": 0.26602394977925414
    },
    "euclidean": {
      "pearson": 0.17627794247916756,
      "spearman": 0.3018193363742131
    },
    "evaluation_time": 0.39,
    "manhattan": {
      "pearson": 0.2609127690205391,
      "spearman": 0.32793090763019356
    }
  }
}