{
  "dataset_revision": "a0d554a64d88156834ff5ae9920b964011b16384",
  "mteb_dataset_name": "STS12",
  "mteb_version": "1.1.2.dev0",
  "test": {
    "cos_sim": {
      "pearson": 0.2640195358131534,
      "spearman": 0.37216528315018566
    },
    "euclidean": {
      "pearson": 0.28246693746504,
      "spearman": 0.38972426570340907
    },
    "evaluation_time": 0.14,
    "manhattan": {
      "pearson": 0.2895734960210231,
      "spearman": 0.39453669416163323
    }
  }
}