{
  "dataset_revision": "b0fddb56ed78048fa8b90373c8a3cfc37b684831",
  "mteb_dataset_name": "STSBenchmark",
  "mteb_version": "1.1.2.dev0",
  "test": {
    "cos_sim": {
      "pearson": 0.3309345038707703,
      "spearman": 0.4646741179750444
    },
    "euclidean": {
      "pearson": 0.39547029554211527,
      "spearman": 0.483860207499191
    },
    "evaluation_time": 0.08,
    "manhattan": {
      "pearson": 0.4070273850387799,
      "spearman": 0.49152338832014925
    }
  }
}