{
  "dataset_revision": null,
  "mteb_dataset_name": "TRECCOVID",
  "mteb_version": "1.1.2.dev0",
  "test": {
    "evaluation_time": 19810.26,
    "map_at_1": 0.0012,
    "map_at_10": 0.00676,
    "map_at_100": 0.02123,
    "map_at_1000": 0.03779,
    "map_at_3": 0.0028,
    "map_at_5": 0.00429,
    "mrr_at_1": 0.44,
    "mrr_at_10": 0.5735,
    "mrr_at_100": 0.58238,
    "mrr_at_1000": 0.58238,
    "mrr_at_3": 0.54,
    "mrr_at_5": 0.552,
    "ndcg_at_1": 0.4,
    "ndcg_at_10": 0.34221,
    "ndcg_at_100": 0.20466,
    "ndcg_at_1000": 0.17599,
    "ndcg_at_3": 0.38011,
    "ndcg_at_5": 0.37451,
    "precision_at_1": 0.44,
    "precision_at_10": 0.36,
    "precision_at_100": 0.1992,
    "precision_at_1000": 0.07416,
    "precision_at_3": 0.40667,
    "precision_at_5": 0.4,
    "recall_at_1": 0.0012,
    "recall_at_10": 0.00958,
    "recall_at_100": 0.04937,
    "recall_at_1000": 0.16263,
    "recall_at_3": 0.00315,
    "recall_at_5": 0.00532
  }
}