{
  "dataset_revision": "b0fddb56ed78048fa8b90373c8a3cfc37b684831",
  "mteb_dataset_name": "STSBenchmark",
  "mteb_version": "1.1.2.dev0",
  "test": {
    "cos_sim": {
      "pearson": 0.1494794241342498,
      "spearman": 0.2154972445373654
    },
    "euclidean": {
      "pearson": 0.18720123094663116,
      "spearman": 0.21550672547484775
    },
    "evaluation_time": 0.03,
    "manhattan": {
      "pearson": 0.18687290130934747,
      "spearman": 0.21566249183570527
    }
  }
}