{
  "dataset_revision": "a0d554a64d88156834ff5ae9920b964011b16384",
  "mteb_dataset_name": "STS12",
  "mteb_version": "1.1.2.dev0",
  "test": {
    "cos_sim": {
      "pearson": 0.1885303174114465,
      "spearman": 0.21667694650038313
    },
    "euclidean": {
      "pearson": 0.19792511838239293,
      "spearman": 0.20700501238548896
    },
    "evaluation_time": 0.44,
    "manhattan": {
      "pearson": 0.20161557983558956,
      "spearman": 0.20902502020009947
    }
  }
}