{
  "dataset_revision": null,
  "mteb_dataset_name": "InstructSTSBenchmark",
  "mteb_version": "1.1.2.dev0",
  "test": {
    "cos_sim": {
      "pearson": 0.0819618425748761,
      "spearman": 0.09028721934448833
    },
    "euclidean": {
      "pearson": 0.020032590379554217,
      "spearman": 0.08652189306556181
    },
    "evaluation_time": 0.08,
    "manhattan": {
      "pearson": 0.08802620770686671,
      "spearman": 0.08499080617810942
    }
  }
}