{
  "dataset_revision": "b0fddb56ed78048fa8b90373c8a3cfc37b684831",
  "mteb_dataset_name": "STSBenchmark",
  "mteb_version": "1.1.2.dev0",
  "test": {
    "cos_sim": {
      "pearson": 0.15266715124649535,
      "spearman": 0.20390996011106174
    },
    "euclidean": {
      "pearson": 0.09464125255945684,
      "spearman": 0.18394436588215018
    },
    "evaluation_time": 0.06,
    "manhattan": {
      "pearson": 0.22454198970518705,
      "spearman": 0.20679615622317923
    }
  }
}