{
  "dataset_revision": "b0fddb56ed78048fa8b90373c8a3cfc37b684831",
  "mteb_dataset_name": "STSBenchmark",
  "mteb_version": "1.1.2.dev0",
  "test": {
    "cos_sim": {
      "pearson": 0.2940206443009813,
      "spearman": 0.3288058284582848
    },
    "euclidean": {
      "pearson": 0.25289877130859983,
      "spearman": 0.3256025583837442
    },
    "evaluation_time": 0.05,
    "manhattan": {
      "pearson": 0.3135527722575758,
      "spearman": 0.3276655813123315
    }
  }
}