{
  "dataset_revision": null,
  "mteb_dataset_name": "InstructSTSBenchmark",
  "mteb_version": "1.1.2.dev0",
  "test": {
    "cos_sim": {
      "pearson": 0.004760049373108815,
      "spearman": 0.01634510794152012
    },
    "euclidean": {
      "pearson": -0.1307523551335507,
      "spearman": -0.11237184961094344
    },
    "evaluation_time": 0.11,
    "manhattan": {
      "pearson": -0.10233651524958287,
      "spearman": -0.09179371393558483
    }
  }
}