{
  "dataset_revision": "b0fddb56ed78048fa8b90373c8a3cfc37b684831",
  "mteb_dataset_name": "STSBenchmark",
  "mteb_version": "1.1.2.dev0",
  "test": {
    "cos_sim": {
      "pearson": 0.4574123917915878,
      "spearman": 0.48914080941818794
    },
    "euclidean": {
      "pearson": 0.552416773638078,
      "spearman": 0.5604871417074783
    },
    "evaluation_time": 0.05,
    "manhattan": {
      "pearson": 0.5524067805687769,
      "spearman": 0.5611033579109651
    }
  }
}