{
  "dataset_revision": "b0fddb56ed78048fa8b90373c8a3cfc37b684831",
  "mteb_dataset_name": "STSBenchmark",
  "mteb_version": "1.1.2.dev0",
  "test": {
    "cos_sim": {
      "pearson": 0.014204378489350456,
      "spearman": 0.08839552065426025
    },
    "euclidean": {
      "pearson": 0.03950920162141974,
      "spearman": 0.11121916884793463
    },
    "evaluation_time": 0.04,
    "manhattan": {
      "pearson": 0.14394209260845972,
      "spearman": 0.108362697059682
    }
  }
}