{
  "dataset_revision": "b0fddb56ed78048fa8b90373c8a3cfc37b684831",
  "mteb_dataset_name": "STSBenchmark",
  "mteb_version": "1.1.2.dev0",
  "test": {
    "cos_sim": {
      "pearson": 0.26794669853617825,
      "spearman": 0.48229482876451363
    },
    "euclidean": {
      "pearson": 0.4106450395291119,
      "spearman": 0.5104787769859306
    },
    "evaluation_time": 0.08,
    "manhattan": {
      "pearson": 0.43006622029858443,
      "spearman": 0.5174851524168879
    }
  }
}