{
  "dataset_revision": "b0fddb56ed78048fa8b90373c8a3cfc37b684831",
  "mteb_dataset_name": "STSBenchmark",
  "mteb_version": "1.1.2.dev0",
  "test": {
    "cos_sim": {
      "pearson": 0.6683069770678727,
      "spearman": 0.6837141180176904
    },
    "euclidean": {
      "pearson": 0.6881106964930569,
      "spearman": 0.6861329096185182
    },
    "evaluation_time": 0.03,
    "manhattan": {
      "pearson": 0.6935486284495247,
      "spearman": 0.6907853847965454
    }
  }
}