{
  "dataset_revision": "b0fddb56ed78048fa8b90373c8a3cfc37b684831",
  "mteb_dataset_name": "STSBenchmark",
  "mteb_version": "1.1.2.dev0",
  "test": {
    "cos_sim": {
      "pearson": 0.08860398016944487,
      "spearman": 0.2038902979881258
    },
    "euclidean": {
      "pearson": 0.11003358043405459,
      "spearman": 0.20357248594918284
    },
    "evaluation_time": 0.04,
    "manhattan": {
      "pearson": 0.1939272300916765,
      "spearman": 0.27601305234122364
    }
  }
}