{
  "dataset_revision": "b0fddb56ed78048fa8b90373c8a3cfc37b684831",
  "mteb_dataset_name": "STSBenchmark",
  "mteb_version": "1.1.2.dev0",
  "test": {
    "cos_sim": {
      "pearson": 0.069557741428448,
      "spearman": 0.1209995148661884
    },
    "euclidean": {
      "pearson": 0.07283883203977813,
      "spearman": 0.08784221699657019
    },
    "evaluation_time": 0.04,
    "manhattan": {
      "pearson": 0.07675951814899967,
      "spearman": 0.0971406777450768
    }
  }
}