{
  "dataset_revision": null,
  "mteb_dataset_name": "InstructSTSBenchmark",
  "mteb_version": "1.1.2.dev0",
  "test": {
    "cos_sim": {
      "pearson": 0.07416955494939129,
      "spearman": 0.1193223100567888
    },
    "euclidean": {
      "pearson": 0.08045128497032926,
      "spearman": 0.08427444696515204
    },
    "evaluation_time": 0.15,
    "manhattan": {
      "pearson": 0.08077575554135354,
      "spearman": 0.08470071029848204
    }
  }
}