{
    "test": {
        "NYTTopicClustering": 0.04442637441864732,
        "NYTLocationClustering": 0.033627675088521464,
        "harmonic_mean": 0.03828004034343547
    }
}