{
  "dataset_revision": "b0fddb56ed78048fa8b90373c8a3cfc37b684831",
  "mteb_dataset_name": "STSBenchmark",
  "mteb_version": "1.1.2.dev0",
  "test": {
    "cos_sim": {
      "pearson": 0.0037594430033945844,
      "spearman": 0.0005647106123345511
    },
    "euclidean": {
      "pearson": 0.011039667021490224,
      "spearman": 0.001030145052519164
    },
    "evaluation_time": 0.03,
    "manhattan": {
      "pearson": 0.01193709854761485,
      "spearman": 0.004149746744725965
    }
  }
}