{
  "dataset_revision": "a0d554a64d88156834ff5ae9920b964011b16384",
  "mteb_dataset_name": "STS12",
  "mteb_version": "1.1.2.dev0",
  "test": {
    "cos_sim": {
      "pearson": 0.11619831109474561,
      "spearman": 0.3190955944132161
    },
    "euclidean": {
      "pearson": 0.2233347239075594,
      "spearman": 0.32061363229082146
    },
    "evaluation_time": 0.18,
    "manhattan": {
      "pearson": 0.22402253053267057,
      "spearman": 0.3218781625276641
    }
  }
}