{
  "dataset_revision": null,
  "mteb_dataset_name": "InstructSTSBenchmark",
  "mteb_version": "1.1.2.dev0",
  "test": {
    "cos_sim": {
      "pearson": 0.1300405269624905,
      "spearman": 0.15324121296641643
    },
    "euclidean": {
      "pearson": 0.11627493373021847,
      "spearman": 0.12582829082166427
    },
    "evaluation_time": 0.15,
    "manhattan": {
      "pearson": 0.1170229336615959,
      "spearman": 0.12656878674046187
    }
  }
}