{
  "dataset_revision": "b0fddb56ed78048fa8b90373c8a3cfc37b684831",
  "mteb_dataset_name": "STSBenchmark",
  "mteb_version": "1.1.2.dev0",
  "test": {
    "cos_sim": {
      "pearson": 0.6129156339014078,
      "spearman": 0.6279791397836568
    },
    "euclidean": {
      "pearson": 0.632810932250629,
      "spearman": 0.6327778124211125
    },
    "evaluation_time": 0.02,
    "manhattan": {
      "pearson": 0.6381876535232048,
      "spearman": 0.6379775578492868
    }
  }
}