{
  "dataset_revision": "b0fddb56ed78048fa8b90373c8a3cfc37b684831",
  "mteb_dataset_name": "STSBenchmark",
  "mteb_version": "1.1.2.dev0",
  "test": {
    "cos_sim": {
      "pearson": 0.02994039589522527,
      "spearman": 0.16710803138586725
    },
    "euclidean": {
      "pearson": 0.05193800262033235,
      "spearman": 0.13359152488838932
    },
    "evaluation_time": 0.05,
    "manhattan": {
      "pearson": 0.185885764198248,
      "spearman": 0.17074966479122994
    }
  }
}