{
  "dataset_revision": "b0fddb56ed78048fa8b90373c8a3cfc37b684831",
  "mteb_dataset_name": "STSBenchmark",
  "mteb_version": "1.1.2.dev0",
  "test": {
    "cos_sim": {
      "pearson": 0.24916507745446206,
      "spearman": 0.2675736208903485
    },
    "euclidean": {
      "pearson": 0.2652409413694791,
      "spearman": 0.2675524688778541
    },
    "evaluation_time": 0.04,
    "manhattan": {
      "pearson": 0.26424098620624664,
      "spearman": 0.2666083756981895
    }
  }
}