{
  "dataset_revision": null,
  "mteb_dataset_name": "InstructSTSBenchmark",
  "mteb_version": "1.1.2.dev0",
  "test": {
    "cos_sim": {
      "pearson": 0.22236240890503106,
      "spearman": 0.22355462490209563
    },
    "euclidean": {
      "pearson": 0.22228356420545115,
      "spearman": 0.22162551007305087
    },
    "evaluation_time": 0.12,
    "manhattan": {
      "pearson": 0.22283107439092964,
      "spearman": 0.22236964930000075
    }
  }
}