{
  "dataset_revision": "a0d554a64d88156834ff5ae9920b964011b16384",
  "mteb_dataset_name": "STS12",
  "mteb_version": "1.1.2.dev0",
  "test": {
    "cos_sim": {
      "pearson": 0.26436706125430504,
      "spearman": 0.28031773805004134
    },
    "euclidean": {
      "pearson": 0.31182316316697306,
      "spearman": 0.29970050185806757
    },
    "evaluation_time": 0.41,
    "manhattan": {
      "pearson": 0.31738453938631145,
      "spearman": 0.30296594108326935
    }
  }
}