{
  "dataset_revision": "b0fddb56ed78048fa8b90373c8a3cfc37b684831",
  "mteb_dataset_name": "STSBenchmark",
  "mteb_version": "1.1.2.dev0",
  "test": {
    "cos_sim": {
      "pearson": 0.36435332309427765,
      "spearman": 0.3788828891370552
    },
    "euclidean": {
      "pearson": 0.3697136427433597,
      "spearman": 0.3848762870806262
    },
    "evaluation_time": 0.03,
    "manhattan": {
      "pearson": 0.37721061020355384,
      "spearman": 0.39194354516322444
    }
  }
}