{
  "dataset_revision": "b0fddb56ed78048fa8b90373c8a3cfc37b684831",
  "mteb_dataset_name": "STSBenchmark",
  "mteb_version": "1.1.2.dev0",
  "test": {
    "cos_sim": {
      "pearson": 0.12674414999367403,
      "spearman": 0.2602216216112376
    },
    "euclidean": {
      "pearson": 0.22691910726114337,
      "spearman": 0.26615453197429084
    },
    "evaluation_time": 0.09,
    "manhattan": {
      "pearson": 0.25563784588805955,
      "spearman": 0.2857948766323497
    }
  }
}