{
  "dataset_revision": "b0fddb56ed78048fa8b90373c8a3cfc37b684831",
  "mteb_dataset_name": "STSBenchmark",
  "mteb_version": "1.1.2.dev0",
  "test": {
    "cos_sim": {
      "pearson": 0.1210375159107752,
      "spearman": 0.17353582644006363
    },
    "euclidean": {
      "pearson": 0.14957145052460716,
      "spearman": 0.17353918030715734
    },
    "evaluation_time": 0.03,
    "manhattan": {
      "pearson": 0.1500918345066114,
      "spearman": 0.17250779483221423
    }
  }
}