{
  "dataset_revision": "b0fddb56ed78048fa8b90373c8a3cfc37b684831",
  "mteb_dataset_name": "STSBenchmark",
  "mteb_version": "1.1.2.dev0",
  "test": {
    "cos_sim": {
      "pearson": 0.35606392951853205,
      "spearman": 0.3678531054120417
    },
    "euclidean": {
      "pearson": 0.35567552215827464,
      "spearman": 0.35258678567809315
    },
    "evaluation_time": 0.03,
    "manhattan": {
      "pearson": 0.35949179364591816,
      "spearman": 0.3560475940201397
    }
  }
}