{
  "dataset_revision": "b0fddb56ed78048fa8b90373c8a3cfc37b684831",
  "mteb_dataset_name": "STSBenchmark",
  "mteb_version": "1.1.2.dev0",
  "test": {
    "cos_sim": {
      "pearson": 0.3276290930543147,
      "spearman": 0.3598630723701813
    },
    "euclidean": {
      "pearson": 0.38027590728737165,
      "spearman": 0.38725116114037805
    },
    "evaluation_time": 0.03,
    "manhattan": {
      "pearson": 0.3934320197405252,
      "spearman": 0.39629198513125136
    }
  }
}