{
  "dataset_revision": "b0fddb56ed78048fa8b90373c8a3cfc37b684831",
  "mteb_dataset_name": "STSBenchmark",
  "mteb_version": "1.1.2.dev0",
  "test": {
    "cos_sim": {
      "pearson": 0.35592146469545954,
      "spearman": 0.37234512468034087
    },
    "euclidean": {
      "pearson": 0.3820692009408012,
      "spearman": 0.3861051711707556
    },
    "evaluation_time": 0.03,
    "manhattan": {
      "pearson": 0.38836035693700377,
      "spearman": 0.3912972083413925
    }
  }
}