{
  "dataset_revision": "b0fddb56ed78048fa8b90373c8a3cfc37b684831",
  "mteb_dataset_name": "STSBenchmark",
  "mteb_version": "1.1.2.dev0",
  "test": {
    "cos_sim": {
      "pearson": 0.36633429033228065,
      "spearman": 0.38899253185634924
    },
    "euclidean": {
      "pearson": 0.40753834831853175,
      "spearman": 0.4107946902837416
    },
    "evaluation_time": 0.03,
    "manhattan": {
      "pearson": 0.4181307930650359,
      "spearman": 0.41906688121499
    }
  }
}