{
  "dataset_revision": "b0fddb56ed78048fa8b90373c8a3cfc37b684831",
  "mteb_dataset_name": "STSBenchmark",
  "mteb_version": "1.1.2.dev0",
  "test": {
    "cos_sim": {
      "pearson": 0.543669464869503,
      "spearman": 0.6489784134590363
    },
    "euclidean": {
      "pearson": 0.6388436683975884,
      "spearman": 0.6653317490584839
    },
    "evaluation_time": 0.07,
    "manhattan": {
      "pearson": 0.6489321911803537,
      "spearman": 0.6696579324251611
    }
  }
}