{
  "dataset_revision": "b0fddb56ed78048fa8b90373c8a3cfc37b684831",
  "mteb_dataset_name": "STSBenchmark",
  "mteb_version": "1.1.2.dev0",
  "test": {
    "cos_sim": {
      "pearson": 0.23080566061789795,
      "spearman": 0.2922916847001528
    },
    "euclidean": {
      "pearson": 0.3036959588696065,
      "spearman": 0.31791727484969584
    },
    "evaluation_time": 0.07,
    "manhattan": {
      "pearson": 0.3089005163023902,
      "spearman": 0.3230549350048859
    }
  }
}