{
  "dataset_revision": "b0fddb56ed78048fa8b90373c8a3cfc37b684831",
  "mteb_dataset_name": "STSBenchmark",
  "mteb_version": "1.1.2.dev0",
  "test": {
    "cos_sim": {
      "pearson": 0.4009554726668124,
      "spearman": 0.40972804434733157
    },
    "euclidean": {
      "pearson": 0.42186870845052005,
      "spearman": 0.4215419094568568
    },
    "evaluation_time": 0.03,
    "manhattan": {
      "pearson": 0.4260736715813597,
      "spearman": 0.4256257928921142
    }
  }
}