{
  "dataset_revision": null,
  "mteb_dataset_name": "InstructSTSBenchmark",
  "mteb_version": "1.1.2.dev0",
  "test": {
    "cos_sim": {
      "pearson": 0.01766780064464735,
      "spearman": 0.026482522125309507
    },
    "euclidean": {
      "pearson": -0.06690405696535165,
      "spearman": -0.06143247045892066
    },
    "evaluation_time": 0.11,
    "manhattan": {
      "pearson": -0.059883428330831344,
      "spearman": -0.05451662112136798
    }
  }
}