{
  "dataset_revision": "a0d554a64d88156834ff5ae9920b964011b16384",
  "mteb_dataset_name": "STS12",
  "mteb_version": "1.1.2.dev0",
  "test": {
    "cos_sim": {
      "pearson": 0.1469575685812099,
      "spearman": 0.26760143471903974
    },
    "euclidean": {
      "pearson": 0.1256847124997313,
      "spearman": 0.25233093795080797
    },
    "evaluation_time": 0.43,
    "manhattan": {
      "pearson": 0.23010700053393068,
      "spearman": 0.3339697668502384
    }
  }
}