{
  "dataset_revision": "b0fddb56ed78048fa8b90373c8a3cfc37b684831",
  "mteb_dataset_name": "STSBenchmark",
  "mteb_version": "1.1.2.dev0",
  "test": {
    "cos_sim": {
      "pearson": 0.1744951260325455,
      "spearman": 0.2107865917253759
    },
    "euclidean": {
      "pearson": 0.18232105597079434,
      "spearman": 0.19883457991616027
    },
    "evaluation_time": 0.04,
    "manhattan": {
      "pearson": 0.2253811842231147,
      "spearman": 0.23944031993818932
    }
  }
}