{
  "dataset_revision": null,
  "mteb_dataset_name": "InstructSTSBenchmark",
  "mteb_version": "1.1.2.dev0",
  "test": {
    "cos_sim": {
      "pearson": 0.22539234086195736,
      "spearman": 0.22337792599896308
    },
    "euclidean": {
      "pearson": 0.21666854108260752,
      "spearman": 0.21183966978822721
    },
    "evaluation_time": 0.12,
    "manhattan": {
      "pearson": 0.21750840998383217,
      "spearman": 0.21247815396913391
    }
  }
}