{
  "dataset_revision": "a0d554a64d88156834ff5ae9920b964011b16384",
  "mteb_dataset_name": "STS12",
  "mteb_version": "1.1.2.dev0",
  "test": {
    "cos_sim": {
      "pearson": 0.235446057030408,
      "spearman": 0.25332396630853676
    },
    "euclidean": {
      "pearson": 0.2665202113424628,
      "spearman": 0.25756669516389924
    },
    "evaluation_time": 0.42,
    "manhattan": {
      "pearson": 0.2742418610443871,
      "spearman": 0.26924679524284506
    }
  }
}