{
  "dataset_revision": "b0fddb56ed78048fa8b90373c8a3cfc37b684831",
  "mteb_dataset_name": "STSBenchmark",
  "mteb_version": "1.1.2.dev0",
  "test": {
    "cos_sim": {
      "pearson": 0.16850064949686983,
      "spearman": 0.18656910732180282
    },
    "euclidean": {
      "pearson": 0.2238449406460941,
      "spearman": 0.21086315038929918
    },
    "evaluation_time": 0.06,
    "manhattan": {
      "pearson": 0.2293359923323846,
      "spearman": 0.21603686182438409
    }
  }
}