{
  "dataset_revision": null,
  "mteb_dataset_name": "InstructSTSBenchmark",
  "mteb_version": "1.1.2.dev0",
  "test": {
    "cos_sim": {
      "pearson": 0.03328582813814325,
      "spearman": 0.06246989340050798
    },
    "euclidean": {
      "pearson": 0.04793596551853721,
      "spearman": 0.05529628226096302
    },
    "evaluation_time": 0.1,
    "manhattan": {
      "pearson": 0.04786617633215728,
      "spearman": 0.05568338036553283
    }
  }
}