{
  "dataset_revision": "b0fddb56ed78048fa8b90373c8a3cfc37b684831",
  "mteb_dataset_name": "STSBenchmark",
  "mteb_version": "1.1.2.dev0",
  "test": {
    "cos_sim": {
      "pearson": 0.027904196637585657,
      "spearman": 0.06108252951799225
    },
    "euclidean": {
      "pearson": 0.04502989538895147,
      "spearman": 0.06115258611964298
    },
    "evaluation_time": 0.03,
    "manhattan": {
      "pearson": 0.056674558545627,
      "spearman": 0.0734601032241173
    }
  }
}