{
  "dataset_revision": "b0fddb56ed78048fa8b90373c8a3cfc37b684831",
  "mteb_dataset_name": "STSBenchmark",
  "mteb_version": "1.1.2.dev0",
  "test": {
    "cos_sim": {
      "pearson": 0.01811704065752399,
      "spearman": 0.02422328744839668
    },
    "euclidean": {
      "pearson": 0.018633559835003227,
      "spearman": 0.02422328744839668
    },
    "evaluation_time": 45.54,
    "manhattan": {
      "pearson": 0.025062936165000167,
      "spearman": 0.022499897452068287
    }
  }
}