{
  "dataset_revision": "b0fddb56ed78048fa8b90373c8a3cfc37b684831",
  "mteb_dataset_name": "STSBenchmark",
  "mteb_version": "1.1.2.dev0",
  "test": {
    "cos_sim": {
      "pearson": 0.23758688938540898,
      "spearman": 0.28191725984369753
    },
    "euclidean": {
      "pearson": 0.2579428925434682,
      "spearman": 0.26815514382366057
    },
    "evaluation_time": 0.06,
    "manhattan": {
      "pearson": 0.2721342810530289,
      "spearman": 0.2813910924872501
    }
  }
}