{
  "dataset_revision": "b0fddb56ed78048fa8b90373c8a3cfc37b684831",
  "mteb_dataset_name": "STSBenchmark",
  "mteb_version": "1.1.2.dev0",
  "test": {
    "cos_sim": {
      "pearson": 0.6517341942836713,
      "spearman": 0.6601748564214309
    },
    "euclidean": {
      "pearson": 0.6708769872946817,
      "spearman": 0.6604345685779125
    },
    "evaluation_time": 0.03,
    "manhattan": {
      "pearson": 0.6739261681482068,
      "spearman": 0.6620775819539723
    }
  }
}