{
  "dataset_revision": null,
  "mteb_dataset_name": "InstructSTSBenchmark",
  "mteb_version": "1.1.2.dev0",
  "test": {
    "cos_sim": {
      "pearson": 0.21339010594533403,
      "spearman": 0.2450968626043549
    },
    "euclidean": {
      "pearson": 0.19391413638994573,
      "spearman": 0.20523987464496932
    },
    "evaluation_time": 0.11,
    "manhattan": {
      "pearson": 0.19342545496565405,
      "spearman": 0.205037672807393
    }
  }
}