{
  "dataset_revision": "a0d554a64d88156834ff5ae9920b964011b16384",
  "mteb_dataset_name": "STS12",
  "mteb_version": "1.1.2.dev0",
  "test": {
    "cos_sim": {
      "pearson": 0.39444550494467423,
      "spearman": 0.43223180697678665
    },
    "euclidean": {
      "pearson": 0.41171654652021206,
      "spearman": 0.4330803824409981
    },
    "evaluation_time": 0.1,
    "manhattan": {
      "pearson": 0.41339779577405766,
      "spearman": 0.43588338132157783
    }
  }
}