{
  "dataset_revision": "b0fddb56ed78048fa8b90373c8a3cfc37b684831",
  "mteb_dataset_name": "STSBenchmark",
  "mteb_version": "1.1.2.dev0",
  "test": {
    "cos_sim": {
      "pearson": 0.3510783171975649,
      "spearman": 0.34172916776389106
    },
    "euclidean": {
      "pearson": 0.378395761019319,
      "spearman": 0.34173280771076386
    },
    "evaluation_time": 0.05,
    "manhattan": {
      "pearson": 0.381865741033552,
      "spearman": 0.3458113968156643
    }
  }
}