{
  "dataset_revision": "b0fddb56ed78048fa8b90373c8a3cfc37b684831",
  "mteb_dataset_name": "STSBenchmark",
  "mteb_version": "1.1.2.dev0",
  "test": {
    "cos_sim": {
      "pearson": 0.1363907037204168,
      "spearman": 0.20749982552315524
    },
    "euclidean": {
      "pearson": 0.14030895527621898,
      "spearman": 0.23111067006061528
    },
    "evaluation_time": 0.04,
    "manhattan": {
      "pearson": 0.1734918377208373,
      "spearman": 0.22287402694078037
    }
  }
}