{
  "dataset_revision": null,
  "mteb_dataset_name": "InstructSTSBenchmark",
  "mteb_version": "1.1.2.dev0",
  "test": {
    "cos_sim": {
      "pearson": 0.1726204484373522,
      "spearman": 0.1752739266437911
    },
    "euclidean": {
      "pearson": 0.1814976928954345,
      "spearman": 0.17451202650148248
    },
    "evaluation_time": 0.13,
    "manhattan": {
      "pearson": 0.1816088748244031,
      "spearman": 0.17421919813967668
    }
  }
}