{
  "dataset_revision": null,
  "mteb_dataset_name": "InstructSTSBenchmark",
  "mteb_version": "1.1.2.dev0",
  "test": {
    "cos_sim": {
      "pearson": 0.006274344535302824,
      "spearman": 0.00933999501825784
    },
    "euclidean": {
      "pearson": -0.06846082394095275,
      "spearman": -0.06927143495238337
    },
    "evaluation_time": 0.15,
    "manhattan": {
      "pearson": -0.0810783379085834,
      "spearman": -0.07745833231776954
    }
  }
}