{
  "dataset_revision": "a0d554a64d88156834ff5ae9920b964011b16384",
  "mteb_dataset_name": "STS12",
  "mteb_version": "1.1.2.dev0",
  "test": {
    "cos_sim": {
      "pearson": 0.16030253143424497,
      "spearman": 0.34872801669275555
    },
    "euclidean": {
      "pearson": 0.2486893397927623,
      "spearman": 0.37839376202594005
    },
    "evaluation_time": 0.39,
    "manhattan": {
      "pearson": 0.2742244577430779,
      "spearman": 0.38832334617343267
    }
  }
}