{
  "dataset_revision": "b0fddb56ed78048fa8b90373c8a3cfc37b684831",
  "mteb_dataset_name": "STSBenchmark",
  "mteb_version": "1.1.2.dev0",
  "test": {
    "cos_sim": {
      "pearson": 0.18993963209924178,
      "spearman": 0.28495355916934495
    },
    "euclidean": {
      "pearson": 0.2555157859530737,
      "spearman": 0.31106702806814523
    },
    "evaluation_time": 0.06,
    "manhattan": {
      "pearson": 0.30500694217516927,
      "spearman": 0.35374417040710704
    }
  }
}