{
  "dataset_revision": null,
  "mteb_dataset_name": "InstructSTSBenchmark",
  "mteb_version": "1.1.2.dev0",
  "test": {
    "cos_sim": {
      "pearson": 0.08386625562088253,
      "spearman": 0.13493466010519872
    },
    "euclidean": {
      "pearson": 0.0973751002236559,
      "spearman": 0.11756169677614495
    },
    "evaluation_time": 0.15,
    "manhattan": {
      "pearson": 0.10134949337258406,
      "spearman": 0.12170228033420757
    }
  }
}