{
  "dataset_revision": null,
  "mteb_dataset_name": "InstructSTSBenchmark",
  "mteb_version": "1.1.2.dev0",
  "test": {
    "cos_sim": {
      "pearson": -0.08048932746136894,
      "spearman": -0.08058198641570524
    },
    "euclidean": {
      "pearson": -0.16517297211331838,
      "spearman": -0.15954772472355486
    },
    "evaluation_time": 0.08,
    "manhattan": {
      "pearson": -0.1630422286180106,
      "spearman": -0.15759902754925825
    }
  }
}