{
  "dataset_revision": "b0fddb56ed78048fa8b90373c8a3cfc37b684831",
  "mteb_dataset_name": "STSBenchmark",
  "mteb_version": "1.1.2.dev0",
  "test": {
    "cos_sim": {
      "pearson": 0.25752762425687137,
      "spearman": 0.29297128027838204
    },
    "euclidean": {
      "pearson": 0.3688784999403485,
      "spearman": 0.3738312707433856
    },
    "evaluation_time": 0.06,
    "manhattan": {
      "pearson": 0.372247308167733,
      "spearman": 0.37575726035451684
    }
  }
}