{
  "dataset_revision": "b0fddb56ed78048fa8b90373c8a3cfc37b684831",
  "mteb_dataset_name": "STSBenchmark",
  "mteb_version": "1.1.2.dev0",
  "test": {
    "cos_sim": {
      "pearson": 0.04960371692255998,
      "spearman": 0.061914337289490626
    },
    "euclidean": {
      "pearson": -0.024357817128383544,
      "spearman": -0.02250459573522025
    },
    "evaluation_time": 0.04,
    "manhattan": {
      "pearson": -0.024774055145416377,
      "spearman": -0.022892264966379024
    }
  }
}