{
  "dataset_revision": "b0fddb56ed78048fa8b90373c8a3cfc37b684831",
  "mteb_dataset_name": "STSBenchmark",
  "mteb_version": "1.1.2.dev0",
  "test": {
    "cos_sim": {
      "pearson": 0.3226140139588743,
      "spearman": 0.3336543984248706
    },
    "euclidean": {
      "pearson": 0.39667607003279526,
      "spearman": 0.38036817764766057
    },
    "evaluation_time": 0.08,
    "manhattan": {
      "pearson": 0.40595736511114516,
      "spearman": 0.38948368581396037
    }
  }
}