{
  "dataset_revision": "b0fddb56ed78048fa8b90373c8a3cfc37b684831",
  "mteb_dataset_name": "STSBenchmark",
  "mteb_version": "1.1.2.dev0",
  "test": {
    "cos_sim": {
      "pearson": 0.5210298222423406,
      "spearman": 0.5598010892376023
    },
    "euclidean": {
      "pearson": 0.5867744073477282,
      "spearman": 0.588949308133775
    },
    "evaluation_time": 0.07,
    "manhattan": {
      "pearson": 0.6049101686935819,
      "spearman": 0.6049776595281228
    }
  }
}