{
  "dataset_revision": null,
  "mteb_dataset_name": "InstructSTSBenchmark",
  "mteb_version": "1.1.2.dev0",
  "test": {
    "cos_sim": {
      "pearson": 0.008310069141196533,
      "spearman": 0.016694858615294572
    },
    "euclidean": {
      "pearson": -0.07333941743042867,
      "spearman": -0.06677624605004691
    },
    "evaluation_time": 0.15,
    "manhattan": {
      "pearson": -0.058441972282073075,
      "spearman": -0.05445559624245108
    }
  }
}