{
  "dataset_revision": "b0fddb56ed78048fa8b90373c8a3cfc37b684831",
  "mteb_dataset_name": "STSBenchmark",
  "mteb_version": "1.1.2.dev0",
  "test": {
    "cos_sim": {
      "pearson": 0.25502097349309105,
      "spearman": 0.21820104438752833
    },
    "euclidean": {
      "pearson": 0.25306330946232075,
      "spearman": 0.2122006801602854
    },
    "evaluation_time": 0.04,
    "manhattan": {
      "pearson": 0.268306605751273,
      "spearman": 0.21076210397655323
    }
  }
}