{
  "dataset_revision": "b0fddb56ed78048fa8b90373c8a3cfc37b684831",
  "mteb_dataset_name": "STSBenchmark",
  "mteb_version": "1.1.2.dev0",
  "test": {
    "cos_sim": {
      "pearson": 0.06654511758781452,
      "spearman": 0.11672093645841923
    },
    "euclidean": {
      "pearson": 0.06740360711672493,
      "spearman": 0.07717179865303392
    },
    "evaluation_time": 0.04,
    "manhattan": {
      "pearson": 0.06775439725543127,
      "spearman": 0.09019580572553514
    }
  }
}