{
  "dataset_revision": null,
  "mteb_dataset_name": "InstructSTSBenchmark",
  "mteb_version": "1.1.2.dev0",
  "test": {
    "cos_sim": {
      "pearson": -0.17036980137895907,
      "spearman": -0.15206489085286887
    },
    "euclidean": {
      "pearson": -0.19387711984168388,
      "spearman": -0.17770125953920682
    },
    "evaluation_time": 0.12,
    "manhattan": {
      "pearson": -0.19384077893279503,
      "spearman": -0.17754095540505238
    }
  }
}