{
    "test": {
        "NYTTopicClustering": 0.1149736508679273,
        "NYTLocationClustering": 0.06348411105250158,
        "harmonic_mean": 0.081800880027112
    }
}