{
  "dataset_revision": "b0fddb56ed78048fa8b90373c8a3cfc37b684831",
  "mteb_dataset_name": "STSBenchmark",
  "mteb_version": "1.1.2.dev0",
  "test": {
    "cos_sim": {
      "pearson": 0.5386178165836011,
      "spearman": 0.5421059358351227
    },
    "euclidean": {
      "pearson": 0.5447625686402996,
      "spearman": 0.5399011891566589
    },
    "evaluation_time": 0.04,
    "manhattan": {
      "pearson": 0.5448611468542067,
      "spearman": 0.5401199043784756
    }
  }
}