{
  "dataset_revision": "b0fddb56ed78048fa8b90373c8a3cfc37b684831",
  "mteb_dataset_name": "STSBenchmark",
  "mteb_version": "1.1.2.dev0",
  "test": {
    "cos_sim": {
      "pearson": 0.19263982898038587,
      "spearman": 0.249543508169748
    },
    "euclidean": {
      "pearson": 0.18115049775864445,
      "spearman": 0.21558414085606223
    },
    "evaluation_time": 0.09,
    "manhattan": {
      "pearson": 0.4135468634721728,
      "spearman": 0.41369788141270003
    }
  }
}