{
  "dataset_revision": null,
  "mteb_dataset_name": "InstructSTSBenchmark",
  "mteb_version": "1.1.2.dev0",
  "test": {
    "cos_sim": {
      "pearson": 0.0463299940542205,
      "spearman": 0.10226403534873128
    },
    "euclidean": {
      "pearson": -0.02160425031902017,
      "spearman": 0.010105082373831963
    },
    "evaluation_time": 0.12,
    "manhattan": {
      "pearson": 0.021154843053986717,
      "spearman": 0.04507324880730411
    }
  }
}