{
  "dataset_revision": "b0fddb56ed78048fa8b90373c8a3cfc37b684831",
  "mteb_dataset_name": "STSBenchmark",
  "mteb_version": "1.1.2.dev0",
  "test": {
    "cos_sim": {
      "pearson": 0.33645733600395245,
      "spearman": 0.38145812100715315
    },
    "euclidean": {
      "pearson": 0.35964833700620313,
      "spearman": 0.39540423691944954
    },
    "evaluation_time": 0.07,
    "manhattan": {
      "pearson": 0.5548347230320576,
      "spearman": 0.547424430080279
    }
  }
}