{
  "dataset_revision": "b0fddb56ed78048fa8b90373c8a3cfc37b684831",
  "mteb_dataset_name": "STSBenchmark",
  "mteb_version": "1.1.2.dev0",
  "test": {
    "cos_sim": {
      "pearson": 0.14358756635774667,
      "spearman": 0.21276778593068232
    },
    "euclidean": {
      "pearson": 0.21462153383500482,
      "spearman": 0.24020943910890824
    },
    "evaluation_time": 0.07,
    "manhattan": {
      "pearson": 0.2924928083102405,
      "spearman": 0.2996133766542125
    }
  }
}