{
  "dataset_revision": "b0fddb56ed78048fa8b90373c8a3cfc37b684831",
  "mteb_dataset_name": "STSBenchmark",
  "mteb_version": "1.1.2.dev0",
  "test": {
    "cos_sim": {
      "pearson": 0.2222629663243297,
      "spearman": 0.28700598476770495
    },
    "euclidean": {
      "pearson": 0.2638730185122092,
      "spearman": 0.29698726655104385
    },
    "evaluation_time": 0.07,
    "manhattan": {
      "pearson": 0.2700778366435029,
      "spearman": 0.3034549275553458
    }
  }
}