{
  "dataset_revision": "b0fddb56ed78048fa8b90373c8a3cfc37b684831",
  "mteb_dataset_name": "STSBenchmark",
  "mteb_version": "1.1.2.dev0",
  "test": {
    "cos_sim": {
      "pearson": 0.24989161045282887,
      "spearman": 0.24039798331734455
    },
    "euclidean": {
      "pearson": 0.2846225690629841,
      "spearman": 0.24070284089419663
    },
    "evaluation_time": 0.03,
    "manhattan": {
      "pearson": 0.28813621906300474,
      "spearman": 0.24341694499481312
    }
  }
}