{
  "dataset_revision": "b0fddb56ed78048fa8b90373c8a3cfc37b684831",
  "mteb_dataset_name": "STSBenchmark",
  "mteb_version": "1.1.2.dev0",
  "test": {
    "cos_sim": {
      "pearson": 0.3340029828689981,
      "spearman": 0.3881174277072319
    },
    "euclidean": {
      "pearson": 0.3735577248222092,
      "spearman": 0.388115745878072
    },
    "evaluation_time": 0.03,
    "manhattan": {
      "pearson": 0.3732516567986544,
      "spearman": 0.38780741557657605
    }
  }
}