{
  "dataset_revision": "b0fddb56ed78048fa8b90373c8a3cfc37b684831",
  "mteb_dataset_name": "STSBenchmark",
  "mteb_version": "1.1.2.dev0",
  "test": {
    "cos_sim": {
      "pearson": 0.46777020116672646,
      "spearman": 0.6391372047475105
    },
    "euclidean": {
      "pearson": 0.6165702581661434,
      "spearman": 0.6535321614837701
    },
    "evaluation_time": 0.07,
    "manhattan": {
      "pearson": 0.6340168142497903,
      "spearman": 0.6612881391879752
    }
  }
}