{
  "dataset_revision": "b0fddb56ed78048fa8b90373c8a3cfc37b684831",
  "mteb_dataset_name": "STSBenchmark",
  "mteb_version": "1.1.2.dev0",
  "test": {
    "cos_sim": {
      "pearson": 0.29457539277310624,
      "spearman": 0.3556846771898466
    },
    "euclidean": {
      "pearson": 0.1814509400512681,
      "spearman": 0.3475402112301553
    },
    "evaluation_time": 0.07,
    "manhattan": {
      "pearson": 0.33217269933368565,
      "spearman": 0.3508326451134287
    }
  }
}