{
  "dataset_revision": null,
  "mteb_dataset_name": "InstructSTSBenchmark",
  "mteb_version": "1.1.2.dev0",
  "test": {
    "cos_sim": {
      "pearson": -0.0017124567191572815,
      "spearman": 0.006341577900558292
    },
    "euclidean": {
      "pearson": -0.0055452933177106405,
      "spearman": 0.020506636357934604
    },
    "evaluation_time": 0.11,
    "manhattan": {
      "pearson": 0.03777798227041888,
      "spearman": 0.02993816801898866
    }
  }
}