{
  "dataset_revision": null,
  "mteb_dataset_name": "InstructSTSBenchmark",
  "mteb_version": "1.1.2.dev0",
  "test": {
    "cos_sim": {
      "pearson": -0.004698674801635707,
      "spearman": -0.01715208971060186
    },
    "euclidean": {
      "pearson": -0.01602645870998627,
      "spearman": -0.0225149924535274
    },
    "evaluation_time": 0.12,
    "manhattan": {
      "pearson": -0.016948000891456958,
      "spearman": -0.023085620615656104
    }
  }
}