{
  "dataset_revision": "b0fddb56ed78048fa8b90373c8a3cfc37b684831",
  "mteb_dataset_name": "STSBenchmark",
  "mteb_version": "1.1.2.dev0",
  "test": {
    "cos_sim": {
      "pearson": 0.5076426190956792,
      "spearman": 0.5349576304738665
    },
    "euclidean": {
      "pearson": 0.4213732444861327,
      "spearman": 0.5019993798893987
    },
    "evaluation_time": 0.05,
    "manhattan": {
      "pearson": 0.49693967180820037,
      "spearman": 0.5040778834730937
    }
  }
}