{
  "dataset_revision": "b0fddb56ed78048fa8b90373c8a3cfc37b684831",
  "mteb_dataset_name": "STSBenchmark",
  "mteb_version": "1.1.2.dev0",
  "test": {
    "cos_sim": {
      "pearson": 0.05002593946407843,
      "spearman": 0.11020204483105316
    },
    "euclidean": {
      "pearson": 0.07302121743112142,
      "spearman": 0.11025078262969094
    },
    "evaluation_time": 0.04,
    "manhattan": {
      "pearson": 0.07298268678418571,
      "spearman": 0.11010017496005904
    }
  }
}