{
    "dataset_revision": null,
    "mteb_dataset_name": "IntentEmotion",
    "mteb_version": "1.1.2.dev0",
    "test": {
        "Emotion_success_rate": 0.9935064935064936,
        "Intent_success_rate": 0.005032467532467532,
        "evaluation_time": 0.89,
        "harmonic_mean": 0.010014229293391444
    }
}