{
  "dataset_revision": null,
  "mteb_dataset_name": "InstructSTSBenchmark",
  "mteb_version": "1.1.2.dev0",
  "test": {
    "cos_sim": {
      "pearson": 0.2858341933637607,
      "spearman": 0.29656497215968464
    },
    "euclidean": {
      "pearson": 0.29941941827659224,
      "spearman": 0.2918132290183702
    },
    "evaluation_time": 0.16,
    "manhattan": {
      "pearson": 0.29956758236344644,
      "spearman": 0.2915500022601562
    }
  }
}