{
  "dataset_revision": "b0fddb56ed78048fa8b90373c8a3cfc37b684831",
  "mteb_dataset_name": "STSBenchmark",
  "mteb_version": "1.1.2.dev0",
  "test": {
    "cos_sim": {
      "pearson": 0.330249618847903,
      "spearman": 0.3367826517674342
    },
    "euclidean": {
      "pearson": 0.3264980488786812,
      "spearman": 0.3187878425182241
    },
    "evaluation_time": 0.04,
    "manhattan": {
      "pearson": 0.32679393720049255,
      "spearman": 0.3191007267620631
    }
  }
}