{
  "dataset_revision": null,
  "mteb_dataset_name": "InstructSTSBenchmark",
  "mteb_version": "1.1.2.dev0",
  "test": {
    "cos_sim": {
      "pearson": 0.06172558572527344,
      "spearman": 0.04838179914512416
    },
    "euclidean": {
      "pearson": 0.05497235774853723,
      "spearman": 0.049828179857156714
    },
    "evaluation_time": 0.12,
    "manhattan": {
      "pearson": 0.05973013553922204,
      "spearman": 0.05135881133484607
    }
  }
}