{
  "dataset_revision": "b0fddb56ed78048fa8b90373c8a3cfc37b684831",
  "mteb_dataset_name": "STSBenchmark",
  "mteb_version": "1.1.2.dev0",
  "test": {
    "cos_sim": {
      "pearson": 0.24582621486395545,
      "spearman": 0.2664781629522449
    },
    "euclidean": {
      "pearson": 0.28040764237692184,
      "spearman": 0.2856709782135766
    },
    "evaluation_time": 0.03,
    "manhattan": {
      "pearson": 0.28458968292832043,
      "spearman": 0.28907271587594496
    }
  }
}