{
  "dataset_revision": "b0fddb56ed78048fa8b90373c8a3cfc37b684831",
  "mteb_dataset_name": "STSBenchmark",
  "mteb_version": "1.1.2.dev0",
  "test": {
    "cos_sim": {
      "pearson": 0.08233121554535305,
      "spearman": 0.202531924332676
    },
    "euclidean": {
      "pearson": 0.11230805075928589,
      "spearman": 0.20757351280670783
    },
    "evaluation_time": 0.05,
    "manhattan": {
      "pearson": 0.20700676905603776,
      "spearman": 0.26592281411510627
    }
  }
}