{
  "dataset_revision": "b0fddb56ed78048fa8b90373c8a3cfc37b684831",
  "mteb_dataset_name": "STSBenchmark",
  "mteb_version": "1.1.2.dev0",
  "test": {
    "cos_sim": {
      "pearson": 0.46270671814412184,
      "spearman": 0.49187545981269093
    },
    "euclidean": {
      "pearson": 0.4141349943844906,
      "spearman": 0.449966247083706
    },
    "evaluation_time": 0.03,
    "manhattan": {
      "pearson": 0.4148343182418464,
      "spearman": 0.45067023331129374
    }
  }
}