{
  "dataset_revision": "b0fddb56ed78048fa8b90373c8a3cfc37b684831",
  "mteb_dataset_name": "STSBenchmark",
  "mteb_version": "1.1.2.dev0",
  "test": {
    "cos_sim": {
      "pearson": 0.17092263673067437,
      "spearman": 0.35104345089634337
    },
    "euclidean": {
      "pearson": 0.23300690189287424,
      "spearman": 0.3766261294446239
    },
    "evaluation_time": 0.03,
    "manhattan": {
      "pearson": 0.23538361794974247,
      "spearman": 0.37953818816519636
    }
  }
}