{
  "dataset_revision": "a0d554a64d88156834ff5ae9920b964011b16384",
  "mteb_dataset_name": "STS12",
  "mteb_version": "1.1.2.dev0",
  "test": {
    "cos_sim": {
      "pearson": 0.7291100311381616,
      "spearman": 0.6481431310425844
    },
    "euclidean": {
      "pearson": 0.7194671313206067,
      "spearman": 0.6600564613478301
    },
    "evaluation_time": 0.4,
    "manhattan": {
      "pearson": 0.7207801941537031,
      "spearman": 0.6611449197601963
    }
  }
}