{
  "dataset_revision": null,
  "mteb_dataset_name": "InstructSTSBenchmark",
  "mteb_version": "1.1.2.dev0",
  "test": {
    "cos_sim": {
      "pearson": -0.01980160617621081,
      "spearman": -0.02899091616727968
    },
    "euclidean": {
      "pearson": 0.02130858299221851,
      "spearman": -0.06592098690726846
    },
    "evaluation_time": 0.15,
    "manhattan": {
      "pearson": -0.014364292756486584,
      "spearman": -0.05854335230242339
    }
  }
}