{
  "dataset_revision": "b0fddb56ed78048fa8b90373c8a3cfc37b684831",
  "mteb_dataset_name": "STSBenchmark",
  "mteb_version": "1.1.2.dev0",
  "test": {
    "cos_sim": {
      "pearson": 0.06822565258945515,
      "spearman": 0.05174103147428401
    },
    "euclidean": {
      "pearson": 0.07049428915886462,
      "spearman": 0.05184234065617673
    },
    "evaluation_time": 0.06,
    "manhattan": {
      "pearson": 0.07232984780545612,
      "spearman": 0.05349042338178828
    }
  }
}