{
  "dataset_revision": "b0fddb56ed78048fa8b90373c8a3cfc37b684831",
  "mteb_dataset_name": "STSBenchmark",
  "mteb_version": "1.1.2.dev0",
  "test": {
    "cos_sim": {
      "pearson": 0.031066679699593435,
      "spearman": 0.08106738208234597
    },
    "euclidean": {
      "pearson": 0.04016819067498227,
      "spearman": 0.08117215189560915
    },
    "evaluation_time": 0.03,
    "manhattan": {
      "pearson": 0.041734195377582474,
      "spearman": 0.08435507583539584
    }
  }
}