{
  "dataset_revision": "b0fddb56ed78048fa8b90373c8a3cfc37b684831",
  "mteb_dataset_name": "STSBenchmark",
  "mteb_version": "1.1.2.dev0",
  "test": {
    "cos_sim": {
      "pearson": 0.5010429219772397,
      "spearman": 0.5406911343670215
    },
    "euclidean": {
      "pearson": 0.5205209481521974,
      "spearman": 0.5282552449635998
    },
    "evaluation_time": 0.07,
    "manhattan": {
      "pearson": 0.5222839540705199,
      "spearman": 0.5294731656881236
    }
  }
}