{
    "dataset_revision": null,
    "mteb_dataset_name": "IntentEmotion",
    "mteb_version": "1.1.2.dev0",
    "test": {
        "Emotion_success_rate": 0.5603896103896104,
        "Intent_success_rate": 0.4081168831168831,
        "evaluation_time": 100.21,
        "harmonic_mean": 0.47228277274115393
    }
}