{
  "dataset_revision": null,
  "mteb_dataset_name": "InstructSTSBenchmark",
  "mteb_version": "1.1.2.dev0",
  "test": {
    "cos_sim": {
      "pearson": 0.02155755408956438,
      "spearman": 0.02559492723725523
    },
    "euclidean": {
      "pearson": 0.01637354458295946,
      "spearman": 0.017315126278354444
    },
    "evaluation_time": 0.15,
    "manhattan": {
      "pearson": 0.01891241945614784,
      "spearman": 0.019538891085262158
    }
  }
}