{
  "dataset_revision": "b0fddb56ed78048fa8b90373c8a3cfc37b684831",
  "mteb_dataset_name": "STSBenchmark",
  "mteb_version": "1.1.2.dev0",
  "test": {
    "cos_sim": {
      "pearson": 0.511066080807102,
      "spearman": 0.555844062030661
    },
    "euclidean": {
      "pearson": 0.5591687955008469,
      "spearman": 0.5659330950203153
    },
    "evaluation_time": 0.03,
    "manhattan": {
      "pearson": 0.5636503880335081,
      "spearman": 0.5689719650274135
    }
  }
}