{
  "dataset_revision": "b0fddb56ed78048fa8b90373c8a3cfc37b684831",
  "mteb_dataset_name": "STSBenchmark",
  "mteb_version": "1.1.2.dev0",
  "test": {
    "cos_sim": {
      "pearson": 0.2574676455116865,
      "spearman": 0.3820237786671647
    },
    "euclidean": {
      "pearson": 0.33865266184438103,
      "spearman": 0.40922249666697635
    },
    "evaluation_time": 0.03,
    "manhattan": {
      "pearson": 0.3422958789180947,
      "spearman": 0.41266469065515987
    }
  }
}