{
  "dataset_revision": null,
  "mteb_dataset_name": "InstructSTSBenchmark",
  "mteb_version": "1.1.2.dev0",
  "test": {
    "cos_sim": {
      "pearson": 0.019250956851658778,
      "spearman": 0.020877339741698933
    },
    "euclidean": {
      "pearson": -0.02275236691951327,
      "spearman": -0.02071794639228791
    },
    "evaluation_time": 0.08,
    "manhattan": {
      "pearson": -0.021662793279282243,
      "spearman": -0.019593084818222643
    }
  }
}