{
    "test": {
        "NYTTopicClustering": 0.3908465654547763,
        "NYTLocationClustering": 0.3023595371228841,
        "harmonic_mean": 0.34095542350261615
    }
}