{
  "dataset_revision": "b0fddb56ed78048fa8b90373c8a3cfc37b684831",
  "mteb_dataset_name": "STSBenchmark",
  "mteb_version": "1.1.2.dev0",
  "test": {
    "cos_sim": {
      "pearson": 0.0477201026046303,
      "spearman": 0.08426183343531184
    },
    "euclidean": {
      "pearson": 0.06388175757013084,
      "spearman": 0.06620627782052842
    },
    "evaluation_time": 0.03,
    "manhattan": {
      "pearson": 0.06618378807792177,
      "spearman": 0.07122400757933968
    }
  }
}