{
  "dataset_revision": "b0fddb56ed78048fa8b90373c8a3cfc37b684831",
  "mteb_dataset_name": "STSBenchmark",
  "mteb_version": "1.1.2.dev0",
  "test": {
    "cos_sim": {
      "pearson": 0.22964692924885302,
      "spearman": 0.35381607920359404
    },
    "euclidean": {
      "pearson": 0.2871482669507046,
      "spearman": 0.3593610268920744
    },
    "evaluation_time": 0.03,
    "manhattan": {
      "pearson": 0.3050295072186664,
      "spearman": 0.3634670221167898
    }
  }
}