{
  "dataset_revision": "b0fddb56ed78048fa8b90373c8a3cfc37b684831",
  "mteb_dataset_name": "STSBenchmark",
  "mteb_version": "1.1.2.dev0",
  "test": {
    "cos_sim": {
      "pearson": 0.17535918023775024,
      "spearman": 0.22700724537617403
    },
    "euclidean": {
      "pearson": 0.20280427651913188,
      "spearman": 0.22695922157869158
    },
    "evaluation_time": 0.03,
    "manhattan": {
      "pearson": 0.2036173364171418,
      "spearman": 0.2281202523860526
    }
  }
}