{
  "dataset_revision": null,
  "mteb_dataset_name": "InstructSTSBenchmark",
  "mteb_version": "1.1.2.dev0",
  "test": {
    "cos_sim": {
      "pearson": -0.003815899833818657,
      "spearman": 8.060748936171586e-05
    },
    "euclidean": {
      "pearson": 0.03396492578306524,
      "spearman": 0.03517446696197528
    },
    "evaluation_time": 0.04,
    "manhattan": {
      "pearson": 0.03288452004445291,
      "spearman": 0.03418804988933343
    }
  }
}