{
  "dataset_revision": "b0fddb56ed78048fa8b90373c8a3cfc37b684831",
  "mteb_dataset_name": "STSBenchmark",
  "mteb_version": "1.1.2.dev0",
  "test": {
    "cos_sim": {
      "pearson": 0.36382745821208246,
      "spearman": 0.36584094887782087
    },
    "euclidean": {
      "pearson": 0.37458439330786464,
      "spearman": 0.36565859770651854
    },
    "evaluation_time": 0.03,
    "manhattan": {
      "pearson": 0.39579197916469927,
      "spearman": 0.38697839190574995
    }
  }
}