{
  "dataset_revision": "b0fddb56ed78048fa8b90373c8a3cfc37b684831",
  "mteb_dataset_name": "STSBenchmark",
  "mteb_version": "1.1.2.dev0",
  "test": {
    "cos_sim": {
      "pearson": 0.3389059571420012,
      "spearman": 0.34158465149745404
    },
    "euclidean": {
      "pearson": 0.3303221839981776,
      "spearman": 0.3271548502645556
    },
    "evaluation_time": 0.04,
    "manhattan": {
      "pearson": 0.32983783320022214,
      "spearman": 0.3267009953910431
    }
  }
}