{
    "dataset_revision": null,
    "mteb_dataset_name": "IntentEmotion",
    "mteb_version": "1.1.2.dev0",
    "test": {
        "Emotion_success_rate": 0.9746753246753247,
        "Intent_success_rate": 0.02727272727272727,
        "evaluation_time": 0.48,
        "harmonic_mean": 0.053060762474696106
    }
}