{
  "dataset_revision": "b0fddb56ed78048fa8b90373c8a3cfc37b684831",
  "mteb_dataset_name": "STSBenchmark",
  "mteb_version": "1.1.2.dev0",
  "test": {
    "cos_sim": {
      "pearson": 0.12963258163582161,
      "spearman": 0.31261451717238287
    },
    "euclidean": {
      "pearson": 0.2008748085112244,
      "spearman": 0.3213365223231149
    },
    "evaluation_time": 0.03,
    "manhattan": {
      "pearson": 0.2988634665832537,
      "spearman": 0.33627101817776545
    }
  }
}