{
    "test": {
        "NYTTopicClustering": 0.09201570267784535,
        "NYTLocationClustering": 0.03392735517966461,
        "harmonic_mean": 0.049575581912018496
    }
}