{
  "dataset_revision": null,
  "mteb_dataset_name": "InstructSTSBenchmark",
  "mteb_version": "1.1.2.dev0",
  "test": {
    "cos_sim": {
      "pearson": 0.06356577263110448,
      "spearman": 0.09580678293401657
    },
    "euclidean": {
      "pearson": 0.08584734369105666,
      "spearman": 0.09942273463241236
    },
    "evaluation_time": 0.12,
    "manhattan": {
      "pearson": 0.08687383592369051,
      "spearman": 0.10160870044436106
    }
  }
}