{
  "dataset_revision": null,
  "mteb_dataset_name": "InstructSTSBenchmark",
  "mteb_version": "1.1.2.dev0",
  "test": {
    "cos_sim": {
      "pearson": 0.055217416548128964,
      "spearman": 0.053874493648699846
    },
    "euclidean": {
      "pearson": 0.05766117401707296,
      "spearman": 0.04874020644935377
    },
    "evaluation_time": 0.12,
    "manhattan": {
      "pearson": 0.04955147246776905,
      "spearman": 0.037865026538019333
    }
  }
}