{
  "dataset_revision": "b0fddb56ed78048fa8b90373c8a3cfc37b684831",
  "mteb_dataset_name": "STSBenchmark",
  "mteb_version": "1.1.2.dev0",
  "test": {
    "cos_sim": {
      "pearson": 0.4115244840089315,
      "spearman": 0.43558004498127445
    },
    "euclidean": {
      "pearson": 0.3252340100323344,
      "spearman": 0.36404884322828496
    },
    "evaluation_time": 0.05,
    "manhattan": {
      "pearson": 0.4735961636460695,
      "spearman": 0.46691941366471706
    }
  }
}