{
  "dataset_revision": "b0fddb56ed78048fa8b90373c8a3cfc37b684831",
  "mteb_dataset_name": "STSBenchmark",
  "mteb_version": "1.1.2.dev0",
  "test": {
    "cos_sim": {
      "pearson": 0.2796668429053418,
      "spearman": 0.31933228873092456
    },
    "euclidean": {
      "pearson": 0.3044179785399238,
      "spearman": 0.3293545720302653
    },
    "evaluation_time": 0.07,
    "manhattan": {
      "pearson": 0.3075258532379603,
      "spearman": 0.3332839988980012
    }
  }
}