{
  "dataset_revision": null,
  "mteb_dataset_name": "InstructSTSBenchmark",
  "mteb_version": "1.1.2.dev0",
  "test": {
    "cos_sim": {
      "pearson": 0.07403034094872309,
      "spearman": 0.05283023960202269
    },
    "euclidean": {
      "pearson": 0.013696129476610128,
      "spearman": 0.05180875597181653
    },
    "evaluation_time": 0.08,
    "manhattan": {
      "pearson": 0.07051902213255534,
      "spearman": 0.053295212723941644
    }
  }
}