{
    "test": {
        "NYTTopicClustering": 0.03853178542476605,
        "NYTLocationClustering": 0.027963347529909942,
        "harmonic_mean": 0.03240772669450073
    }
}