{
  "dataset_revision": "b0fddb56ed78048fa8b90373c8a3cfc37b684831",
  "mteb_dataset_name": "STSBenchmark",
  "mteb_version": "1.1.2.dev0",
  "test": {
    "cos_sim": {
      "pearson": 0.0021964340392323775,
      "spearman": 0.1347238356287136
    },
    "euclidean": {
      "pearson": 0.04424833456284526,
      "spearman": 0.16235277467127263
    },
    "evaluation_time": 0.03,
    "manhattan": {
      "pearson": 0.16879620867515624,
      "spearman": 0.15138568937755262
    }
  }
}