{
  "dataset_revision": null,
  "mteb_dataset_name": "InstructSTSBenchmark",
  "mteb_version": "1.1.2.dev0",
  "test": {
    "cos_sim": {
      "pearson": -0.048983467862620096,
      "spearman": -0.04246094566410894
    },
    "euclidean": {
      "pearson": -0.1299693353609962,
      "spearman": -0.10995180327757537
    },
    "evaluation_time": 0.11,
    "manhattan": {
      "pearson": -0.1477699448187698,
      "spearman": -0.1388794175182264
    }
  }
}