{
    "test": {
        "NYTTopicClustering": 0.03606516584686406,
        "NYTLocationClustering": 0.025589051182075065,
        "harmonic_mean": 0.029937082535123217
    }
}