{
  "dataset_revision": null,
  "mteb_dataset_name": "InstructSTSBenchmark",
  "mteb_version": "1.1.2.dev0",
  "test": {
    "cos_sim": {
      "pearson": 0.027836634460726806,
      "spearman": 0.027606471476958827
    },
    "euclidean": {
      "pearson": -0.10008684453585749,
      "spearman": -0.08127284264799792
    },
    "evaluation_time": 0.12,
    "manhattan": {
      "pearson": -0.017357626644143802,
      "spearman": -0.022262240153337314
    }
  }
}