{
  "dataset_revision": "b0fddb56ed78048fa8b90373c8a3cfc37b684831",
  "mteb_dataset_name": "STSBenchmark",
  "mteb_version": "1.1.2.dev0",
  "test": {
    "cos_sim": {
      "pearson": 0.14043833845510237,
      "spearman": 0.16929344734511176
    },
    "euclidean": {
      "pearson": 0.14717750309152378,
      "spearman": 0.1619523085434617
    },
    "evaluation_time": 0.05,
    "manhattan": {
      "pearson": 0.16364353523408254,
      "spearman": 0.17899362351566167
    }
  }
}