{
  "dataset_revision": "b0fddb56ed78048fa8b90373c8a3cfc37b684831",
  "mteb_dataset_name": "STSBenchmark",
  "mteb_version": "1.1.2.dev0",
  "test": {
    "cos_sim": {
      "pearson": 0.3926670266813951,
      "spearman": 0.396687565737577
    },
    "euclidean": {
      "pearson": 0.3987440378123719,
      "spearman": 0.40598474674326696
    },
    "evaluation_time": 0.03,
    "manhattan": {
      "pearson": 0.4035087372063531,
      "spearman": 0.4099526988726721
    }
  }
}