{
  "dataset_revision": "b0fddb56ed78048fa8b90373c8a3cfc37b684831",
  "mteb_dataset_name": "STSBenchmark",
  "mteb_version": "1.1.2.dev0",
  "test": {
    "cos_sim": {
      "pearson": 0.32096086223547937,
      "spearman": 0.3323763830723868
    },
    "euclidean": {
      "pearson": 0.3908717803756041,
      "spearman": 0.37667991043130894
    },
    "evaluation_time": 0.07,
    "manhattan": {
      "pearson": 0.40039227578819647,
      "spearman": 0.3841763202947007
    }
  }
}