{
  "dataset_revision": null,
  "mteb_dataset_name": "InstructSTSBenchmark",
  "mteb_version": "1.1.2.dev0",
  "test": {
    "cos_sim": {
      "pearson": 0.011615947575597616,
      "spearman": 0.00728427565877487
    },
    "euclidean": {
      "pearson": 0.004708946590108948,
      "spearman": 0.005833340851093924
    },
    "evaluation_time": 0.1,
    "manhattan": {
      "pearson": 0.007606450405913897,
      "spearman": 0.009047621413746817
    }
  }
}