{
  "dataset_revision": "a0d554a64d88156834ff5ae9920b964011b16384",
  "mteb_dataset_name": "STS12",
  "mteb_version": "1.1.2.dev0",
  "test": {
    "cos_sim": {
      "pearson": 0.741512387153447,
      "spearman": 0.6743637734713256
    },
    "euclidean": {
      "pearson": 0.7187215689668748,
      "spearman": 0.6790181984478598
    },
    "evaluation_time": 0.92,
    "manhattan": {
      "pearson": 0.7307537681449264,
      "spearman": 0.6818838743970411
    }
  }
}