{
  "dataset_revision": "b0fddb56ed78048fa8b90373c8a3cfc37b684831",
  "mteb_dataset_name": "STSBenchmark",
  "mteb_version": "1.1.2.dev0",
  "test": {
    "cos_sim": {
      "pearson": 0.7386855664733101,
      "spearman": 0.7397800750292945
    },
    "euclidean": {
      "pearson": 0.768850781593225,
      "spearman": 0.7529533614704019
    },
    "evaluation_time": 0.05,
    "manhattan": {
      "pearson": 0.7777695230548348,
      "spearman": 0.7626109033321539
    }
  }
}