{
  "dataset_revision": null,
  "mteb_dataset_name": "InstructSTSBenchmark",
  "mteb_version": "1.1.2.dev0",
  "test": {
    "cos_sim": {
      "pearson": 0.04932528746504346,
      "spearman": 0.04522039350283932
    },
    "euclidean": {
      "pearson": 0.04641504618468299,
      "spearman": 0.04862635813816242
    },
    "evaluation_time": 0.04,
    "manhattan": {
      "pearson": 0.04515860113511666,
      "spearman": 0.04716722583008595
    }
  }
}