{
  "dataset_revision": "a0d554a64d88156834ff5ae9920b964011b16384",
  "mteb_dataset_name": "STS12",
  "mteb_version": "1.1.2.dev0",
  "test": {
    "cos_sim": {
      "pearson": 0.4748452571031483,
      "spearman": 0.38585602909232136
    },
    "euclidean": {
      "pearson": 0.41123833482143224,
      "spearman": 0.35466475601843883
    },
    "evaluation_time": 0.05,
    "manhattan": {
      "pearson": 0.40847155306795413,
      "spearman": 0.3523314011105048
    }
  }
}