{
  "dataset_revision": "b0fddb56ed78048fa8b90373c8a3cfc37b684831",
  "mteb_dataset_name": "STSBenchmark",
  "mteb_version": "1.1.2.dev0",
  "test": {
    "cos_sim": {
      "pearson": 0.46137619246642386,
      "spearman": 0.47885678083412014
    },
    "euclidean": {
      "pearson": 0.39081507287960726,
      "spearman": 0.4447160791851656
    },
    "evaluation_time": 0.03,
    "manhattan": {
      "pearson": 0.39195962273296964,
      "spearman": 0.4468501097068327
    }
  }
}