{
  "dataset_revision": "b0fddb56ed78048fa8b90373c8a3cfc37b684831",
  "mteb_dataset_name": "STSBenchmark",
  "mteb_version": "1.1.2.dev0",
  "test": {
    "cos_sim": {
      "pearson": 0.14361169187764353,
      "spearman": 0.23866775298866139
    },
    "euclidean": {
      "pearson": 0.17486834998585574,
      "spearman": 0.23232064658391802
    },
    "evaluation_time": 0.04,
    "manhattan": {
      "pearson": 0.2518658428006586,
      "spearman": 0.2866408542143107
    }
  }
}