{
  "dataset_revision": null,
  "mteb_dataset_name": "InstructSTSBenchmark",
  "mteb_version": "1.1.2.dev0",
  "test": {
    "cos_sim": {
      "pearson": -0.06651073494832677,
      "spearman": -0.06596334125885965
    },
    "euclidean": {
      "pearson": -0.09032642663186628,
      "spearman": -0.08807301797295707
    },
    "evaluation_time": 0.14,
    "manhattan": {
      "pearson": -0.0948801854184822,
      "spearman": -0.09205876230341019
    }
  }
}