{
  "dataset_revision": "b0fddb56ed78048fa8b90373c8a3cfc37b684831",
  "mteb_dataset_name": "STSBenchmark",
  "mteb_version": "1.1.2.dev0",
  "test": {
    "cos_sim": {
      "pearson": 0.02517358095985234,
      "spearman": 0.0968834508140247
    },
    "euclidean": {
      "pearson": 0.07212462637420025,
      "spearman": 0.0733271386449915
    },
    "evaluation_time": 0.04,
    "manhattan": {
      "pearson": 0.07903752055992047,
      "spearman": 0.08815051647389946
    }
  }
}