{
  "dataset_revision": "b0fddb56ed78048fa8b90373c8a3cfc37b684831",
  "mteb_dataset_name": "STSBenchmark",
  "mteb_version": "1.1.2.dev0",
  "test": {
    "cos_sim": {
      "pearson": 0.45287787958767883,
      "spearman": 0.5051280825837627
    },
    "euclidean": {
      "pearson": 0.4647087954588083,
      "spearman": 0.49955367690986235
    },
    "evaluation_time": 0.07,
    "manhattan": {
      "pearson": 0.47382561673484225,
      "spearman": 0.5058419222072637
    }
  }
}