{
  "dataset_revision": null,
  "mteb_dataset_name": "InstructSTSBenchmark",
  "mteb_version": "1.1.2.dev0",
  "test": {
    "cos_sim": {
      "pearson": -0.05005862264850919,
      "spearman": -0.115198444369845
    },
    "euclidean": {
      "pearson": -0.033340402015278645,
      "spearman": -0.1267906198854192
    },
    "evaluation_time": 0.08,
    "manhattan": {
      "pearson": -0.01776419590842105,
      "spearman": -0.11116308343664084
    }
  }
}