{
  "dataset_revision": "b0fddb56ed78048fa8b90373c8a3cfc37b684831",
  "mteb_dataset_name": "STSBenchmark",
  "mteb_version": "1.1.2.dev0",
  "test": {
    "cos_sim": {
      "pearson": 0.013970064883513924,
      "spearman": 0.040982354148804
    },
    "euclidean": {
      "pearson": 0.00898442783746874,
      "spearman": 0.044337812525857376
    },
    "evaluation_time": 0.06,
    "manhattan": {
      "pearson": 0.003840292876721947,
      "spearman": 0.044925283699385046
    }
  }
}