{
  "dataset_revision": "b0fddb56ed78048fa8b90373c8a3cfc37b684831",
  "mteb_dataset_name": "STSBenchmark",
  "mteb_version": "1.1.2.dev0",
  "test": {
    "cos_sim": {
      "pearson": 0.021014084894104154,
      "spearman": 0.10423117124407694
    },
    "euclidean": {
      "pearson": 0.06976652105583571,
      "spearman": 0.07708623479193841
    },
    "evaluation_time": 0.06,
    "manhattan": {
      "pearson": 0.07324729852967965,
      "spearman": 0.08544480583321486
    }
  }
}