{
  "dataset_revision": null,
  "mteb_dataset_name": "InstructSTSBenchmark",
  "mteb_version": "1.1.2.dev0",
  "test": {
    "cos_sim": {
      "pearson": 0.10116338791487618,
      "spearman": 0.11775615678621337
    },
    "euclidean": {
      "pearson": 0.11390391583518254,
      "spearman": 0.10539679701757865
    },
    "evaluation_time": 0.15,
    "manhattan": {
      "pearson": 0.11457061243040188,
      "spearman": 0.10987893775052084
    }
  }
}