{
  "dataset_revision": "b0fddb56ed78048fa8b90373c8a3cfc37b684831",
  "mteb_dataset_name": "STSBenchmark",
  "mteb_version": "1.1.2.dev0",
  "test": {
    "cos_sim": {
      "pearson": 0.5272427986580153,
      "spearman": 0.5345504351836464
    },
    "euclidean": {
      "pearson": 0.5518340163703591,
      "spearman": 0.5590791215127584
    },
    "evaluation_time": 0.04,
    "manhattan": {
      "pearson": 0.5536732884732746,
      "spearman": 0.56090695833575
    }
  }
}