{
  "dataset_revision": "b0fddb56ed78048fa8b90373c8a3cfc37b684831",
  "mteb_dataset_name": "STSBenchmark",
  "mteb_version": "1.1.2.dev0",
  "test": {
    "cos_sim": {
      "pearson": 0.3173352003672898,
      "spearman": 0.34513241089944136
    },
    "euclidean": {
      "pearson": 0.36664440567297807,
      "spearman": 0.3759751509187664
    },
    "evaluation_time": 0.04,
    "manhattan": {
      "pearson": 0.39635881023104713,
      "spearman": 0.39715011234205144
    }
  }
}