{
  "dataset_revision": "b0fddb56ed78048fa8b90373c8a3cfc37b684831",
  "mteb_dataset_name": "STSBenchmark",
  "mteb_version": "1.1.2.dev0",
  "test": {
    "cos_sim": {
      "pearson": 0.1884178458903184,
      "spearman": 0.285112392147685
    },
    "euclidean": {
      "pearson": 0.27052279344754665,
      "spearman": 0.30330940791208116
    },
    "evaluation_time": 0.07,
    "manhattan": {
      "pearson": 0.3626799022313867,
      "spearman": 0.37319221868748775
    }
  }
}