{
  "dataset_revision": "b0fddb56ed78048fa8b90373c8a3cfc37b684831",
  "mteb_dataset_name": "STSBenchmark",
  "mteb_version": "1.1.2.dev0",
  "test": {
    "cos_sim": {
      "pearson": 0.3755618239794996,
      "spearman": 0.38310665299311464
    },
    "euclidean": {
      "pearson": 0.4188987802795969,
      "spearman": 0.4201477456645466
    },
    "evaluation_time": 0.05,
    "manhattan": {
      "pearson": 0.4375259798924483,
      "spearman": 0.43458074205474256
    }
  }
}