{
  "dataset_revision": "a0d554a64d88156834ff5ae9920b964011b16384",
  "mteb_dataset_name": "STS12",
  "mteb_version": "1.1.2.dev0",
  "test": {
    "cos_sim": {
      "pearson": 0.12342099824169747,
      "spearman": 0.2189930872776817
    },
    "euclidean": {
      "pearson": 0.129575504143409,
      "spearman": 0.25631382542397607
    },
    "evaluation_time": 339.29,
    "manhattan": {
      "pearson": 0.13340187796684536,
      "spearman": 0.2588031960873092
    }
  }
}