{
  "dataset_revision": null,
  "mteb_dataset_name": "InstructSTSBenchmark",
  "mteb_version": "1.1.2.dev0",
  "test": {
    "cos_sim": {
      "pearson": 0.20567190820846434,
      "spearman": 0.20291455371596004
    },
    "euclidean": {
      "pearson": 0.20377460047851054,
      "spearman": 0.19341926454620623
    },
    "evaluation_time": 0.07,
    "manhattan": {
      "pearson": 0.20447337690564327,
      "spearman": 0.1945687182356559
    }
  }
}