{
  "dataset_revision": "a0d554a64d88156834ff5ae9920b964011b16384",
  "mteb_dataset_name": "STS12",
  "mteb_version": "1.1.2.dev0",
  "test": {
    "cos_sim": {
      "pearson": 0.22715280715388034,
      "spearman": 0.3863822425745402
    },
    "euclidean": {
      "pearson": 0.14511409577995976,
      "spearman": 0.2613530083689799
    },
    "evaluation_time": 0.35,
    "manhattan": {
      "pearson": 0.35404634042455424,
      "spearman": 0.47004228973005807
    }
  }
}