{
  "dataset_revision": "a0d554a64d88156834ff5ae9920b964011b16384",
  "mteb_dataset_name": "STS12",
  "mteb_version": "1.1.2.dev0",
  "test": {
    "cos_sim": {
      "pearson": 0.2638704839041002,
      "spearman": 0.2795836987643707
    },
    "euclidean": {
      "pearson": 0.3205413536956162,
      "spearman": 0.3053190805833073
    },
    "evaluation_time": 0.35,
    "manhattan": {
      "pearson": 0.32850126026003434,
      "spearman": 0.3142954536019922
    }
  }
}