{
  "dataset_revision": null,
  "mteb_dataset_name": "InstructSTSBenchmark",
  "mteb_version": "1.1.2.dev0",
  "test": {
    "cos_sim": {
      "pearson": 0.062028275042564036,
      "spearman": 0.06445638981368172
    },
    "euclidean": {
      "pearson": 0.02531948455824937,
      "spearman": 0.07082301523916143
    },
    "evaluation_time": 0.15,
    "manhattan": {
      "pearson": 0.0767364837310526,
      "spearman": 0.07332230281677464
    }
  }
}