{
  "dataset_revision": "a0d554a64d88156834ff5ae9920b964011b16384",
  "mteb_dataset_name": "STS12",
  "mteb_version": "1.1.2.dev0",
  "test": {
    "cos_sim": {
      "pearson": 0.2955376434874692,
      "spearman": 0.29452212517398046
    },
    "euclidean": {
      "pearson": 0.0770580239516642,
      "spearman": 0.2852608162210194
    },
    "evaluation_time": 0.42,
    "manhattan": {
      "pearson": 0.2974563002957263,
      "spearman": 0.29236838804977744
    }
  }
}