{
  "dataset_revision": "b0fddb56ed78048fa8b90373c8a3cfc37b684831",
  "mteb_dataset_name": "STSBenchmark",
  "mteb_version": "1.1.2.dev0",
  "test": {
    "cos_sim": {
      "pearson": 0.3273327668040678,
      "spearman": 0.36395768680971574
    },
    "euclidean": {
      "pearson": 0.3316487088526939,
      "spearman": 0.3731697852840626
    },
    "evaluation_time": 0.06,
    "manhattan": {
      "pearson": 0.33589997348451156,
      "spearman": 0.3780359223544585
    }
  }
}