{
  "dataset_revision": "b0fddb56ed78048fa8b90373c8a3cfc37b684831",
  "mteb_dataset_name": "STSBenchmark",
  "mteb_version": "1.1.2.dev0",
  "test": {
    "cos_sim": {
      "pearson": 0.27930466042768215,
      "spearman": 0.3788043863787964
    },
    "euclidean": {
      "pearson": 0.38176373748293396,
      "spearman": 0.40785192058398906
    },
    "evaluation_time": 0.07,
    "manhattan": {
      "pearson": 0.3900933547925487,
      "spearman": 0.41639956496941694
    }
  }
}