{
  "dataset_revision": "b0fddb56ed78048fa8b90373c8a3cfc37b684831",
  "mteb_dataset_name": "STSBenchmark",
  "mteb_version": "1.1.2.dev0",
  "test": {
    "cos_sim": {
      "pearson": 0.5658602683739651,
      "spearman": 0.5881075228890233
    },
    "euclidean": {
      "pearson": 0.579871527490599,
      "spearman": 0.591320210087487
    },
    "evaluation_time": 0.07,
    "manhattan": {
      "pearson": 0.590016854082278,
      "spearman": 0.5994589571820406
    }
  }
}