{
    "test": {
        "NYTTopicClustering": 0.032781321172916544,
        "NYTLocationClustering": 0.024435679260366404,
        "harmonic_mean": 0.027999864935874648
    }
}