{
  "dataset_revision": null,
  "mteb_dataset_name": "InstructSTSBenchmark",
  "mteb_version": "1.1.2.dev0",
  "test": {
    "cos_sim": {
      "pearson": -1.836899608982645e-09,
      "spearman": -2.732457774074958e-06
    },
    "euclidean": {
      "pearson": 2.6370385501975346e-09,
      "spearman": 1.8216385004202187e-06
    },
    "evaluation_time": 5.48,
    "manhattan": {
      "pearson": 2.9445314619729046e-09,
      "spearman": 5.464915512201483e-06
    }
  }
}