{
  "dataset_revision": "b0fddb56ed78048fa8b90373c8a3cfc37b684831",
  "mteb_dataset_name": "STSBenchmark",
  "mteb_version": "1.1.2.dev0",
  "test": {
    "cos_sim": {
      "pearson": 0.838205249812766,
      "spearman": 0.8454880267303436
    },
    "euclidean": {
      "pearson": 0.8416738250347252,
      "spearman": 0.8454880267303436
    },
    "evaluation_time": 3.01,
    "manhattan": {
      "pearson": 0.8405823860567618,
      "spearman": 0.8443456081655506
    }
  }
}