{
  "dataset_revision": "b0fddb56ed78048fa8b90373c8a3cfc37b684831",
  "mteb_dataset_name": "STSBenchmark",
  "mteb_version": "1.1.2.dev0",
  "test": {
    "cos_sim": {
      "pearson": 0.16370454049234082,
      "spearman": 0.3763322738901789
    },
    "euclidean": {
      "pearson": 0.22551057613858783,
      "spearman": 0.40321697603922324
    },
    "evaluation_time": 0.04,
    "manhattan": {
      "pearson": 0.23174889031696794,
      "spearman": 0.4139346083314015
    }
  }
}