{
  "dataset_revision": "b0fddb56ed78048fa8b90373c8a3cfc37b684831",
  "mteb_dataset_name": "STSBenchmark",
  "mteb_version": "1.1.2.dev0",
  "test": {
    "cos_sim": {
      "pearson": 0.20038851539429853,
      "spearman": 0.1975577666271137
    },
    "euclidean": {
      "pearson": 0.25931138365450057,
      "spearman": 0.2436621048240857
    },
    "evaluation_time": 0.04,
    "manhattan": {
      "pearson": 0.31980908354441706,
      "spearman": 0.30799202467117587
    }
  }
}