{
  "dataset_revision": "b0fddb56ed78048fa8b90373c8a3cfc37b684831",
  "mteb_dataset_name": "STSBenchmark",
  "mteb_version": "1.1.2.dev0",
  "test": {
    "cos_sim": {
      "pearson": 0.17405580232255627,
      "spearman": 0.412382245640232
    },
    "euclidean": {
      "pearson": 0.3180272815629696,
      "spearman": 0.4394077676004213
    },
    "evaluation_time": 0.07,
    "manhattan": {
      "pearson": 0.3386901962266385,
      "spearman": 0.44703372887660064
    }
  }
}