{
  "dataset_revision": "b0fddb56ed78048fa8b90373c8a3cfc37b684831",
  "mteb_dataset_name": "STSBenchmark",
  "mteb_version": "1.1.2.dev0",
  "test": {
    "cos_sim": {
      "pearson": 0.17636948883306194,
      "spearman": 0.2760211146694115
    },
    "euclidean": {
      "pearson": 0.2329119617530886,
      "spearman": 0.27275934071588115
    },
    "evaluation_time": 0.07,
    "manhattan": {
      "pearson": 0.36149372594358753,
      "spearman": 0.37291083636303585
    }
  }
}