{
  "dataset_revision": "b0fddb56ed78048fa8b90373c8a3cfc37b684831",
  "mteb_dataset_name": "STSBenchmark",
  "mteb_version": "1.1.2.dev0",
  "test": {
    "cos_sim": {
      "pearson": 0.08092600124488122,
      "spearman": 0.1740550877379121
    },
    "euclidean": {
      "pearson": 0.15506963251127304,
      "spearman": 0.20837955234553507
    },
    "evaluation_time": 0.03,
    "manhattan": {
      "pearson": 0.18172034257896297,
      "spearman": 0.23173618427816114
    }
  }
}