{
  "dataset_revision": "b0fddb56ed78048fa8b90373c8a3cfc37b684831",
  "mteb_dataset_name": "STSBenchmark",
  "mteb_version": "1.1.2.dev0",
  "test": {
    "cos_sim": {
      "pearson": 0.1324621228475268,
      "spearman": 0.18404444932095312
    },
    "euclidean": {
      "pearson": 0.18415292922166882,
      "spearman": 0.19889760277029153
    },
    "evaluation_time": 0.07,
    "manhattan": {
      "pearson": 0.18697985027241604,
      "spearman": 0.20272218130075048
    }
  }
}