{
  "dataset_revision": null,
  "mteb_dataset_name": "InstructSTSBenchmark",
  "mteb_version": "1.1.2.dev0",
  "test": {
    "cos_sim": {
      "pearson": 0.13044440483128242,
      "spearman": 0.21216756475103993
    },
    "euclidean": {
      "pearson": 0.18822321360467642,
      "spearman": 0.22874082879094387
    },
    "evaluation_time": 0.06,
    "manhattan": {
      "pearson": 0.22517388787291895,
      "spearman": 0.23577872788633034
    }
  }
}