{
    "test": {
        "NYTTopicClustering": 0.015616673521867764,
        "NYTLocationClustering": 0.013761519924700566,
        "harmonic_mean": 0.014630532792719227
    }
}