{
  "dataset_revision": "b0fddb56ed78048fa8b90373c8a3cfc37b684831",
  "mteb_dataset_name": "STSBenchmark",
  "mteb_version": "1.1.2.dev0",
  "test": {
    "cos_sim": {
      "pearson": 0.40755519658283534,
      "spearman": 0.4239475240824211
    },
    "euclidean": {
      "pearson": 0.4201954600039626,
      "spearman": 0.43069399578854717
    },
    "evaluation_time": 0.03,
    "manhattan": {
      "pearson": 0.42571415938367174,
      "spearman": 0.43589631369018783
    }
  }
}