{
  "dataset_revision": null,
  "mteb_dataset_name": "InstructSTSBenchmark",
  "mteb_version": "1.1.2.dev0",
  "test": {
    "cos_sim": {
      "pearson": 0.001210760348159459,
      "spearman": -0.009029405030689365
    },
    "euclidean": {
      "pearson": -0.024781402176017604,
      "spearman": -0.02536403455451304
    },
    "evaluation_time": 0.13,
    "manhattan": {
      "pearson": -0.009999409627109228,
      "spearman": -0.011824708810628084
    }
  }
}