{
  "dataset_revision": "b0fddb56ed78048fa8b90373c8a3cfc37b684831",
  "mteb_dataset_name": "STSBenchmark",
  "mteb_version": "1.1.2.dev0",
  "test": {
    "cos_sim": {
      "pearson": 0.05472736408310523,
      "spearman": 0.14083234898828517
    },
    "euclidean": {
      "pearson": 0.09353626625467104,
      "spearman": 0.1402338048490193
    },
    "evaluation_time": 0.04,
    "manhattan": {
      "pearson": 0.1426152379392876,
      "spearman": 0.20213839040653941
    }
  }
}