{
  "dataset_revision": "a0d554a64d88156834ff5ae9920b964011b16384",
  "mteb_dataset_name": "STS12",
  "mteb_version": "1.1.2.dev0",
  "test": {
    "cos_sim": {
      "pearson": 0.2727714504908913,
      "spearman": 0.3906195465156634
    },
    "euclidean": {
      "pearson": 0.3484222831494484,
      "spearman": 0.3993673494139843
    },
    "evaluation_time": 0.36,
    "manhattan": {
      "pearson": 0.3489260931567542,
      "spearman": 0.3995652859550076
    }
  }
}