{
  "dataset_revision": "b0fddb56ed78048fa8b90373c8a3cfc37b684831",
  "mteb_dataset_name": "STSBenchmark",
  "mteb_version": "1.1.2.dev0",
  "test": {
    "cos_sim": {
      "pearson": 0.4204027587846756,
      "spearman": 0.5168101203952133
    },
    "euclidean": {
      "pearson": 0.5000416930607849,
      "spearman": 0.5297144696548578
    },
    "evaluation_time": 0.06,
    "manhattan": {
      "pearson": 0.501729280178887,
      "spearman": 0.5308878205359829
    }
  }
}