{
  "dataset_revision": null,
  "mteb_dataset_name": "InstructSTSBenchmark",
  "mteb_version": "1.1.2.dev0",
  "test": {
    "cos_sim": {
      "pearson": 0.07391310397124652,
      "spearman": 0.07472086556921823
    },
    "euclidean": {
      "pearson": 0.07462614988293133,
      "spearman": 0.07534158875653255
    },
    "evaluation_time": 0.06,
    "manhattan": {
      "pearson": 0.07473877119054398,
      "spearman": 0.07559388564399495
    }
  }
}