{
  "dataset_revision": "a0d554a64d88156834ff5ae9920b964011b16384",
  "mteb_dataset_name": "STS12",
  "mteb_version": "1.1.2.dev0",
  "test": {
    "cos_sim": {
      "pearson": 0.7132653585579816,
      "spearman": 0.6358874959641019
    },
    "euclidean": {
      "pearson": 0.6713024344634452,
      "spearman": 0.6359602369368796
    },
    "evaluation_time": 0.09,
    "manhattan": {
      "pearson": 0.6718539295767758,
      "spearman": 0.6361528387302464
    }
  }
}