{
  "dataset_revision": "b0fddb56ed78048fa8b90373c8a3cfc37b684831",
  "mteb_dataset_name": "STSBenchmark",
  "mteb_version": "1.1.2.dev0",
  "test": {
    "cos_sim": {
      "pearson": 0.775050944027507,
      "spearman": 0.7708941945911267
    },
    "euclidean": {
      "pearson": 0.7753476902119242,
      "spearman": 0.7704908270864474
    },
    "evaluation_time": 0.04,
    "manhattan": {
      "pearson": 0.7755601016183905,
      "spearman": 0.7708982560296448
    }
  }
}