{
  "dataset_revision": null,
  "mteb_dataset_name": "InstructSTSBenchmark",
  "mteb_version": "1.1.2.dev0",
  "test": {
    "cos_sim": {
      "pearson": -0.09705882787428373,
      "spearman": -0.09126453363113796
    },
    "euclidean": {
      "pearson": -0.10882473178974643,
      "spearman": -0.1032591046323823
    },
    "evaluation_time": 0.11,
    "manhattan": {
      "pearson": -0.11465349586210476,
      "spearman": -0.10919946675758412
    }
  }
}