{
  "dataset_revision": null,
  "mteb_dataset_name": "InstructSTSBenchmark",
  "mteb_version": "1.1.2.dev0",
  "test": {
    "cos_sim": {
      "pearson": 0.06413881879597928,
      "spearman": 0.049506205316563905
    },
    "euclidean": {
      "pearson": 0.04637362755681395,
      "spearman": 0.05352473913419626
    },
    "evaluation_time": 0.08,
    "manhattan": {
      "pearson": 0.06614334570376766,
      "spearman": 0.05955982641335128
    }
  }
}