{
    "test": {
        "NYTTopicClustering": 0.018462387638318808,
        "NYTLocationClustering": 0.015925348755343145,
        "harmonic_mean": 0.017100290144443288
    }
}