{
  "dataset_revision": "b0fddb56ed78048fa8b90373c8a3cfc37b684831",
  "mteb_dataset_name": "STSBenchmark",
  "mteb_version": "1.1.2.dev0",
  "test": {
    "cos_sim": {
      "pearson": 0.2164114317271982,
      "spearman": 0.17890527749234972
    },
    "euclidean": {
      "pearson": 0.21993876293893344,
      "spearman": 0.2071576448677399
    },
    "evaluation_time": 0.06,
    "manhattan": {
      "pearson": 0.26123783367875764,
      "spearman": 0.20946901800410564
    }
  }
}