{
  "dataset_revision": null,
  "mteb_dataset_name": "InstructSTSBenchmark",
  "mteb_version": "1.1.2.dev0",
  "test": {
    "cos_sim": {
      "pearson": -0.007746454958277345,
      "spearman": 0.015699333231404152
    },
    "euclidean": {
      "pearson": -0.05687254357172579,
      "spearman": -0.03782495050896307
    },
    "evaluation_time": 0.1,
    "manhattan": {
      "pearson": -0.002988045148620123,
      "spearman": -0.0012792454093512092
    }
  }
}