{
  "dataset_revision": null,
  "mteb_dataset_name": "InstructSTSBenchmark",
  "mteb_version": "1.1.2.dev0",
  "test": {
    "cos_sim": {
      "pearson": -0.008240287938386397,
      "spearman": -0.01044117472636706
    },
    "euclidean": {
      "pearson": -0.09918324360943946,
      "spearman": -0.07950312114829183
    },
    "evaluation_time": 0.11,
    "manhattan": {
      "pearson": -0.035960805300635584,
      "spearman": -0.042236958160666346
    }
  }
}