{
  "dataset_revision": "b0fddb56ed78048fa8b90373c8a3cfc37b684831",
  "mteb_dataset_name": "STSBenchmark",
  "mteb_version": "1.1.2.dev0",
  "test": {
    "cos_sim": {
      "pearson": 0.6499429909879247,
      "spearman": 0.682268881938623
    },
    "euclidean": {
      "pearson": 0.6793645318720635,
      "spearman": 0.6816830734211791
    },
    "evaluation_time": 0.03,
    "manhattan": {
      "pearson": 0.6805876558270925,
      "spearman": 0.6823418763165678
    }
  }
}