{
  "dataset_revision": "b0fddb56ed78048fa8b90373c8a3cfc37b684831",
  "mteb_dataset_name": "STSBenchmark",
  "mteb_version": "1.1.2.dev0",
  "test": {
    "cos_sim": {
      "pearson": 0.6380437550372378,
      "spearman": 0.6492597816365955
    },
    "euclidean": {
      "pearson": 0.6425315411902399,
      "spearman": 0.6416826003946908
    },
    "evaluation_time": 0.07,
    "manhattan": {
      "pearson": 0.6432555100286885,
      "spearman": 0.6425742476438602
    }
  }
}