{
  "dataset_revision": null,
  "mteb_dataset_name": "InstructSTSBenchmark",
  "mteb_version": "1.1.2.dev0",
  "test": {
    "cos_sim": {
      "pearson": 0.16591621196871587,
      "spearman": 0.17473381102444768
    },
    "euclidean": {
      "pearson": 0.1698257193627971,
      "spearman": 0.171698961747231
    },
    "evaluation_time": 0.07,
    "manhattan": {
      "pearson": 0.20075977226341082,
      "spearman": 0.19425721813523217
    }
  }
}