{
  "dataset_revision": "b0fddb56ed78048fa8b90373c8a3cfc37b684831",
  "mteb_dataset_name": "STSBenchmark",
  "mteb_version": "1.1.2.dev0",
  "test": {
    "cos_sim": {
      "pearson": 0.4702967423967684,
      "spearman": 0.48951599078909824
    },
    "euclidean": {
      "pearson": 0.5074319477254021,
      "spearman": 0.5059567099711959
    },
    "evaluation_time": 0.03,
    "manhattan": {
      "pearson": 0.5134597795407578,
      "spearman": 0.5102193695172308
    }
  }
}