{
  "dataset_revision": "b0fddb56ed78048fa8b90373c8a3cfc37b684831",
  "mteb_dataset_name": "STSBenchmark",
  "mteb_version": "1.1.2.dev0",
  "test": {
    "cos_sim": {
      "pearson": 0.43108625885823554,
      "spearman": 0.4562962399979334
    },
    "euclidean": {
      "pearson": 0.4572575668544224,
      "spearman": 0.4629569913224426
    },
    "evaluation_time": 0.03,
    "manhattan": {
      "pearson": 0.4619131877947991,
      "spearman": 0.46623582919745477
    }
  }
}