{
  "dataset_revision": "b0fddb56ed78048fa8b90373c8a3cfc37b684831",
  "mteb_dataset_name": "STSBenchmark",
  "mteb_version": "1.1.2.dev0",
  "test": {
    "cos_sim": {
      "pearson": 0.30742001056910706,
      "spearman": 0.36601966110263046
    },
    "euclidean": {
      "pearson": 0.2900547743396309,
      "spearman": 0.33697777720139954
    },
    "evaluation_time": 0.11,
    "manhattan": {
      "pearson": 0.4123680368235765,
      "spearman": 0.4080085526231052
    }
  }
}