{
    "dataset_revision": null,
    "mteb_dataset_name": "IntentEmotion",
    "mteb_version": "1.1.2.dev0",
    "test": {
        "Emotion_success_rate": 0.9896103896103896,
        "Intent_success_rate": 0.012337662337662338,
        "evaluation_time": 0.17,
        "harmonic_mean": 0.024371500268666822
    }
}