{
  "dataset_revision": "b0fddb56ed78048fa8b90373c8a3cfc37b684831",
  "mteb_dataset_name": "STSBenchmark",
  "mteb_version": "1.1.2.dev0",
  "test": {
    "cos_sim": {
      "pearson": 0.3856096122657312,
      "spearman": 0.3821726973715203
    },
    "euclidean": {
      "pearson": 0.40054769089377695,
      "spearman": 0.3983508549927018
    },
    "evaluation_time": 0.03,
    "manhattan": {
      "pearson": 0.4021184562266731,
      "spearman": 0.3984685450811116
    }
  }
}