{
  "dataset_revision": "b0fddb56ed78048fa8b90373c8a3cfc37b684831",
  "mteb_dataset_name": "STSBenchmark",
  "mteb_version": "1.1.2.dev0",
  "test": {
    "cos_sim": {
      "pearson": 0.1664608507979729,
      "spearman": 0.27447717229311336
    },
    "euclidean": {
      "pearson": 0.2521291265175395,
      "spearman": 0.2776324985171205
    },
    "evaluation_time": 0.4,
    "manhattan": {
      "pearson": 0.28640613708064194,
      "spearman": 0.3003579947904596
    }
  }
}