{
  "dataset_revision": "b0fddb56ed78048fa8b90373c8a3cfc37b684831",
  "mteb_dataset_name": "STSBenchmark",
  "mteb_version": "1.1.2.dev0",
  "test": {
    "cos_sim": {
      "pearson": 0.05208777340045352,
      "spearman": 0.13967321778974157
    },
    "euclidean": {
      "pearson": 0.06661749963633382,
      "spearman": 0.09299195380955182
    },
    "evaluation_time": 0.04,
    "manhattan": {
      "pearson": 0.10990420309200516,
      "spearman": 0.139833044178997
    }
  }
}