{
  "dataset_revision": "b0fddb56ed78048fa8b90373c8a3cfc37b684831",
  "mteb_dataset_name": "STSBenchmark",
  "mteb_version": "1.1.2.dev0",
  "test": {
    "cos_sim": {
      "pearson": 0.6806890698197984,
      "spearman": 0.6738640323024958
    },
    "euclidean": {
      "pearson": 0.6761226108318363,
      "spearman": 0.6762202759733764
    },
    "evaluation_time": 0.04,
    "manhattan": {
      "pearson": 0.676709781243695,
      "spearman": 0.6769835606918078
    }
  }
}