{
  "dataset_revision": "b0fddb56ed78048fa8b90373c8a3cfc37b684831",
  "mteb_dataset_name": "STSBenchmark",
  "mteb_version": "1.1.2.dev0",
  "test": {
    "cos_sim": {
      "pearson": 0.4448258890075968,
      "spearman": 0.470600668138449
    },
    "euclidean": {
      "pearson": 0.38599696532450917,
      "spearman": 0.41004376834004563
    },
    "evaluation_time": 0.03,
    "manhattan": {
      "pearson": 0.38662318090875286,
      "spearman": 0.41047530904870005
    }
  }
}