{
  "dataset_revision": "b0fddb56ed78048fa8b90373c8a3cfc37b684831",
  "mteb_dataset_name": "STSBenchmark",
  "mteb_version": "1.1.2.dev0",
  "test": {
    "cos_sim": {
      "pearson": 0.5622312057639367,
      "spearman": 0.5665922827559021
    },
    "euclidean": {
      "pearson": 0.6269730919933351,
      "spearman": 0.6137566778874199
    },
    "evaluation_time": 0.04,
    "manhattan": {
      "pearson": 0.6355620106788943,
      "spearman": 0.6228401595816697
    }
  }
}