{
  "dataset_revision": null,
  "mteb_dataset_name": "InstructSTSBenchmark",
  "mteb_version": "1.1.2.dev0",
  "test": {
    "cos_sim": {
      "pearson": 0.04136346609511222,
      "spearman": 0.043788084914828974
    },
    "euclidean": {
      "pearson": -0.12997289923667002,
      "spearman": -0.11041996430469092
    },
    "evaluation_time": 0.11,
    "manhattan": {
      "pearson": -0.033167494160989894,
      "spearman": -0.031182346897903973
    }
  }
}