{
    "test": {
        "NYTTopicClustering": 0.17306574845696043,
        "NYTLocationClustering": 0.24178899978484536,
        "harmonic_mean": 0.20173516887520176
    }
}