{
  "dataset_revision": "a0d554a64d88156834ff5ae9920b964011b16384",
  "mteb_dataset_name": "STS12",
  "mteb_version": "1.1.2.dev0",
  "test": {
    "cos_sim": {
      "pearson": 0.14516129345065068,
      "spearman": 0.31967468808436966
    },
    "euclidean": {
      "pearson": 0.2159314992016533,
      "spearman": 0.33871454746940993
    },
    "evaluation_time": 0.39,
    "manhattan": {
      "pearson": 0.2237155843122483,
      "spearman": 0.34665752005923756
    }
  }
}