{
  "dataset_revision": null,
  "mteb_dataset_name": "InstructSTSBenchmark",
  "mteb_version": "1.1.2.dev0",
  "test": {
    "cos_sim": {
      "pearson": -0.09111249695720525,
      "spearman": -0.08631012798545942
    },
    "euclidean": {
      "pearson": -0.14141729657909172,
      "spearman": -0.13617701732253812
    },
    "evaluation_time": 0.07,
    "manhattan": {
      "pearson": -0.1368067374745688,
      "spearman": -0.13196812229597515
    }
  }
}