{
  "dataset_revision": "b0fddb56ed78048fa8b90373c8a3cfc37b684831",
  "mteb_dataset_name": "STSBenchmark",
  "mteb_version": "1.1.2.dev0",
  "test": {
    "cos_sim": {
      "pearson": 0.4461152296025967,
      "spearman": 0.45529197635164853
    },
    "euclidean": {
      "pearson": 0.4743946573896731,
      "spearman": 0.48388790450159125
    },
    "evaluation_time": 0.05,
    "manhattan": {
      "pearson": 0.5042545112295307,
      "spearman": 0.505621802788883
    }
  }
}