{
  "dataset_revision": "b0fddb56ed78048fa8b90373c8a3cfc37b684831",
  "mteb_dataset_name": "STSBenchmark",
  "mteb_version": "1.1.2.dev0",
  "test": {
    "cos_sim": {
      "pearson": 0.41756762402811554,
      "spearman": 0.4461325714979793
    },
    "euclidean": {
      "pearson": 0.44233157161776276,
      "spearman": 0.44496977350428124
    },
    "evaluation_time": 0.04,
    "manhattan": {
      "pearson": 0.4780022732359731,
      "spearman": 0.4707596996398654
    }
  }
}