{
  "dataset_revision": null,
  "mteb_dataset_name": "InstructSTSBenchmark",
  "mteb_version": "1.1.2.dev0",
  "test": {
    "cos_sim": {
      "pearson": 0.10081262045213504,
      "spearman": 0.12510783290491898
    },
    "euclidean": {
      "pearson": 0.10688012367048749,
      "spearman": 0.11031704173193622
    },
    "evaluation_time": 0.12,
    "manhattan": {
      "pearson": 0.10787304904242621,
      "spearman": 0.11079340011505526
    }
  }
}