{
  "dataset_revision": null,
  "mteb_dataset_name": "InstructSTSBenchmark",
  "mteb_version": "1.1.2.dev0",
  "test": {
    "cos_sim": {
      "pearson": 0.09394783449795073,
      "spearman": 0.11562484001791848
    },
    "euclidean": {
      "pearson": 0.08381018200005258,
      "spearman": 0.09367819864242885
    },
    "evaluation_time": 0.12,
    "manhattan": {
      "pearson": 0.08470882296701172,
      "spearman": 0.09365360651365187
    }
  }
}