{
  "dataset_revision": "b0fddb56ed78048fa8b90373c8a3cfc37b684831",
  "mteb_dataset_name": "STSBenchmark",
  "mteb_version": "1.1.2.dev0",
  "test": {
    "cos_sim": {
      "pearson": 0.057373354793377115,
      "spearman": 0.11672408955753596
    },
    "euclidean": {
      "pearson": 0.07143393565568519,
      "spearman": 0.0872719629533041
    },
    "evaluation_time": 0.04,
    "manhattan": {
      "pearson": 0.07910126458175296,
      "spearman": 0.10023356637002617
    }
  }
}