{
  "dataset_revision": "b0fddb56ed78048fa8b90373c8a3cfc37b684831",
  "mteb_dataset_name": "STSBenchmark",
  "mteb_version": "1.1.2.dev0",
  "test": {
    "cos_sim": {
      "pearson": 0.11790470809119905,
      "spearman": 0.2170678550169343
    },
    "euclidean": {
      "pearson": 0.135894184411297,
      "spearman": 0.17694774295382212
    },
    "evaluation_time": 0.08,
    "manhattan": {
      "pearson": 0.2970805261783316,
      "spearman": 0.30985360401807266
    }
  }
}