{
  "dataset_revision": null,
  "mteb_dataset_name": "InstructSTSBenchmark",
  "mteb_version": "1.1.2.dev0",
  "test": {
    "cos_sim": {
      "pearson": 0.0657104706189797,
      "spearman": 0.055632374488639176
    },
    "euclidean": {
      "pearson": 0.05460387312216808,
      "spearman": 0.050777708749324885
    },
    "evaluation_time": 0.15,
    "manhattan": {
      "pearson": 0.06141344475504013,
      "spearman": 0.05263122560103592
    }
  }
}