{
    "test": {
        "NYTTopicClustering": 0.27026132315553303,
        "NYTLocationClustering": 0.21917687000123853,
        "harmonic_mean": 0.24205317114065011
    }
}