{
  "dataset_revision": "b0fddb56ed78048fa8b90373c8a3cfc37b684831",
  "mteb_dataset_name": "STSBenchmark",
  "mteb_version": "1.1.2.dev0",
  "test": {
    "cos_sim": {
      "pearson": 0.5100799113853527,
      "spearman": 0.5480793510557749
    },
    "euclidean": {
      "pearson": 0.5738171289045884,
      "spearman": 0.5765029370491936
    },
    "evaluation_time": 0.07,
    "manhattan": {
      "pearson": 0.5914773531555192,
      "spearman": 0.5923417661000354
    }
  }
}