{
  "dataset_revision": null,
  "mteb_dataset_name": "InstructSTSBenchmark",
  "mteb_version": "1.1.2.dev0",
  "test": {
    "cos_sim": {
      "pearson": 0.07896621757637988,
      "spearman": 0.079383803870461
    },
    "euclidean": {
      "pearson": 0.03760724512849613,
      "spearman": 0.08278480232254126
    },
    "evaluation_time": 0.11,
    "manhattan": {
      "pearson": 0.09374288442475316,
      "spearman": 0.08594716619625592
    }
  }
}