{
  "dataset_revision": "b0fddb56ed78048fa8b90373c8a3cfc37b684831",
  "mteb_dataset_name": "STSBenchmark",
  "mteb_version": "1.1.2.dev0",
  "test": {
    "cos_sim": {
      "pearson": 0.2111955168802696,
      "spearman": 0.2495052984354478
    },
    "euclidean": {
      "pearson": 0.20081459970567342,
      "spearman": 0.22764378127876098
    },
    "evaluation_time": 0.04,
    "manhattan": {
      "pearson": 0.26059818533135887,
      "spearman": 0.26868521080067065
    }
  }
}