{
  "dataset_revision": null,
  "mteb_dataset_name": "InstructSTSBenchmark",
  "mteb_version": "1.1.2.dev0",
  "test": {
    "cos_sim": {
      "pearson": 0.027030358759237382,
      "spearman": 0.02899137158511535
    },
    "euclidean": {
      "pearson": 0.015948460565940067,
      "spearman": 0.01881661154812749
    },
    "evaluation_time": 0.3,
    "manhattan": {
      "pearson": 0.018756271660501745,
      "spearman": 0.021789980459231084
    }
  }
}