{
  "dataset_revision": "a0d554a64d88156834ff5ae9920b964011b16384",
  "mteb_dataset_name": "STS12",
  "mteb_version": "1.1.2.dev0",
  "test": {
    "cos_sim": {
      "pearson": 0.7596288733201855,
      "spearman": 0.6916969336816777
    },
    "euclidean": {
      "pearson": 0.7239112478310832,
      "spearman": 0.6852310366101385
    },
    "evaluation_time": 6.26,
    "manhattan": {
      "pearson": 0.7355448516490867,
      "spearman": 0.6882290218996245
    }
  }
}