{
  "dataset_revision": "b0fddb56ed78048fa8b90373c8a3cfc37b684831",
  "mteb_dataset_name": "STSBenchmark",
  "mteb_version": "1.1.2.dev0",
  "test": {
    "cos_sim": {
      "pearson": 0.07649295776274627,
      "spearman": 0.10660082780070208
    },
    "euclidean": {
      "pearson": 0.09471926153617467,
      "spearman": 0.10580321755569515
    },
    "evaluation_time": 0.04,
    "manhattan": {
      "pearson": 0.07641815777491759,
      "spearman": 0.08229407665977631
    }
  }
}