{
    "test": {
        "NYTTopicClustering": 0.054470487656697764,
        "NYTLocationClustering": 0.04218166244755634,
        "harmonic_mean": 0.047544854662483774
    }
}