{
  "dataset_revision": "a0d554a64d88156834ff5ae9920b964011b16384",
  "mteb_dataset_name": "STS12",
  "mteb_version": "1.1.2.dev0",
  "test": {
    "cos_sim": {
      "pearson": 0.16389542603269466,
      "spearman": 0.2679621827696824
    },
    "euclidean": {
      "pearson": 0.12355898500607741,
      "spearman": 0.21349801763398227
    },
    "evaluation_time": 0.42,
    "manhattan": {
      "pearson": 0.257547273921019,
      "spearman": 0.33762107147781045
    }
  }
}