{
  "dataset_revision": "b0fddb56ed78048fa8b90373c8a3cfc37b684831",
  "mteb_dataset_name": "STSBenchmark",
  "mteb_version": "1.1.2.dev0",
  "test": {
    "cos_sim": {
      "pearson": 0.382310974632331,
      "spearman": 0.4218836046918104
    },
    "euclidean": {
      "pearson": 0.38256282375104,
      "spearman": 0.4064251145645301
    },
    "evaluation_time": 0.05,
    "manhattan": {
      "pearson": 0.6282647901277487,
      "spearman": 0.625244293380121
    }
  }
}