{
  "dataset_revision": null,
  "mteb_dataset_name": "InstructSTSBenchmark",
  "mteb_version": "1.1.2.dev0",
  "test": {
    "cos_sim": {
      "pearson": 0.21467544107327816,
      "spearman": 0.21010911349038872
    },
    "euclidean": {
      "pearson": 0.19339814219008036,
      "spearman": 0.15035300557205142
    },
    "evaluation_time": 0.11,
    "manhattan": {
      "pearson": 0.19279993330598383,
      "spearman": 0.14880916721758342
    }
  }
}