{
    "test": {
        "NYTTopicClustering": 0.1265276009633674,
        "NYTLocationClustering": 0.3531037643095491,
        "harmonic_mean": 0.18629880511306948
    }
}