{
  "dataset_revision": "b0fddb56ed78048fa8b90373c8a3cfc37b684831",
  "mteb_dataset_name": "STSBenchmark",
  "mteb_version": "1.1.2.dev0",
  "test": {
    "cos_sim": {
      "pearson": 0.5910901097818329,
      "spearman": 0.5932415689738916
    },
    "euclidean": {
      "pearson": 0.5863747947390198,
      "spearman": 0.5827953081132229
    },
    "evaluation_time": 0.16,
    "manhattan": {
      "pearson": 0.5873569446001349,
      "spearman": 0.583514732980472
    }
  }
}