{
    "dataset_revision": null,
    "mteb_dataset_name": "IntentEmotion",
    "mteb_version": "1.1.2.dev0",
    "test": {
        "Emotion_success_rate": 0.9743506493506493,
        "Intent_success_rate": 0.058116883116883115,
        "evaluation_time": 0.17,
        "harmonic_mean": 0.10969106582093188
    }
}