{
  "dataset_revision": "b0fddb56ed78048fa8b90373c8a3cfc37b684831",
  "mteb_dataset_name": "STSBenchmark",
  "mteb_version": "1.1.2.dev0",
  "test": {
    "cos_sim": {
      "pearson": 0.20148311704236765,
      "spearman": 0.2287840110474771
    },
    "euclidean": {
      "pearson": 0.22353079660092526,
      "spearman": 0.2287874507536181
    },
    "evaluation_time": 0.03,
    "manhattan": {
      "pearson": 0.22293126771800567,
      "spearman": 0.22833485348289548
    }
  }
}