{
  "dataset_revision": "b0fddb56ed78048fa8b90373c8a3cfc37b684831",
  "mteb_dataset_name": "STSBenchmark",
  "mteb_version": "1.1.2.dev0",
  "test": {
    "cos_sim": {
      "pearson": 0.3537791134815911,
      "spearman": 0.37929546612418163
    },
    "euclidean": {
      "pearson": 0.39654401644017334,
      "spearman": 0.40584463513189245
    },
    "evaluation_time": 0.05,
    "manhattan": {
      "pearson": 0.4184502190089401,
      "spearman": 0.42258180493974984
    }
  }
}