{
  "dataset_revision": "b0fddb56ed78048fa8b90373c8a3cfc37b684831",
  "mteb_dataset_name": "STSBenchmark",
  "mteb_version": "1.1.2.dev0",
  "test": {
    "cos_sim": {
      "pearson": 0.41460524335119714,
      "spearman": 0.4352233007389705
    },
    "euclidean": {
      "pearson": 0.42567498433985085,
      "spearman": 0.43250509041180063
    },
    "evaluation_time": 0.03,
    "manhattan": {
      "pearson": 0.43769016322367393,
      "spearman": 0.4440341307728843
    }
  }
}