{
    "test": {
        "NYTTopicClustering": 0.4137996704946834,
        "NYTLocationClustering": 0.19966829026767477,
        "harmonic_mean": 0.26936264465834037
    }
}