{
  "dataset_revision": "b0fddb56ed78048fa8b90373c8a3cfc37b684831",
  "mteb_dataset_name": "STSBenchmark",
  "mteb_version": "1.1.2.dev0",
  "test": {
    "cos_sim": {
      "pearson": 0.13164776940628667,
      "spearman": 0.1949026066440382
    },
    "euclidean": {
      "pearson": 0.1422669031348025,
      "spearman": 0.1760275226667182
    },
    "evaluation_time": 0.06,
    "manhattan": {
      "pearson": 0.18808602787468073,
      "spearman": 0.20962720565120893
    }
  }
}