{
  "dataset_revision": null,
  "mteb_dataset_name": "InstructSTSBenchmark",
  "mteb_version": "1.1.2.dev0",
  "test": {
    "cos_sim": {
      "pearson": 0.0293411535078035,
      "spearman": 0.023069681271711412
    },
    "euclidean": {
      "pearson": 0.04888909427846357,
      "spearman": 0.04703515311652144
    },
    "evaluation_time": 0.11,
    "manhattan": {
      "pearson": 0.0533890567304567,
      "spearman": 0.04839409519589421
    }
  }
}