{
  "dataset_revision": null,
  "mteb_dataset_name": "InstructSTSBenchmark",
  "mteb_version": "1.1.2.dev0",
  "test": {
    "cos_sim": {
      "pearson": -0.009798976533409113,
      "spearman": -0.002991585294705022
    },
    "euclidean": {
      "pearson": 0.02474984261884446,
      "spearman": 0.0002809876886638755
    },
    "evaluation_time": 0.12,
    "manhattan": {
      "pearson": 0.023509762193158514,
      "spearman": -0.008097181693935387
    }
  }
}