{
    "test": {
        "NYTTopicClustering": 0.016600318056769682,
        "NYTLocationClustering": 0.07009374293329547,
        "harmonic_mean": 0.02684333878702075
    }
}