{
  "dataset_revision": "b0fddb56ed78048fa8b90373c8a3cfc37b684831",
  "mteb_dataset_name": "STSBenchmark",
  "mteb_version": "1.1.2.dev0",
  "test": {
    "cos_sim": {
      "pearson": 0.2604397954779415,
      "spearman": 0.3093546845626039
    },
    "euclidean": {
      "pearson": 0.29411732770881827,
      "spearman": 0.30772300956715665
    },
    "evaluation_time": 0.05,
    "manhattan": {
      "pearson": 0.2852857817237663,
      "spearman": 0.2980081700506099
    }
  }
}