{
  "dataset_revision": null,
  "mteb_dataset_name": "InstructSTSBenchmark",
  "mteb_version": "1.1.2.dev0",
  "test": {
    "cos_sim": {
      "pearson": 0.08283378316433943,
      "spearman": 0.10114964762385183
    },
    "euclidean": {
      "pearson": 0.052977880603938786,
      "spearman": 0.06295262751731333
    },
    "evaluation_time": 0.11,
    "manhattan": {
      "pearson": 0.052963230425177574,
      "spearman": 0.06168112407002983
    }
  }
}