{
  "dataset_revision": "a0d554a64d88156834ff5ae9920b964011b16384",
  "mteb_dataset_name": "STS12",
  "mteb_version": "1.1.2.dev0",
  "test": {
    "cos_sim": {
      "pearson": 0.06670071314162535,
      "spearman": 0.1655478135873252
    },
    "euclidean": {
      "pearson": 0.09664377629993331,
      "spearman": 0.18305999685989022
    },
    "evaluation_time": 0.42,
    "manhattan": {
      "pearson": 0.09869696968780133,
      "spearman": 0.1844832439202222
    }
  }
}