{
  "dataset_revision": null,
  "mteb_dataset_name": "InstructSTSBenchmark",
  "mteb_version": "1.1.2.dev0",
  "test": {
    "cos_sim": {
      "pearson": -0.005868754181199483,
      "spearman": 0.00024455510157350154
    },
    "euclidean": {
      "pearson": -0.10924132274966115,
      "spearman": -0.09514416195146123
    },
    "evaluation_time": 0.11,
    "manhattan": {
      "pearson": -0.1042679165435333,
      "spearman": -0.09789938969321092
    }
  }
}