{
  "dataset_revision": "b0fddb56ed78048fa8b90373c8a3cfc37b684831",
  "mteb_dataset_name": "STSBenchmark",
  "mteb_version": "1.1.2.dev0",
  "test": {
    "cos_sim": {
      "pearson": 0.4292095790641781,
      "spearman": 0.44208291699678093
    },
    "euclidean": {
      "pearson": 0.4409224669726894,
      "spearman": 0.44674812693140326
    },
    "evaluation_time": 0.03,
    "manhattan": {
      "pearson": 0.4458568449521216,
      "spearman": 0.4516308373393173
    }
  }
}