{
  "dataset_revision": "b0fddb56ed78048fa8b90373c8a3cfc37b684831",
  "mteb_dataset_name": "STSBenchmark",
  "mteb_version": "1.1.2.dev0",
  "test": {
    "cos_sim": {
      "pearson": 0.24855098754470423,
      "spearman": 0.2739790840179888
    },
    "euclidean": {
      "pearson": 0.30003951165709253,
      "spearman": 0.2741132091580847
    },
    "evaluation_time": 0.03,
    "manhattan": {
      "pearson": 0.30295950151315015,
      "spearman": 0.2737235088936359
    }
  }
}