{
  "dataset_revision": "b0fddb56ed78048fa8b90373c8a3cfc37b684831",
  "mteb_dataset_name": "STSBenchmark",
  "mteb_version": "1.1.2.dev0",
  "test": {
    "cos_sim": {
      "pearson": 0.06993596101106295,
      "spearman": 0.3233516967158678
    },
    "euclidean": {
      "pearson": 0.19104675027753462,
      "spearman": 0.32396585592878846
    },
    "evaluation_time": 0.07,
    "manhattan": {
      "pearson": 0.19413372179091376,
      "spearman": 0.3274038968498352
    }
  }
}