{
  "dataset_revision": "b0fddb56ed78048fa8b90373c8a3cfc37b684831",
  "mteb_dataset_name": "STSBenchmark",
  "mteb_version": "1.1.2.dev0",
  "test": {
    "cos_sim": {
      "pearson": 0.4415752774853312,
      "spearman": 0.4618547386853999
    },
    "euclidean": {
      "pearson": 0.4737483266338661,
      "spearman": 0.4739585051099661
    },
    "evaluation_time": 0.04,
    "manhattan": {
      "pearson": 0.49642672104458735,
      "spearman": 0.49098386524895715
    }
  }
}