{
  "dataset_revision": "b0fddb56ed78048fa8b90373c8a3cfc37b684831",
  "mteb_dataset_name": "STSBenchmark",
  "mteb_version": "1.1.2.dev0",
  "test": {
    "cos_sim": {
      "pearson": 0.20785327959597855,
      "spearman": 0.23681215832851069
    },
    "euclidean": {
      "pearson": 0.22235592690466058,
      "spearman": 0.24227547432833108
    },
    "evaluation_time": 0.04,
    "manhattan": {
      "pearson": 0.2502614002657842,
      "spearman": 0.2647811833770124
    }
  }
}