{
  "dataset_revision": "b0fddb56ed78048fa8b90373c8a3cfc37b684831",
  "mteb_dataset_name": "STSBenchmark",
  "mteb_version": "1.1.2.dev0",
  "test": {
    "cos_sim": {
      "pearson": 0.7716174824758969,
      "spearman": 0.7758988122946203
    },
    "euclidean": {
      "pearson": 0.7897795143033827,
      "spearman": 0.7770207612054448
    },
    "evaluation_time": 0.08,
    "manhattan": {
      "pearson": 0.7925765382638361,
      "spearman": 0.7796570013182433
    }
  }
}