{
  "dataset_revision": "b0fddb56ed78048fa8b90373c8a3cfc37b684831",
  "mteb_dataset_name": "STSBenchmark",
  "mteb_version": "1.1.2.dev0",
  "test": {
    "cos_sim": {
      "pearson": 0.17774093954005116,
      "spearman": 0.15971603500280307
    },
    "euclidean": {
      "pearson": 0.2247274519599795,
      "spearman": 0.1933195754752503
    },
    "evaluation_time": 0.07,
    "manhattan": {
      "pearson": 0.2313282368627038,
      "spearman": 0.19883423470854736
    }
  }
}