{
  "dataset_revision": "b0fddb56ed78048fa8b90373c8a3cfc37b684831",
  "mteb_dataset_name": "STSBenchmark",
  "mteb_version": "1.1.2.dev0",
  "test": {
    "cos_sim": {
      "pearson": 0.27227055704608333,
      "spearman": 0.2578310578885689
    },
    "euclidean": {
      "pearson": 0.29213931649911146,
      "spearman": 0.25363546676029514
    },
    "evaluation_time": 0.07,
    "manhattan": {
      "pearson": 0.2917108860743843,
      "spearman": 0.2527672970528995
    }
  }
}