{
  "dataset_revision": "b0fddb56ed78048fa8b90373c8a3cfc37b684831",
  "mteb_dataset_name": "STSBenchmark",
  "mteb_version": "1.1.2.dev0",
  "test": {
    "cos_sim": {
      "pearson": 0.0166734537063501,
      "spearman": 0.2077559333057123
    },
    "euclidean": {
      "pearson": 0.0953018520184013,
      "spearman": 0.19981770780518163
    },
    "evaluation_time": 0.03,
    "manhattan": {
      "pearson": 0.1881575427078501,
      "spearman": 0.2029086870041258
    }
  }
}