{
  "dataset_revision": "b0fddb56ed78048fa8b90373c8a3cfc37b684831",
  "mteb_dataset_name": "STSBenchmark",
  "mteb_version": "1.1.2.dev0",
  "test": {
    "cos_sim": {
      "pearson": 0.296830777767738,
      "spearman": 0.2652552583959284
    },
    "euclidean": {
      "pearson": 0.3094491654768691,
      "spearman": 0.26540020799836345
    },
    "evaluation_time": 0.03,
    "manhattan": {
      "pearson": 0.31264585587275,
      "spearman": 0.27174312154558417
    }
  }
}