{
  "dataset_revision": "b0fddb56ed78048fa8b90373c8a3cfc37b684831",
  "mteb_dataset_name": "STSBenchmark",
  "mteb_version": "1.1.2.dev0",
  "test": {
    "cos_sim": {
      "pearson": 0.29752180397325073,
      "spearman": 0.2638036503319197
    },
    "euclidean": {
      "pearson": 0.3091614548082928,
      "spearman": 0.26389462380586926
    },
    "evaluation_time": 0.03,
    "manhattan": {
      "pearson": 0.31261577748851527,
      "spearman": 0.2710875505388395
    }
  }
}