{
  "dataset_revision": null,
  "mteb_dataset_name": "InstructSTSBenchmark",
  "mteb_version": "1.1.2.dev0",
  "test": {
    "cos_sim": {
      "pearson": 0.2104411585732068,
      "spearman": 0.19860273603459025
    },
    "euclidean": {
      "pearson": 0.20792424246257762,
      "spearman": 0.19384188460318297
    },
    "evaluation_time": 0.07,
    "manhattan": {
      "pearson": 0.2085013421233703,
      "spearman": 0.19497130027268983
    }
  }
}