{
  "dataset_revision": null,
  "mteb_dataset_name": "InstructSTSBenchmark",
  "mteb_version": "1.1.2.dev0",
  "test": {
    "cos_sim": {
      "pearson": -0.033169918029748655,
      "spearman": -0.03636399668091053
    },
    "euclidean": {
      "pearson": -0.03737337960417191,
      "spearman": -0.046606157326049204
    },
    "evaluation_time": 0.15,
    "manhattan": {
      "pearson": -0.039765307961674344,
      "spearman": -0.05052450104284658
    }
  }
}