{
  "dataset_revision": "b0fddb56ed78048fa8b90373c8a3cfc37b684831",
  "mteb_dataset_name": "STSBenchmark",
  "mteb_version": "1.1.2.dev0",
  "test": {
    "cos_sim": {
      "pearson": 0.3577824295246871,
      "spearman": 0.39629938540683274
    },
    "euclidean": {
      "pearson": 0.3846733583979223,
      "spearman": 0.398725148736708
    },
    "evaluation_time": 0.05,
    "manhattan": {
      "pearson": 0.4324423700059047,
      "spearman": 0.4320991389800777
    }
  }
}