{
  "dataset_revision": "b0fddb56ed78048fa8b90373c8a3cfc37b684831",
  "mteb_dataset_name": "STSBenchmark",
  "mteb_version": "1.1.2.dev0",
  "test": {
    "cos_sim": {
      "pearson": 0.09742300125423096,
      "spearman": 0.06538072787011197
    },
    "euclidean": {
      "pearson": 0.11132863288041334,
      "spearman": 0.07823414992890779
    },
    "evaluation_time": 0.07,
    "manhattan": {
      "pearson": 0.10884658242490872,
      "spearman": 0.08125614193755057
    }
  }
}