{
  "dataset_revision": "b0fddb56ed78048fa8b90373c8a3cfc37b684831",
  "mteb_dataset_name": "STSBenchmark",
  "mteb_version": "1.1.2.dev0",
  "test": {
    "cos_sim": {
      "pearson": 0.03315554990264096,
      "spearman": 0.11875295996087684
    },
    "euclidean": {
      "pearson": 0.06096109080302839,
      "spearman": 0.05990122323866234
    },
    "evaluation_time": 0.05,
    "manhattan": {
      "pearson": 0.08567793026556078,
      "spearman": 0.09717752515980756
    }
  }
}