{
  "dataset_revision": null,
  "mteb_dataset_name": "InstructSTSBenchmark",
  "mteb_version": "1.1.2.dev0",
  "test": {
    "cos_sim": {
      "pearson": 0.02625870900463595,
      "spearman": 0.02737694475476647
    },
    "euclidean": {
      "pearson": -0.005386504828311533,
      "spearman": -0.0031418704460306726
    },
    "evaluation_time": 0.08,
    "manhattan": {
      "pearson": -0.004738053199314317,
      "spearman": -0.0022520001958513114
    }
  }
}