{
  "dataset_revision": "b0fddb56ed78048fa8b90373c8a3cfc37b684831",
  "mteb_dataset_name": "STSBenchmark",
  "mteb_version": "1.1.2.dev0",
  "test": {
    "cos_sim": {
      "pearson": 0.19747134449077383,
      "spearman": 0.25396806108595155
    },
    "euclidean": {
      "pearson": 0.17752954599714724,
      "spearman": 0.20060221348128648
    },
    "evaluation_time": 0.07,
    "manhattan": {
      "pearson": 0.4361254299384612,
      "spearman": 0.4312800846615352
    }
  }
}