{
  "dataset_revision": null,
  "mteb_dataset_name": "InstructSTSBenchmark",
  "mteb_version": "1.1.2.dev0",
  "test": {
    "cos_sim": {
      "pearson": -0.005257754091181242,
      "spearman": -0.021924781721924393
    },
    "euclidean": {
      "pearson": -0.018181880191346485,
      "spearman": -0.027425218158617155
    },
    "evaluation_time": 0.13,
    "manhattan": {
      "pearson": -0.018635420817614046,
      "spearman": -0.026620054084549385
    }
  }
}