{
    "test": {
        "NYTTopicClustering": 0.09081199123495966,
        "NYTLocationClustering": 0.055022075688224856,
        "harmonic_mean": 0.06852534711039177
    }
}