{
  "dataset_revision": null,
  "mteb_dataset_name": "InstructSTSBenchmark",
  "mteb_version": "1.1.2.dev0",
  "test": {
    "cos_sim": {
      "pearson": -0.05975881454173142,
      "spearman": -0.07723199622614506
    },
    "euclidean": {
      "pearson": -0.05052552363672523,
      "spearman": -0.07576785208986254
    },
    "evaluation_time": 0.08,
    "manhattan": {
      "pearson": -0.051309094085560905,
      "spearman": -0.06764607827938482
    }
  }
}