{
  "dataset_revision": "b0fddb56ed78048fa8b90373c8a3cfc37b684831",
  "mteb_dataset_name": "STSBenchmark",
  "mteb_version": "1.1.2.dev0",
  "test": {
    "cos_sim": {
      "pearson": 0.1847259868377578,
      "spearman": 0.23708212653503977
    },
    "euclidean": {
      "pearson": 0.16996104272358442,
      "spearman": 0.22792707176951657
    },
    "evaluation_time": 0.07,
    "manhattan": {
      "pearson": 0.20254382964705525,
      "spearman": 0.2537635383711892
    }
  }
}