{
  "dataset_revision": null,
  "mteb_dataset_name": "InstructSTSBenchmark",
  "mteb_version": "1.1.2.dev0",
  "test": {
    "cos_sim": {
      "pearson": 0.06830934181215088,
      "spearman": 0.12074683114523876
    },
    "euclidean": {
      "pearson": 0.07608653907364459,
      "spearman": 0.08432681906273
    },
    "evaluation_time": 0.15,
    "manhattan": {
      "pearson": 0.07568834296320957,
      "spearman": 0.0838413524886597
    }
  }
}