{
  "dataset_revision": "b0fddb56ed78048fa8b90373c8a3cfc37b684831",
  "mteb_dataset_name": "STSBenchmark",
  "mteb_version": "1.1.2.dev0",
  "test": {
    "cos_sim": {
      "pearson": 0.6384631952051599,
      "spearman": 0.6537818207879428
    },
    "euclidean": {
      "pearson": 0.6495909864343344,
      "spearman": 0.6523030601256047
    },
    "evaluation_time": 0.06,
    "manhattan": {
      "pearson": 0.6503315109841031,
      "spearman": 0.6528390806721064
    }
  }
}