{
  "dataset_revision": "b0fddb56ed78048fa8b90373c8a3cfc37b684831",
  "mteb_dataset_name": "STSBenchmark",
  "mteb_version": "1.1.2.dev0",
  "test": {
    "cos_sim": {
      "pearson": 0.07832581288395907,
      "spearman": 0.08670378170866166
    },
    "euclidean": {
      "pearson": 0.07792987272174068,
      "spearman": 0.08670378170866166
    },
    "evaluation_time": 57.27,
    "manhattan": {
      "pearson": 0.06994657467444078,
      "spearman": 0.06481673997979681
    }
  }
}