{
  "dataset_revision": "b0fddb56ed78048fa8b90373c8a3cfc37b684831",
  "mteb_dataset_name": "STSBenchmark",
  "mteb_version": "1.1.2.dev0",
  "test": {
    "cos_sim": {
      "pearson": 0.4816391611611914,
      "spearman": 0.49864918905176586
    },
    "euclidean": {
      "pearson": 0.5349112850110044,
      "spearman": 0.52870101071546
    },
    "evaluation_time": 0.06,
    "manhattan": {
      "pearson": 0.5495994546027053,
      "spearman": 0.5420041941382048
    }
  }
}