{
  "dataset_revision": "b0fddb56ed78048fa8b90373c8a3cfc37b684831",
  "mteb_dataset_name": "STSBenchmark",
  "mteb_version": "1.1.2.dev0",
  "test": {
    "cos_sim": {
      "pearson": 0.2743666211518272,
      "spearman": 0.3249605410475909
    },
    "euclidean": {
      "pearson": 0.30929188856535966,
      "spearman": 0.3250103282611792
    },
    "evaluation_time": 0.03,
    "manhattan": {
      "pearson": 0.3084479337323294,
      "spearman": 0.32425240381693426
    }
  }
}