{
  "dataset_revision": "b0fddb56ed78048fa8b90373c8a3cfc37b684831",
  "mteb_dataset_name": "STSBenchmark",
  "mteb_version": "1.1.2.dev0",
  "test": {
    "cos_sim": {
      "pearson": 0.06391663280350873,
      "spearman": 0.11976596938307889
    },
    "euclidean": {
      "pearson": 0.0730911807006192,
      "spearman": 0.08889392111647852
    },
    "evaluation_time": 0.05,
    "manhattan": {
      "pearson": 0.08089968539112836,
      "spearman": 0.11106151137440617
    }
  }
}