{
  "dataset_revision": "b0fddb56ed78048fa8b90373c8a3cfc37b684831",
  "mteb_dataset_name": "STSBenchmark",
  "mteb_version": "1.1.2.dev0",
  "test": {
    "cos_sim": {
      "pearson": 0.2572450686119381,
      "spearman": 0.27190651057339904
    },
    "euclidean": {
      "pearson": 0.29247451391957907,
      "spearman": 0.2934285036495079
    },
    "evaluation_time": 0.03,
    "manhattan": {
      "pearson": 0.29925556468854003,
      "spearman": 0.3013066483275593
    }
  }
}