{
  "dataset_revision": "b0fddb56ed78048fa8b90373c8a3cfc37b684831",
  "mteb_dataset_name": "STSBenchmark",
  "mteb_version": "1.1.2.dev0",
  "test": {
    "cos_sim": {
      "pearson": 0.15395621231271112,
      "spearman": 0.20916406050683276
    },
    "euclidean": {
      "pearson": 0.18735567243762707,
      "spearman": 0.2090797246552392
    },
    "evaluation_time": 0.03,
    "manhattan": {
      "pearson": 0.21908042168927852,
      "spearman": 0.2429164989810013
    }
  }
}