{
  "dataset_revision": "b0fddb56ed78048fa8b90373c8a3cfc37b684831",
  "mteb_dataset_name": "STSBenchmark",
  "mteb_version": "1.1.2.dev0",
  "test": {
    "cos_sim": {
      "pearson": -0.0377287167876965,
      "spearman": -0.03424929209336349
    },
    "euclidean": {
      "pearson": -0.026684538509838603,
      "spearman": -0.03408453925573949
    },
    "evaluation_time": 0.03,
    "manhattan": {
      "pearson": -0.03076278248693085,
      "spearman": -0.03933946572873351
    }
  }
}