{
  "dataset_revision": "b0fddb56ed78048fa8b90373c8a3cfc37b684831",
  "mteb_dataset_name": "STSBenchmark",
  "mteb_version": "1.1.2.dev0",
  "test": {
    "cos_sim": {
      "pearson": 0.4703444196464627,
      "spearman": 0.4788716911964173
    },
    "euclidean": {
      "pearson": 0.4936384318739388,
      "spearman": 0.4977218667683327
    },
    "evaluation_time": 0.07,
    "manhattan": {
      "pearson": 0.5027049003820462,
      "spearman": 0.5054037129323881
    }
  }
}