{
  "dataset_revision": null,
  "mteb_dataset_name": "InstructSTSBenchmark",
  "mteb_version": "1.1.2.dev0",
  "test": {
    "cos_sim": {
      "pearson": -0.07411191688002296,
      "spearman": -0.08287952971214099
    },
    "euclidean": {
      "pearson": -0.08313520450995146,
      "spearman": -0.08519027555844973
    },
    "evaluation_time": 0.15,
    "manhattan": {
      "pearson": -0.08332495652174345,
      "spearman": -0.0852731600954861
    }
  }
}