{
  "dataset_revision": "b0fddb56ed78048fa8b90373c8a3cfc37b684831",
  "mteb_dataset_name": "STSBenchmark",
  "mteb_version": "1.1.2.dev0",
  "test": {
    "cos_sim": {
      "pearson": -0.02597905713035699,
      "spearman": -0.0063765615412102765
    },
    "euclidean": {
      "pearson": -0.025780715419758144,
      "spearman": -0.0063765615412102765
    },
    "evaluation_time": 46.27,
    "manhattan": {
      "pearson": -0.009742039214859423,
      "spearman": 0.0027354406882087617
    }
  }
}