{
  "dataset_revision": "b0fddb56ed78048fa8b90373c8a3cfc37b684831",
  "mteb_dataset_name": "STSBenchmark",
  "mteb_version": "1.1.2.dev0",
  "test": {
    "cos_sim": {
      "pearson": 0.30466551543826365,
      "spearman": 0.3372632625712646
    },
    "euclidean": {
      "pearson": 0.32633042311137067,
      "spearman": 0.34356771009910797
    },
    "evaluation_time": 0.14,
    "manhattan": {
      "pearson": 0.333008609587787,
      "spearman": 0.35231292182073404
    }
  }
}