{
  "dataset_revision": "b0fddb56ed78048fa8b90373c8a3cfc37b684831",
  "mteb_dataset_name": "STSBenchmark",
  "mteb_version": "1.1.2.dev0",
  "test": {
    "cos_sim": {
      "pearson": 0.1123481884018437,
      "spearman": 0.0914226716939369
    },
    "euclidean": {
      "pearson": 0.13351650867975923,
      "spearman": 0.08672980652699212
    },
    "evaluation_time": 0.19,
    "manhattan": {
      "pearson": 0.13445597636805307,
      "spearman": 0.08624975503252812
    }
  }
}