{
  "dataset_revision": "b0fddb56ed78048fa8b90373c8a3cfc37b684831",
  "mteb_dataset_name": "STSBenchmark",
  "mteb_version": "1.1.2.dev0",
  "test": {
    "cos_sim": {
      "pearson": 0.7731595676769479,
      "spearman": 0.7757360867401821
    },
    "euclidean": {
      "pearson": 0.795600624867941,
      "spearman": 0.7803563269701956
    },
    "evaluation_time": 0.04,
    "manhattan": {
      "pearson": 0.7992743696147458,
      "spearman": 0.7842632521489162
    }
  }
}