{
  "dataset_revision": null,
  "mteb_dataset_name": "InstructSTSBenchmark",
  "mteb_version": "1.1.2.dev0",
  "test": {
    "cos_sim": {
      "pearson": 0.024077265668298743,
      "spearman": 0.020983905563074286
    },
    "euclidean": {
      "pearson": 0.02549593645718917,
      "spearman": 0.021484856058501874
    },
    "evaluation_time": 0.12,
    "manhattan": {
      "pearson": 0.03542406853230245,
      "spearman": 0.022903001378597996
    }
  }
}