{
    "test": {
        "NYTTopicClustering": 0.1740202449624674,
        "NYTLocationClustering": 0.14844087567395853,
        "harmonic_mean": 0.1602160230584927
    }
}