{
  "dataset_revision": "b0fddb56ed78048fa8b90373c8a3cfc37b684831",
  "mteb_dataset_name": "STSBenchmark",
  "mteb_version": "1.1.2.dev0",
  "test": {
    "cos_sim": {
      "pearson": 0.25117963378389635,
      "spearman": 0.381260993323832
    },
    "euclidean": {
      "pearson": 0.33280252304803254,
      "spearman": 0.4070974411636157
    },
    "evaluation_time": 0.03,
    "manhattan": {
      "pearson": 0.3364323531096878,
      "spearman": 0.40989798560273333
    }
  }
}