{
  "dataset_revision": "b0fddb56ed78048fa8b90373c8a3cfc37b684831",
  "mteb_dataset_name": "STSBenchmark",
  "mteb_version": "1.1.2.dev0",
  "test": {
    "cos_sim": {
      "pearson": 0.29626464098038274,
      "spearman": 0.32361573189427445
    },
    "euclidean": {
      "pearson": 0.12442686423974483,
      "spearman": 0.17027184350251087
    },
    "evaluation_time": 0.06,
    "manhattan": {
      "pearson": 0.407361886668375,
      "spearman": 0.4030590609872603
    }
  }
}