{
  "dataset_revision": null,
  "mteb_dataset_name": "InstructSTSBenchmark",
  "mteb_version": "1.1.2.dev0",
  "test": {
    "cos_sim": {
      "pearson": -0.03373369813436814,
      "spearman": -0.03806085264739313
    },
    "euclidean": {
      "pearson": -0.03480327387705285,
      "spearman": -0.035345700940468995
    },
    "evaluation_time": 0.11,
    "manhattan": {
      "pearson": -0.02783842936825963,
      "spearman": -0.03057255351390722
    }
  }
}