{
  "dataset_revision": null,
  "mteb_dataset_name": "InstructSTSBenchmark",
  "mteb_version": "1.1.2.dev0",
  "test": {
    "cos_sim": {
      "pearson": 0.05474969261753821,
      "spearman": 0.06066465137283906
    },
    "euclidean": {
      "pearson": -0.12481794730538988,
      "spearman": -0.10298039399135886
    },
    "evaluation_time": 0.12,
    "manhattan": {
      "pearson": -0.007659646377020632,
      "spearman": -0.0037266162998283686
    }
  }
}