{
  "dataset_revision": "a0d554a64d88156834ff5ae9920b964011b16384",
  "mteb_dataset_name": "STS12",
  "mteb_version": "1.1.2.dev0",
  "test": {
    "cos_sim": {
      "pearson": 0.3178731596006277,
      "spearman": 0.5250424946616696
    },
    "euclidean": {
      "pearson": 0.18384865790231392,
      "spearman": 0.3283511941453217
    },
    "evaluation_time": 0.36,
    "manhattan": {
      "pearson": 0.6097188030182071,
      "spearman": 0.6373567748244753
    }
  }
}