{
  "dataset_revision": "b0fddb56ed78048fa8b90373c8a3cfc37b684831",
  "mteb_dataset_name": "STSBenchmark",
  "mteb_version": "1.1.2.dev0",
  "test": {
    "cos_sim": {
      "pearson": 0.24262136516056793,
      "spearman": 0.3032404484561016
    },
    "euclidean": {
      "pearson": 0.32726440311690763,
      "spearman": 0.3411631502983841
    },
    "evaluation_time": 0.08,
    "manhattan": {
      "pearson": 0.3469518200035702,
      "spearman": 0.35627408393024224
    }
  }
}