{
  "dataset_revision": "b0fddb56ed78048fa8b90373c8a3cfc37b684831",
  "mteb_dataset_name": "STSBenchmark",
  "mteb_version": "1.1.2.dev0",
  "test": {
    "cos_sim": {
      "pearson": 0.10507069989855856,
      "spearman": 0.32404661358641335
    },
    "euclidean": {
      "pearson": 0.23473286372415683,
      "spearman": 0.34656878329417856
    },
    "evaluation_time": 0.08,
    "manhattan": {
      "pearson": 0.24717477542536945,
      "spearman": 0.3529623938889844
    }
  }
}