{
  "dataset_revision": "b0fddb56ed78048fa8b90373c8a3cfc37b684831",
  "mteb_dataset_name": "STSBenchmark",
  "mteb_version": "1.1.2.dev0",
  "test": {
    "cos_sim": {
      "pearson": 0.20616662212364276,
      "spearman": 0.18978050713817862
    },
    "euclidean": {
      "pearson": 0.2753000673124241,
      "spearman": 0.2662146243129285
    },
    "evaluation_time": 0.06,
    "manhattan": {
      "pearson": 0.28327250993562353,
      "spearman": 0.27455052870561303
    }
  }
}