{
  "dataset_revision": null,
  "mteb_dataset_name": "InstructSTSBenchmark",
  "mteb_version": "1.1.2.dev0",
  "test": {
    "cos_sim": {
      "pearson": 0.052269851681947505,
      "spearman": 0.05858069764422729
    },
    "euclidean": {
      "pearson": -0.12606772146136852,
      "spearman": -0.10552249005174771
    },
    "evaluation_time": 0.1,
    "manhattan": {
      "pearson": -0.012418238041272893,
      "spearman": -0.00848382439686852
    }
  }
}