{
  "dataset_revision": "b0fddb56ed78048fa8b90373c8a3cfc37b684831",
  "mteb_dataset_name": "STSBenchmark",
  "mteb_version": "1.1.2.dev0",
  "test": {
    "cos_sim": {
      "pearson": 0.12288450103659429,
      "spearman": 0.08798649073712105
    },
    "euclidean": {
      "pearson": 0.17782465572218414,
      "spearman": 0.11155582702697862
    },
    "evaluation_time": 0.08,
    "manhattan": {
      "pearson": 0.19148012058161945,
      "spearman": 0.11425688750909062
    }
  }
}