{
  "dataset_revision": null,
  "mteb_dataset_name": "InstructSTSBenchmark",
  "mteb_version": "1.1.2.dev0",
  "test": {
    "cos_sim": {
      "pearson": -0.08923725785116822,
      "spearman": -0.08572401558097635
    },
    "euclidean": {
      "pearson": -0.12187314329493043,
      "spearman": -0.11354088592702825
    },
    "evaluation_time": 0.08,
    "manhattan": {
      "pearson": -0.12269194410908615,
      "spearman": -0.1146315917854378
    }
  }
}