{
  "dataset_revision": "b0fddb56ed78048fa8b90373c8a3cfc37b684831",
  "mteb_dataset_name": "STSBenchmark",
  "mteb_version": "1.1.2.dev0",
  "test": {
    "cos_sim": {
      "pearson": 0.42433246384352613,
      "spearman": 0.4538911137765362
    },
    "euclidean": {
      "pearson": 0.5078956495154957,
      "spearman": 0.5080276954267371
    },
    "evaluation_time": 0.06,
    "manhattan": {
      "pearson": 0.5153882883752422,
      "spearman": 0.514934234621644
    }
  }
}