{
  "dataset_revision": null,
  "mteb_dataset_name": "InstructSTSBenchmark",
  "mteb_version": "1.1.2.dev0",
  "test": {
    "cos_sim": {
      "pearson": -0.010543811115204742,
      "spearman": 7.833044243492702e-05
    },
    "euclidean": {
      "pearson": -0.07642320899687802,
      "spearman": -0.06950141676227628
    },
    "evaluation_time": 0.12,
    "manhattan": {
      "pearson": -0.0693894060217023,
      "spearman": -0.06373729817100855
    }
  }
}