{
  "dataset_revision": null,
  "mteb_dataset_name": "InstructSTSBenchmark",
  "mteb_version": "1.1.2.dev0",
  "test": {
    "cos_sim": {
      "pearson": 0.004696407771717646,
      "spearman": 0.03429825901863789
    },
    "euclidean": {
      "pearson": 0.014196946726494474,
      "spearman": 0.0381619535716385
    },
    "evaluation_time": 0.13,
    "manhattan": {
      "pearson": 0.014016756289952923,
      "spearman": 0.03779216102178384
    }
  }
}