{
  "dataset_revision": "a0d554a64d88156834ff5ae9920b964011b16384",
  "mteb_dataset_name": "STS12",
  "mteb_version": "1.1.2.dev0",
  "test": {
    "cos_sim": {
      "pearson": 0.14038477612743971,
      "spearman": 0.2675986582546364
    },
    "euclidean": {
      "pearson": 0.1493025807809608,
      "spearman": 0.279241419268608
    },
    "evaluation_time": 0.41,
    "manhattan": {
      "pearson": 0.22759564289325626,
      "spearman": 0.3251218708123598
    }
  }
}