{
  "dataset_revision": "b0fddb56ed78048fa8b90373c8a3cfc37b684831",
  "mteb_dataset_name": "STSBenchmark",
  "mteb_version": "1.1.2.dev0",
  "test": {
    "cos_sim": {
      "pearson": 0.294334275975924,
      "spearman": 0.3034426470297697
    },
    "euclidean": {
      "pearson": 0.3554699683702741,
      "spearman": 0.3364064639773942
    },
    "evaluation_time": 0.09,
    "manhattan": {
      "pearson": 0.3638253919411906,
      "spearman": 0.34360201585382294
    }
  }
}