{
  "dataset_revision": null,
  "mteb_dataset_name": "InstructSTSBenchmark",
  "mteb_version": "1.1.2.dev0",
  "test": {
    "cos_sim": {
      "pearson": 0.0663997276017407,
      "spearman": 0.05924741545758785
    },
    "euclidean": {
      "pearson": 0.0550783440115938,
      "spearman": 0.05575214721466314
    },
    "evaluation_time": 0.17,
    "manhattan": {
      "pearson": 0.06242481316259305,
      "spearman": 0.05525347375591106
    }
  }
}