{
  "dataset_revision": "a0d554a64d88156834ff5ae9920b964011b16384",
  "mteb_dataset_name": "STS12",
  "mteb_version": "1.1.2.dev0",
  "test": {
    "cos_sim": {
      "pearson": 0.6148321058833287,
      "spearman": 0.4808113614553234
    },
    "euclidean": {
      "pearson": 0.5087382768063571,
      "spearman": 0.4420874824974677
    },
    "evaluation_time": 0.4,
    "manhattan": {
      "pearson": 0.5934231495183427,
      "spearman": 0.4500454058246674
    }
  }
}