{
  "dataset_revision": "b0fddb56ed78048fa8b90373c8a3cfc37b684831",
  "mteb_dataset_name": "STSBenchmark",
  "mteb_version": "1.1.2.dev0",
  "test": {
    "cos_sim": {
      "pearson": 0.6181026026914667,
      "spearman": 0.6106112275101846
    },
    "euclidean": {
      "pearson": 0.5838982800877404,
      "spearman": 0.568746148431716
    },
    "evaluation_time": 0.06,
    "manhattan": {
      "pearson": 0.588714210104165,
      "spearman": 0.5733019187552784
    }
  }
}