{
  "dataset_revision": "b0fddb56ed78048fa8b90373c8a3cfc37b684831",
  "mteb_dataset_name": "STSBenchmark",
  "mteb_version": "1.1.2.dev0",
  "test": {
    "cos_sim": {
      "pearson": 0.2355834880841047,
      "spearman": 0.2760452938832512
    },
    "euclidean": {
      "pearson": 0.2639390461050104,
      "spearman": 0.2929512893444449
    },
    "evaluation_time": 0.07,
    "manhattan": {
      "pearson": 0.41011005001593753,
      "spearman": 0.4045263560905642
    }
  }
}