{
  "dataset_revision": "b0fddb56ed78048fa8b90373c8a3cfc37b684831",
  "mteb_dataset_name": "STSBenchmark",
  "mteb_version": "1.1.2.dev0",
  "test": {
    "cos_sim": {
      "pearson": 0.09664174751519573,
      "spearman": 0.21465152743489443
    },
    "euclidean": {
      "pearson": 0.13099700006118803,
      "spearman": 0.2261888594360716
    },
    "evaluation_time": 0.04,
    "manhattan": {
      "pearson": 0.2368589309843058,
      "spearman": 0.27980722620973497
    }
  }
}