{
  "dataset_revision": "b0fddb56ed78048fa8b90373c8a3cfc37b684831",
  "mteb_dataset_name": "STSBenchmark",
  "mteb_version": "1.1.2.dev0",
  "test": {
    "cos_sim": {
      "pearson": 0.013700685700243612,
      "spearman": 0.18225928268541408
    },
    "euclidean": {
      "pearson": 0.07595466819354361,
      "spearman": 0.18241538754929232
    },
    "evaluation_time": 0.04,
    "manhattan": {
      "pearson": 0.16581656186063212,
      "spearman": 0.17917561034610327
    }
  }
}