{
  "dataset_revision": null,
  "mteb_dataset_name": "InstructSTSBenchmark",
  "mteb_version": "1.1.2.dev0",
  "test": {
    "cos_sim": {
      "pearson": -0.13153904929794033,
      "spearman": -0.10115921132554005
    },
    "euclidean": {
      "pearson": -0.14995576517308892,
      "spearman": -0.13754780003097422
    },
    "evaluation_time": 0.11,
    "manhattan": {
      "pearson": -0.15018873681506212,
      "spearman": -0.13781922411929118
    }
  }
}