{
  "dataset_revision": "b0fddb56ed78048fa8b90373c8a3cfc37b684831",
  "mteb_dataset_name": "STSBenchmark",
  "mteb_version": "1.1.2.dev0",
  "test": {
    "cos_sim": {
      "pearson": 0.4343746233222006,
      "spearman": 0.4634412526430426
    },
    "euclidean": {
      "pearson": 0.44798226408638947,
      "spearman": 0.4660054479737589
    },
    "evaluation_time": 0.04,
    "manhattan": {
      "pearson": 0.45819964996347684,
      "spearman": 0.47438403299604703
    }
  }
}