{
  "dataset_revision": null,
  "mteb_dataset_name": "InstructSTSBenchmark",
  "mteb_version": "1.1.2.dev0",
  "test": {
    "cos_sim": {
      "pearson": 0.036016834859515144,
      "spearman": 0.02272539166292746
    },
    "euclidean": {
      "pearson": 0.01951563759411094,
      "spearman": 0.023400308607366624
    },
    "evaluation_time": 0.04,
    "manhattan": {
      "pearson": 0.009094651241661127,
      "spearman": 0.01766852408461948
    }
  }
}