{
  "dataset_revision": "a0d554a64d88156834ff5ae9920b964011b16384",
  "mteb_dataset_name": "STS12",
  "mteb_version": "1.1.2.dev0",
  "test": {
    "cos_sim": {
      "pearson": 0.3374898306567893,
      "spearman": 0.40155492810574533
    },
    "euclidean": {
      "pearson": 0.38269730702044913,
      "spearman": 0.4028772943715346
    },
    "evaluation_time": 0.05,
    "manhattan": {
      "pearson": 0.4093444346618806,
      "spearman": 0.4255822281392484
    }
  }
}