{
  "dataset_revision": null,
  "mteb_dataset_name": "InstructSTSBenchmark",
  "mteb_version": "1.1.2.dev0",
  "test": {
    "cos_sim": {
      "pearson": 0.30384980816673557,
      "spearman": 0.3039681097084256
    },
    "euclidean": {
      "pearson": 0.3186836631469655,
      "spearman": 0.30296529793566185
    },
    "evaluation_time": 0.15,
    "manhattan": {
      "pearson": 0.3190719351422875,
      "spearman": 0.30262920564879847
    }
  }
}