{
  "dataset_revision": "b0fddb56ed78048fa8b90373c8a3cfc37b684831",
  "mteb_dataset_name": "STSBenchmark",
  "mteb_version": "1.1.2.dev0",
  "test": {
    "cos_sim": {
      "pearson": 0.09141681437142321,
      "spearman": 0.12302797744325776
    },
    "euclidean": {
      "pearson": 0.12339772303601296,
      "spearman": 0.12716965971471542
    },
    "evaluation_time": 0.09,
    "manhattan": {
      "pearson": 0.12426309332355369,
      "spearman": 0.12783791868201186
    }
  }
}