{
  "dataset_revision": "b0fddb56ed78048fa8b90373c8a3cfc37b684831",
  "mteb_dataset_name": "STSBenchmark",
  "mteb_version": "1.1.2.dev0",
  "test": {
    "cos_sim": {
      "pearson": 0.3789988514588917,
      "spearman": 0.4101353834309508
    },
    "euclidean": {
      "pearson": 0.47228969868717174,
      "spearman": 0.4623754331142651
    },
    "evaluation_time": 0.07,
    "manhattan": {
      "pearson": 0.49565906398133885,
      "spearman": 0.48316968277763245
    }
  }
}