{
  "dataset_revision": "b0fddb56ed78048fa8b90373c8a3cfc37b684831",
  "mteb_dataset_name": "STSBenchmark",
  "mteb_version": "1.1.2.dev0",
  "test": {
    "cos_sim": {
      "pearson": 0.3734259399205739,
      "spearman": 0.3830693380150383
    },
    "euclidean": {
      "pearson": 0.38834707597354673,
      "spearman": 0.39589548061010327
    },
    "evaluation_time": 0.03,
    "manhattan": {
      "pearson": 0.39416988176827883,
      "spearman": 0.3991776520880966
    }
  }
}