{
  "dataset_revision": null,
  "mteb_dataset_name": "FeedbacksClustering",
  "mteb_version": "1.1.2.dev0",
  "test": {
    "correct_instructions": [
      0.1681552009083422,
      0.32665569994115146,
      0.26442919407071197,
      0.33151965873109773,
      0.2655710752189088,
      0.245690446497188,
      0.23440261946927574,
      0.21788224313706825,
      0.21294107404746268,
      0.19793222731962343
    ],
    "dci": -0.16785718653381812,
    "dii": -0.15952491202670732,
    "implicit_instructions": [
      0.20424391338070538,
      0.18779720263198382,
      0.1991099453410548,
      0.327893953663672,
      0.22214246663580436,
      0.3112735832504454,
      0.2288426557603121,
      0.176487475415453,
      0.2047255482459898,
      0.23319458534655815
    ],
    "incorrect_instructions": [
      0.2169808697459028,
      0.3094394786750114,
      0.24464087228910222,
      0.33601238744216033,
      0.317617353118225,
      0.2538521901185672,
      0.2242024502042487,
      0.2937897756604011,
      0.20691681296460274,
      0.25545187072299996
    ]
  }
}