{
  "dataset_revision": null,
  "mteb_dataset_name": "FewEventClustering",
  "mteb_version": "1.1.2.dev0",
  "test": {
    "correct_instructions": [
      0.633468660200311,
      0.6476420740560207,
      0.615037046672822,
      0.6538657111910121,
      0.6199328382458141,
      0.6255731554363045,
      0.6294950820618268,
      0.6464934302881492,
      0.6372490585684865,
      0.6403272416929188
    ],
    "dci": 0.006861534763462851,
    "dii": 0.01784543340838396,
    "implicit_instructions": [
      0.6423419462434312,
      0.6267751946520203,
      0.6379990052434034,
      0.6589624235264484,
      0.6496495363712109,
      0.6260209453177431,
      0.642966795998954,
      0.6274661544219388,
      0.659206837486589,
      0.6352676508882322
    ],
    "incorrect_instructions": [
      0.5903259758761911,
      0.5953887531610911,
      0.6081755119093591,
      0.5791869536574447,
      0.575352718702244,
      0.5983428916186054,
      0.6070442173102579,
      0.5830313383062721,
      0.6050270340895668,
      0.5979688810143817
    ]
  }
}