{
  "dataset_revision": null,
  "mteb_dataset_name": "FewRelClustering",
  "mteb_version": "1.1.2.dev0",
  "test": {
    "correct_instructions": [
      0.5155245763419276,
      0.5202497865321365,
      0.5274428012997165,
      0.5188323774689763,
      0.5201343072918323,
      0.5413063519202257,
      0.5309852524610128,
      0.5030887115908097,
      0.5050642634115948,
      0.5017125458203787
    ],
    "dci": -0.043120738581115536,
    "dii": -0.039193473191288186,
    "implicit_instructions": [
      0.5201483371759874,
      0.5056398112102061,
      0.5170804805342999,
      0.5239777775799356,
      0.5069425415308931,
      0.5390646002615163,
      0.5129212386273614,
      0.5116686177613085,
      0.5202118628462705,
      0.5272847321747789
    ],
    "incorrect_instructions": [
      0.5225059416429706,
      0.5071785049281543,
      0.5091716488159154,
      0.5073798916552649,
      0.5255357387443357,
      0.45712041576817164,
      0.5448332844014943,
      0.5168617845224184,
      0.501549516963526,
      0.504714649329093
    ]
  }
}