{
  "dataset_revision": null,
  "mteb_dataset_name": "NYTTopicClustering",
  "mteb_version": "1.1.2.dev0",
  "test": {
    "correct_instructions": [
      0.5091044992202,
      0.4764433695607086,
      0.5587977991608982,
      0.4698616947235305,
      0.48289626940307456,
      0.4544734656720396,
      0.4427459796567485,
      0.5223968926423992,
      0.48231920009815643,
      0.381908711350489
    ],
    "dci": -0.14094743320855674,
    "dii": -0.11549901202085128,
    "implicit_instructions": [
      0.5009650419176697,
      0.48646565005487347,
      0.40735713253819444,
      0.49059785218756974,
      0.4587991533819224,
      0.510691869549341,
      0.4320256416696776,
      0.4815957760584753,
      0.47820341404962297,
      0.4483946087629574
    ],
    "incorrect_instructions": [
      0.4026142883075076,
      0.5139360948517426,
      0.497868934523545,
      0.49034779322546646,
      0.46068316081928956,
      0.46036315902214986,
      0.4576870499612834,
      0.4042742648980076,
      0.4964751069231876,
      0.5228561445590457
    ]
  }
}