{
  "dataset_revision": null,
  "mteb_dataset_name": "RateMyProfClustering",
  "mteb_version": "1.1.2.dev0",
  "test": {
    "correct_instructions": [
      0.03997542966340445,
      0.08243127362643156,
      0.0708751550864825,
      0.04086833376352215,
      0.06528541436179217,
      0.041026362933630794,
      0.040937121702849306,
      0.06070599666406447,
      0.0290697587142438,
      0.03239341081833928
    ],
    "dci": -0.04431720339537153,
    "dii": -0.042539700353824164,
    "implicit_instructions": [
      0.06884071067250987,
      0.056970974211804117,
      0.06476409829996503,
      0.03250878316056552,
      0.07034577565952835,
      0.07476453620004013,
      0.05964935584456616,
      0.0413443000710708,
      0.06995172960289553,
      0.030847261755791163
    ],
    "incorrect_instructions": [
      0.03358051147583981,
      0.033933117698479634,
      0.037974901776903894,
      0.043897860928951364,
      0.019978784006900854,
      0.013600596323773813,
      0.041358224963876075,
      0.07338696210961533,
      0.05208995744241015,
      0.04071705212847397
    ]
  }
}