{
  "dataset_revision": null,
  "mteb_dataset_name": "InstructSTSBenchmark",
  "mteb_version": "1.1.2.dev0",
  "test": {
    "cos_sim": {
      "pearson": -0.023633895676552313,
      "spearman": -0.009474426427134872
    },
    "euclidean": {
      "pearson": -0.12697315787294544,
      "spearman": -0.10781638797158684
    },
    "evaluation_time": 0.1,
    "manhattan": {
      "pearson": -0.14581589920162247,
      "spearman": -0.13696533122399873
    }
  }
}