{
  "dataset_revision": "b0fddb56ed78048fa8b90373c8a3cfc37b684831",
  "mteb_dataset_name": "STSBenchmark",
  "mteb_version": "1.1.2.dev0",
  "test": {
    "cos_sim": {
      "pearson": 0.3786789065944059,
      "spearman": 0.41181008380291484
    },
    "euclidean": {
      "pearson": 0.44989458687120354,
      "spearman": 0.4625756491339309
    },
    "evaluation_time": 0.07,
    "manhattan": {
      "pearson": 0.549549006315466,
      "spearman": 0.5419373052468
    }
  }
}