{
  "dataset_revision": null,
  "mteb_dataset_name": "InstructSTSBenchmark",
  "mteb_version": "1.1.2.dev0",
  "test": {
    "cos_sim": {
      "pearson": -0.09229486412711217,
      "spearman": -0.10270715305289488
    },
    "euclidean": {
      "pearson": -0.10062984468080816,
      "spearman": -0.10426009481043716
    },
    "evaluation_time": 0.15,
    "manhattan": {
      "pearson": -0.10022305547629874,
      "spearman": -0.1041840414314615
    }
  }
}