{
  "dataset_revision": null,
  "mteb_dataset_name": "InstructSTSBenchmark",
  "mteb_version": "1.1.2.dev0",
  "test": {
    "cos_sim": {
      "pearson": -0.12150442151897149,
      "spearman": -0.10721934639634158
    },
    "euclidean": {
      "pearson": -0.1190838876783912,
      "spearman": -0.1113180319257665
    },
    "evaluation_time": 0.07,
    "manhattan": {
      "pearson": -0.11805517431010167,
      "spearman": -0.11054565733887796
    }
  }
}