{
  "dataset_revision": null,
  "mteb_dataset_name": "InstructSTSBenchmark",
  "mteb_version": "1.1.2.dev0",
  "test": {
    "cos_sim": {
      "pearson": 0.2680426777105201,
      "spearman": 0.2538156782558762
    },
    "euclidean": {
      "pearson": 0.2583101688737977,
      "spearman": 0.2230272606180699
    },
    "evaluation_time": 0.1,
    "manhattan": {
      "pearson": 0.2580598488697903,
      "spearman": 0.22263469759106358
    }
  }
}