{
    "test": {
        "NYTTopicClustering": 0.07910264757696982,
        "NYTLocationClustering": 0.36950096948774663,
        "harmonic_mean": 0.13030883853738176
    }
}