{
  "dataset_revision": null,
  "mteb_dataset_name": "InstructSTSBenchmark",
  "mteb_version": "1.1.2.dev0",
  "test": {
    "cos_sim": {
      "pearson": 0.18990346021355275,
      "spearman": 0.16709112795556666
    },
    "euclidean": {
      "pearson": 0.1947520493992862,
      "spearman": 0.16194454472095413
    },
    "evaluation_time": 0.12,
    "manhattan": {
      "pearson": 0.19456809767160602,
      "spearman": 0.16179926905323092
    }
  }
}