{
  "dataset_revision": "b0fddb56ed78048fa8b90373c8a3cfc37b684831",
  "mteb_dataset_name": "STSBenchmark",
  "mteb_version": "1.1.2.dev0",
  "test": {
    "cos_sim": {
      "pearson": 0.08763477675977778,
      "spearman": 0.1919978596575369
    },
    "euclidean": {
      "pearson": 0.11975929985084964,
      "spearman": 0.21787476633036953
    },
    "evaluation_time": 0.03,
    "manhattan": {
      "pearson": 0.23799618850492543,
      "spearman": 0.2806653251066932
    }
  }
}