{
  "dataset_revision": "b0fddb56ed78048fa8b90373c8a3cfc37b684831",
  "mteb_dataset_name": "STSBenchmark",
  "mteb_version": "1.1.2.dev0",
  "test": {
    "cos_sim": {
      "pearson": 0.43685887647242555,
      "spearman": 0.45132663502713743
    },
    "euclidean": {
      "pearson": 0.32954428937978786,
      "spearman": 0.3581373702146346
    },
    "evaluation_time": 0.07,
    "manhattan": {
      "pearson": 0.4984319874591044,
      "spearman": 0.48889671192366896
    }
  }
}