{
  "dataset_revision": null,
  "mteb_dataset_name": "InstructSTSBenchmark",
  "mteb_version": "1.1.2.dev0",
  "test": {
    "cos_sim": {
      "pearson": 0.18629839859896616,
      "spearman": 0.2208176135732952
    },
    "euclidean": {
      "pearson": 0.22133313845222347,
      "spearman": 0.2312027727866511
    },
    "evaluation_time": 0.11,
    "manhattan": {
      "pearson": 0.22053769489140487,
      "spearman": 0.23028922124107423
    }
  }
}