{
  "dataset_revision": null,
  "mteb_dataset_name": "InstructSTSBenchmark",
  "mteb_version": "1.1.2.dev0",
  "test": {
    "cos_sim": {
      "pearson": 0.20001040298393227,
      "spearman": 0.19977492985999318
    },
    "euclidean": {
      "pearson": 0.21548071915954875,
      "spearman": 0.21264137320019033
    },
    "evaluation_time": 0.03,
    "manhattan": {
      "pearson": 0.21545477529744814,
      "spearman": 0.21254923357290467
    }
  }
}