{
  "dataset_revision": "b0fddb56ed78048fa8b90373c8a3cfc37b684831",
  "mteb_dataset_name": "STSBenchmark",
  "mteb_version": "1.1.2.dev0",
  "test": {
    "cos_sim": {
      "pearson": 0.3894789680624546,
      "spearman": 0.4025464688229452
    },
    "euclidean": {
      "pearson": 0.34354767706323125,
      "spearman": 0.34976610901810706
    },
    "evaluation_time": 0.03,
    "manhattan": {
      "pearson": 0.34478821254446235,
      "spearman": 0.350719459605332
    }
  }
}