{
  "dataset_revision": null,
  "mteb_dataset_name": "InstructSTSBenchmark",
  "mteb_version": "1.1.2.dev0",
  "test": {
    "cos_sim": {
      "pearson": 0.22345096580089402,
      "spearman": 0.2137460141094983
    },
    "euclidean": {
      "pearson": 0.20698949779087378,
      "spearman": 0.1601862084480611
    },
    "evaluation_time": 0.1,
    "manhattan": {
      "pearson": 0.20650192053101563,
      "spearman": 0.16003045838398203
    }
  }
}