{
  "dataset_revision": "b0fddb56ed78048fa8b90373c8a3cfc37b684831",
  "mteb_dataset_name": "STSBenchmark",
  "mteb_version": "1.1.2.dev0",
  "test": {
    "cos_sim": {
      "pearson": 0.3198712729622745,
      "spearman": 0.33852424837421613
    },
    "euclidean": {
      "pearson": 0.354923406562476,
      "spearman": 0.36094645012307863
    },
    "evaluation_time": 0.04,
    "manhattan": {
      "pearson": 0.3569813832513849,
      "spearman": 0.3615980418454402
    }
  }
}