{
  "dataset_revision": "b0fddb56ed78048fa8b90373c8a3cfc37b684831",
  "mteb_dataset_name": "STSBenchmark",
  "mteb_version": "1.1.2.dev0",
  "test": {
    "cos_sim": {
      "pearson": 0.4052060399962576,
      "spearman": 0.4249664809380527
    },
    "euclidean": {
      "pearson": 0.41815449831174006,
      "spearman": 0.431836943688033
    },
    "evaluation_time": 0.03,
    "manhattan": {
      "pearson": 0.42437778227577355,
      "spearman": 0.4375129105355133
    }
  }
}