{
  "dataset_revision": "b0fddb56ed78048fa8b90373c8a3cfc37b684831",
  "mteb_dataset_name": "STSBenchmark",
  "mteb_version": "1.1.2.dev0",
  "test": {
    "cos_sim": {
      "pearson": -0.03048699544842612,
      "spearman": -0.025153173609704132
    },
    "euclidean": {
      "pearson": -0.029638159989474493,
      "spearman": -0.025153173609704132
    },
    "evaluation_time": 30.17,
    "manhattan": {
      "pearson": -0.0271116465163226,
      "spearman": -0.02347858160630218
    }
  }
}