{
  "dataset_revision": "b0fddb56ed78048fa8b90373c8a3cfc37b684831",
  "mteb_dataset_name": "STSBenchmark",
  "mteb_version": "1.1.2.dev0",
  "test": {
    "cos_sim": {
      "pearson": 0.33027993068506223,
      "spearman": 0.36716857579654416
    },
    "euclidean": {
      "pearson": 0.33102979827442214,
      "spearman": 0.3710587398013116
    },
    "evaluation_time": 0.06,
    "manhattan": {
      "pearson": 0.33450161544057117,
      "spearman": 0.3745458203510398
    }
  }
}