{
  "dataset_revision": "b0fddb56ed78048fa8b90373c8a3cfc37b684831",
  "mteb_dataset_name": "STSBenchmark",
  "mteb_version": "1.1.2.dev0",
  "test": {
    "cos_sim": {
      "pearson": 0.32224755168460273,
      "spearman": 0.3331621053469933
    },
    "euclidean": {
      "pearson": 0.3972734060558009,
      "spearman": 0.37868111152636663
    },
    "evaluation_time": 0.07,
    "manhattan": {
      "pearson": 0.40621179459334805,
      "spearman": 0.38828433821177194
    }
  }
}