{
  "dataset_revision": "b0fddb56ed78048fa8b90373c8a3cfc37b684831",
  "mteb_dataset_name": "STSBenchmark",
  "mteb_version": "1.1.2.dev0",
  "test": {
    "cos_sim": {
      "pearson": 0.3156803325995352,
      "spearman": 0.353617588507277
    },
    "euclidean": {
      "pearson": 0.34587414988855913,
      "spearman": 0.35842483667968156
    },
    "evaluation_time": 0.04,
    "manhattan": {
      "pearson": 0.35037476202865403,
      "spearman": 0.3614708560097439
    }
  }
}