{
  "dataset_revision": null,
  "mteb_dataset_name": "InstructSTSBenchmark",
  "mteb_version": "1.1.2.dev0",
  "test": {
    "cos_sim": {
      "pearson": -0.03425082035020011,
      "spearman": -0.024552029206037627
    },
    "euclidean": {
      "pearson": -0.12791888492847334,
      "spearman": -0.10946497052190297
    },
    "evaluation_time": 0.15,
    "manhattan": {
      "pearson": -0.14577996541710386,
      "spearman": -0.13666430551531164
    }
  }
}