{
  "dataset_revision": "a0d554a64d88156834ff5ae9920b964011b16384",
  "mteb_dataset_name": "STS12",
  "mteb_version": "1.1.2.dev0",
  "test": {
    "cos_sim": {
      "pearson": 0.2146005190128584,
      "spearman": 0.3269499002387205
    },
    "euclidean": {
      "pearson": 0.1405611799891144,
      "spearman": 0.25359253938638776
    },
    "evaluation_time": 0.39,
    "manhattan": {
      "pearson": 0.20025082037013386,
      "spearman": 0.3293592394191633
    }
  }
}