{
  "dataset_revision": "b0fddb56ed78048fa8b90373c8a3cfc37b684831",
  "mteb_dataset_name": "STSBenchmark",
  "mteb_version": "1.1.2.dev0",
  "test": {
    "cos_sim": {
      "pearson": 0.19495094222880954,
      "spearman": 0.2542307711455598
    },
    "euclidean": {
      "pearson": 0.09871445230119795,
      "spearman": 0.1014927439107049
    },
    "evaluation_time": 0.06,
    "manhattan": {
      "pearson": 0.19916753967397904,
      "spearman": 0.23326930286878236
    }
  }
}