{
  "dataset_revision": "b0fddb56ed78048fa8b90373c8a3cfc37b684831",
  "mteb_dataset_name": "STSBenchmark",
  "mteb_version": "1.1.2.dev0",
  "test": {
    "cos_sim": {
      "pearson": 0.14641769635398258,
      "spearman": 0.19217018395865615
    },
    "euclidean": {
      "pearson": 0.1672539065008116,
      "spearman": 0.19215190912733016
    },
    "evaluation_time": 0.03,
    "manhattan": {
      "pearson": 0.16817338247014088,
      "spearman": 0.19355899806182453
    }
  }
}