{
    "dataset_revision": null,
    "mteb_dataset_name": "IntentEmotion",
    "mteb_version": "1.1.2.dev0",
    "test": {
        "Emotion_success_rate": 0.32142857142857145,
        "Intent_success_rate": 0.45584415584415583,
        "evaluation_time": 102.75,
        "harmonic_mean": 0.37701397377918483
    }
}