{
  "dataset_revision": "b0fddb56ed78048fa8b90373c8a3cfc37b684831",
  "mteb_dataset_name": "STSBenchmark",
  "mteb_version": "1.1.2.dev0",
  "test": {
    "cos_sim": {
      "pearson": -0.06171978810132216,
      "spearman": -0.051757712464256936
    },
    "euclidean": {
      "pearson": -0.061111418319531555,
      "spearman": -0.051757712464256936
    },
    "evaluation_time": 38.5,
    "manhattan": {
      "pearson": -0.06301807348978478,
      "spearman": -0.0663257832250665
    }
  }
}