{
  "dataset_revision": "b0fddb56ed78048fa8b90373c8a3cfc37b684831",
  "mteb_dataset_name": "STSBenchmark",
  "mteb_version": "1.1.2.dev0",
  "test": {
    "cos_sim": {
      "pearson": 0.0911604941342312,
      "spearman": 0.07627255732205847
    },
    "euclidean": {
      "pearson": 0.0429157715399682,
      "spearman": 0.04938623330674739
    },
    "evaluation_time": 0.04,
    "manhattan": {
      "pearson": 0.07723613752728833,
      "spearman": 0.04496161331030124
    }
  }
}