{
  "dataset_revision": null,
  "mteb_dataset_name": "InstructSTSBenchmark",
  "mteb_version": "1.1.2.dev0",
  "test": {
    "cos_sim": {
      "pearson": 0.01067392871906729,
      "spearman": 0.008522078802228147
    },
    "euclidean": {
      "pearson": 0.00491752617563008,
      "spearman": 0.00685619068726825
    },
    "evaluation_time": 0.06,
    "manhattan": {
      "pearson": 0.0072079810583603075,
      "spearman": 0.009805422895222364
    }
  }
}