{
  "dataset_revision": null,
  "mteb_dataset_name": "InstructSTSBenchmark",
  "mteb_version": "1.1.2.dev0",
  "test": {
    "cos_sim": {
      "pearson": -0.004179505269804703,
      "spearman": -0.010910246464946507
    },
    "euclidean": {
      "pearson": -0.014974932592518128,
      "spearman": -0.018652208699996394
    },
    "evaluation_time": 0.13,
    "manhattan": {
      "pearson": -0.01502422969591426,
      "spearman": -0.018266932225640437
    }
  }
}