{
  "dataset_revision": null,
  "mteb_dataset_name": "InstructSTSBenchmark",
  "mteb_version": "1.1.2.dev0",
  "test": {
    "cos_sim": {
      "pearson": -0.011075306798113657,
      "spearman": -0.0314947578406912
    },
    "euclidean": {
      "pearson": 0.004797656872615486,
      "spearman": -0.02121525360843864
    },
    "evaluation_time": 0.11,
    "manhattan": {
      "pearson": 0.007290072327840723,
      "spearman": -0.01965502051060649
    }
  }
}