{
  "dataset_revision": "b0fddb56ed78048fa8b90373c8a3cfc37b684831",
  "mteb_dataset_name": "STSBenchmark",
  "mteb_version": "1.1.2.dev0",
  "test": {
    "cos_sim": {
      "pearson": 0.47736886546428636,
      "spearman": 0.4894505289876369
    },
    "euclidean": {
      "pearson": 0.5064468188352554,
      "spearman": 0.5129258223497258
    },
    "evaluation_time": 0.04,
    "manhattan": {
      "pearson": 0.5189201580456638,
      "spearman": 0.5224813494889902
    }
  }
}