{
  "dataset_revision": null,
  "mteb_dataset_name": "InstructSTSBenchmark",
  "mteb_version": "1.1.2.dev0",
  "test": {
    "cos_sim": {
      "pearson": -0.04723117097308959,
      "spearman": -0.04732752628742946
    },
    "euclidean": {
      "pearson": -0.05724749625078216,
      "spearman": -0.05432717075099909
    },
    "evaluation_time": 0.12,
    "manhattan": {
      "pearson": -0.057104370252097136,
      "spearman": -0.05414227447607177
    }
  }
}