{
  "dataset_revision": "b0fddb56ed78048fa8b90373c8a3cfc37b684831",
  "mteb_dataset_name": "STSBenchmark",
  "mteb_version": "1.1.2.dev0",
  "test": {
    "cos_sim": {
      "pearson": 0.453514244762955,
      "spearman": 0.4972667639852261
    },
    "euclidean": {
      "pearson": 0.4732495634704657,
      "spearman": 0.49539381550863176
    },
    "evaluation_time": 0.06,
    "manhattan": {
      "pearson": 0.4807544559009938,
      "spearman": 0.5029581954984323
    }
  }
}