{
  "dataset_revision": "b0fddb56ed78048fa8b90373c8a3cfc37b684831",
  "mteb_dataset_name": "STSBenchmark",
  "mteb_version": "1.1.2.dev0",
  "test": {
    "cos_sim": {
      "pearson": 0.04348359506498765,
      "spearman": 0.07059572928897768
    },
    "euclidean": {
      "pearson": 0.039363863027868706,
      "spearman": 0.05071649650232114
    },
    "evaluation_time": 0.04,
    "manhattan": {
      "pearson": 0.04187765625459175,
      "spearman": 0.05364041611670485
    }
  }
}