{
  "dataset_revision": "b0fddb56ed78048fa8b90373c8a3cfc37b684831",
  "mteb_dataset_name": "STSBenchmark",
  "mteb_version": "1.1.2.dev0",
  "test": {
    "cos_sim": {
      "pearson": 0.6698945438012185,
      "spearman": 0.6896418492249371
    },
    "euclidean": {
      "pearson": 0.6942205654639921,
      "spearman": 0.6905857558159773
    },
    "evaluation_time": 0.03,
    "manhattan": {
      "pearson": 0.6975974814403701,
      "spearman": 0.6933346739317496
    }
  }
}