{
  "dataset_revision": null,
  "mteb_dataset_name": "InstructSTSBenchmark",
  "mteb_version": "1.1.2.dev0",
  "test": {
    "cos_sim": {
      "pearson": 0.2122129957699968,
      "spearman": 0.24186072238311968
    },
    "euclidean": {
      "pearson": 0.19302234909744778,
      "spearman": 0.20567069210309036
    },
    "evaluation_time": 0.15,
    "manhattan": {
      "pearson": 0.19208300041269855,
      "spearman": 0.20526264518087928
    }
  }
}