{
  "dataset_revision": "a0d554a64d88156834ff5ae9920b964011b16384",
  "mteb_dataset_name": "STS12",
  "mteb_version": "1.1.2.dev0",
  "test": {
    "cos_sim": {
      "pearson": 0.7352625714839197,
      "spearman": 0.6575860795387554
    },
    "euclidean": {
      "pearson": 0.7219766242649949,
      "spearman": 0.6671573572960742
    },
    "evaluation_time": 0.43,
    "manhattan": {
      "pearson": 0.7227771397821567,
      "spearman": 0.6679366010124929
    }
  }
}