{
  "dataset_revision": null,
  "mteb_dataset_name": "InstructSTSBenchmark",
  "mteb_version": "1.1.2.dev0",
  "test": {
    "cos_sim": {
      "pearson": 0.07165152243051742,
      "spearman": 0.053207318704745606
    },
    "euclidean": {
      "pearson": 0.022768720181195176,
      "spearman": 0.05298735587209221
    },
    "evaluation_time": 0.08,
    "manhattan": {
      "pearson": 0.06971910234466352,
      "spearman": 0.053976505401998984
    }
  }
}