{
    "test": {
        "NYTTopicClustering": 0.03864883941791126,
        "NYTLocationClustering": 0.02633591257964258,
        "harmonic_mean": 0.031325896045328566
    }
}