{
  "dataset_revision": "b0fddb56ed78048fa8b90373c8a3cfc37b684831",
  "mteb_dataset_name": "STSBenchmark",
  "mteb_version": "1.1.2.dev0",
  "test": {
    "cos_sim": {
      "pearson": 0.360443763608978,
      "spearman": 0.3845718462320867
    },
    "euclidean": {
      "pearson": 0.40954713820984057,
      "spearman": 0.4124727676414137
    },
    "evaluation_time": 0.03,
    "manhattan": {
      "pearson": 0.431273582481923,
      "spearman": 0.4285715631543931
    }
  }
}