{
  "dataset_revision": null,
  "mteb_dataset_name": "InstructSTSBenchmark",
  "mteb_version": "1.1.2.dev0",
  "test": {
    "cos_sim": {
      "pearson": -0.05129219975270464,
      "spearman": -0.040890312156524306
    },
    "euclidean": {
      "pearson": -0.05799882946493952,
      "spearman": -0.05791397631248983
    },
    "evaluation_time": 0.11,
    "manhattan": {
      "pearson": -0.058749027423082495,
      "spearman": -0.05846365564056784
    }
  }
}