{
  "dataset_revision": null,
  "mteb_dataset_name": "InstructSTSBenchmark",
  "mteb_version": "1.1.2.dev0",
  "test": {
    "cos_sim": {
      "pearson": -0.03174240730898472,
      "spearman": -0.043181477554975714
    },
    "euclidean": {
      "pearson": 0.010765331510544618,
      "spearman": -0.04719773433048794
    },
    "evaluation_time": 0.17,
    "manhattan": {
      "pearson": -0.02486340317697158,
      "spearman": -0.045290479166312014
    }
  }
}