{
  "dataset_revision": "b0fddb56ed78048fa8b90373c8a3cfc37b684831",
  "mteb_dataset_name": "STSBenchmark",
  "mteb_version": "1.1.2.dev0",
  "test": {
    "cos_sim": {
      "pearson": 0.2120196354618173,
      "spearman": 0.19387517476555435
    },
    "euclidean": {
      "pearson": 0.2693765490484001,
      "spearman": 0.26149787854191114
    },
    "evaluation_time": 0.06,
    "manhattan": {
      "pearson": 0.27576635708910147,
      "spearman": 0.26824678900884646
    }
  }
}