{
  "dataset_revision": "b0fddb56ed78048fa8b90373c8a3cfc37b684831",
  "mteb_dataset_name": "STSBenchmark",
  "mteb_version": "1.1.2.dev0",
  "test": {
    "cos_sim": {
      "pearson": 0.12335745428541921,
      "spearman": 0.16039104938462317
    },
    "euclidean": {
      "pearson": 0.1451044022253226,
      "spearman": 0.16035260801540097
    },
    "evaluation_time": 0.06,
    "manhattan": {
      "pearson": 0.14399325068873375,
      "spearman": 0.15963096163196436
    }
  }
}