{
  "dataset_revision": "b0fddb56ed78048fa8b90373c8a3cfc37b684831",
  "mteb_dataset_name": "STSBenchmark",
  "mteb_version": "1.1.2.dev0",
  "test": {
    "cos_sim": {
      "pearson": 0.3204274232205014,
      "spearman": 0.33099408748005993
    },
    "euclidean": {
      "pearson": 0.39723278741623425,
      "spearman": 0.3776093980081265
    },
    "evaluation_time": 0.07,
    "manhattan": {
      "pearson": 0.40577966085922507,
      "spearman": 0.3874091153934642
    }
  }
}