{
  "dataset_revision": null,
  "mteb_dataset_name": "InstructSTSBenchmark",
  "mteb_version": "1.1.2.dev0",
  "test": {
    "cos_sim": {
      "pearson": 0.2227662865088263,
      "spearman": 0.2204614832781882
    },
    "euclidean": {
      "pearson": 0.21254833860925235,
      "spearman": 0.20623448911875544
    },
    "evaluation_time": 0.12,
    "manhattan": {
      "pearson": 0.21363888471895479,
      "spearman": 0.20688800187378958
    }
  }
}