{
  "dataset_revision": "b0fddb56ed78048fa8b90373c8a3cfc37b684831",
  "mteb_dataset_name": "STSBenchmark",
  "mteb_version": "1.1.2.dev0",
  "test": {
    "cos_sim": {
      "pearson": 0.16659191003462798,
      "spearman": 0.1856918001648601
    },
    "euclidean": {
      "pearson": 0.2109461109849966,
      "spearman": 0.20239035284078086
    },
    "evaluation_time": 0.06,
    "manhattan": {
      "pearson": 0.21527179225837714,
      "spearman": 0.20607934850464854
    }
  }
}