{
  "dataset_revision": "b0fddb56ed78048fa8b90373c8a3cfc37b684831",
  "mteb_dataset_name": "STSBenchmark",
  "mteb_version": "1.1.2.dev0",
  "test": {
    "cos_sim": {
      "pearson": 0.36397039709172135,
      "spearman": 0.3867969683081113
    },
    "euclidean": {
      "pearson": 0.4080626038271073,
      "spearman": 0.405162327668633
    },
    "evaluation_time": 0.03,
    "manhattan": {
      "pearson": 0.41754971282685677,
      "spearman": 0.4128313058444564
    }
  }
}