{
  "dataset_revision": "b0fddb56ed78048fa8b90373c8a3cfc37b684831",
  "mteb_dataset_name": "STSBenchmark",
  "mteb_version": "1.1.2.dev0",
  "test": {
    "cos_sim": {
      "pearson": 0.0062338296803368465,
      "spearman": 0.1402350147833749
    },
    "euclidean": {
      "pearson": 0.013896851488925187,
      "spearman": 0.13871918279908918
    },
    "evaluation_time": 0.03,
    "manhattan": {
      "pearson": 0.08403107406603516,
      "spearman": 0.13527073156686423
    }
  }
}