{
  "dataset_revision": "b0fddb56ed78048fa8b90373c8a3cfc37b684831",
  "mteb_dataset_name": "STSBenchmark",
  "mteb_version": "1.1.2.dev0",
  "test": {
    "cos_sim": {
      "pearson": 0.2167709262954293,
      "spearman": 0.28563267237775625
    },
    "euclidean": {
      "pearson": 0.31842119316840056,
      "spearman": 0.3317698859890342
    },
    "evaluation_time": 0.13,
    "manhattan": {
      "pearson": 0.3454441491947011,
      "spearman": 0.3560749497442144
    }
  }
}