{
  "dataset_revision": "b0fddb56ed78048fa8b90373c8a3cfc37b684831",
  "mteb_dataset_name": "STSBenchmark",
  "mteb_version": "1.1.2.dev0",
  "test": {
    "cos_sim": {
      "pearson": 0.18266698302924614,
      "spearman": 0.25110942840941003
    },
    "euclidean": {
      "pearson": 0.22880656637192512,
      "spearman": 0.2533909214309029
    },
    "evaluation_time": 0.09,
    "manhattan": {
      "pearson": 0.23210955657126747,
      "spearman": 0.2569192692276991
    }
  }
}