{
  "dataset_revision": null,
  "mteb_dataset_name": "InstructSTSBenchmark",
  "mteb_version": "1.1.2.dev0",
  "test": {
    "cos_sim": {
      "pearson": -0.11151392797853987,
      "spearman": -0.10808736453329411
    },
    "euclidean": {
      "pearson": -0.12065913511566292,
      "spearman": -0.11276259099982926
    },
    "evaluation_time": 0.08,
    "manhattan": {
      "pearson": -0.12879276949018106,
      "spearman": -0.12321150758094403
    }
  }
}