{
  "dataset_revision": "b0fddb56ed78048fa8b90373c8a3cfc37b684831",
  "mteb_dataset_name": "STSBenchmark",
  "mteb_version": "1.1.2.dev0",
  "test": {
    "cos_sim": {
      "pearson": 0.39100706549603204,
      "spearman": 0.4224115937439428
    },
    "euclidean": {
      "pearson": 0.31243960096106443,
      "spearman": 0.34918856655467795
    },
    "evaluation_time": 0.07,
    "manhattan": {
      "pearson": 0.45049828163118394,
      "spearman": 0.44667315868640284
    }
  }
}