{
  "dataset_revision": null,
  "mteb_dataset_name": "InstructSTSBenchmark",
  "mteb_version": "1.1.2.dev0",
  "test": {
    "cos_sim": {
      "pearson": 0.0786168583070104,
      "spearman": 0.05894912228207629
    },
    "euclidean": {
      "pearson": -0.0014563557962165234,
      "spearman": 0.0570241060714908
    },
    "evaluation_time": 0.08,
    "manhattan": {
      "pearson": 0.07430526595935757,
      "spearman": 0.059315726897683684
    }
  }
}