{
  "dataset_revision": "b0fddb56ed78048fa8b90373c8a3cfc37b684831",
  "mteb_dataset_name": "STSBenchmark",
  "mteb_version": "1.1.2.dev0",
  "test": {
    "cos_sim": {
      "pearson": 0.07898226422524915,
      "spearman": 0.11511765689053652
    },
    "euclidean": {
      "pearson": 0.08745196072515683,
      "spearman": 0.10656173529437749
    },
    "evaluation_time": 0.06,
    "manhattan": {
      "pearson": 0.11689462496211402,
      "spearman": 0.13254418687215094
    }
  }
}