{
  "dataset_revision": "b0fddb56ed78048fa8b90373c8a3cfc37b684831",
  "mteb_dataset_name": "STSBenchmark",
  "mteb_version": "1.1.2.dev0",
  "test": {
    "cos_sim": {
      "pearson": 0.11612826460307255,
      "spearman": 0.08919924818760688
    },
    "euclidean": {
      "pearson": 0.1322130854706874,
      "spearman": 0.08187426859702532
    },
    "evaluation_time": 0.07,
    "manhattan": {
      "pearson": 0.13278995804666865,
      "spearman": 0.08122154526197227
    }
  }
}