{
  "dataset_revision": "b0fddb56ed78048fa8b90373c8a3cfc37b684831",
  "mteb_dataset_name": "STSBenchmark",
  "mteb_version": "1.1.2.dev0",
  "test": {
    "cos_sim": {
      "pearson": 0.3555676136021194,
      "spearman": 0.38279965272075006
    },
    "euclidean": {
      "pearson": 0.2908922869810191,
      "spearman": 0.3992910470850108
    },
    "evaluation_time": 0.06,
    "manhattan": {
      "pearson": 0.39074904007816125,
      "spearman": 0.40045156706282337
    }
  }
}