{
    "dataset_revision": null,
    "mteb_dataset_name": "IntentEmotion",
    "mteb_version": "1.1.2.dev0",
    "test": {
        "Emotion_success_rate": 0.9642857142857143,
        "Intent_success_rate": 0.061525974025974026,
        "evaluation_time": 0.57,
        "harmonic_mean": 0.11567157517927434
    }
}