{
    "dataset_revision": null,
    "mteb_dataset_name": "IntentEmotion",
    "mteb_version": "1.1.2.dev0",
    "test": {
        "Emotion_success_rate": 0.9753246753246754,
        "Intent_success_rate": 0.042694805194805195,
        "evaluation_time": 0.56,
        "harmonic_mean": 0.08180846668186531
    }
}