{
  "dataset_revision": "b0fddb56ed78048fa8b90373c8a3cfc37b684831",
  "mteb_dataset_name": "STSBenchmark",
  "mteb_version": "1.1.2.dev0",
  "test": {
    "cos_sim": {
      "pearson": 0.051980706508132316,
      "spearman": 0.20005670708329512
    },
    "euclidean": {
      "pearson": 0.14704907042900225,
      "spearman": 0.2112354122678368
    },
    "evaluation_time": 0.08,
    "manhattan": {
      "pearson": 0.1544743451982252,
      "spearman": 0.21552321698771287
    }
  }
}