{
  "dataset_revision": null,
  "mteb_dataset_name": "InstructSTSBenchmark",
  "mteb_version": "1.1.2.dev0",
  "test": {
    "cos_sim": {
      "pearson": 0.17356139515234426,
      "spearman": 0.183077824591332
    },
    "euclidean": {
      "pearson": 0.1815375216909206,
      "spearman": 0.1775354904397463
    },
    "evaluation_time": 0.13,
    "manhattan": {
      "pearson": 0.18170804719636816,
      "spearman": 0.17763385890126993
    }
  }
}