{
    "test": {
        "NYTTopicClustering": 0.017674768424681138,
        "NYTLocationClustering": 0.016988574542445158,
        "harmonic_mean": 0.017324889556818122
    }
}