{
  "dataset_revision": null,
  "mteb_dataset_name": "InstructSTSBenchmark",
  "mteb_version": "1.1.2.dev0",
  "test": {
    "cos_sim": {
      "pearson": 0.26321878699614853,
      "spearman": 0.23289370842410223
    },
    "euclidean": {
      "pearson": 0.26504753532362696,
      "spearman": 0.21784287836813962
    },
    "evaluation_time": 0.11,
    "manhattan": {
      "pearson": 0.2653266407240534,
      "spearman": 0.2181124808182414
    }
  }
}