{
  "dataset_revision": null,
  "mteb_dataset_name": "InstructSTSBenchmark",
  "mteb_version": "1.1.2.dev0",
  "test": {
    "cos_sim": {
      "pearson": -0.018655948493416393,
      "spearman": -0.010034493949025631
    },
    "euclidean": {
      "pearson": -0.06802409850917793,
      "spearman": -0.061935242604525646
    },
    "evaluation_time": 0.12,
    "manhattan": {
      "pearson": -0.05736953291124047,
      "spearman": -0.053582120736759914
    }
  }
}