{
  "dataset_revision": "b0fddb56ed78048fa8b90373c8a3cfc37b684831",
  "mteb_dataset_name": "STSBenchmark",
  "mteb_version": "1.1.2.dev0",
  "test": {
    "cos_sim": {
      "pearson": 0.24553518701756957,
      "spearman": 0.26730669312873795
    },
    "euclidean": {
      "pearson": 0.2950193095434999,
      "spearman": 0.2806119702654121
    },
    "evaluation_time": 0.08,
    "manhattan": {
      "pearson": 0.30246203061744653,
      "spearman": 0.28495234232364286
    }
  }
}