{
  "dataset_revision": "b0fddb56ed78048fa8b90373c8a3cfc37b684831",
  "mteb_dataset_name": "STSBenchmark",
  "mteb_version": "1.1.2.dev0",
  "test": {
    "cos_sim": {
      "pearson": 0.519299574039609,
      "spearman": 0.5425317914859275
    },
    "euclidean": {
      "pearson": 0.5356685864005447,
      "spearman": 0.5428514313824429
    },
    "evaluation_time": 0.03,
    "manhattan": {
      "pearson": 0.5416317992440582,
      "spearman": 0.5493259874550904
    }
  }
}