{
  "dataset_revision": null,
  "mteb_dataset_name": "InstructSTSBenchmark",
  "mteb_version": "1.1.2.dev0",
  "test": {
    "cos_sim": {
      "pearson": -0.00013171363172863185,
      "spearman": -0.0032274874394334165
    },
    "euclidean": {
      "pearson": -0.01453254832797973,
      "spearman": -0.0035244144622231144
    },
    "evaluation_time": 0.13,
    "manhattan": {
      "pearson": -0.013539899276328461,
      "spearman": -0.002555302952259193
    }
  }
}