{
  "dataset_revision": "b0fddb56ed78048fa8b90373c8a3cfc37b684831",
  "mteb_dataset_name": "STSBenchmark",
  "mteb_version": "1.1.2.dev0",
  "test": {
    "cos_sim": {
      "pearson": 0.35800384193160534,
      "spearman": 0.3398654645692843
    },
    "euclidean": {
      "pearson": 0.36945315034751985,
      "spearman": 0.33967279707301223
    },
    "evaluation_time": 0.04,
    "manhattan": {
      "pearson": 0.3733114477795735,
      "spearman": 0.3439836234931151
    }
  }
}