{
  "dataset_revision": null,
  "mteb_dataset_name": "InstructSTSBenchmark",
  "mteb_version": "1.1.2.dev0",
  "test": {
    "cos_sim": {
      "pearson": -0.0960517534160679,
      "spearman": -0.103451289057727
    },
    "euclidean": {
      "pearson": -0.09120141010320972,
      "spearman": -0.10242798222894493
    },
    "evaluation_time": 0.08,
    "manhattan": {
      "pearson": -0.09512661026603828,
      "spearman": -0.10180543736743643
    }
  }
}