{
  "dataset_revision": "b0fddb56ed78048fa8b90373c8a3cfc37b684831",
  "mteb_dataset_name": "STSBenchmark",
  "mteb_version": "1.1.2.dev0",
  "test": {
    "cos_sim": {
      "pearson": 0.16799216476716905,
      "spearman": 0.20497408142534543
    },
    "euclidean": {
      "pearson": 0.17600997284004474,
      "spearman": 0.20603801416096526
    },
    "evaluation_time": 0.06,
    "manhattan": {
      "pearson": 0.1926690577848648,
      "spearman": 0.2193048325061518
    }
  }
}