{
  "dataset_revision": "b0fddb56ed78048fa8b90373c8a3cfc37b684831",
  "mteb_dataset_name": "STSBenchmark",
  "mteb_version": "1.1.2.dev0",
  "test": {
    "cos_sim": {
      "pearson": 0.18988310708883221,
      "spearman": 0.22004223516059482
    },
    "euclidean": {
      "pearson": 0.21319890563992036,
      "spearman": 0.22003043266447983
    },
    "evaluation_time": 0.03,
    "manhattan": {
      "pearson": 0.21302150124825991,
      "spearman": 0.2200121687900829
    }
  }
}