{
  "dataset_revision": "b0fddb56ed78048fa8b90373c8a3cfc37b684831",
  "mteb_dataset_name": "STSBenchmark",
  "mteb_version": "1.1.2.dev0",
  "test": {
    "cos_sim": {
      "pearson": 0.022263185984193988,
      "spearman": 0.09315598142383462
    },
    "euclidean": {
      "pearson": 0.07208270180970579,
      "spearman": 0.07314764047192375
    },
    "evaluation_time": 0.03,
    "manhattan": {
      "pearson": 0.07801604717979685,
      "spearman": 0.0859840906492533
    }
  }
}