{
  "dataset_revision": "b0fddb56ed78048fa8b90373c8a3cfc37b684831",
  "mteb_dataset_name": "STSBenchmark",
  "mteb_version": "1.1.2.dev0",
  "test": {
    "cos_sim": {
      "pearson": 0.0873297374720811,
      "spearman": 0.07440682682719046
    },
    "euclidean": {
      "pearson": 0.014346422302849673,
      "spearman": 0.026823936739762678
    },
    "evaluation_time": 0.04,
    "manhattan": {
      "pearson": 0.04282946338899113,
      "spearman": 0.01156387067648935
    }
  }
}