{
  "dataset_revision": null,
  "mteb_dataset_name": "InstructSTSBenchmark",
  "mteb_version": "1.1.2.dev0",
  "test": {
    "cos_sim": {
      "pearson": -0.07963396558033756,
      "spearman": -0.07956004740955795
    },
    "euclidean": {
      "pearson": -0.11008021876536286,
      "spearman": -0.10310198836913584
    },
    "evaluation_time": 0.08,
    "manhattan": {
      "pearson": -0.11054029277438725,
      "spearman": -0.1037281764776962
    }
  }
}