{
  "dataset_revision": "b0fddb56ed78048fa8b90373c8a3cfc37b684831",
  "mteb_dataset_name": "STSBenchmark",
  "mteb_version": "1.1.2.dev0",
  "test": {
    "cos_sim": {
      "pearson": 0.2348097424873785,
      "spearman": 0.3022566768818429
    },
    "euclidean": {
      "pearson": 0.3312156526752159,
      "spearman": 0.3462759745282653
    },
    "evaluation_time": 0.07,
    "manhattan": {
      "pearson": 0.356616774771702,
      "spearman": 0.3679045846606711
    }
  }
}