{
  "dataset_revision": "b0fddb56ed78048fa8b90373c8a3cfc37b684831",
  "mteb_dataset_name": "STSBenchmark",
  "mteb_version": "1.1.2.dev0",
  "test": {
    "cos_sim": {
      "pearson": 0.18874512080625916,
      "spearman": 0.2852433011436731
    },
    "euclidean": {
      "pearson": 0.2746924176409001,
      "spearman": 0.30705007295812287
    },
    "evaluation_time": 0.07,
    "manhattan": {
      "pearson": 0.36024309794026266,
      "spearman": 0.3712147196230227
    }
  }
}