{
  "dataset_revision": "b0fddb56ed78048fa8b90373c8a3cfc37b684831",
  "mteb_dataset_name": "STSBenchmark",
  "mteb_version": "1.1.2.dev0",
  "test": {
    "cos_sim": {
      "pearson": 0.6877758474397259,
      "spearman": 0.6972261132806584
    },
    "euclidean": {
      "pearson": 0.7101342429135649,
      "spearman": 0.703464112342011
    },
    "evaluation_time": 0.03,
    "manhattan": {
      "pearson": 0.7114945809065077,
      "spearman": 0.7045857791555268
    }
  }
}