{
  "dataset_revision": "b0fddb56ed78048fa8b90373c8a3cfc37b684831",
  "mteb_dataset_name": "STSBenchmark",
  "mteb_version": "1.1.2.dev0",
  "test": {
    "cos_sim": {
      "pearson": 0.057430287456953506,
      "spearman": 0.11764754363521703
    },
    "euclidean": {
      "pearson": 0.07145253257644855,
      "spearman": 0.08736490873326842
    },
    "evaluation_time": 0.04,
    "manhattan": {
      "pearson": 0.07946212050305444,
      "spearman": 0.10147271057472021
    }
  }
}