{
  "dataset_revision": "b0fddb56ed78048fa8b90373c8a3cfc37b684831",
  "mteb_dataset_name": "STSBenchmark",
  "mteb_version": "1.1.2.dev0",
  "test": {
    "cos_sim": {
      "pearson": 0.5066900581018807,
      "spearman": 0.5539012231437345
    },
    "euclidean": {
      "pearson": 0.5923777400230699,
      "spearman": 0.595302181386423
    },
    "evaluation_time": 0.07,
    "manhattan": {
      "pearson": 0.6126492183794054,
      "spearman": 0.6130359063000137
    }
  }
}