{
  "dataset_revision": null,
  "mteb_dataset_name": "InstructSTSBenchmark",
  "mteb_version": "1.1.2.dev0",
  "test": {
    "cos_sim": {
      "pearson": 0.24734991733986852,
      "spearman": 0.19126033578982957
    },
    "euclidean": {
      "pearson": 0.23455533649161486,
      "spearman": 0.18279175058179278
    },
    "evaluation_time": 0.11,
    "manhattan": {
      "pearson": 0.23326930202565213,
      "spearman": 0.18282403472605308
    }
  }
}