{
  "dataset_revision": null,
  "mteb_dataset_name": "InstructSTSBenchmark",
  "mteb_version": "1.1.2.dev0",
  "test": {
    "cos_sim": {
      "pearson": 0.08095171435349381,
      "spearman": 0.09283068149402941
    },
    "euclidean": {
      "pearson": 0.07952990270340425,
      "spearman": 0.0771277049887123
    },
    "evaluation_time": 0.12,
    "manhattan": {
      "pearson": 0.0798225417089557,
      "spearman": 0.07676747605026271
    }
  }
}