{
  "dataset_revision": "a0d554a64d88156834ff5ae9920b964011b16384",
  "mteb_dataset_name": "STS12",
  "mteb_version": "1.1.2.dev0",
  "test": {
    "cos_sim": {
      "pearson": 0.1407608945395531,
      "spearman": 0.3362611162455554
    },
    "euclidean": {
      "pearson": 0.22017413413948775,
      "spearman": 0.3496280107617947
    },
    "evaluation_time": 0.44,
    "manhattan": {
      "pearson": 0.22750782495444133,
      "spearman": 0.35539152411140773
    }
  }
}