{
    "test": {
        "NYTTopicClustering": 0.03253175230898525,
        "NYTLocationClustering": 0.04235189552589148,
        "harmonic_mean": 0.03679793374809039
    }
}