{
  "dataset_revision": "b0fddb56ed78048fa8b90373c8a3cfc37b684831",
  "mteb_dataset_name": "STSBenchmark",
  "mteb_version": "1.1.2.dev0",
  "test": {
    "cos_sim": {
      "pearson": 0.1527066662053177,
      "spearman": 0.20330609343920245
    },
    "euclidean": {
      "pearson": 0.18087124301559726,
      "spearman": 0.20326785744422568
    },
    "evaluation_time": 0.03,
    "manhattan": {
      "pearson": 0.18100873148938934,
      "spearman": 0.20424533780174445
    }
  }
}