{
  "dataset_revision": null,
  "mteb_dataset_name": "FeedbacksClustering",
  "mteb_version": "1.1.2.dev0",
  "test": {
    "correct_instructions": [
      0.04561197626298505,
      0.025927530431777125,
      0.0697883585371714,
      0.016266411839642076,
      0.0230967484498124,
      0.022482633869441788,
      0.0742210038023881,
      0.03197178163367715,
      0.026146987559453765,
      0.0300657984589229
    ],
    "dci": -0.056233212429456905,
    "dii": -0.05867996089707367,
    "implicit_instructions": [
      0.06675841496937487,
      0.15190881521070732,
      0.09728836152720541,
      0.07843343796822003,
      0.06623192024725937,
      0.02701086949784284,
      0.08641690830916945,
      0.013819663372025313,
      0.08015603315037187,
      0.022546149339144544
    ],
    "incorrect_instructions": [
      0.008729462661531153,
      0.07249962426909898,
      0.03392924204902485,
      0.005220833344251153,
      0.019907357688818118,
      0.025945214100127623,
      0.006394621098226103,
      0.05335138049426775,
      0.016423551646590106,
      0.05064041290340886
    ]
  }
}