{
  "dataset_revision": null,
  "mteb_dataset_name": "FewEventClustering",
  "mteb_version": "1.1.2.dev0",
  "test": {
    "correct_instructions": [
      0.30038715560794416,
      0.36036868807472777,
      0.2982924581338761,
      0.33717997637147124,
      0.3629617016011426,
      0.4518786031295563,
      0.3560001416429267,
      0.3393649743971292,
      0.32058521495052994,
      0.3824826199845996
    ],
    "dci": -0.22911169847895424,
    "dii": -0.1842842076742221,
    "implicit_instructions": [
      0.5040007670125362,
      0.4544256168515093,
      0.3690319902314108,
      0.3729861297660724,
      0.590925958812939,
      0.44348047136759944,
      0.4078879192826293,
      0.5519554218225261,
      0.6181728158717219,
      0.34311994893860825
    ],
    "incorrect_instructions": [
      0.5274041566128304,
      0.4402423220040061,
      0.4432705539349701,
      0.3048097247561437,
      0.20889191028376644,
      0.4589578748793451,
      0.41705810073983873,
      0.4053550310307535,
      0.19498329547106458,
      0.26784569636666206
    ]
  }
}