{
  "dataset_revision": null,
  "mteb_dataset_name": "FewNerdClustering",
  "mteb_version": "1.1.2.dev0",
  "test": {
    "correct_instructions": [
      0.4015584346038291,
      0.3725414766451795,
      0.4170726534230561,
      0.4462483554762115,
      0.3052905073213539,
      0.2721429045201263,
      0.38440109080034596,
      0.41148445086102114,
      0.3661467648991291,
      0.2617482731951696
    ],
    "dci": -0.05145453530287897,
    "dii": -0.06706762678521849,
    "implicit_instructions": [
      0.2526855846469764,
      0.32340238530762727,
      0.41313047925795754,
      0.4463864227834536,
      0.43622236446332346,
      0.25936039112805276,
      0.37403080662935756,
      0.3681788739909625,
      0.36243056918579797,
      0.24613518171283005
    ],
    "incorrect_instructions": [
      0.1479020176776984,
      0.31320280849804855,
      0.11708322382232653,
      0.16485000704305788,
      0.17138436728559714,
      0.17391494130937626,
      0.16502752539234172,
      0.1615476936084503,
      0.1930778301217569,
      0.12487019133728355
    ]
  }
}