{
  "dataset_revision": null,
  "mteb_dataset_name": "FewRelClustering",
  "mteb_version": "1.1.2.dev0",
  "test": {
    "correct_instructions": [
      0.6266008647145567,
      0.5911218062243304,
      0.5606561677232313,
      0.4867356388403959,
      0.5653872572941286,
      0.5733521659465475,
      0.559768887369648,
      0.5133314826866808,
      0.5894235249595107,
      0.4600876113989511
    ],
    "dci": -0.027291625739442604,
    "dii": -0.12116338353150508,
    "implicit_instructions": [
      0.5631733063959473,
      0.5297345673407088,
      0.46911909748235353,
      0.36621585360688863,
      0.5402601945988751,
      0.5613686349942163,
      0.5170234996616304,
      0.5615542642975182,
      0.5117242179552259,
      0.5112548098203574
    ],
    "incorrect_instructions": [
      0.4873792371383937,
      0.3649486066373981,
      0.1613002724451295,
      0.3533626152384892,
      0.3717833688374181,
      0.3881113852835568,
      0.30452610711212125,
      0.45513426372257987,
      0.364446154936223,
      0.41681008986555657
    ]
  }
}