{
  "dataset_revision": null,
  "mteb_dataset_name": "NYTTopicClustering",
  "mteb_version": "1.1.2.dev0",
  "test": {
    "correct_instructions": [
      0.42255970580399493,
      0.2893124162661047,
      0.2976514126821584,
      0.4480738491308943,
      0.3132027002202549,
      0.37661230431294995,
      0.4249501524654006,
      0.4295370519222062,
      0.42287758013763954,
      0.3239637796791621
    ],
    "dci": -0.11631971394354962,
    "dii": -0.35567513653851435,
    "implicit_instructions": [
      0.47203393551830586,
      0.387578828638269,
      0.18554094304639782,
      0.15015539069329345,
      0.2851858508832891,
      0.2425957973768745,
      0.04995699367114001,
      0.3026459098062841,
      0.30500032499354013,
      0.28013051877854644
    ],
    "incorrect_instructions": [
      0.021214922812165374,
      0.16142789524546572,
      0.16354132639565663,
      0.40563213020965433,
      0.3288449882854318,
      0.1965719953803263,
      0.16530747500110415,
      0.31275470450448223,
      0.21586641193415618,
      0.16387097555976382
    ]
  }
}