{
  "dataset_revision": null,
  "mteb_dataset_name": "RateMyProfClustering",
  "mteb_version": "1.1.2.dev0",
  "test": {
    "correct_instructions": [
      0.0024066844116142896,
      0.04102465029689312,
      0.00884410332364609,
      0.009033040342432961,
      0.0072600248946395884,
      0.007922647320689268,
      0.005611305129728263,
      0.00968963376958463,
      0.012492629958004478,
      0.021861760765808973
    ],
    "dci": -0.014876001284304663,
    "dii": -0.006592619641328311,
    "implicit_instructions": [
      0.014862997631303434,
      0.019600651289953676,
      0.014262463463728933,
      0.012344092500991942,
      0.01633316608348457,
      0.010690066054590643,
      0.01236873632449578,
      0.03154922113053811,
      0.019250554273250866,
      0.03233808295713558
    ],
    "incorrect_instructions": [
      0.005337365922396299,
      0.0036762077374362014,
      0.004741114302806089,
      0.009469855310216138,
      0.007233765896333518,
      0.010642070782676923,
      0.001914375254030089,
      0.0035611768903860406,
      0.006439642603633298,
      0.017282685695918953
    ]
  }
}