{
  "dataset_revision": null,
  "mteb_dataset_name": "InstructSTSBenchmark",
  "mteb_version": "1.1.2.dev0",
  "test": {
    "cos_sim": {
      "pearson": 0.04855133187139314,
      "spearman": 0.11250137300653225
    },
    "euclidean": {
      "pearson": -0.03667799208935459,
      "spearman": -0.010143336775535593
    },
    "evaluation_time": 0.12,
    "manhattan": {
      "pearson": -0.011555361921595892,
      "spearman": 0.013826689168142423
    }
  }
}