{
  "dataset_revision": null,
  "mteb_dataset_name": "InstructSTSBenchmark",
  "mteb_version": "1.1.2.dev0",
  "test": {
    "cos_sim": {
      "pearson": -0.05469086482691081,
      "spearman": -0.12544848911047954
    },
    "euclidean": {
      "pearson": -0.03336022517273863,
      "spearman": -0.09488139065808894
    },
    "evaluation_time": 0.08,
    "manhattan": {
      "pearson": -0.0357797275144917,
      "spearman": -0.11460426719639603
    }
  }
}