{
  "dataset_revision": "b0fddb56ed78048fa8b90373c8a3cfc37b684831",
  "mteb_dataset_name": "STSBenchmark",
  "mteb_version": "1.1.2.dev0",
  "test": {
    "cos_sim": {
      "pearson": 0.046810887105827495,
      "spearman": 0.13422718330079453
    },
    "euclidean": {
      "pearson": 0.036973586360276894,
      "spearman": 0.087913942834323
    },
    "evaluation_time": 0.07,
    "manhattan": {
      "pearson": 0.05153794883909556,
      "spearman": 0.1836217417262215
    }
  }
}