{
  "dataset_revision": "b0fddb56ed78048fa8b90373c8a3cfc37b684831",
  "mteb_dataset_name": "STSBenchmark",
  "mteb_version": "1.1.2.dev0",
  "test": {
    "cos_sim": {
      "pearson": 0.07446145843749528,
      "spearman": 0.1845347191856102
    },
    "euclidean": {
      "pearson": 0.11253155393975146,
      "spearman": 0.19893536223372796
    },
    "evaluation_time": 0.04,
    "manhattan": {
      "pearson": 0.21447619410689972,
      "spearman": 0.2690584576877096
    }
  }
}