{
  "dataset_revision": null,
  "mteb_dataset_name": "InstructSTSBenchmark",
  "mteb_version": "1.1.2.dev0",
  "test": {
    "cos_sim": {
      "pearson": 0.10391316854031753,
      "spearman": 0.1438611427061866
    },
    "euclidean": {
      "pearson": 0.06061585533239018,
      "spearman": 0.0808766363562043
    },
    "evaluation_time": 0.12,
    "manhattan": {
      "pearson": 0.08276919152695918,
      "spearman": 0.10067420005975297
    }
  }
}