{
  "dataset_revision": "a0d554a64d88156834ff5ae9920b964011b16384",
  "mteb_dataset_name": "STS12",
  "mteb_version": "1.1.2.dev0",
  "test": {
    "cos_sim": {
      "pearson": 0.24733613261408946,
      "spearman": 0.3592172173060473
    },
    "euclidean": {
      "pearson": 0.2918569434729025,
      "spearman": 0.3838281813208646
    },
    "evaluation_time": 0.42,
    "manhattan": {
      "pearson": 0.3597500243784415,
      "spearman": 0.4104629031022267
    }
  }
}