{
  "dataset_revision": "b0fddb56ed78048fa8b90373c8a3cfc37b684831",
  "mteb_dataset_name": "STSBenchmark",
  "mteb_version": "1.1.2.dev0",
  "test": {
    "cos_sim": {
      "pearson": 0.32776595612313125,
      "spearman": 0.4178692745524402
    },
    "euclidean": {
      "pearson": 0.41780176493326693,
      "spearman": 0.4566488352123767
    },
    "evaluation_time": 0.06,
    "manhattan": {
      "pearson": 0.48570640536960674,
      "spearman": 0.5239833389494801
    }
  }
}