{
  "dataset_revision": "b0fddb56ed78048fa8b90373c8a3cfc37b684831",
  "mteb_dataset_name": "STSBenchmark",
  "mteb_version": "1.1.2.dev0",
  "test": {
    "cos_sim": {
      "pearson": 0.05249184220698472,
      "spearman": 0.13544799462124987
    },
    "euclidean": {
      "pearson": 0.09365356091668092,
      "spearman": 0.13934937106283887
    },
    "evaluation_time": 0.04,
    "manhattan": {
      "pearson": 0.13793550925381015,
      "spearman": 0.20067757137732
    }
  }
}