{
  "dataset_revision": "b0fddb56ed78048fa8b90373c8a3cfc37b684831",
  "mteb_dataset_name": "STSBenchmark",
  "mteb_version": "1.1.2.dev0",
  "test": {
    "cos_sim": {
      "pearson": 0.1310054903065822,
      "spearman": 0.17423330295304165
    },
    "euclidean": {
      "pearson": 0.16724809655791695,
      "spearman": 0.17934525292086398
    },
    "evaluation_time": 0.07,
    "manhattan": {
      "pearson": 0.17072101381808116,
      "spearman": 0.18365366950829848
    }
  }
}