{
  "dataset_revision": null,
  "mteb_dataset_name": "InstructSTSBenchmark",
  "mteb_version": "1.1.2.dev0",
  "test": {
    "cos_sim": {
      "pearson": -0.01707383646871563,
      "spearman": -0.00150239872553449
    },
    "euclidean": {
      "pearson": -0.13022675975365713,
      "spearman": -0.11121055525744247
    },
    "evaluation_time": 0.1,
    "manhattan": {
      "pearson": -0.13478111048873231,
      "spearman": -0.12365598727835733
    }
  }
}