{
  "dataset_revision": "b0fddb56ed78048fa8b90373c8a3cfc37b684831",
  "mteb_dataset_name": "STSBenchmark",
  "mteb_version": "1.1.2.dev0",
  "test": {
    "cos_sim": {
      "pearson": 0.2860067565023783,
      "spearman": 0.2955177544652683
    },
    "euclidean": {
      "pearson": 0.30554810732179666,
      "spearman": 0.30841688710441434
    },
    "evaluation_time": 0.11,
    "manhattan": {
      "pearson": 0.3113783007977775,
      "spearman": 0.3131230451993477
    }
  }
}