{
  "dataset_revision": "b0fddb56ed78048fa8b90373c8a3cfc37b684831",
  "mteb_dataset_name": "STSBenchmark",
  "mteb_version": "1.1.2.dev0",
  "test": {
    "cos_sim": {
      "pearson": 0.5630958912001194,
      "spearman": 0.607916899236475
    },
    "euclidean": {
      "pearson": 0.5978367155584878,
      "spearman": 0.6070565298651318
    },
    "evaluation_time": 0.05,
    "manhattan": {
      "pearson": 0.597714520417632,
      "spearman": 0.6069026854145488
    }
  }
}