{
  "dataset_revision": null,
  "mteb_dataset_name": "InstructSTSBenchmark",
  "mteb_version": "1.1.2.dev0",
  "test": {
    "cos_sim": {
      "pearson": -0.041797450828474435,
      "spearman": -0.04397753395990503
    },
    "euclidean": {
      "pearson": -0.04488056363091854,
      "spearman": -0.04305532912975142
    },
    "evaluation_time": 0.12,
    "manhattan": {
      "pearson": -0.04489271498102759,
      "spearman": -0.04298747310151524
    }
  }
}