{
    "dataset_revision": null,
    "mteb_dataset_name": "IntentEmotion",
    "mteb_version": "1.1.2.dev0",
    "test": {
        "Emotion_success_rate": 0.9548701298701299,
        "Intent_success_rate": 0.044805194805194806,
        "evaluation_time": 0.78,
        "harmonic_mean": 0.08559409293652497
    }
}