{
  "dataset_revision": null,
  "mteb_dataset_name": "InstructSTSBenchmark",
  "mteb_version": "1.1.2.dev0",
  "test": {
    "cos_sim": {
      "pearson": 0.12705665153048878,
      "spearman": 0.19199428816490818
    },
    "euclidean": {
      "pearson": 0.08177486328890103,
      "spearman": 0.10655171562139305
    },
    "evaluation_time": 0.15,
    "manhattan": {
      "pearson": 0.10281059492295976,
      "spearman": 0.12872105222773583
    }
  }
}