{
    "test": {
        "NYTTopicClustering": 0.2749279987193106,
        "NYTLocationClustering": 0.22284125423841217,
        "harmonic_mean": 0.24615944923046243
    }
}