{
  "dataset_revision": "b0fddb56ed78048fa8b90373c8a3cfc37b684831",
  "mteb_dataset_name": "STSBenchmark",
  "mteb_version": "1.1.2.dev0",
  "test": {
    "cos_sim": {
      "pearson": 0.19955842993149267,
      "spearman": 0.2762709431031017
    },
    "euclidean": {
      "pearson": 0.2452249718870518,
      "spearman": 0.29067810244007025
    },
    "evaluation_time": 0.08,
    "manhattan": {
      "pearson": 0.3566496773408981,
      "spearman": 0.4143608030129769
    }
  }
}