{
  "dataset_revision": null,
  "mteb_dataset_name": "InstructSTSBenchmark",
  "mteb_version": "1.1.2.dev0",
  "test": {
    "cos_sim": {
      "pearson": 0.04941582912133407,
      "spearman": 0.040572436283054195
    },
    "euclidean": {
      "pearson": 0.05257723474402132,
      "spearman": 0.047416786314415
    },
    "evaluation_time": 0.15,
    "manhattan": {
      "pearson": 0.053143843675422416,
      "spearman": 0.04777655985419533
    }
  }
}