{
  "dataset_revision": "a0d554a64d88156834ff5ae9920b964011b16384",
  "mteb_dataset_name": "STS12",
  "mteb_version": "1.1.2.dev0",
  "test": {
    "cos_sim": {
      "pearson": 0.670168048871944,
      "spearman": 0.5215947022903323
    },
    "euclidean": {
      "pearson": 0.6076821269331683,
      "spearman": 0.4801059874444858
    },
    "evaluation_time": 0.4,
    "manhattan": {
      "pearson": 0.6148155391448119,
      "spearman": 0.48555178198021404
    }
  }
}