{
  "dataset_revision": "b0fddb56ed78048fa8b90373c8a3cfc37b684831",
  "mteb_dataset_name": "STSBenchmark",
  "mteb_version": "1.1.2.dev0",
  "test": {
    "cos_sim": {
      "pearson": 0.6742844700582556,
      "spearman": 0.661250683699504
    },
    "euclidean": {
      "pearson": 0.6362011988081595,
      "spearman": 0.6210737954836199
    },
    "evaluation_time": 0.06,
    "manhattan": {
      "pearson": 0.6425185037807004,
      "spearman": 0.6266453698332128
    }
  }
}