{
  "dataset_revision": "b0fddb56ed78048fa8b90373c8a3cfc37b684831",
  "mteb_dataset_name": "STSBenchmark",
  "mteb_version": "1.1.2.dev0",
  "test": {
    "cos_sim": {
      "pearson": 0.09099604051662306,
      "spearman": 0.12175267887930845
    },
    "euclidean": {
      "pearson": 0.12613445739286985,
      "spearman": 0.13656061954282167
    },
    "evaluation_time": 0.08,
    "manhattan": {
      "pearson": 0.1266192945414702,
      "spearman": 0.13578520548778097
    }
  }
}