{
  "dataset_revision": "b0fddb56ed78048fa8b90373c8a3cfc37b684831",
  "mteb_dataset_name": "STSBenchmark",
  "mteb_version": "1.1.2.dev0",
  "test": {
    "cos_sim": {
      "pearson": 0.1576177787407251,
      "spearman": 0.2377268480047193
    },
    "euclidean": {
      "pearson": 0.08471394180598282,
      "spearman": 0.11915882300796019
    },
    "evaluation_time": 0.08,
    "manhattan": {
      "pearson": 0.31951058058640186,
      "spearman": 0.3267377545020988
    }
  }
}