{
  "dataset_revision": "b0fddb56ed78048fa8b90373c8a3cfc37b684831",
  "mteb_dataset_name": "STSBenchmark",
  "mteb_version": "1.1.2.dev0",
  "test": {
    "cos_sim": {
      "pearson": 0.11602417124442162,
      "spearman": 0.20147005793333286
    },
    "euclidean": {
      "pearson": 0.1667884432438765,
      "spearman": 0.2040772762592903
    },
    "evaluation_time": 0.08,
    "manhattan": {
      "pearson": 0.1668588365664448,
      "spearman": 0.20382178360069414
    }
  }
}