{
  "dataset_revision": null,
  "mteb_dataset_name": "InstructSTSBenchmark",
  "mteb_version": "1.1.2.dev0",
  "test": {
    "cos_sim": {
      "pearson": 0.10984776448002331,
      "spearman": 0.16670812929184703
    },
    "euclidean": {
      "pearson": 0.0016364259977423913,
      "spearman": 0.01979255419573261
    },
    "evaluation_time": 0.15,
    "manhattan": {
      "pearson": 0.04591979377121429,
      "spearman": 0.06118017356270944
    }
  }
}