{
    "test": {
        "NYTTopicClustering": 0.03417071753582586,
        "NYTLocationClustering": 0.03211634843229159,
        "harmonic_mean": 0.033111708484533535
    }
}