{
  "dataset_revision": "b0fddb56ed78048fa8b90373c8a3cfc37b684831",
  "mteb_dataset_name": "STSBenchmark",
  "mteb_version": "1.1.2.dev0",
  "test": {
    "cos_sim": {
      "pearson": 0.3310853644089568,
      "spearman": 0.3400431397218542
    },
    "euclidean": {
      "pearson": 0.3267561813168779,
      "spearman": 0.3200087915699851
    },
    "evaluation_time": 0.05,
    "manhattan": {
      "pearson": 0.3269257449055861,
      "spearman": 0.3200590956815813
    }
  }
}