{
  "dataset_revision": null,
  "mteb_dataset_name": "InstructSTSBenchmark",
  "mteb_version": "1.1.2.dev0",
  "test": {
    "cos_sim": {
      "pearson": 0.19441169030845848,
      "spearman": 0.1934839330888334
    },
    "euclidean": {
      "pearson": 0.195682966389983,
      "spearman": 0.18563995871293382
    },
    "evaluation_time": 0.07,
    "manhattan": {
      "pearson": 0.19747121576388166,
      "spearman": 0.1874133234778772
    }
  }
}