{
  "dataset_revision": "b0fddb56ed78048fa8b90373c8a3cfc37b684831",
  "mteb_dataset_name": "STSBenchmark",
  "mteb_version": "1.1.2.dev0",
  "test": {
    "cos_sim": {
      "pearson": 0.17570312678413325,
      "spearman": 0.314004122031494
    },
    "euclidean": {
      "pearson": 0.24118433197592085,
      "spearman": 0.32346287666214385
    },
    "evaluation_time": 0.03,
    "manhattan": {
      "pearson": 0.2918321694647598,
      "spearman": 0.3322651707424342
    }
  }
}