{
  "dataset_revision": null,
  "mteb_dataset_name": "InstructSTSBenchmark",
  "mteb_version": "1.1.2.dev0",
  "test": {
    "cos_sim": {
      "pearson": -0.05285780524942441,
      "spearman": -0.04470117929927415
    },
    "euclidean": {
      "pearson": -0.09622327827703489,
      "spearman": -0.09222999629201284
    },
    "evaluation_time": 0.07,
    "manhattan": {
      "pearson": -0.09209205522531097,
      "spearman": -0.08820599757246413
    }
  }
}