{
  "dataset_revision": "b0fddb56ed78048fa8b90373c8a3cfc37b684831",
  "mteb_dataset_name": "STSBenchmark",
  "mteb_version": "1.1.2.dev0",
  "test": {
    "cos_sim": {
      "pearson": 0.4728781653846279,
      "spearman": 0.476552879451763
    },
    "euclidean": {
      "pearson": 0.5058816633698435,
      "spearman": 0.512111862423793
    },
    "evaluation_time": 0.05,
    "manhattan": {
      "pearson": 0.5197012661981194,
      "spearman": 0.5231225825967677
    }
  }
}