{
  "dataset_revision": "b0fddb56ed78048fa8b90373c8a3cfc37b684831",
  "mteb_dataset_name": "STSBenchmark",
  "mteb_version": "1.1.2.dev0",
  "test": {
    "cos_sim": {
      "pearson": 0.03163815067518098,
      "spearman": 0.10677845452538505
    },
    "euclidean": {
      "pearson": 0.06062352426951587,
      "spearman": 0.059041345921247504
    },
    "evaluation_time": 0.05,
    "manhattan": {
      "pearson": 0.07110552636162602,
      "spearman": 0.07657891691020438
    }
  }
}