{
  "dataset_revision": "b0fddb56ed78048fa8b90373c8a3cfc37b684831",
  "mteb_dataset_name": "STSBenchmark",
  "mteb_version": "1.1.2.dev0",
  "test": {
    "cos_sim": {
      "pearson": 0.137341302779931,
      "spearman": 0.22600674940300486
    },
    "euclidean": {
      "pearson": 0.15001095860694041,
      "spearman": 0.2405909311510233
    },
    "evaluation_time": 0.04,
    "manhattan": {
      "pearson": 0.21985604803080333,
      "spearman": 0.24809090079481852
    }
  }
}