{
  "dataset_revision": "b0fddb56ed78048fa8b90373c8a3cfc37b684831",
  "mteb_dataset_name": "STSBenchmark",
  "mteb_version": "1.1.2.dev0",
  "test": {
    "cos_sim": {
      "pearson": 0.2813875519689718,
      "spearman": 0.3909614887952132
    },
    "euclidean": {
      "pearson": 0.33987180863367217,
      "spearman": 0.3955971790609101
    },
    "evaluation_time": 0.03,
    "manhattan": {
      "pearson": 0.3753868447538572,
      "spearman": 0.40671514595049263
    }
  }
}