{
  "dataset_revision": "b0fddb56ed78048fa8b90373c8a3cfc37b684831",
  "mteb_dataset_name": "STSBenchmark",
  "mteb_version": "1.1.2.dev0",
  "test": {
    "cos_sim": {
      "pearson": 0.23668491610460896,
      "spearman": 0.3042922966843319
    },
    "euclidean": {
      "pearson": 0.1677802117443082,
      "spearman": 0.22397472857528514
    },
    "evaluation_time": 0.04,
    "manhattan": {
      "pearson": 0.20149657165399,
      "spearman": 0.2610771766462666
    }
  }
}