{
  "dataset_revision": "b0fddb56ed78048fa8b90373c8a3cfc37b684831",
  "mteb_dataset_name": "STSBenchmark",
  "mteb_version": "1.1.2.dev0",
  "test": {
    "cos_sim": {
      "pearson": 0.21168007750683518,
      "spearman": 0.225120242076091
    },
    "euclidean": {
      "pearson": 0.2354704456695955,
      "spearman": 0.23953863057377106
    },
    "evaluation_time": 0.03,
    "manhattan": {
      "pearson": 0.24320050058846374,
      "spearman": 0.24709403554038253
    }
  }
}