{
  "dataset_revision": null,
  "mteb_dataset_name": "InstructSTSBenchmark",
  "mteb_version": "1.1.2.dev0",
  "test": {
    "cos_sim": {
      "pearson": -0.025823945209443658,
      "spearman": -0.00909953810438308
    },
    "euclidean": {
      "pearson": -0.022266187434888,
      "spearman": -0.014173711242766507
    },
    "evaluation_time": 0.15,
    "manhattan": {
      "pearson": -0.02262638423407749,
      "spearman": -0.014385932092400388
    }
  }
}