{
  "dataset_revision": "b0fddb56ed78048fa8b90373c8a3cfc37b684831",
  "mteb_dataset_name": "STSBenchmark",
  "mteb_version": "1.1.2.dev0",
  "test": {
    "cos_sim": {
      "pearson": 0.04647787456630911,
      "spearman": 0.17789491075638283
    },
    "euclidean": {
      "pearson": 0.11040109442659064,
      "spearman": 0.19945181869663256
    },
    "evaluation_time": 0.05,
    "manhattan": {
      "pearson": 0.21082199736987683,
      "spearman": 0.27813607826825426
    }
  }
}