{
  "dataset_revision": "b0fddb56ed78048fa8b90373c8a3cfc37b684831",
  "mteb_dataset_name": "STSBenchmark",
  "mteb_version": "1.1.2.dev0",
  "test": {
    "cos_sim": {
      "pearson": 0.5641261600560898,
      "spearman": 0.572594841163002
    },
    "euclidean": {
      "pearson": 0.5815125189858089,
      "spearman": 0.5751528467961058
    },
    "evaluation_time": 0.03,
    "manhattan": {
      "pearson": 0.5841839934251745,
      "spearman": 0.5765283046059345
    }
  }
}