{
  "dataset_revision": "b0fddb56ed78048fa8b90373c8a3cfc37b684831",
  "mteb_dataset_name": "STSBenchmark",
  "mteb_version": "1.1.2.dev0",
  "test": {
    "cos_sim": {
      "pearson": 0.025808533485906577,
      "spearman": 0.089124290468347
    },
    "euclidean": {
      "pearson": 0.03379293698472176,
      "spearman": 0.08935135762531478
    },
    "evaluation_time": 0.03,
    "manhattan": {
      "pearson": 0.034996127490123326,
      "spearman": 0.08812310577265355
    }
  }
}