{
  "dataset_revision": "b0fddb56ed78048fa8b90373c8a3cfc37b684831",
  "mteb_dataset_name": "STSBenchmark",
  "mteb_version": "1.1.2.dev0",
  "test": {
    "cos_sim": {
      "pearson": 0.396489862345018,
      "spearman": 0.41875486152864105
    },
    "euclidean": {
      "pearson": 0.4386129262507583,
      "spearman": 0.43886527628603905
    },
    "evaluation_time": 0.03,
    "manhattan": {
      "pearson": 0.4449745060944224,
      "spearman": 0.4431980523367643
    }
  }
}