{
  "dataset_revision": "a0d554a64d88156834ff5ae9920b964011b16384",
  "mteb_dataset_name": "STS12",
  "mteb_version": "1.1.2.dev0",
  "test": {
    "cos_sim": {
      "pearson": 0.26635240038170216,
      "spearman": 0.38214421363496404
    },
    "euclidean": {
      "pearson": 0.13540713179715727,
      "spearman": 0.26145028104710893
    },
    "evaluation_time": 0.35,
    "manhattan": {
      "pearson": 0.22179895035594122,
      "spearman": 0.37674277335815853
    }
  }
}