{
  "dataset_revision": "b0fddb56ed78048fa8b90373c8a3cfc37b684831",
  "mteb_dataset_name": "STSBenchmark",
  "mteb_version": "1.1.2.dev0",
  "test": {
    "cos_sim": {
      "pearson": 0.2326420974019957,
      "spearman": 0.31179199329089047
    },
    "euclidean": {
      "pearson": 0.07579699305363627,
      "spearman": 0.08617602740729227
    },
    "evaluation_time": 0.06,
    "manhattan": {
      "pearson": 0.182506232302955,
      "spearman": 0.23442278320847215
    }
  }
}