{
  "dataset_revision": "b0fddb56ed78048fa8b90373c8a3cfc37b684831",
  "mteb_dataset_name": "STSBenchmark",
  "mteb_version": "1.1.2.dev0",
  "test": {
    "cos_sim": {
      "pearson": 0.2920142914042311,
      "spearman": 0.3122511568726133
    },
    "euclidean": {
      "pearson": 0.31025009771649664,
      "spearman": 0.3046641889257593
    },
    "evaluation_time": 0.06,
    "manhattan": {
      "pearson": 0.3099929379498776,
      "spearman": 0.3049067210650739
    }
  }
}