{
  "dataset_revision": null,
  "mteb_dataset_name": "InstructSTSBenchmark",
  "mteb_version": "1.1.2.dev0",
  "test": {
    "cos_sim": {
      "pearson": -0.09109909875977902,
      "spearman": -0.06946361783964482
    },
    "euclidean": {
      "pearson": -0.11692367121066731,
      "spearman": -0.09924876818654477
    },
    "evaluation_time": 0.08,
    "manhattan": {
      "pearson": -0.11615259477662836,
      "spearman": -0.09968505052984618
    }
  }
}