{
  "dataset_revision": "b0fddb56ed78048fa8b90373c8a3cfc37b684831",
  "mteb_dataset_name": "STSBenchmark",
  "mteb_version": "1.1.2.dev0",
  "test": {
    "cos_sim": {
      "pearson": 0.339502413657584,
      "spearman": 0.3524910284481486
    },
    "euclidean": {
      "pearson": 0.41064431068288276,
      "spearman": 0.4064043989441819
    },
    "evaluation_time": 0.06,
    "manhattan": {
      "pearson": 0.4304279267466763,
      "spearman": 0.42418950922764287
    }
  }
}