{
  "dataset_revision": "b0fddb56ed78048fa8b90373c8a3cfc37b684831",
  "mteb_dataset_name": "STSBenchmark",
  "mteb_version": "1.1.2.dev0",
  "test": {
    "cos_sim": {
      "pearson": 0.22467209228741472,
      "spearman": 0.17453659750849573
    },
    "euclidean": {
      "pearson": 0.24041513010467472,
      "spearman": 0.19749399573262574
    },
    "evaluation_time": 0.16,
    "manhattan": {
      "pearson": 0.24530742827220298,
      "spearman": 0.20697192807398962
    }
  }
}