{
  "dataset_revision": "b0fddb56ed78048fa8b90373c8a3cfc37b684831",
  "mteb_dataset_name": "STSBenchmark",
  "mteb_version": "1.1.2.dev0",
  "test": {
    "cos_sim": {
      "pearson": 0.4795679689337911,
      "spearman": 0.4891427971472439
    },
    "euclidean": {
      "pearson": 0.5093977783904674,
      "spearman": 0.5173311820156098
    },
    "evaluation_time": 0.04,
    "manhattan": {
      "pearson": 0.5195824858468162,
      "spearman": 0.525659419402708
    }
  }
}