{
    "dataset_revision": null,
    "mteb_dataset_name": "IntentEmotion",
    "mteb_version": "1.1.2.dev0",
    "test": {
        "Emotion_success_rate": 0.9654220779220779,
        "Intent_success_rate": 0.062175324675324675,
        "evaluation_time": 0.15,
        "harmonic_mean": 0.11682676522831842
    }
}