{
  "dataset_revision": "b0fddb56ed78048fa8b90373c8a3cfc37b684831",
  "mteb_dataset_name": "STSBenchmark",
  "mteb_version": "1.1.2.dev0",
  "test": {
    "cos_sim": {
      "pearson": 0.28951788400498596,
      "spearman": 0.3838528279972894
    },
    "euclidean": {
      "pearson": 0.3404946553055038,
      "spearman": 0.38580903205696065
    },
    "evaluation_time": 0.03,
    "manhattan": {
      "pearson": 0.37331353646454957,
      "spearman": 0.40110325499598
    }
  }
}