{
  "dataset_revision": "b0fddb56ed78048fa8b90373c8a3cfc37b684831",
  "mteb_dataset_name": "STSBenchmark",
  "mteb_version": "1.1.2.dev0",
  "test": {
    "cos_sim": {
      "pearson": 0.10591957041818978,
      "spearman": 0.196339032700876
    },
    "euclidean": {
      "pearson": 0.16899341760561995,
      "spearman": 0.2126210090243801
    },
    "evaluation_time": 0.04,
    "manhattan": {
      "pearson": 0.18456046994772568,
      "spearman": 0.23809338469958408
    }
  }
}