{
  "dataset_revision": null,
  "mteb_dataset_name": "InstructSTSBenchmark",
  "mteb_version": "1.1.2.dev0",
  "test": {
    "cos_sim": {
      "pearson": 0.20770453479488657,
      "spearman": 0.1804942863767587
    },
    "euclidean": {
      "pearson": 0.19102978373270968,
      "spearman": 0.14229772157652107
    },
    "evaluation_time": 0.11,
    "manhattan": {
      "pearson": 0.18533310851120252,
      "spearman": 0.13486270535863057
    }
  }
}