{
  "dataset_revision": null,
  "mteb_dataset_name": "InstructSTSBenchmark",
  "mteb_version": "1.1.2.dev0",
  "test": {
    "cos_sim": {
      "pearson": -0.11345432272576862,
      "spearman": -0.11556290579067309
    },
    "euclidean": {
      "pearson": -0.1263888317452865,
      "spearman": -0.12330076785159859
    },
    "evaluation_time": 0.11,
    "manhattan": {
      "pearson": -0.1286935617255144,
      "spearman": -0.12592301598884162
    }
  }
}