{
  "dataset_revision": "b0fddb56ed78048fa8b90373c8a3cfc37b684831",
  "mteb_dataset_name": "STSBenchmark",
  "mteb_version": "1.1.2.dev0",
  "test": {
    "cos_sim": {
      "pearson": 0.4043539909190017,
      "spearman": 0.42334176631434844
    },
    "euclidean": {
      "pearson": 0.4411916658556074,
      "spearman": 0.44015927790137943
    },
    "evaluation_time": 0.03,
    "manhattan": {
      "pearson": 0.44687643489887274,
      "spearman": 0.44406451024137206
    }
  }
}