{
  "dataset_revision": "b0fddb56ed78048fa8b90373c8a3cfc37b684831",
  "mteb_dataset_name": "STSBenchmark",
  "mteb_version": "1.1.2.dev0",
  "test": {
    "cos_sim": {
      "pearson": 0.33911710561030617,
      "spearman": 0.40177518140026375
    },
    "euclidean": {
      "pearson": 0.10170904418241243,
      "spearman": 0.39571501117367863
    },
    "evaluation_time": 0.05,
    "manhattan": {
      "pearson": 0.37066693962444575,
      "spearman": 0.3986281850418193
    }
  }
}