{
    "dataset_revision": null,
    "mteb_dataset_name": "IntentEmotion",
    "mteb_version": "1.1.2.dev0",
    "test": {
        "Emotion_success_rate": 0.9818181818181818,
        "Intent_success_rate": 0.017857142857142856,
        "evaluation_time": 0.86,
        "harmonic_mean": 0.035076342779895395
    }
}