{
  "dataset_revision": null,
  "mteb_dataset_name": "InstructSTSBenchmark",
  "mteb_version": "1.1.2.dev0",
  "test": {
    "cos_sim": {
      "pearson": 0.068497085005447,
      "spearman": 0.07073193333035628
    },
    "euclidean": {
      "pearson": 0.02624381289522544,
      "spearman": 0.07880725536502052
    },
    "evaluation_time": 0.12,
    "manhattan": {
      "pearson": 0.08794162316087097,
      "spearman": 0.08148050940010335
    }
  }
}