{
  "dataset_revision": "b0fddb56ed78048fa8b90373c8a3cfc37b684831",
  "mteb_dataset_name": "STSBenchmark",
  "mteb_version": "1.1.2.dev0",
  "test": {
    "cos_sim": {
      "pearson": 0.35641654596508643,
      "spearman": 0.37282788710732573
    },
    "euclidean": {
      "pearson": 0.38847738760299155,
      "spearman": 0.3940253244700334
    },
    "evaluation_time": 0.05,
    "manhattan": {
      "pearson": 0.4239390828966815,
      "spearman": 0.4174761827192885
    }
  }
}