{
  "dataset_revision": "b0fddb56ed78048fa8b90373c8a3cfc37b684831",
  "mteb_dataset_name": "STSBenchmark",
  "mteb_version": "1.1.2.dev0",
  "test": {
    "cos_sim": {
      "pearson": 0.2414484176694169,
      "spearman": 0.2271448955206511
    },
    "euclidean": {
      "pearson": 0.26671310494494416,
      "spearman": 0.2278816111150715
    },
    "evaluation_time": 0.03,
    "manhattan": {
      "pearson": 0.2690519343443196,
      "spearman": 0.22938743354025123
    }
  }
}