{
  "dataset_revision": "b0fddb56ed78048fa8b90373c8a3cfc37b684831",
  "mteb_dataset_name": "STSBenchmark",
  "mteb_version": "1.1.2.dev0",
  "test": {
    "cos_sim": {
      "pearson": 0.10997009442488294,
      "spearman": 0.1645333677676803
    },
    "euclidean": {
      "pearson": 0.13773730195422698,
      "spearman": 0.16454046195723343
    },
    "evaluation_time": 0.03,
    "manhattan": {
      "pearson": 0.13810013475853897,
      "spearman": 0.1651832894029741
    }
  }
}