{
  "dataset_revision": "b0fddb56ed78048fa8b90373c8a3cfc37b684831",
  "mteb_dataset_name": "STSBenchmark",
  "mteb_version": "1.1.2.dev0",
  "test": {
    "cos_sim": {
      "pearson": 0.14548352171901618,
      "spearman": 0.3324848992212162
    },
    "euclidean": {
      "pearson": 0.1944763136672311,
      "spearman": 0.30736551593077466
    },
    "evaluation_time": 0.03,
    "manhattan": {
      "pearson": 0.3778326543548642,
      "spearman": 0.35626437816882
    }
  }
}