{
  "dataset_revision": "b0fddb56ed78048fa8b90373c8a3cfc37b684831",
  "mteb_dataset_name": "STSBenchmark",
  "mteb_version": "1.1.2.dev0",
  "test": {
    "cos_sim": {
      "pearson": 0.08264811135549598,
      "spearman": 0.0898301663778818
    },
    "euclidean": {
      "pearson": 0.048332917177572786,
      "spearman": 0.056963187025063554
    },
    "evaluation_time": 0.04,
    "manhattan": {
      "pearson": 0.10624016221060205,
      "spearman": 0.12610472456778335
    }
  }
}