{
    "dataset_revision": null,
    "mteb_dataset_name": "IntentEmotion",
    "mteb_version": "1.1.2.dev0",
    "test": {
        "Emotion_success_rate": 0.9844155844155844,
        "Intent_success_rate": 0.017207792207792207,
        "evaluation_time": 0.16,
        "harmonic_mean": 0.03382434734666864
    }
}