{
    "test": {
        "NYTTopicClustering": 0.4137996704946834,
        "NYTLocationClustering": 0.2281422769158904,
        "harmonic_mean": 0.29412380004980127
    }
}