{
  "dataset_revision": "a0d554a64d88156834ff5ae9920b964011b16384",
  "mteb_dataset_name": "STS12",
  "mteb_version": "1.1.2.dev0",
  "test": {
    "cos_sim": {
      "pearson": 0.46516138535579143,
      "spearman": 0.5076878990670282
    },
    "euclidean": {
      "pearson": 0.4853716599387564,
      "spearman": 0.5076519695452177
    },
    "evaluation_time": 0.43,
    "manhattan": {
      "pearson": 0.4852987677817416,
      "spearman": 0.5073958017712333
    }
  }
}