{
  "dataset_revision": "b0fddb56ed78048fa8b90373c8a3cfc37b684831",
  "mteb_dataset_name": "STSBenchmark",
  "mteb_version": "1.1.2.dev0",
  "test": {
    "cos_sim": {
      "pearson": 0.48288437863999034,
      "spearman": 0.5772521445082556
    },
    "euclidean": {
      "pearson": 0.5276816848722763,
      "spearman": 0.5772464447569259
    },
    "evaluation_time": 0.32,
    "manhattan": {
      "pearson": 0.5266852892669919,
      "spearman": 0.5767207482942239
    }
  }
}