{
  "dataset_revision": "b0fddb56ed78048fa8b90373c8a3cfc37b684831",
  "mteb_dataset_name": "STSBenchmark",
  "mteb_version": "1.1.2.dev0",
  "test": {
    "cos_sim": {
      "pearson": 0.14864697536530902,
      "spearman": 0.23414026563801246
    },
    "euclidean": {
      "pearson": 0.08312828914052087,
      "spearman": 0.11279440096972576
    },
    "evaluation_time": 0.07,
    "manhattan": {
      "pearson": 0.32188922670758224,
      "spearman": 0.3314166126163433
    }
  }
}