{
  "dataset_revision": null,
  "mteb_dataset_name": "InstructSTSBenchmark",
  "mteb_version": "1.1.2.dev0",
  "test": {
    "cos_sim": {
      "pearson": -0.02092302721102145,
      "spearman": -0.0552812537381006
    },
    "euclidean": {
      "pearson": 0.007897116096565309,
      "spearman": -0.022540039975232733
    },
    "evaluation_time": 0.11,
    "manhattan": {
      "pearson": 0.010736572248109907,
      "spearman": -0.02068060280966712
    }
  }
}