{
  "dataset_revision": "b0fddb56ed78048fa8b90373c8a3cfc37b684831",
  "mteb_dataset_name": "STSBenchmark",
  "mteb_version": "1.1.2.dev0",
  "test": {
    "cos_sim": {
      "pearson": 0.2415727718785537,
      "spearman": 0.3067944091981093
    },
    "euclidean": {
      "pearson": 0.3401998323913795,
      "spearman": 0.35286575129805214
    },
    "evaluation_time": 0.08,
    "manhattan": {
      "pearson": 0.3594761354431518,
      "spearman": 0.3694455374999342
    }
  }
}