{
  "dataset_revision": null,
  "mteb_dataset_name": "InstructSTSBenchmark",
  "mteb_version": "1.1.2.dev0",
  "test": {
    "cos_sim": {
      "pearson": -0.06517036307284176,
      "spearman": -0.1316224768605947
    },
    "euclidean": {
      "pearson": -0.03863786370089214,
      "spearman": -0.08775605293022451
    },
    "evaluation_time": 0.08,
    "manhattan": {
      "pearson": -0.04638852574806438,
      "spearman": -0.13738385259507807
    }
  }
}