{
  "dataset_revision": "b0fddb56ed78048fa8b90373c8a3cfc37b684831",
  "mteb_dataset_name": "STSBenchmark",
  "mteb_version": "1.1.2.dev0",
  "test": {
    "cos_sim": {
      "pearson": 0.11803543345707031,
      "spearman": 0.09010141669185963
    },
    "euclidean": {
      "pearson": 0.12658348319384324,
      "spearman": 0.07979006800873921
    },
    "evaluation_time": 0.18,
    "manhattan": {
      "pearson": 0.127847181196732,
      "spearman": 0.07942044283455256
    }
  }
}