{
  "dataset_revision": null,
  "mteb_dataset_name": "InstructSTSBenchmark",
  "mteb_version": "1.1.2.dev0",
  "test": {
    "cos_sim": {
      "pearson": 0.022638936873738594,
      "spearman": 0.016459867149721967
    },
    "euclidean": {
      "pearson": 0.024037542369742163,
      "spearman": 0.01713022999852784
    },
    "evaluation_time": 0.1,
    "manhattan": {
      "pearson": 0.030042732992004665,
      "spearman": 0.017893496394314964
    }
  }
}