{
  "dataset_revision": "b0fddb56ed78048fa8b90373c8a3cfc37b684831",
  "mteb_dataset_name": "STSBenchmark",
  "mteb_version": "1.1.2.dev0",
  "test": {
    "cos_sim": {
      "pearson": 0.37683108610874416,
      "spearman": 0.34889286880274584
    },
    "euclidean": {
      "pearson": 0.4095645255446971,
      "spearman": 0.3985735950015893
    },
    "evaluation_time": 0.04,
    "manhattan": {
      "pearson": 0.4097241500700375,
      "spearman": 0.3989635228786394
    }
  }
}