{
  "dataset_revision": null,
  "mteb_dataset_name": "InstructSTSBenchmark",
  "mteb_version": "1.1.2.dev0",
  "test": {
    "cos_sim": {
      "pearson": 0.3110127407465982,
      "spearman": 0.2833826875369547
    },
    "euclidean": {
      "pearson": 0.32190223102802534,
      "spearman": 0.2683386886169335
    },
    "evaluation_time": 0.15,
    "manhattan": {
      "pearson": 0.3209878838720311,
      "spearman": 0.2650196638595994
    }
  }
}