{
  "dataset_revision": "b0fddb56ed78048fa8b90373c8a3cfc37b684831",
  "mteb_dataset_name": "STSBenchmark",
  "mteb_version": "1.1.2.dev0",
  "test": {
    "cos_sim": {
      "pearson": 0.6982639925389265,
      "spearman": 0.7193166315676104
    },
    "euclidean": {
      "pearson": 0.7259651846622166,
      "spearman": 0.7191613683412517
    },
    "evaluation_time": 0.03,
    "manhattan": {
      "pearson": 0.7262742682954116,
      "spearman": 0.718879202591789
    }
  }
}