{
  "dataset_revision": "b0fddb56ed78048fa8b90373c8a3cfc37b684831",
  "mteb_dataset_name": "STSBenchmark",
  "mteb_version": "1.1.2.dev0",
  "test": {
    "cos_sim": {
      "pearson": 0.22681837536534039,
      "spearman": 0.2663422228798169
    },
    "euclidean": {
      "pearson": 0.2651508899747139,
      "spearman": 0.2910192449490964
    },
    "evaluation_time": 0.23,
    "manhattan": {
      "pearson": 0.47129663299507685,
      "spearman": 0.4512227877251827
    }
  }
}