{
  "dataset_revision": null,
  "mteb_dataset_name": "NYTTopicClustering",
  "mteb_version": "1.1.2.dev0",
  "test": {
    "correct_instructions": [
      0.46595957641586927,
      0.47481151644420816,
      0.42723788722291806,
      0.42425205177728526,
      0.4970351388442548,
      0.43808285090402355,
      0.4509142007526689,
      0.4837211762663383,
      0.46661295838019673,
      0.45570412738025184
    ],
    "dci": -0.055959475436534234,
    "dii": -0.0749669540481131,
    "implicit_instructions": [
      0.4593759026922579,
      0.48711804724777324,
      0.4289415106774575,
      0.43203668218634156,
      0.45134856424564296,
      0.4259516928234011,
      0.4052445731657064,
      0.409237540295423,
      0.48228806930802565,
      0.43184750903854097
    ],
    "incorrect_instructions": [
      0.4287772650367387,
      0.44042074632954814,
      0.43966024441382795,
      0.40452858975047823,
      0.46392678914120355,
      0.45301986079116396,
      0.43185078744406075,
      0.4802115272138195,
      0.42568356936794816,
      0.44652522151840884
    ]
  }
}