{
  "dataset_revision": "b0fddb56ed78048fa8b90373c8a3cfc37b684831",
  "mteb_dataset_name": "STSBenchmark",
  "mteb_version": "1.1.2.dev0",
  "test": {
    "cos_sim": {
      "pearson": 0.14007910368499832,
      "spearman": 0.26437898443967145
    },
    "euclidean": {
      "pearson": 0.11474453866809319,
      "spearman": 0.20673763073378162
    },
    "evaluation_time": 0.03,
    "manhattan": {
      "pearson": 0.27185645739750797,
      "spearman": 0.30425305898366173
    }
  }
}