{
  "dataset_revision": "b0fddb56ed78048fa8b90373c8a3cfc37b684831",
  "mteb_dataset_name": "STSBenchmark",
  "mteb_version": "1.1.2.dev0",
  "test": {
    "cos_sim": {
      "pearson": 0.03686322038222261,
      "spearman": 0.07291971208784934
    },
    "euclidean": {
      "pearson": 0.03934791393873824,
      "spearman": 0.05099209018911664
    },
    "evaluation_time": 0.04,
    "manhattan": {
      "pearson": 0.043848559075355495,
      "spearman": 0.05747369937467884
    }
  }
}