{
  "dataset_revision": "b0fddb56ed78048fa8b90373c8a3cfc37b684831",
  "mteb_dataset_name": "STSBenchmark",
  "mteb_version": "1.1.2.dev0",
  "test": {
    "cos_sim": {
      "pearson": 0.40749110867724553,
      "spearman": 0.4521506104691251
    },
    "euclidean": {
      "pearson": 0.4243910267300478,
      "spearman": 0.45838407789488494
    },
    "evaluation_time": 0.03,
    "manhattan": {
      "pearson": 0.42609858237264686,
      "spearman": 0.46159916576682786
    }
  }
}