{
  "dataset_revision": "b0fddb56ed78048fa8b90373c8a3cfc37b684831",
  "mteb_dataset_name": "STSBenchmark",
  "mteb_version": "1.1.2.dev0",
  "test": {
    "cos_sim": {
      "pearson": 0.18837661136162503,
      "spearman": 0.3425681595134035
    },
    "euclidean": {
      "pearson": 0.2921375820437114,
      "spearman": 0.34494382956643577
    },
    "evaluation_time": 0.07,
    "manhattan": {
      "pearson": 0.2915649825322497,
      "spearman": 0.34454948060853957
    }
  }
}