{
  "dataset_revision": "b0fddb56ed78048fa8b90373c8a3cfc37b684831",
  "mteb_dataset_name": "STSBenchmark",
  "mteb_version": "1.1.2.dev0",
  "test": {
    "cos_sim": {
      "pearson": 0.018559269123846044,
      "spearman": 0.019430047816054664
    },
    "euclidean": {
      "pearson": 0.01823089746440069,
      "spearman": 0.019429303355757727
    },
    "evaluation_time": 57.16,
    "manhattan": {
      "pearson": 0.05186018245714121,
      "spearman": 0.04921162346438177
    }
  }
}