{
  "dataset_revision": "a0d554a64d88156834ff5ae9920b964011b16384",
  "mteb_dataset_name": "STS12",
  "mteb_version": "1.1.2.dev0",
  "test": {
    "cos_sim": {
      "pearson": 0.2511826342927203,
      "spearman": 0.22274977811785499
    },
    "euclidean": {
      "pearson": 0.238320147289238,
      "spearman": 0.2128337842631599
    },
    "evaluation_time": 0.33,
    "manhattan": {
      "pearson": 0.2537706095975818,
      "spearman": 0.2455674369448195
    }
  }
}