{
  "dataset_revision": "b0fddb56ed78048fa8b90373c8a3cfc37b684831",
  "mteb_dataset_name": "STSBenchmark",
  "mteb_version": "1.1.2.dev0",
  "test": {
    "cos_sim": {
      "pearson": 0.20026280303011126,
      "spearman": 0.17099929989447388
    },
    "euclidean": {
      "pearson": 0.21997565537740962,
      "spearman": 0.18581884761321818
    },
    "evaluation_time": 0.23,
    "manhattan": {
      "pearson": 0.2339269144660019,
      "spearman": 0.20627501912844662
    }
  }
}