{
  "dataset_revision": "b0fddb56ed78048fa8b90373c8a3cfc37b684831",
  "mteb_dataset_name": "STSBenchmark",
  "mteb_version": "1.1.2.dev0",
  "test": {
    "cos_sim": {
      "pearson": 0.0703904335634389,
      "spearman": 0.10048760352577196
    },
    "euclidean": {
      "pearson": 0.0834171059619537,
      "spearman": 0.08985057782788247
    },
    "evaluation_time": 0.04,
    "manhattan": {
      "pearson": 0.12150092843178607,
      "spearman": 0.134012694841129
    }
  }
}