{
  "dataset_revision": "b0fddb56ed78048fa8b90373c8a3cfc37b684831",
  "mteb_dataset_name": "STSBenchmark",
  "mteb_version": "1.1.2.dev0",
  "test": {
    "cos_sim": {
      "pearson": 0.2468125253755658,
      "spearman": 0.21929306445719954
    },
    "euclidean": {
      "pearson": 0.20580598328024957,
      "spearman": 0.2162271990119666
    },
    "evaluation_time": 0.04,
    "manhattan": {
      "pearson": 0.2540935893071449,
      "spearman": 0.21940155796663227
    }
  }
}