{
  "dataset_revision": null,
  "mteb_dataset_name": "InstructSTSBenchmark",
  "mteb_version": "1.1.2.dev0",
  "test": {
    "cos_sim": {
      "pearson": 0.19217714098836247,
      "spearman": 0.21097666873222146
    },
    "euclidean": {
      "pearson": 0.2112206568552049,
      "spearman": 0.21466730767858927
    },
    "evaluation_time": 0.12,
    "manhattan": {
      "pearson": 0.213119949294505,
      "spearman": 0.2174084177252561
    }
  }
}