{
  "dataset_revision": "a0d554a64d88156834ff5ae9920b964011b16384",
  "mteb_dataset_name": "STS12",
  "mteb_version": "1.1.2.dev0",
  "test": {
    "cos_sim": {
      "pearson": 0.6942678919001625,
      "spearman": 0.648372477864346
    },
    "euclidean": {
      "pearson": 0.6609323140709773,
      "spearman": 0.6525067503677376
    },
    "evaluation_time": 0.36,
    "manhattan": {
      "pearson": 0.6707809586122869,
      "spearman": 0.6582169823088677
    }
  }
}