{
  "dataset_revision": "b0fddb56ed78048fa8b90373c8a3cfc37b684831",
  "mteb_dataset_name": "STSBenchmark",
  "mteb_version": "1.1.2.dev0",
  "test": {
    "cos_sim": {
      "pearson": 0.7677912573327461,
      "spearman": 0.7594516290153605
    },
    "euclidean": {
      "pearson": 0.7618657117747194,
      "spearman": 0.7607731244394846
    },
    "evaluation_time": 0.23,
    "manhattan": {
      "pearson": 0.7718821685841311,
      "spearman": 0.7708059015178208
    }
  }
}