{
  "dataset_revision": "b0fddb56ed78048fa8b90373c8a3cfc37b684831",
  "mteb_dataset_name": "STSBenchmark",
  "mteb_version": "1.1.2.dev0",
  "test": {
    "cos_sim": {
      "pearson": 0.3680253511767314,
      "spearman": 0.37759566847416765
    },
    "euclidean": {
      "pearson": 0.3906746144070593,
      "spearman": 0.39301352232159475
    },
    "evaluation_time": 0.03,
    "manhattan": {
      "pearson": 0.39218724174648945,
      "spearman": 0.39329231384717844
    }
  }
}