{
  "dataset_revision": null,
  "mteb_dataset_name": "InstructSTSBenchmark",
  "mteb_version": "1.1.2.dev0",
  "test": {
    "cos_sim": {
      "pearson": 0.08304991606659667,
      "spearman": 0.11044273478189871
    },
    "euclidean": {
      "pearson": 0.0639525383968244,
      "spearman": 0.0723058287351888
    },
    "evaluation_time": 0.11,
    "manhattan": {
      "pearson": 0.06291360594464411,
      "spearman": 0.0712096579725884
    }
  }
}