{
  "dataset_revision": "a0d554a64d88156834ff5ae9920b964011b16384",
  "mteb_dataset_name": "STS12",
  "mteb_version": "1.1.2.dev0",
  "test": {
    "cos_sim": {
      "pearson": 0.09031902271056758,
      "spearman": 0.2043620222560577
    },
    "euclidean": {
      "pearson": 0.12682952545227769,
      "spearman": 0.2196648717249733
    },
    "evaluation_time": 0.44,
    "manhattan": {
      "pearson": 0.13153377334128713,
      "spearman": 0.22951127236234437
    }
  }
}