{
  "dataset_revision": null,
  "mteb_dataset_name": "InstructSTSBenchmark",
  "mteb_version": "1.1.2.dev0",
  "test": {
    "cos_sim": {
      "pearson": 0.10909427292856408,
      "spearman": 0.12646449795485015
    },
    "euclidean": {
      "pearson": 0.10598515663456835,
      "spearman": 0.11001373897557173
    },
    "evaluation_time": 0.12,
    "manhattan": {
      "pearson": 0.10756384634754526,
      "spearman": 0.1112724909713509
    }
  }
}