{
  "dataset_revision": null,
  "mteb_dataset_name": "InstructSTSBenchmark",
  "mteb_version": "1.1.2.dev0",
  "test": {
    "cos_sim": {
      "pearson": 0.2557890827817511,
      "spearman": 0.25646297397235074
    },
    "euclidean": {
      "pearson": 0.24950867510980734,
      "spearman": 0.22292980297563444
    },
    "evaluation_time": 0.1,
    "manhattan": {
      "pearson": 0.25036447052923577,
      "spearman": 0.2247596385237915
    }
  }
}