{
  "dataset_revision": "b0fddb56ed78048fa8b90373c8a3cfc37b684831",
  "mteb_dataset_name": "STSBenchmark",
  "mteb_version": "1.1.2.dev0",
  "test": {
    "cos_sim": {
      "pearson": 0.23849267634502455,
      "spearman": 0.41212479421809245
    },
    "euclidean": {
      "pearson": 0.31203624289876025,
      "spearman": 0.4337661345054597
    },
    "evaluation_time": 0.04,
    "manhattan": {
      "pearson": 0.31691103769147133,
      "spearman": 0.4405641785360535
    }
  }
}