{
  "dataset_revision": "b0fddb56ed78048fa8b90373c8a3cfc37b684831",
  "mteb_dataset_name": "STSBenchmark",
  "mteb_version": "1.1.2.dev0",
  "test": {
    "cos_sim": {
      "pearson": 0.22801135955621585,
      "spearman": 0.18098862135782082
    },
    "euclidean": {
      "pearson": 0.2147836017621376,
      "spearman": 0.19564813972813586
    },
    "evaluation_time": 0.04,
    "manhattan": {
      "pearson": 0.25034903607729403,
      "spearman": 0.19902111058570343
    }
  }
}