{
  "dataset_revision": null,
  "mteb_dataset_name": "InstructSTSBenchmark",
  "mteb_version": "1.1.2.dev0",
  "test": {
    "cos_sim": {
      "pearson": 0.024026144876273102,
      "spearman": 0.025339442942810653
    },
    "euclidean": {
      "pearson": -0.10686668839044433,
      "spearman": -0.08818049460015812
    },
    "evaluation_time": 0.12,
    "manhattan": {
      "pearson": -0.024966068813350027,
      "spearman": -0.029418090315430093
    }
  }
}