{
  "dataset_revision": "b0fddb56ed78048fa8b90373c8a3cfc37b684831",
  "mteb_dataset_name": "STSBenchmark",
  "mteb_version": "1.1.2.dev0",
  "test": {
    "cos_sim": {
      "pearson": 0.34818788253675886,
      "spearman": 0.37494693822620945
    },
    "euclidean": {
      "pearson": 0.39813685104696556,
      "spearman": 0.40266391486038244
    },
    "evaluation_time": 0.03,
    "manhattan": {
      "pearson": 0.4199076651563319,
      "spearman": 0.41832226534817735
    }
  }
}