{
  "dataset_revision": "a0d554a64d88156834ff5ae9920b964011b16384",
  "mteb_dataset_name": "STS12",
  "mteb_version": "1.1.2.dev0",
  "test": {
    "cos_sim": {
      "pearson": 0.1672763216695071,
      "spearman": 0.2625113213898968
    },
    "euclidean": {
      "pearson": 0.12709357363177912,
      "spearman": 0.2275285123337168
    },
    "evaluation_time": 0.42,
    "manhattan": {
      "pearson": 0.2595025933801694,
      "spearman": 0.33173699350684244
    }
  }
}