{
  "dataset_revision": "b0fddb56ed78048fa8b90373c8a3cfc37b684831",
  "mteb_dataset_name": "STSBenchmark",
  "mteb_version": "1.1.2.dev0",
  "test": {
    "cos_sim": {
      "pearson": 0.18463461091153796,
      "spearman": 0.21613074446348934
    },
    "euclidean": {
      "pearson": 0.1144308556655153,
      "spearman": 0.14596626056630507
    },
    "evaluation_time": 0.06,
    "manhattan": {
      "pearson": 0.3445142332255581,
      "spearman": 0.3567822680314567
    }
  }
}