{
  "dataset_revision": null,
  "mteb_dataset_name": "InstructSTSBenchmark",
  "mteb_version": "1.1.2.dev0",
  "test": {
    "cos_sim": {
      "pearson": -0.08483988512049802,
      "spearman": -0.07954729607881825
    },
    "euclidean": {
      "pearson": -0.13557157405606304,
      "spearman": -0.12986504102106286
    },
    "evaluation_time": 0.07,
    "manhattan": {
      "pearson": -0.13143520947293943,
      "spearman": -0.1261757683218985
    }
  }
}