{
  "dataset_revision": "b0fddb56ed78048fa8b90373c8a3cfc37b684831",
  "mteb_dataset_name": "STSBenchmark",
  "mteb_version": "1.1.2.dev0",
  "test": {
    "cos_sim": {
      "pearson": 0.43556798621186177,
      "spearman": 0.4407641577220926
    },
    "euclidean": {
      "pearson": 0.46863387239711035,
      "spearman": 0.4749686075475304
    },
    "evaluation_time": 0.05,
    "manhattan": {
      "pearson": 0.4871503851128362,
      "spearman": 0.4888536579265173
    }
  }
}