{
  "dataset_revision": null,
  "mteb_dataset_name": "InstructSTSBenchmark",
  "mteb_version": "1.1.2.dev0",
  "test": {
    "cos_sim": {
      "pearson": -0.11123042878234066,
      "spearman": -0.08941328844041453
    },
    "euclidean": {
      "pearson": -0.10255461537671846,
      "spearman": -0.09006907801787266
    },
    "evaluation_time": 0.07,
    "manhattan": {
      "pearson": -0.10208014532426714,
      "spearman": -0.08997754068661737
    }
  }
}