{
  "dataset_revision": "b0fddb56ed78048fa8b90373c8a3cfc37b684831",
  "mteb_dataset_name": "STSBenchmark",
  "mteb_version": "1.1.2.dev0",
  "test": {
    "cos_sim": {
      "pearson": 0.4009812789890532,
      "spearman": 0.47539959240407087
    },
    "euclidean": {
      "pearson": 0.4599765646332225,
      "spearman": 0.48184215127688934
    },
    "evaluation_time": 0.06,
    "manhattan": {
      "pearson": 0.4613087441986526,
      "spearman": 0.48351323737096435
    }
  }
}