{
  "dataset_revision": null,
  "mteb_dataset_name": "InstructSTSBenchmark",
  "mteb_version": "1.1.2.dev0",
  "test": {
    "cos_sim": {
      "pearson": -0.004855689244159212,
      "spearman": 0.0044352743709158374
    },
    "euclidean": {
      "pearson": -0.11038110390376193,
      "spearman": -0.0971484193550051
    },
    "evaluation_time": 0.12,
    "manhattan": {
      "pearson": -0.11544809127887452,
      "spearman": -0.10595831698544265
    }
  }
}