{
  "dataset_revision": "a0d554a64d88156834ff5ae9920b964011b16384",
  "mteb_dataset_name": "STS12",
  "mteb_version": "1.1.2.dev0",
  "test": {
    "cos_sim": {
      "pearson": 0.47601035444741,
      "spearman": 0.545149393519407
    },
    "euclidean": {
      "pearson": 0.13556013560962688,
      "spearman": 0.26236386737337164
    },
    "evaluation_time": 0.35,
    "manhattan": {
      "pearson": 0.34529503727657485,
      "spearman": 0.4771243182650332
    }
  }
}