{
  "dataset_revision": "b0fddb56ed78048fa8b90373c8a3cfc37b684831",
  "mteb_dataset_name": "STSBenchmark",
  "mteb_version": "1.1.2.dev0",
  "test": {
    "cos_sim": {
      "pearson": 0.5003526070404126,
      "spearman": 0.5187536638348875
    },
    "euclidean": {
      "pearson": 0.07924021569714952,
      "spearman": 0.09159308707521058
    },
    "evaluation_time": 0.06,
    "manhattan": {
      "pearson": 0.3561305860899218,
      "spearman": 0.407382362857043
    }
  }
}