{
  "dataset_revision": null,
  "mteb_dataset_name": "InstructSTSBenchmark",
  "mteb_version": "1.1.2.dev0",
  "test": {
    "cos_sim": {
      "pearson": 0.21932630051268018,
      "spearman": 0.21933297842776966
    },
    "euclidean": {
      "pearson": 0.21815444325425282,
      "spearman": 0.21884341319909678
    },
    "evaluation_time": 0.11,
    "manhattan": {
      "pearson": 0.21865341554010023,
      "spearman": 0.219774725685601
    }
  }
}