{
    "test": {
        "NYTTopicClustering": 0.03529171426588603,
        "NYTLocationClustering": 0.10017501692254176,
        "harmonic_mean": 0.052195086948834415
    }
}