{
  "dataset_revision": "a0d554a64d88156834ff5ae9920b964011b16384",
  "mteb_dataset_name": "STS12",
  "mteb_version": "1.1.2.dev0",
  "test": {
    "cos_sim": {
      "pearson": 0.262804625364314,
      "spearman": 0.280765303702333
    },
    "euclidean": {
      "pearson": 0.3121018493009087,
      "spearman": 0.30231627775583353
    },
    "evaluation_time": 0.37,
    "manhattan": {
      "pearson": 0.3216990547670147,
      "spearman": 0.31447390308717377
    }
  }
}