{
  "dataset_revision": "b0fddb56ed78048fa8b90373c8a3cfc37b684831",
  "mteb_dataset_name": "STSBenchmark",
  "mteb_version": "1.1.2.dev0",
  "test": {
    "cos_sim": {
      "pearson": 0.03073890906734334,
      "spearman": 0.10900273511725894
    },
    "euclidean": {
      "pearson": 0.060676993599908795,
      "spearman": 0.059131813147079444
    },
    "evaluation_time": 0.06,
    "manhattan": {
      "pearson": 0.07320908110198322,
      "spearman": 0.07980990235114772
    }
  }
}