{
  "dataset_revision": "b0fddb56ed78048fa8b90373c8a3cfc37b684831",
  "mteb_dataset_name": "STSBenchmark",
  "mteb_version": "1.1.2.dev0",
  "test": {
    "cos_sim": {
      "pearson": 0.36413687871847367,
      "spearman": 0.46194556035832895
    },
    "euclidean": {
      "pearson": 0.4453793636022675,
      "spearman": 0.4813338323965566
    },
    "evaluation_time": 0.07,
    "manhattan": {
      "pearson": 0.46451054753480603,
      "spearman": 0.49385732499849844
    }
  }
}