{
  "dataset_revision": null,
  "mteb_dataset_name": "InstructSTSBenchmark",
  "mteb_version": "1.1.2.dev0",
  "test": {
    "cos_sim": {
      "pearson": -0.07118704106051096,
      "spearman": -0.08375346051862637
    },
    "euclidean": {
      "pearson": -0.08072398847818268,
      "spearman": -0.08499536027355097
    },
    "evaluation_time": 0.12,
    "manhattan": {
      "pearson": -0.08150108440871547,
      "spearman": -0.08597722325075126
    }
  }
}