{
  "dataset_revision": "a0d554a64d88156834ff5ae9920b964011b16384",
  "mteb_dataset_name": "STS12",
  "mteb_version": "1.1.2.dev0",
  "test": {
    "cos_sim": {
      "pearson": 0.14257994186848133,
      "spearman": 0.2806738551488802
    },
    "euclidean": {
      "pearson": 0.1846820682122196,
      "spearman": 0.2818952314702862
    },
    "evaluation_time": 0.35,
    "manhattan": {
      "pearson": 0.18380242117723072,
      "spearman": 0.27884828271722095
    }
  }
}