{
  "dataset_revision": "b0fddb56ed78048fa8b90373c8a3cfc37b684831",
  "mteb_dataset_name": "STSBenchmark",
  "mteb_version": "1.1.2.dev0",
  "test": {
    "cos_sim": {
      "pearson": 0.09153024673524146,
      "spearman": 0.16302686684091894
    },
    "euclidean": {
      "pearson": 0.12604920444852918,
      "spearman": 0.16140864942159153
    },
    "evaluation_time": 0.06,
    "manhattan": {
      "pearson": 0.1289161014376122,
      "spearman": 0.16478453635608312
    }
  }
}