{
  "dataset_revision": "b0fddb56ed78048fa8b90373c8a3cfc37b684831",
  "mteb_dataset_name": "STSBenchmark",
  "mteb_version": "1.1.2.dev0",
  "test": {
    "cos_sim": {
      "pearson": 0.22283741933059384,
      "spearman": 0.17527209968376037
    },
    "euclidean": {
      "pearson": 0.2134472641730162,
      "spearman": 0.1760235299496639
    },
    "evaluation_time": 0.04,
    "manhattan": {
      "pearson": 0.23817424856259206,
      "spearman": 0.177759848748016
    }
  }
}