{
  "dataset_revision": null,
  "mteb_dataset_name": "InstructSTSBenchmark",
  "mteb_version": "1.1.2.dev0",
  "test": {
    "cos_sim": {
      "pearson": 0.003287849512739123,
      "spearman": 0.025595382639479723
    },
    "euclidean": {
      "pearson": 0.008380642356498645,
      "spearman": 0.024577997688553982
    },
    "evaluation_time": 0.11,
    "manhattan": {
      "pearson": 0.008264343040198333,
      "spearman": 0.02427378411305779
    }
  }
}