{
  "dataset_revision": "b0fddb56ed78048fa8b90373c8a3cfc37b684831",
  "mteb_dataset_name": "STSBenchmark",
  "mteb_version": "1.1.2.dev0",
  "test": {
    "cos_sim": {
      "pearson": 0.1409238746594301,
      "spearman": 0.37609076061321467
    },
    "euclidean": {
      "pearson": 0.21458889355860641,
      "spearman": 0.3752616480288054
    },
    "evaluation_time": 0.06,
    "manhattan": {
      "pearson": 0.2155549257842398,
      "spearman": 0.3759528462222904
    }
  }
}