{
  "dataset_revision": "b0fddb56ed78048fa8b90373c8a3cfc37b684831",
  "mteb_dataset_name": "STSBenchmark",
  "mteb_version": "1.1.2.dev0",
  "test": {
    "cos_sim": {
      "pearson": 0.4784059051684846,
      "spearman": 0.5276226381492307
    },
    "euclidean": {
      "pearson": 0.49959880978211063,
      "spearman": 0.5157104321031476
    },
    "evaluation_time": 0.03,
    "manhattan": {
      "pearson": 0.5040213611784327,
      "spearman": 0.5173935032205318
    }
  }
}