{
  "dataset_revision": "b0fddb56ed78048fa8b90373c8a3cfc37b684831",
  "mteb_dataset_name": "STSBenchmark",
  "mteb_version": "1.1.2.dev0",
  "test": {
    "cos_sim": {
      "pearson": 0.7396745382874316,
      "spearman": 0.7488545384758052
    },
    "euclidean": {
      "pearson": 0.7617336963033353,
      "spearman": 0.7489898075146881
    },
    "evaluation_time": 0.03,
    "manhattan": {
      "pearson": 0.7623083845973582,
      "spearman": 0.7497446234580479
    }
  }
}