{
  "dataset_revision": null,
  "mteb_dataset_name": "InstructSTSBenchmark",
  "mteb_version": "1.1.2.dev0",
  "test": {
    "cos_sim": {
      "pearson": -0.07944987694281987,
      "spearman": -0.07358097570083474
    },
    "euclidean": {
      "pearson": -0.13008937130278844,
      "spearman": -0.12388642452538318
    },
    "evaluation_time": 0.07,
    "manhattan": {
      "pearson": -0.1264197029884343,
      "spearman": -0.12065119512369912
    }
  }
}