{
  "dataset_revision": "b0fddb56ed78048fa8b90373c8a3cfc37b684831",
  "mteb_dataset_name": "STSBenchmark",
  "mteb_version": "1.1.2.dev0",
  "test": {
    "cos_sim": {
      "pearson": 0.4297254967857075,
      "spearman": 0.4381288265855504
    },
    "euclidean": {
      "pearson": 0.4666685967944915,
      "spearman": 0.4721298613155406
    },
    "evaluation_time": 0.05,
    "manhattan": {
      "pearson": 0.480152405507585,
      "spearman": 0.4830986820119575
    }
  }
}