{
  "dataset_revision": "b0fddb56ed78048fa8b90373c8a3cfc37b684831",
  "mteb_dataset_name": "STSBenchmark",
  "mteb_version": "1.1.2.dev0",
  "test": {
    "cos_sim": {
      "pearson": -0.045979777571563275,
      "spearman": -0.04691364878169414
    },
    "euclidean": {
      "pearson": -0.04622708298512,
      "spearman": -0.04691364878169414
    },
    "evaluation_time": 29.44,
    "manhattan": {
      "pearson": -0.052811690680467156,
      "spearman": -0.04034771726820254
    }
  }
}