{
  "dataset_revision": null,
  "mteb_dataset_name": "InstructSTSBenchmark",
  "mteb_version": "1.1.2.dev0",
  "test": {
    "cos_sim": {
      "pearson": 0.09144337573754785,
      "spearman": 0.14201354644743683
    },
    "euclidean": {
      "pearson": 0.02459230206524003,
      "spearman": 0.0448546522261405
    },
    "evaluation_time": 0.15,
    "manhattan": {
      "pearson": 0.09183009573903204,
      "spearman": 0.09755737712559868
    }
  }
}