{
  "dataset_revision": null,
  "mteb_dataset_name": "InstructSTSBenchmark",
  "mteb_version": "1.1.2.dev0",
  "test": {
    "cos_sim": {
      "pearson": 0.253289838991381,
      "spearman": 0.23256626892859694
    },
    "euclidean": {
      "pearson": 0.2573524339149219,
      "spearman": 0.21833380985666956
    },
    "evaluation_time": 0.1,
    "manhattan": {
      "pearson": 0.26235967005314753,
      "spearman": 0.2211309352764756
    }
  }
}