{
    "test": {
        "NYTTopicClustering": 0.3875274131238495,
        "NYTLocationClustering": 0.13719185971537246,
        "harmonic_mean": 0.2026440135511904
    }
}