{
  "dataset_revision": "a0d554a64d88156834ff5ae9920b964011b16384",
  "mteb_dataset_name": "STS12",
  "mteb_version": "1.1.2.dev0",
  "test": {
    "cos_sim": {
      "pearson": 0.43989119534798715,
      "spearman": 0.5105054302155169
    },
    "euclidean": {
      "pearson": 0.49315956987630816,
      "spearman": 0.525198411717786
    },
    "evaluation_time": 954.76,
    "manhattan": {
      "pearson": 0.49579379810659396,
      "spearman": 0.5268789865238972
    }
  }
}