{
  "dataset_revision": null,
  "mteb_dataset_name": "InstructSTSBenchmark",
  "mteb_version": "1.1.2.dev0",
  "test": {
    "cos_sim": {
      "pearson": 0.1930971050286773,
      "spearman": 0.22382246042848833
    },
    "euclidean": {
      "pearson": 0.22400039918964154,
      "spearman": 0.22275447061970016
    },
    "evaluation_time": 2499.24,
    "manhattan": {
      "pearson": 0.2235980784694641,
      "spearman": 0.22202490462427257
    }
  }
}