{
  "dataset_revision": "b0fddb56ed78048fa8b90373c8a3cfc37b684831",
  "mteb_dataset_name": "STSBenchmark",
  "mteb_version": "1.1.2.dev0",
  "test": {
    "cos_sim": {
      "pearson": 0.3483599649596124,
      "spearman": 0.39490306020520805
    },
    "euclidean": {
      "pearson": 0.38036107786645984,
      "spearman": 0.38633809799131286
    },
    "evaluation_time": 0.03,
    "manhattan": {
      "pearson": 0.38749051576987986,
      "spearman": 0.391347365847199
    }
  }
}