{
  "dataset_revision": "b0fddb56ed78048fa8b90373c8a3cfc37b684831",
  "mteb_dataset_name": "STSBenchmark",
  "mteb_version": "1.1.2.dev0",
  "test": {
    "cos_sim": {
      "pearson": 0.1938470594499477,
      "spearman": 0.28011954166735964
    },
    "euclidean": {
      "pearson": 0.2887168586700402,
      "spearman": 0.31297788334768334
    },
    "evaluation_time": 0.07,
    "manhattan": {
      "pearson": 0.34222158120532453,
      "spearman": 0.3554839206952344
    }
  }
}