{
  "dataset_revision": "b0fddb56ed78048fa8b90373c8a3cfc37b684831",
  "mteb_dataset_name": "STSBenchmark",
  "mteb_version": "1.1.2.dev0",
  "test": {
    "cos_sim": {
      "pearson": 0.31031625368328036,
      "spearman": 0.3170822976112885
    },
    "euclidean": {
      "pearson": 0.3847178237258207,
      "spearman": 0.3620166009604503
    },
    "evaluation_time": 0.07,
    "manhattan": {
      "pearson": 0.3920210758294798,
      "spearman": 0.37062415213656374
    }
  }
}