{
  "dataset_revision": null,
  "mteb_dataset_name": "InstructSTSBenchmark",
  "mteb_version": "1.1.2.dev0",
  "test": {
    "cos_sim": {
      "pearson": 0.15481337932129893,
      "spearman": 0.22473368027618965
    },
    "euclidean": {
      "pearson": 0.21949792300929527,
      "spearman": 0.2376012768820426
    },
    "evaluation_time": 0.06,
    "manhattan": {
      "pearson": 0.24089744339053773,
      "spearman": 0.25122348716683623
    }
  }
}