{
  "dataset_revision": null,
  "mteb_dataset_name": "InstructSTSBenchmark",
  "mteb_version": "1.1.2.dev0",
  "test": {
    "cos_sim": {
      "pearson": -0.001364669677654905,
      "spearman": -0.008274336038534124
    },
    "euclidean": {
      "pearson": -0.0798077136186029,
      "spearman": -0.06975189199161291
    },
    "evaluation_time": 0.11,
    "manhattan": {
      "pearson": -0.02746802263848226,
      "spearman": -0.03515488434654939
    }
  }
}