{
  "dataset_revision": "a0d554a64d88156834ff5ae9920b964011b16384",
  "mteb_dataset_name": "STS12",
  "mteb_version": "1.1.2.dev0",
  "test": {
    "cos_sim": {
      "pearson": 0.1421385864580095,
      "spearman": 0.23106100234519591
    },
    "euclidean": {
      "pearson": 0.12684000430903622,
      "spearman": 0.2316319352991229
    },
    "evaluation_time": 0.39,
    "manhattan": {
      "pearson": 0.21671232713402058,
      "spearman": 0.287815422543229
    }
  }
}