{
  "dataset_revision": "b0fddb56ed78048fa8b90373c8a3cfc37b684831",
  "mteb_dataset_name": "STSBenchmark",
  "mteb_version": "1.1.2.dev0",
  "test": {
    "cos_sim": {
      "pearson": 0.3837409399987915,
      "spearman": 0.40978499685073877
    },
    "euclidean": {
      "pearson": 0.3843931493668042,
      "spearman": 0.40317557364792134
    },
    "evaluation_time": 0.07,
    "manhattan": {
      "pearson": 0.39640773714433086,
      "spearman": 0.4170536831590514
    }
  }
}