{
    "test": {
        "NYTTopicClustering": 0.11983536573395026,
        "NYTLocationClustering": 0.11216679129224989,
        "harmonic_mean": 0.11587435040503212
    }
}