{
  "dataset_revision": "b0fddb56ed78048fa8b90373c8a3cfc37b684831",
  "mteb_dataset_name": "STSBenchmark",
  "mteb_version": "1.1.2.dev0",
  "test": {
    "cos_sim": {
      "pearson": 0.6544057585461379,
      "spearman": 0.6584363854959001
    },
    "euclidean": {
      "pearson": 0.6561362236849891,
      "spearman": 0.6521545946742202
    },
    "evaluation_time": 0.07,
    "manhattan": {
      "pearson": 0.6572119514459054,
      "spearman": 0.6535500527191713
    }
  }
}