{
  "dataset_revision": "b0fddb56ed78048fa8b90373c8a3cfc37b684831",
  "mteb_dataset_name": "STSBenchmark",
  "mteb_version": "1.1.2.dev0",
  "test": {
    "cos_sim": {
      "pearson": 0.24963705868872235,
      "spearman": 0.3744924581257236
    },
    "euclidean": {
      "pearson": 0.3098207549497664,
      "spearman": 0.3780255039001205
    },
    "evaluation_time": 0.03,
    "manhattan": {
      "pearson": 0.3404470941853352,
      "spearman": 0.38539301566238
    }
  }
}