{
  "dataset_revision": "b0fddb56ed78048fa8b90373c8a3cfc37b684831",
  "mteb_dataset_name": "STSBenchmark",
  "mteb_version": "1.1.2.dev0",
  "test": {
    "cos_sim": {
      "pearson": 0.6237101329090582,
      "spearman": 0.6272962531582044
    },
    "euclidean": {
      "pearson": 0.6437654468857931,
      "spearman": 0.6354218623098561
    },
    "evaluation_time": 0.03,
    "manhattan": {
      "pearson": 0.6460911836895491,
      "spearman": 0.6373087972137748
    }
  }
}