{
  "dataset_revision": null,
  "mteb_dataset_name": "InstructSTSBenchmark",
  "mteb_version": "1.1.2.dev0",
  "test": {
    "cos_sim": {
      "pearson": 0.04870500549465939,
      "spearman": 0.10872727595376605
    },
    "euclidean": {
      "pearson": -0.03675456447910029,
      "spearman": -0.010469410012098912
    },
    "evaluation_time": 0.13,
    "manhattan": {
      "pearson": -0.009583873620407496,
      "spearman": 0.010953054944929133
    }
  }
}