{
  "dataset_revision": "b0fddb56ed78048fa8b90373c8a3cfc37b684831",
  "mteb_dataset_name": "STSBenchmark",
  "mteb_version": "1.1.2.dev0",
  "test": {
    "cos_sim": {
      "pearson": 0.1491791718125202,
      "spearman": 0.22314337806166828
    },
    "euclidean": {
      "pearson": 0.17812438810723152,
      "spearman": 0.2165206282093672
    },
    "evaluation_time": 0.07,
    "manhattan": {
      "pearson": 0.31865158701789137,
      "spearman": 0.3222505086305121
    }
  }
}