{
  "dataset_revision": "b0fddb56ed78048fa8b90373c8a3cfc37b684831",
  "mteb_dataset_name": "STSBenchmark",
  "mteb_version": "1.1.2.dev0",
  "test": {
    "cos_sim": {
      "pearson": 0.3252178017658255,
      "spearman": 0.3978819226300032
    },
    "euclidean": {
      "pearson": 0.37040743492304545,
      "spearman": 0.4025732185630041
    },
    "evaluation_time": 0.03,
    "manhattan": {
      "pearson": 0.37609208958700097,
      "spearman": 0.40555431214466153
    }
  }
}