{
  "dataset_revision": "b0fddb56ed78048fa8b90373c8a3cfc37b684831",
  "mteb_dataset_name": "STSBenchmark",
  "mteb_version": "1.1.2.dev0",
  "test": {
    "cos_sim": {
      "pearson": 0.004875168592681698,
      "spearman": 0.117779867006017
    },
    "euclidean": {
      "pearson": 0.01438380290911043,
      "spearman": 0.10869969897693375
    },
    "evaluation_time": 0.04,
    "manhattan": {
      "pearson": 0.09342814268416721,
      "spearman": 0.10897317833304285
    }
  }
}