{
  "dataset_revision": null,
  "mteb_dataset_name": "InstructSTSBenchmark",
  "mteb_version": "1.1.2.dev0",
  "test": {
    "cos_sim": {
      "pearson": 0.04676209174604908,
      "spearman": 0.035924955137371706
    },
    "euclidean": {
      "pearson": 0.03455919973473675,
      "spearman": 0.032754651859615284
    },
    "evaluation_time": 0.08,
    "manhattan": {
      "pearson": 0.045547323685923645,
      "spearman": 0.041876621470341636
    }
  }
}