{
  "dataset_revision": "b0fddb56ed78048fa8b90373c8a3cfc37b684831",
  "mteb_dataset_name": "STSBenchmark",
  "mteb_version": "1.1.2.dev0",
  "test": {
    "cos_sim": {
      "pearson": 0.7873016389721779,
      "spearman": 0.7787589079947375
    },
    "euclidean": {
      "pearson": 0.7771139416430229,
      "spearman": 0.7713495292668291
    },
    "evaluation_time": 0.04,
    "manhattan": {
      "pearson": 0.777405315112589,
      "spearman": 0.7717017748744913
    }
  }
}