{
  "dataset_revision": "b0fddb56ed78048fa8b90373c8a3cfc37b684831",
  "mteb_dataset_name": "STSBenchmark",
  "mteb_version": "1.1.2.dev0",
  "test": {
    "cos_sim": {
      "pearson": 0.1677854077796875,
      "spearman": 0.22656728884925673
    },
    "euclidean": {
      "pearson": 0.1620551933656485,
      "spearman": 0.19217081603325986
    },
    "evaluation_time": 0.08,
    "manhattan": {
      "pearson": 0.382050613925169,
      "spearman": 0.38258368662749137
    }
  }
}