{
  "dataset_revision": null,
  "mteb_dataset_name": "InstructSTSBenchmark",
  "mteb_version": "1.1.2.dev0",
  "test": {
    "cos_sim": {
      "pearson": 0.005041877910192623,
      "spearman": 0.03273711515655543
    },
    "euclidean": {
      "pearson": 0.011640957087942813,
      "spearman": 0.03106120795915849
    },
    "evaluation_time": 0.12,
    "manhattan": {
      "pearson": 0.01156040035021297,
      "spearman": 0.03067046657027266
    }
  }
}