{
  "dataset_revision": "b0fddb56ed78048fa8b90373c8a3cfc37b684831",
  "mteb_dataset_name": "STSBenchmark",
  "mteb_version": "1.1.2.dev0",
  "test": {
    "cos_sim": {
      "pearson": 0.4154682806746374,
      "spearman": 0.40776653098167936
    },
    "euclidean": {
      "pearson": 0.3496512841178817,
      "spearman": 0.3698002674831025
    },
    "evaluation_time": 96.18,
    "manhattan": {
      "pearson": 0.35305396236971054,
      "spearman": 0.3746944606960335
    }
  }
}