{
  "dataset_revision": "b0fddb56ed78048fa8b90373c8a3cfc37b684831",
  "mteb_dataset_name": "STSBenchmark",
  "mteb_version": "1.1.2.dev0",
  "test": {
    "cos_sim": {
      "pearson": 0.3650970738607127,
      "spearman": 0.3923000675366585
    },
    "euclidean": {
      "pearson": 0.2980006221322421,
      "spearman": 0.403467172563666
    },
    "evaluation_time": 0.06,
    "manhattan": {
      "pearson": 0.39187805520111263,
      "spearman": 0.4055340164056477
    }
  }
}