{
  "dataset_revision": null,
  "mteb_dataset_name": "InstructSTSBenchmark",
  "mteb_version": "1.1.2.dev0",
  "test": {
    "cos_sim": {
      "pearson": 0.07515982382670444,
      "spearman": 0.06178677908427402
    },
    "euclidean": {
      "pearson": 0.0495608596252486,
      "spearman": 0.06799310035203168
    },
    "evaluation_time": 0.08,
    "manhattan": {
      "pearson": 0.07980126191861187,
      "spearman": 0.07323987372072606
    }
  }
}