{
    "test": {
        "NYTTopicClustering": 0.023005171783865457,
        "NYTLocationClustering": 0.028479531291130594,
        "harmonic_mean": 0.02545131780428099
    }
}