{
  "dataset_revision": "b0fddb56ed78048fa8b90373c8a3cfc37b684831",
  "mteb_dataset_name": "STSBenchmark",
  "mteb_version": "1.1.2.dev0",
  "test": {
    "cos_sim": {
      "pearson": 0.229605864304043,
      "spearman": 0.186983515356535
    },
    "euclidean": {
      "pearson": 0.19554004625153662,
      "spearman": 0.21540828426848457
    },
    "evaluation_time": 0.06,
    "manhattan": {
      "pearson": 0.2643945541641353,
      "spearman": 0.2182786011410034
    }
  }
}