{
  "dataset_revision": null,
  "mteb_dataset_name": "InstructSTSBenchmark",
  "mteb_version": "1.1.2.dev0",
  "test": {
    "cos_sim": {
      "pearson": 0.23685990744577642,
      "spearman": 0.21933297842776966
    },
    "euclidean": {
      "pearson": 0.2490932710319676,
      "spearman": 0.20251561478117772
    },
    "evaluation_time": 0.1,
    "manhattan": {
      "pearson": 0.25088649773740196,
      "spearman": 0.20474939862454214
    }
  }
}