{
    "test": {
        "NYTTopicClustering": 0.1045390750635754,
        "NYTLocationClustering": 0.26352607492146435,
        "harmonic_mean": 0.14969509779583703
    }
}