{
  "dataset_revision": null,
  "mteb_dataset_name": "InstructSTSBenchmark",
  "mteb_version": "1.1.2.dev0",
  "test": {
    "cos_sim": {
      "pearson": 0.009923851822448766,
      "spearman": 0.009745502896807354
    },
    "euclidean": {
      "pearson": -0.1091581763303262,
      "spearman": -0.09317223863887157
    },
    "evaluation_time": 0.11,
    "manhattan": {
      "pearson": -0.11268198981334823,
      "spearman": -0.09869590097171221
    }
  }
}