{
    "dataset_revision": null,
    "mteb_dataset_name": "IntentEmotion",
    "mteb_version": "1.1.2.dev0",
    "test": {
        "Emotion_success_rate": 0.9683441558441559,
        "Intent_success_rate": 0.050162337662337665,
        "evaluation_time": 0.19,
        "harmonic_mean": 0.09538361524393181
    }
}