{
  "dataset_revision": "b0fddb56ed78048fa8b90373c8a3cfc37b684831",
  "mteb_dataset_name": "STSBenchmark",
  "mteb_version": "1.1.2.dev0",
  "test": {
    "cos_sim": {
      "pearson": 0.37637250223588115,
      "spearman": 0.4906363075904927
    },
    "euclidean": {
      "pearson": 0.4831683994631932,
      "spearman": 0.5158362679408656
    },
    "evaluation_time": 0.07,
    "manhattan": {
      "pearson": 0.49591860109838426,
      "spearman": 0.5257918456060382
    }
  }
}