{
  "dataset_revision": null,
  "mteb_dataset_name": "InstructSTSBenchmark",
  "mteb_version": "1.1.2.dev0",
  "test": {
    "cos_sim": {
      "pearson": 0.26718141025853126,
      "spearman": 0.25465818591244427
    },
    "euclidean": {
      "pearson": 0.2515195179058987,
      "spearman": 0.22142512984195825
    },
    "evaluation_time": 0.1,
    "manhattan": {
      "pearson": 0.25222463478705004,
      "spearman": 0.22318118904397263
    }
  }
}