{
    "test": {
        "NYTTopicClustering": 0.03349288776744535,
        "NYTLocationClustering": 0.025390447831812882,
        "harmonic_mean": 0.0288842237258725
    }
}