{
  "dataset_revision": null,
  "mteb_dataset_name": "InstructSTSBenchmark",
  "mteb_version": "1.1.2.dev0",
  "test": {
    "cos_sim": {
      "pearson": 0.11098362269917934,
      "spearman": 0.16244199726598063
    },
    "euclidean": {
      "pearson": -0.0036653065359020026,
      "spearman": -0.012376665181527018
    },
    "evaluation_time": 0.11,
    "manhattan": {
      "pearson": 0.024115325776768632,
      "spearman": 0.0332093747836912
    }
  }
}