{
    "test": {
        "NYTTopicClustering": 0.03509469322352621,
        "NYTLocationClustering": 0.028308612201247717,
        "harmonic_mean": 0.031338504350168515
    }
}