{
  "dataset_revision": "a0d554a64d88156834ff5ae9920b964011b16384",
  "mteb_dataset_name": "STS12",
  "mteb_version": "1.1.2.dev0",
  "test": {
    "cos_sim": {
      "pearson": 0.13265225490686186,
      "spearman": 0.2681101345302778
    },
    "euclidean": {
      "pearson": 0.12116291895799716,
      "spearman": 0.20571694313020072
    },
    "evaluation_time": 0.42,
    "manhattan": {
      "pearson": 0.21598891719439486,
      "spearman": 0.32120434502814466
    }
  }
}