{
  "dataset_revision": "b0fddb56ed78048fa8b90373c8a3cfc37b684831",
  "mteb_dataset_name": "STSBenchmark",
  "mteb_version": "1.1.2.dev0",
  "test": {
    "cos_sim": {
      "pearson": 0.151344087551733,
      "spearman": 0.18483983068814405
    },
    "euclidean": {
      "pearson": 0.09852144712726593,
      "spearman": 0.11933859235776208
    },
    "evaluation_time": 0.06,
    "manhattan": {
      "pearson": 0.27203704219121067,
      "spearman": 0.2895357134777715
    }
  }
}