{
  "dataset_revision": "b0fddb56ed78048fa8b90373c8a3cfc37b684831",
  "mteb_dataset_name": "STSBenchmark",
  "mteb_version": "1.1.2.dev0",
  "test": {
    "cos_sim": {
      "pearson": 0.4423744827640097,
      "spearman": 0.4905191455119975
    },
    "euclidean": {
      "pearson": 0.4271451665198194,
      "spearman": 0.46531163378321366
    },
    "evaluation_time": 0.04,
    "manhattan": {
      "pearson": 0.42744225299525596,
      "spearman": 0.466514852697281
    }
  }
}