{
  "dataset_revision": "b0fddb56ed78048fa8b90373c8a3cfc37b684831",
  "mteb_dataset_name": "STSBenchmark",
  "mteb_version": "1.1.2.dev0",
  "test": {
    "cos_sim": {
      "pearson": -0.025137995051241823,
      "spearman": -0.028486995019590438
    },
    "euclidean": {
      "pearson": -0.025586443930700295,
      "spearman": -0.028487154191725518
    },
    "evaluation_time": 29.65,
    "manhattan": {
      "pearson": -0.016878237567496512,
      "spearman": -0.0050094637120583025
    }
  }
}