{
  "dataset_revision": "b0fddb56ed78048fa8b90373c8a3cfc37b684831",
  "mteb_dataset_name": "STSBenchmark",
  "mteb_version": "1.1.2.dev0",
  "test": {
    "cos_sim": {
      "pearson": 0.26425401399294035,
      "spearman": 0.2620435381718195
    },
    "euclidean": {
      "pearson": 0.27772338627092313,
      "spearman": 0.25394630768593995
    },
    "evaluation_time": 0.07,
    "manhattan": {
      "pearson": 0.28255928482120657,
      "spearman": 0.2585129634998124
    }
  }
}