{
  "dataset_revision": null,
  "mteb_dataset_name": "InstructSTSBenchmark",
  "mteb_version": "1.1.2.dev0",
  "test": {
    "cos_sim": {
      "pearson": -0.12646680724329354,
      "spearman": -0.12244186562641327
    },
    "euclidean": {
      "pearson": -0.14854839167194314,
      "spearman": -0.14179586025886118
    },
    "evaluation_time": 0.08,
    "manhattan": {
      "pearson": -0.14986422248552675,
      "spearman": -0.14358470894830586
    }
  }
}