{
  "dataset_revision": "b0fddb56ed78048fa8b90373c8a3cfc37b684831",
  "mteb_dataset_name": "STSBenchmark",
  "mteb_version": "1.1.2.dev0",
  "test": {
    "cos_sim": {
      "pearson": 0.3543404538591894,
      "spearman": 0.36777609239960846
    },
    "euclidean": {
      "pearson": 0.3972691015559203,
      "spearman": 0.3989554389437659
    },
    "evaluation_time": 0.06,
    "manhattan": {
      "pearson": 0.40882560460971695,
      "spearman": 0.4080607236678048
    }
  }
}