{
  "dataset_revision": "b0fddb56ed78048fa8b90373c8a3cfc37b684831",
  "mteb_dataset_name": "STSBenchmark",
  "mteb_version": "1.1.2.dev0",
  "test": {
    "cos_sim": {
      "pearson": 0.37810075070528226,
      "spearman": 0.4087904027026366
    },
    "euclidean": {
      "pearson": 0.409328211211847,
      "spearman": 0.40872178588641855
    },
    "evaluation_time": 0.03,
    "manhattan": {
      "pearson": 0.4085040759301908,
      "spearman": 0.4077343546609342
    }
  }
}