{
  "dataset_revision": null,
  "mteb_dataset_name": "InstructSTSBenchmark",
  "mteb_version": "1.1.2.dev0",
  "test": {
    "cos_sim": {
      "pearson": -0.019462346578251064,
      "spearman": -0.027416565373357602
    },
    "euclidean": {
      "pearson": 0.015568850671529832,
      "spearman": -0.05149543419070944
    },
    "evaluation_time": 0.12,
    "manhattan": {
      "pearson": -0.023498595111398617,
      "spearman": -0.05273232651228332
    }
  }
}