{
  "dataset_revision": null,
  "mteb_dataset_name": "InstructSTSBenchmark",
  "mteb_version": "1.1.2.dev0",
  "test": {
    "cos_sim": {
      "pearson": 0.08950162227794882,
      "spearman": 0.11851714599978419
    },
    "euclidean": {
      "pearson": 0.07280133111167307,
      "spearman": 0.07147151844007456
    },
    "evaluation_time": 0.15,
    "manhattan": {
      "pearson": 0.07587327719175063,
      "spearman": 0.07378773138132064
    }
  }
}