{
  "dataset_revision": "b0fddb56ed78048fa8b90373c8a3cfc37b684831",
  "mteb_dataset_name": "STSBenchmark",
  "mteb_version": "1.1.2.dev0",
  "test": {
    "cos_sim": {
      "pearson": 0.6088242694270544,
      "spearman": 0.623980327964172
    },
    "euclidean": {
      "pearson": 0.6322091528440192,
      "spearman": 0.6299416661511749
    },
    "evaluation_time": 0.03,
    "manhattan": {
      "pearson": 0.6355586288464776,
      "spearman": 0.6332747991761025
    }
  }
}