{
  "dataset_revision": null,
  "mteb_dataset_name": "InstructSTSBenchmark",
  "mteb_version": "1.1.2.dev0",
  "test": {
    "cos_sim": {
      "pearson": 0.17676436579644997,
      "spearman": 0.188619248058693
    },
    "euclidean": {
      "pearson": 0.1970340511713158,
      "spearman": 0.19165546340909698
    },
    "evaluation_time": 0.07,
    "manhattan": {
      "pearson": 0.20387331964194816,
      "spearman": 0.19830034404047
    }
  }
}