{
  "dataset_revision": "b0fddb56ed78048fa8b90373c8a3cfc37b684831",
  "mteb_dataset_name": "STSBenchmark",
  "mteb_version": "1.1.2.dev0",
  "test": {
    "cos_sim": {
      "pearson": 0.28759469173917324,
      "spearman": 0.3237808966900538
    },
    "euclidean": {
      "pearson": 0.3079564159518171,
      "spearman": 0.31693449106680044
    },
    "evaluation_time": 0.05,
    "manhattan": {
      "pearson": 0.3266918401472918,
      "spearman": 0.3328230989270309
    }
  }
}