{
  "dataset_revision": null,
  "mteb_dataset_name": "InstructSTSBenchmark",
  "mteb_version": "1.1.2.dev0",
  "test": {
    "cos_sim": {
      "pearson": 0.07262092822108124,
      "spearman": 0.11661262331947529
    },
    "euclidean": {
      "pearson": 0.08233904214116149,
      "spearman": 0.08553183270433558
    },
    "evaluation_time": 0.15,
    "manhattan": {
      "pearson": 0.08253412398394346,
      "spearman": 0.08563748771856466
    }
  }
}