{
    "test": {
        "NYTTopicClustering": 0.2671528905048477,
        "NYTLocationClustering": 0.10213522800621318,
        "harmonic_mean": 0.14777471698455621
    }
}