{
    "test": {
        "NYTTopicClustering": 0.05964014290214437,
        "NYTLocationClustering": 0.0332487816091871,
        "harmonic_mean": 0.042695350363068305
    }
}