{
  "dataset_revision": null,
  "mteb_dataset_name": "InstructSTSBenchmark",
  "mteb_version": "1.1.2.dev0",
  "test": {
    "cos_sim": {
      "pearson": 0.30223261864757045,
      "spearman": 0.30514124469400367
    },
    "euclidean": {
      "pearson": 0.31463313966930323,
      "spearman": 0.30323945443788025
    },
    "evaluation_time": 0.15,
    "manhattan": {
      "pearson": 0.3146726067232094,
      "spearman": 0.3027248416530576
    }
  }
}