{
  "dataset_revision": null,
  "mteb_dataset_name": "InstructSTSBenchmark",
  "mteb_version": "1.1.2.dev0",
  "test": {
    "cos_sim": {
      "pearson": 0.3242389456192807,
      "spearman": 0.28699727317100243
    },
    "euclidean": {
      "pearson": 0.3274773873719872,
      "spearman": 0.2736187068711229
    },
    "evaluation_time": 0.15,
    "manhattan": {
      "pearson": 0.32245615650828013,
      "spearman": 0.26896168887324984
    }
  }
}