{
  "dataset_revision": "b0fddb56ed78048fa8b90373c8a3cfc37b684831",
  "mteb_dataset_name": "STSBenchmark",
  "mteb_version": "1.1.2.dev0",
  "test": {
    "cos_sim": {
      "pearson": 0.24330023506515738,
      "spearman": 0.3079151405949467
    },
    "euclidean": {
      "pearson": 0.3362395168914116,
      "spearman": 0.3500558818252055
    },
    "evaluation_time": 0.1,
    "manhattan": {
      "pearson": 0.3565507892251407,
      "spearman": 0.3659462428473718
    }
  }
}