{
  "dataset_revision": null,
  "mteb_dataset_name": "InstructSTSBenchmark",
  "mteb_version": "1.1.2.dev0",
  "test": {
    "cos_sim": {
      "pearson": 0.22086690540816747,
      "spearman": 0.2226943563050304
    },
    "euclidean": {
      "pearson": 0.22061323238670513,
      "spearman": 0.22080030797904027
    },
    "evaluation_time": 0.12,
    "manhattan": {
      "pearson": 0.2206272339748201,
      "spearman": 0.22140782431094433
    }
  }
}