{
  "dataset_revision": "a0d554a64d88156834ff5ae9920b964011b16384",
  "mteb_dataset_name": "STS12",
  "mteb_version": "1.1.2.dev0",
  "test": {
    "cos_sim": {
      "pearson": 0.26163436750945057,
      "spearman": 0.2776340846222842
    },
    "euclidean": {
      "pearson": 0.31715748990835657,
      "spearman": 0.30261568279299367
    },
    "evaluation_time": 0.43,
    "manhattan": {
      "pearson": 0.3244269273835193,
      "spearman": 0.3101892099107386
    }
  }
}