{
  "dataset_revision": null,
  "mteb_dataset_name": "InstructSTSBenchmark",
  "mteb_version": "1.1.2.dev0",
  "test": {
    "cos_sim": {
      "pearson": 0.003129095828571674,
      "spearman": 0.024269685444513304
    },
    "euclidean": {
      "pearson": -0.0443901079629489,
      "spearman": -0.026752122848529042
    },
    "evaluation_time": 0.11,
    "manhattan": {
      "pearson": 0.00790118360750544,
      "spearman": 0.010599201730686235
    }
  }
}