{
  "dataset_revision": null,
  "mteb_dataset_name": "InstructSTSBenchmark",
  "mteb_version": "1.1.2.dev0",
  "test": {
    "cos_sim": {
      "pearson": 0.0036321637384640307,
      "spearman": 0.006572926214924644
    },
    "euclidean": {
      "pearson": -0.0709805986152002,
      "spearman": -0.06924183332210737
    },
    "evaluation_time": 0.15,
    "manhattan": {
      "pearson": -0.08414052437607243,
      "spearman": -0.08095405599028731
    }
  }
}