{
  "dataset_revision": null,
  "mteb_dataset_name": "InstructSTSBenchmark",
  "mteb_version": "1.1.2.dev0",
  "test": {
    "cos_sim": {
      "pearson": 0.3153990871577461,
      "spearman": 0.2830666332728317
    },
    "euclidean": {
      "pearson": 0.3254918469767218,
      "spearman": 0.26938476437823244
    },
    "evaluation_time": 0.15,
    "manhattan": {
      "pearson": 0.32417746471488773,
      "spearman": 0.2655215252151573
    }
  }
}