{
    "test": {
        "NYTTopicClustering": 0.02058278122856423,
        "NYTLocationClustering": 0.13805465840586875,
        "harmonic_mean": 0.0358244569028624
    }
}