{
  "dataset_revision": "b0fddb56ed78048fa8b90373c8a3cfc37b684831",
  "mteb_dataset_name": "STSBenchmark",
  "mteb_version": "1.1.2.dev0",
  "test": {
    "cos_sim": {
      "pearson": 0.276674884814042,
      "spearman": 0.255518776188561
    },
    "euclidean": {
      "pearson": 0.29321839720724535,
      "spearman": 0.24883233809832675
    },
    "evaluation_time": 0.07,
    "manhattan": {
      "pearson": 0.2926211139757613,
      "spearman": 0.24716586321448136
    }
  }
}