{
  "dataset_revision": "b0fddb56ed78048fa8b90373c8a3cfc37b684831",
  "mteb_dataset_name": "STSBenchmark",
  "mteb_version": "1.1.2.dev0",
  "test": {
    "cos_sim": {
      "pearson": 0.0748214141074761,
      "spearman": 0.05131622871803177
    },
    "euclidean": {
      "pearson": 0.10106808807494876,
      "spearman": 0.06750584521792792
    },
    "evaluation_time": 0.13,
    "manhattan": {
      "pearson": 0.10468677548480276,
      "spearman": 0.08965451185008834
    }
  }
}