{
  "dataset_revision": null,
  "mteb_dataset_name": "InstructSTSBenchmark",
  "mteb_version": "1.1.2.dev0",
  "test": {
    "cos_sim": {
      "pearson": 0.04035452274932105,
      "spearman": 0.038314971288056346
    },
    "euclidean": {
      "pearson": 0.06075503191535984,
      "spearman": 0.047751057069955576
    },
    "evaluation_time": 399.18,
    "manhattan": {
      "pearson": 0.059557717897786286,
      "spearman": 0.04583742615993914
    }
  }
}