{
  "dataset_revision": "b0fddb56ed78048fa8b90373c8a3cfc37b684831",
  "mteb_dataset_name": "STSBenchmark",
  "mteb_version": "1.1.2.dev0",
  "test": {
    "cos_sim": {
      "pearson": 0.36111960546031213,
      "spearman": 0.3821807244757431
    },
    "euclidean": {
      "pearson": 0.41118132342325703,
      "spearman": 0.41196161968342343
    },
    "evaluation_time": 0.03,
    "manhattan": {
      "pearson": 0.4313212655911156,
      "spearman": 0.4271936978026114
    }
  }
}