{
  "dataset_revision": null,
  "mteb_dataset_name": "InstructSTSBenchmark",
  "mteb_version": "1.1.2.dev0",
  "test": {
    "cos_sim": {
      "pearson": -0.003900375863028628,
      "spearman": -0.0065182768148257025
    },
    "euclidean": {
      "pearson": -0.008198614199688734,
      "spearman": -0.00592988767445499
    },
    "evaluation_time": 0.11,
    "manhattan": {
      "pearson": -0.008425340333651776,
      "spearman": -0.0054198289850002955
    }
  }
}