{
  "dataset_revision": "a0d554a64d88156834ff5ae9920b964011b16384",
  "mteb_dataset_name": "STS12",
  "mteb_version": "1.1.2.dev0",
  "test": {
    "cos_sim": {
      "pearson": 0.17240300963985564,
      "spearman": 0.31184159233573994
    },
    "euclidean": {
      "pearson": 0.23885088881505565,
      "spearman": 0.31182609308854325
    },
    "evaluation_time": 0.24,
    "manhattan": {
      "pearson": 0.23917040936379486,
      "spearman": 0.31201533221711625
    }
  }
}