{
  "dataset_revision": null,
  "mteb_dataset_name": "InstructSTSBenchmark",
  "mteb_version": "1.1.2.dev0",
  "test": {
    "cos_sim": {
      "pearson": -0.00381785412118714,
      "spearman": -0.005299149731968771
    },
    "euclidean": {
      "pearson": -0.06352672233578407,
      "spearman": -0.061322261349234915
    },
    "evaluation_time": 0.13,
    "manhattan": {
      "pearson": -0.09566859634457989,
      "spearman": -0.09171766056795305
    }
  }
}