{
  "dataset_revision": "b0fddb56ed78048fa8b90373c8a3cfc37b684831",
  "mteb_dataset_name": "STSBenchmark",
  "mteb_version": "1.1.2.dev0",
  "test": {
    "cos_sim": {
      "pearson": 0.012120032776431287,
      "spearman": 0.07202431951312328
    },
    "euclidean": {
      "pearson": 0.01717418012458019,
      "spearman": 0.09274085474350342
    },
    "evaluation_time": 0.04,
    "manhattan": {
      "pearson": 0.052196031147439384,
      "spearman": 0.07482877012234736
    }
  }
}