{
  "dataset_revision": null,
  "mteb_dataset_name": "FeedbacksClustering",
  "mteb_version": "1.1.2.dev0",
  "test": {
    "correct_instructions": [
      0.2693797822243644,
      0.2065445569042122,
      0.2113073720668693,
      0.26043117485834666,
      0.291504241879565,
      0.20024374077633927,
      0.22207027807564653,
      0.3803398549001639,
      0.21386974571814216,
      0.22683185919286242
    ],
    "dci": -0.025892162328714996,
    "dii": -0.03835800059355382,
    "implicit_instructions": [
      0.26141476865989277,
      0.2316734613153722,
      0.24055547532550164,
      0.22951691508017039,
      0.23236760256131062,
      0.21625486602632013,
      0.22802910830636072,
      0.23034060563321893,
      0.18777790251150045,
      0.20902452442919164
    ],
    "incorrect_instructions": [
      0.06843406658161455,
      0.1770244725487476,
      0.19184885716811986,
      0.18656160615922038,
      0.19769188767268484,
      0.1824691090469966,
      0.2043251581669546,
      0.205749583911407,
      0.22613590310505427,
      0.1606727930226482
    ]
  }
}