{
  "dataset_revision": null,
  "mteb_dataset_name": "FewNerdClustering",
  "mteb_version": "1.1.2.dev0",
  "test": {
    "correct_instructions": [
      0.44597738792482194,
      0.43562142768623857,
      0.42904773313812844,
      0.41953356028760425,
      0.4290120962880992,
      0.45182694195628276,
      0.43390703565300137,
      0.4328759414460023,
      0.4344435651434419,
      0.4241987386887808
    ],
    "dci": -0.0025983912868933756,
    "dii": -0.0018221851095513997,
    "implicit_instructions": [
      0.42071001727042895,
      0.4288532688889523,
      0.42128780599554116,
      0.43675009518813906,
      0.43095218550370673,
      0.4203097664649462,
      0.4307203290601673,
      0.42840701675466614,
      0.43978572234668517,
      0.42602342066051135
    ],
    "incorrect_instructions": [
      0.4091492294369509,
      0.4029456072250048,
      0.40330470153400744,
      0.4078631940096177,
      0.4221319515744976,
      0.4211787962406157,
      0.40715522993928094,
      0.41539134381588705,
      0.4099474942136578,
      0.40660796160868323
    ]
  }
}