{
  "dataset_revision": null,
  "mteb_dataset_name": "NYTTopicClustering",
  "mteb_version": "1.1.2.dev0",
  "test": {
    "correct_instructions": [
      0.5217072677780523,
      0.48135078231232487,
      0.49919863008157156,
      0.3992800559495187,
      0.48887856928029283,
      0.4739797376940167,
      0.49542471547055933,
      0.4564141978306252,
      0.5477512273181809,
      0.4692784829409362
    ],
    "dci": -0.14141557669812693,
    "dii": -0.14305910545757494,
    "implicit_instructions": [
      0.5184827987811456,
      0.39910052789291633,
      0.45378836077863555,
      0.48037855236515414,
      0.48789321987779094,
      0.3976365271900707,
      0.4504779451570133,
      0.46135482972705816,
      0.4799799855770078,
      0.43916423132000987
    ],
    "incorrect_instructions": [
      0.41414648478200417,
      0.4497686919600138,
      0.45331253346512473,
      0.44242432201647286,
      0.4186946518904738,
      0.5406956326476456,
      0.4672606236207501,
      0.4726293432509235,
      0.4436824971594919,
      0.4609410311479803
    ]
  }
}