{
  "dataset_revision": null,
  "mteb_dataset_name": "RateMyProfClustering",
  "mteb_version": "1.1.2.dev0",
  "test": {
    "correct_instructions": [
      0.05274338077336348,
      0.041230201831263615,
      0.049543435908560134,
      0.039669903486385084,
      0.04343643517746983,
      0.05176361337989361,
      0.0400042705311294,
      0.0455913081707202,
      0.047103414306652144,
      0.04772578954044831
    ],
    "dci": -0.005742554980386096,
    "dii": -0.021474803201358927,
    "implicit_instructions": [
      0.06110372597311001,
      0.056482326275356674,
      0.04883722568438888,
      0.04982076210560321,
      0.051016125087108594,
      0.04533064141560219,
      0.04500916311396899,
      0.05007253892533086,
      0.042078749782943216,
      0.023937655265412253
    ],
    "incorrect_instructions": [
      0.04390432068553614,
      0.03419218270751167,
      0.03022835558771401,
      0.04216506544178435,
      0.030334048499475557,
      0.04267229842804628,
      0.03249445160525535,
      0.03356697630205283,
      0.04541245846677118,
      0.034667281898825446
    ]
  }
}