{
  "dataset_revision": "b0fddb56ed78048fa8b90373c8a3cfc37b684831",
  "mteb_dataset_name": "STSBenchmark",
  "mteb_version": "1.1.2.dev0",
  "test": {
    "cos_sim": {
      "pearson": 0.4655483029828722,
      "spearman": 0.6123407774960689
    },
    "euclidean": {
      "pearson": 0.593806180881374,
      "spearman": 0.6291750023332301
    },
    "evaluation_time": 0.07,
    "manhattan": {
      "pearson": 0.6096272815748275,
      "spearman": 0.6389603431883467
    }
  }
}