{
  "dataset_revision": null,
  "mteb_dataset_name": "InstructSTSBenchmark",
  "mteb_version": "1.1.2.dev0",
  "test": {
    "cos_sim": {
      "pearson": -0.05547169353469546,
      "spearman": -0.05006863629691265
    },
    "euclidean": {
      "pearson": -0.09939381306554303,
      "spearman": -0.09714841938278969
    },
    "evaluation_time": 0.07,
    "manhattan": {
      "pearson": -0.09286910204189762,
      "spearman": -0.09068615793732407
    }
  }
}