{
  "dataset_revision": "b0fddb56ed78048fa8b90373c8a3cfc37b684831",
  "mteb_dataset_name": "STSBenchmark",
  "mteb_version": "1.1.2.dev0",
  "test": {
    "cos_sim": {
      "pearson": 0.4867759860303632,
      "spearman": 0.49203297849256106
    },
    "euclidean": {
      "pearson": 0.5112194893910976,
      "spearman": 0.5193159541039363
    },
    "evaluation_time": 0.05,
    "manhattan": {
      "pearson": 0.5393196952237574,
      "spearman": 0.540723178040294
    }
  }
}