{
  "dataset_revision": "b0fddb56ed78048fa8b90373c8a3cfc37b684831",
  "mteb_dataset_name": "STSBenchmark",
  "mteb_version": "1.1.2.dev0",
  "test": {
    "cos_sim": {
      "pearson": 0.17283621442714037,
      "spearman": 0.24221768120279613
    },
    "euclidean": {
      "pearson": 0.21919966746098773,
      "spearman": 0.23933927217143355
    },
    "evaluation_time": 0.03,
    "manhattan": {
      "pearson": 0.22257318599597806,
      "spearman": 0.24163458482787317
    }
  }
}