{
  "dataset_revision": "b0fddb56ed78048fa8b90373c8a3cfc37b684831",
  "mteb_dataset_name": "STSBenchmark",
  "mteb_version": "1.1.2.dev0",
  "test": {
    "cos_sim": {
      "pearson": 0.421811478156027,
      "spearman": 0.43135804216816015
    },
    "euclidean": {
      "pearson": 0.43898297502503963,
      "spearman": 0.4410338959728072
    },
    "evaluation_time": 0.04,
    "manhattan": {
      "pearson": 0.442546213928879,
      "spearman": 0.4434846454008833
    }
  }
}