{
  "dataset_revision": null,
  "mteb_dataset_name": "InstructSTSBenchmark",
  "mteb_version": "1.1.2.dev0",
  "test": {
    "cos_sim": {
      "pearson": -0.00039288640185527503,
      "spearman": -0.002043437544506134
    },
    "euclidean": {
      "pearson": -0.06134774991972504,
      "spearman": -0.062252207638401426
    },
    "evaluation_time": 0.14,
    "manhattan": {
      "pearson": -0.08803742899731004,
      "spearman": -0.08450716124221577
    }
  }
}