{
  "dataset_revision": "b0fddb56ed78048fa8b90373c8a3cfc37b684831",
  "mteb_dataset_name": "STSBenchmark",
  "mteb_version": "1.1.2.dev0",
  "test": {
    "cos_sim": {
      "pearson": 0.18800231824562477,
      "spearman": 0.26548697029565077
    },
    "euclidean": {
      "pearson": 0.2458925551840362,
      "spearman": 0.2709152245958905
    },
    "evaluation_time": 0.09,
    "manhattan": {
      "pearson": 0.24820884616687652,
      "spearman": 0.27435239046362986
    }
  }
}