{
  "dataset_revision": "b0fddb56ed78048fa8b90373c8a3cfc37b684831",
  "mteb_dataset_name": "STSBenchmark",
  "mteb_version": "1.1.2.dev0",
  "test": {
    "cos_sim": {
      "pearson": 0.25407391370192656,
      "spearman": 0.3461947064624786
    },
    "euclidean": {
      "pearson": 0.3506244224889034,
      "spearman": 0.3729086437217289
    },
    "evaluation_time": 0.07,
    "manhattan": {
      "pearson": 0.35690570453401343,
      "spearman": 0.3799024316712385
    }
  }
}