{
  "dataset_revision": "b0fddb56ed78048fa8b90373c8a3cfc37b684831",
  "mteb_dataset_name": "STSBenchmark",
  "mteb_version": "1.1.2.dev0",
  "test": {
    "cos_sim": {
      "pearson": 0.1685844257858695,
      "spearman": 0.2488803514944586
    },
    "euclidean": {
      "pearson": 0.19191554097061278,
      "spearman": 0.24312517257344335
    },
    "evaluation_time": 0.04,
    "manhattan": {
      "pearson": 0.24983125653248148,
      "spearman": 0.2663515681692106
    }
  }
}