{
  "dataset_revision": "b0fddb56ed78048fa8b90373c8a3cfc37b684831",
  "mteb_dataset_name": "STSBenchmark",
  "mteb_version": "1.1.2.dev0",
  "test": {
    "cos_sim": {
      "pearson": 0.1865966609484591,
      "spearman": 0.2612404763738755
    },
    "euclidean": {
      "pearson": 0.24317422346769932,
      "spearman": 0.2675594111971506
    },
    "evaluation_time": 0.08,
    "manhattan": {
      "pearson": 0.2463710952288033,
      "spearman": 0.2717385492775122
    }
  }
}