{
  "dataset_revision": "b0fddb56ed78048fa8b90373c8a3cfc37b684831",
  "mteb_dataset_name": "STSBenchmark",
  "mteb_version": "1.1.2.dev0",
  "test": {
    "cos_sim": {
      "pearson": 0.13624258719100896,
      "spearman": 0.20224478165569523
    },
    "euclidean": {
      "pearson": 0.14347537864140816,
      "spearman": 0.22766509268963275
    },
    "evaluation_time": 0.04,
    "manhattan": {
      "pearson": 0.19025186250611045,
      "spearman": 0.21752696102578253
    }
  }
}