{
  "dataset_revision": "b0fddb56ed78048fa8b90373c8a3cfc37b684831",
  "mteb_dataset_name": "STSBenchmark",
  "mteb_version": "1.1.2.dev0",
  "test": {
    "cos_sim": {
      "pearson": -0.02021367710759854,
      "spearman": -0.01643921299253496
    },
    "euclidean": {
      "pearson": -0.018551062245959968,
      "spearman": -0.01643921299253496
    },
    "evaluation_time": 54.5,
    "manhattan": {
      "pearson": 0.04759178647571048,
      "spearman": 0.050662983098359426
    }
  }
}