{
  "dataset_revision": null,
  "mteb_dataset_name": "InstructSTSBenchmark",
  "mteb_version": "1.1.2.dev0",
  "test": {
    "cos_sim": {
      "pearson": 0.03279395052571594,
      "spearman": 0.035405361524800776
    },
    "euclidean": {
      "pearson": -0.1305359219264547,
      "spearman": -0.11206217112091736
    },
    "evaluation_time": 0.14,
    "manhattan": {
      "pearson": -0.0464789555771668,
      "spearman": -0.044374650573014346
    }
  }
}