{
  "dataset_revision": "b0fddb56ed78048fa8b90373c8a3cfc37b684831",
  "mteb_dataset_name": "STSBenchmark",
  "mteb_version": "1.1.2.dev0",
  "test": {
    "cos_sim": {
      "pearson": 0.23801585322643393,
      "spearman": 0.3549703289089707
    },
    "euclidean": {
      "pearson": 0.2932947524497886,
      "spearman": 0.3583013533718626
    },
    "evaluation_time": 0.03,
    "manhattan": {
      "pearson": 0.3128413912370185,
      "spearman": 0.3637176195164388
    }
  }
}