{
  "dataset_revision": "b0fddb56ed78048fa8b90373c8a3cfc37b684831",
  "mteb_dataset_name": "STSBenchmark",
  "mteb_version": "1.1.2.dev0",
  "test": {
    "cos_sim": {
      "pearson": -0.04255778389046034,
      "spearman": -0.02689940900362514
    },
    "euclidean": {
      "pearson": -0.041966158341433045,
      "spearman": -0.026184475561038808
    },
    "evaluation_time": 0.03,
    "manhattan": {
      "pearson": -0.050499276460526,
      "spearman": -0.04759992771738908
    }
  }
}