{
  "dataset_revision": "b0fddb56ed78048fa8b90373c8a3cfc37b684831",
  "mteb_dataset_name": "STSBenchmark",
  "mteb_version": "1.1.2.dev0",
  "test": {
    "cos_sim": {
      "pearson": 0.09779024268578762,
      "spearman": 0.27103541698087863
    },
    "euclidean": {
      "pearson": 0.14133484384879758,
      "spearman": 0.23285195512810197
    },
    "evaluation_time": 0.04,
    "manhattan": {
      "pearson": 0.29715512422500334,
      "spearman": 0.3004477934708849
    }
  }
}