{
  "dataset_revision": "b0fddb56ed78048fa8b90373c8a3cfc37b684831",
  "mteb_dataset_name": "STSBenchmark",
  "mteb_version": "1.1.2.dev0",
  "test": {
    "cos_sim": {
      "pearson": 0.2336644936588014,
      "spearman": 0.25774805011679053
    },
    "euclidean": {
      "pearson": 0.2650121166402033,
      "spearman": 0.2782190586087807
    },
    "evaluation_time": 0.04,
    "manhattan": {
      "pearson": 0.27365669617767047,
      "spearman": 0.2839008576178332
    }
  }
}