{
  "dataset_revision": "b0fddb56ed78048fa8b90373c8a3cfc37b684831",
  "mteb_dataset_name": "STSBenchmark",
  "mteb_version": "1.1.2.dev0",
  "test": {
    "cos_sim": {
      "pearson": 0.6566705761737178,
      "spearman": 0.6680260221526545
    },
    "euclidean": {
      "pearson": 0.6761200073225022,
      "spearman": 0.6679836557512734
    },
    "evaluation_time": 0.07,
    "manhattan": {
      "pearson": 0.6747793945482057,
      "spearman": 0.6670258598928968
    }
  }
}