{
  "dataset_revision": "b0fddb56ed78048fa8b90373c8a3cfc37b684831",
  "mteb_dataset_name": "STSBenchmark",
  "mteb_version": "1.1.2.dev0",
  "test": {
    "cos_sim": {
      "pearson": 0.141626212587721,
      "spearman": 0.17288861152157525
    },
    "euclidean": {
      "pearson": 0.13531755978688562,
      "spearman": 0.1692033245781034
    },
    "evaluation_time": 0.04,
    "manhattan": {
      "pearson": 0.1882059182931395,
      "spearman": 0.22137525673640424
    }
  }
}