{
  "dataset_revision": null,
  "mteb_dataset_name": "InstructSTSBenchmark",
  "mteb_version": "1.1.2.dev0",
  "test": {
    "cos_sim": {
      "pearson": 0.2303847998516989,
      "spearman": 0.2698811608585489
    },
    "euclidean": {
      "pearson": 0.2224339359277864,
      "spearman": 0.23535155373391206
    },
    "evaluation_time": 0.14,
    "manhattan": {
      "pearson": 0.22423050395134847,
      "spearman": 0.23704385559999572
    }
  }
}