{
  "dataset_revision": "b0fddb56ed78048fa8b90373c8a3cfc37b684831",
  "mteb_dataset_name": "STSBenchmark",
  "mteb_version": "1.1.2.dev0",
  "test": {
    "cos_sim": {
      "pearson": 0.06291190129410124,
      "spearman": 0.11794268999983679
    },
    "euclidean": {
      "pearson": 0.07319404375500009,
      "spearman": 0.08960832654751516
    },
    "evaluation_time": 0.04,
    "manhattan": {
      "pearson": 0.08363385191294141,
      "spearman": 0.11804908462086916
    }
  }
}