{
  "dataset_revision": "b0fddb56ed78048fa8b90373c8a3cfc37b684831",
  "mteb_dataset_name": "STSBenchmark",
  "mteb_version": "1.1.2.dev0",
  "test": {
    "cos_sim": {
      "pearson": 0.3337244927998118,
      "spearman": 0.40444466230514753
    },
    "euclidean": {
      "pearson": 0.364958872712968,
      "spearman": 0.41113209913202325
    },
    "evaluation_time": 0.07,
    "manhattan": {
      "pearson": 0.37255403427156136,
      "spearman": 0.4173074717158946
    }
  }
}