{
  "dataset_revision": null,
  "mteb_dataset_name": "InstructSTSBenchmark",
  "mteb_version": "1.1.2.dev0",
  "test": {
    "cos_sim": {
      "pearson": -0.01012993665901791,
      "spearman": 0.0011831551061258316
    },
    "euclidean": {
      "pearson": -0.1108263541271975,
      "spearman": -0.09929704156982617
    },
    "evaluation_time": 0.12,
    "manhattan": {
      "pearson": -0.10849690838433376,
      "spearman": -0.10160642338211047
    }
  }
}