{
  "dataset_revision": "a0d554a64d88156834ff5ae9920b964011b16384",
  "mteb_dataset_name": "STS12",
  "mteb_version": "1.1.2.dev0",
  "test": {
    "cos_sim": {
      "pearson": 0.40424184037298044,
      "spearman": 0.5109000632874351
    },
    "euclidean": {
      "pearson": 0.1386670561016063,
      "spearman": 0.26724741220582754
    },
    "evaluation_time": 0.37,
    "manhattan": {
      "pearson": 0.39429728657019214,
      "spearman": 0.4778987257675106
    }
  }
}