{
  "dataset_revision": "b0fddb56ed78048fa8b90373c8a3cfc37b684831",
  "mteb_dataset_name": "STSBenchmark",
  "mteb_version": "1.1.2.dev0",
  "test": {
    "cos_sim": {
      "pearson": 0.4388144035321563,
      "spearman": 0.47908731028626794
    },
    "euclidean": {
      "pearson": 0.08418041332249171,
      "spearman": 0.10105148098500087
    },
    "evaluation_time": 0.06,
    "manhattan": {
      "pearson": 0.4546115170580929,
      "spearman": 0.4796004273922411
    }
  }
}