{
  "dataset_revision": null,
  "mteb_dataset_name": "InstructSTSBenchmark",
  "mteb_version": "1.1.2.dev0",
  "test": {
    "cos_sim": {
      "pearson": 0.0734112985531267,
      "spearman": 0.08036885615107192
    },
    "euclidean": {
      "pearson": -0.11594813912763534,
      "spearman": -0.09187477683443301
    },
    "evaluation_time": 0.11,
    "manhattan": {
      "pearson": 0.01445330678723742,
      "spearman": 0.01892454360469544
    }
  }
}