{
    "test": {
        "NYTTopicClustering": 0.21476264439934084,
        "NYTLocationClustering": 0.28435694349165963,
        "harmonic_mean": 0.2447078943134418
    }
}