{
  "dataset_revision": "b0fddb56ed78048fa8b90373c8a3cfc37b684831",
  "mteb_dataset_name": "STSBenchmark",
  "mteb_version": "1.1.2.dev0",
  "test": {
    "cos_sim": {
      "pearson": 0.4619022031178905,
      "spearman": 0.47536098849221714
    },
    "euclidean": {
      "pearson": 0.47195845419491483,
      "spearman": 0.4799417302041052
    },
    "evaluation_time": 0.03,
    "manhattan": {
      "pearson": 0.4766389345781276,
      "spearman": 0.48425613642111354
    }
  }
}