{
  "dataset_revision": "b0fddb56ed78048fa8b90373c8a3cfc37b684831",
  "mteb_dataset_name": "STSBenchmark",
  "mteb_version": "1.1.2.dev0",
  "test": {
    "cos_sim": {
      "pearson": 0.3204776165126157,
      "spearman": 0.3376948547664607
    },
    "euclidean": {
      "pearson": 0.3570444142138061,
      "spearman": 0.36260120039274507
    },
    "evaluation_time": 0.03,
    "manhattan": {
      "pearson": 0.35917911111385326,
      "spearman": 0.36383956346346574
    }
  }
}