{
  "dataset_revision": "b0fddb56ed78048fa8b90373c8a3cfc37b684831",
  "mteb_dataset_name": "STSBenchmark",
  "mteb_version": "1.1.2.dev0",
  "test": {
    "cos_sim": {
      "pearson": 0.3412765235076402,
      "spearman": 0.374597831902623
    },
    "euclidean": {
      "pearson": 0.44848005711512706,
      "spearman": 0.44010399441623965
    },
    "evaluation_time": 0.08,
    "manhattan": {
      "pearson": 0.4722888245273311,
      "spearman": 0.4609709937919924
    }
  }
}