{
  "dataset_revision": null,
  "mteb_dataset_name": "InstructSTSBenchmark",
  "mteb_version": "1.1.2.dev0",
  "test": {
    "cos_sim": {
      "pearson": -0.008844718408361136,
      "spearman": 0.012437259459755195
    },
    "euclidean": {
      "pearson": -0.12478001640670562,
      "spearman": -0.10391307272293064
    },
    "evaluation_time": 0.11,
    "manhattan": {
      "pearson": -0.11650290590803875,
      "spearman": -0.1025992162029003
    }
  }
}