{
  "dataset_revision": null,
  "mteb_dataset_name": "InstructSTSBenchmark",
  "mteb_version": "1.1.2.dev0",
  "test": {
    "cos_sim": {
      "pearson": 0.31797291012754264,
      "spearman": 0.3121304577134443
    },
    "euclidean": {
      "pearson": 0.3298584022146597,
      "spearman": 0.30938031276535183
    },
    "evaluation_time": 0.06,
    "manhattan": {
      "pearson": 0.3299140414211298,
      "spearman": 0.30942782565577753
    }
  }
}