{
  "dataset_revision": "b0fddb56ed78048fa8b90373c8a3cfc37b684831",
  "mteb_dataset_name": "STSBenchmark",
  "mteb_version": "1.1.2.dev0",
  "test": {
    "cos_sim": {
      "pearson": 0.06333883029336171,
      "spearman": 0.09169276891356398
    },
    "euclidean": {
      "pearson": 0.03550792883091129,
      "spearman": 0.048099804154910795
    },
    "evaluation_time": 0.04,
    "manhattan": {
      "pearson": 0.07078087479040826,
      "spearman": 0.04871485438422764
    }
  }
}