{
  "dataset_revision": "b0fddb56ed78048fa8b90373c8a3cfc37b684831",
  "mteb_dataset_name": "STSBenchmark",
  "mteb_version": "1.1.2.dev0",
  "test": {
    "cos_sim": {
      "pearson": 0.0607564152053557,
      "spearman": 0.12253428759698114
    },
    "euclidean": {
      "pearson": 0.060049694183429266,
      "spearman": 0.08134238183390831
    },
    "evaluation_time": 0.04,
    "manhattan": {
      "pearson": 0.06695813078514733,
      "spearman": 0.10226000428193295
    }
  }
}