{
  "dataset_revision": "b0fddb56ed78048fa8b90373c8a3cfc37b684831",
  "mteb_dataset_name": "STSBenchmark",
  "mteb_version": "1.1.2.dev0",
  "test": {
    "cos_sim": {
      "pearson": 0.25214319399970897,
      "spearman": 0.3143643143358171
    },
    "euclidean": {
      "pearson": 0.33042793382431124,
      "spearman": 0.34668944866957296
    },
    "evaluation_time": 0.07,
    "manhattan": {
      "pearson": 0.34515872319751184,
      "spearman": 0.3579715109614413
    }
  }
}