{
  "dataset_revision": "b0fddb56ed78048fa8b90373c8a3cfc37b684831",
  "mteb_dataset_name": "STSBenchmark",
  "mteb_version": "1.1.2.dev0",
  "test": {
    "cos_sim": {
      "pearson": 0.30216300229064624,
      "spearman": 0.35340406060606705
    },
    "euclidean": {
      "pearson": 0.33722881532374227,
      "spearman": 0.3514317202350782
    },
    "evaluation_time": 0.07,
    "manhattan": {
      "pearson": 0.3598543286258869,
      "spearman": 0.37820853234573015
    }
  }
}