{
  "dataset_revision": "b0fddb56ed78048fa8b90373c8a3cfc37b684831",
  "mteb_dataset_name": "STSBenchmark",
  "mteb_version": "1.1.2.dev0",
  "test": {
    "cos_sim": {
      "pearson": 0.4665311171516653,
      "spearman": 0.4807262487595446
    },
    "euclidean": {
      "pearson": 0.4482241899740961,
      "spearman": 0.4620497901142507
    },
    "evaluation_time": 0.05,
    "manhattan": {
      "pearson": 0.5249564874308768,
      "spearman": 0.5168911470284935
    }
  }
}