{
  "dataset_revision": null,
  "mteb_dataset_name": "InstructSTSBenchmark",
  "mteb_version": "1.1.2.dev0",
  "test": {
    "cos_sim": {
      "pearson": 0.15455414009509744,
      "spearman": 0.14813106287245512
    },
    "euclidean": {
      "pearson": 0.1531979421848146,
      "spearman": 0.1480978175308916
    },
    "evaluation_time": 68.46,
    "manhattan": {
      "pearson": 0.15295849761615216,
      "spearman": 0.1479693920394396
    }
  }
}