{
    "test": {
        "NYTTopicClustering": 0.4990565291955999,
        "NYTLocationClustering": 0.5251929100217967,
        "harmonic_mean": 0.5117912608445488
    }
}