{
  "dataset_revision": "b0fddb56ed78048fa8b90373c8a3cfc37b684831",
  "mteb_dataset_name": "STSBenchmark",
  "mteb_version": "1.1.2.dev0",
  "test": {
    "cos_sim": {
      "pearson": 0.7986855189181247,
      "spearman": 0.8054263517996384
    },
    "euclidean": {
      "pearson": 0.8113426303828614,
      "spearman": 0.8055966531980058
    },
    "evaluation_time": 0.03,
    "manhattan": {
      "pearson": 0.811084990383279,
      "spearman": 0.8051328199679305
    }
  }
}