{
  "dataset_revision": "b0fddb56ed78048fa8b90373c8a3cfc37b684831",
  "mteb_dataset_name": "STSBenchmark",
  "mteb_version": "1.1.2.dev0",
  "test": {
    "cos_sim": {
      "pearson": 0.3526227141727437,
      "spearman": 0.3251694528109073
    },
    "euclidean": {
      "pearson": 0.37756206302754697,
      "spearman": 0.3439821253652015
    },
    "evaluation_time": 0.03,
    "manhattan": {
      "pearson": 0.3780569370206253,
      "spearman": 0.345245881016844
    }
  }
}