{
  "dataset_revision": null,
  "mteb_dataset_name": "InstructSTSBenchmark",
  "mteb_version": "1.1.2.dev0",
  "test": {
    "cos_sim": {
      "pearson": 0.07487539433564148,
      "spearman": 0.052577031902881904
    },
    "euclidean": {
      "pearson": 0.016617260730452953,
      "spearman": 0.051646630174097014
    },
    "evaluation_time": 0.08,
    "manhattan": {
      "pearson": 0.07062627667350709,
      "spearman": 0.05294363655585323
    }
  }
}