{
    "test": {
        "NYTTopicClustering": 0.03668491681022829,
        "NYTLocationClustering": 0.02910211609576774,
        "harmonic_mean": 0.03245651898621436
    }
}