{
  "dataset_revision": "b0fddb56ed78048fa8b90373c8a3cfc37b684831",
  "mteb_dataset_name": "STSBenchmark",
  "mteb_version": "1.1.2.dev0",
  "test": {
    "cos_sim": {
      "pearson": 0.6213902591149059,
      "spearman": 0.6563921475415142
    },
    "euclidean": {
      "pearson": 0.6550435585357379,
      "spearman": 0.6562199850280472
    },
    "evaluation_time": 0.03,
    "manhattan": {
      "pearson": 0.6549773087698668,
      "spearman": 0.6563267980487122
    }
  }
}