{
  "dataset_revision": "b0fddb56ed78048fa8b90373c8a3cfc37b684831",
  "mteb_dataset_name": "STSBenchmark",
  "mteb_version": "1.1.2.dev0",
  "test": {
    "cos_sim": {
      "pearson": 0.0055750446184729815,
      "spearman": 0.0024699238618701162
    },
    "euclidean": {
      "pearson": 0.012443604345054942,
      "spearman": 0.0027813970281650217
    },
    "evaluation_time": 0.04,
    "manhattan": {
      "pearson": 0.013822248861581744,
      "spearman": 0.0055474073205386805
    }
  }
}