{
  "dataset_revision": "b0fddb56ed78048fa8b90373c8a3cfc37b684831",
  "mteb_dataset_name": "STSBenchmark",
  "mteb_version": "1.1.2.dev0",
  "test": {
    "cos_sim": {
      "pearson": 0.22399844927094892,
      "spearman": 0.2745802922856944
    },
    "euclidean": {
      "pearson": 0.2782744411304785,
      "spearman": 0.28719563768199213
    },
    "evaluation_time": 0.07,
    "manhattan": {
      "pearson": 0.28436232583328785,
      "spearman": 0.2942682606040255
    }
  }
}