{
  "dataset_revision": "b0fddb56ed78048fa8b90373c8a3cfc37b684831",
  "mteb_dataset_name": "STSBenchmark",
  "mteb_version": "1.1.2.dev0",
  "test": {
    "cos_sim": {
      "pearson": 0.010820832313219285,
      "spearman": 0.15402286119479708
    },
    "euclidean": {
      "pearson": 0.06405271259638066,
      "spearman": 0.16500979386100822
    },
    "evaluation_time": 0.03,
    "manhattan": {
      "pearson": 0.14751744299031572,
      "spearman": 0.1542717742134821
    }
  }
}