{
  "dataset_revision": "b0fddb56ed78048fa8b90373c8a3cfc37b684831",
  "mteb_dataset_name": "STSBenchmark",
  "mteb_version": "1.1.2.dev0",
  "test": {
    "cos_sim": {
      "pearson": 0.3166946142760722,
      "spearman": 0.2859165681092206
    },
    "euclidean": {
      "pearson": 0.3137475215062711,
      "spearman": 0.28562439651460986
    },
    "evaluation_time": 0.03,
    "manhattan": {
      "pearson": 0.3162112446661307,
      "spearman": 0.29533054735851433
    }
  }
}