{
  "dataset_revision": "b0fddb56ed78048fa8b90373c8a3cfc37b684831",
  "mteb_dataset_name": "STSBenchmark",
  "mteb_version": "1.1.2.dev0",
  "test": {
    "cos_sim": {
      "pearson": 0.36000296030531487,
      "spearman": 0.3734857714288238
    },
    "euclidean": {
      "pearson": 0.4042389698516134,
      "spearman": 0.40767561545609166
    },
    "evaluation_time": 0.05,
    "manhattan": {
      "pearson": 0.4158577591344224,
      "spearman": 0.4172667655115414
    }
  }
}