{
  "dataset_revision": null,
  "mteb_dataset_name": "InstructSTSBenchmark",
  "mteb_version": "1.1.2.dev0",
  "test": {
    "cos_sim": {
      "pearson": 0.018970518390006352,
      "spearman": 0.03840332065749969
    },
    "euclidean": {
      "pearson": -0.02499415637439354,
      "spearman": -0.008971112609045736
    },
    "evaluation_time": 0.1,
    "manhattan": {
      "pearson": 0.023275287046941966,
      "spearman": 0.02786833164508092
    }
  }
}