{
  "dataset_revision": "b0fddb56ed78048fa8b90373c8a3cfc37b684831",
  "mteb_dataset_name": "STSBenchmark",
  "mteb_version": "1.1.2.dev0",
  "test": {
    "cos_sim": {
      "pearson": 0.28275785491270766,
      "spearman": 0.29792860267521487
    },
    "euclidean": {
      "pearson": 0.28176195632034245,
      "spearman": 0.2964552107671641
    },
    "evaluation_time": 0.04,
    "manhattan": {
      "pearson": 0.3317059596826668,
      "spearman": 0.3414594131108141
    }
  }
}