{
  "dataset_revision": "b0fddb56ed78048fa8b90373c8a3cfc37b684831",
  "mteb_dataset_name": "STSBenchmark",
  "mteb_version": "1.1.2.dev0",
  "test": {
    "cos_sim": {
      "pearson": 0.12998086390558544,
      "spearman": 0.09441128100160653
    },
    "euclidean": {
      "pearson": 0.12826736362632152,
      "spearman": 0.06909879500387063
    },
    "evaluation_time": 0.06,
    "manhattan": {
      "pearson": 0.12680524031194687,
      "spearman": 0.06536866618264445
    }
  }
}