{
  "dataset_revision": null,
  "mteb_dataset_name": "InstructSTSBenchmark",
  "mteb_version": "1.1.2.dev0",
  "test": {
    "cos_sim": {
      "pearson": 0.019797284810943193,
      "spearman": 0.004594171507067348
    },
    "euclidean": {
      "pearson": 0.00041655252005694287,
      "spearman": -0.0016854707229212748
    },
    "evaluation_time": 0.03,
    "manhattan": {
      "pearson": 0.0009194325595323018,
      "spearman": -0.0014231548254874317
    }
  }
}