{
  "dataset_revision": "b0fddb56ed78048fa8b90373c8a3cfc37b684831",
  "mteb_dataset_name": "STSBenchmark",
  "mteb_version": "1.1.2.dev0",
  "test": {
    "cos_sim": {
      "pearson": 0.40200216748596496,
      "spearman": 0.41696844735335575
    },
    "euclidean": {
      "pearson": 0.4145290456116869,
      "spearman": 0.42317683202589673
    },
    "evaluation_time": 0.03,
    "manhattan": {
      "pearson": 0.4201472354387991,
      "spearman": 0.4282548213457121
    }
  }
}