{
  "dataset_revision": "a0d554a64d88156834ff5ae9920b964011b16384",
  "mteb_dataset_name": "STS12",
  "mteb_version": "1.1.2.dev0",
  "test": {
    "cos_sim": {
      "pearson": 0.1522898053856574,
      "spearman": 0.2658589570899395
    },
    "euclidean": {
      "pearson": 0.18982633908949442,
      "spearman": 0.26683175305906875
    },
    "evaluation_time": 0.37,
    "manhattan": {
      "pearson": 0.19001056789140852,
      "spearman": 0.26462788548707294
    }
  }
}