{
  "dataset_revision": "b0fddb56ed78048fa8b90373c8a3cfc37b684831",
  "mteb_dataset_name": "STSBenchmark",
  "mteb_version": "1.1.2.dev0",
  "test": {
    "cos_sim": {
      "pearson": 0.3570614271269466,
      "spearman": 0.3741988471036138
    },
    "euclidean": {
      "pearson": 0.38328461876930053,
      "spearman": 0.3858216768063237
    },
    "evaluation_time": 0.03,
    "manhattan": {
      "pearson": 0.39059662728732814,
      "spearman": 0.3917878337795381
    }
  }
}