{
  "dataset_revision": "b0fddb56ed78048fa8b90373c8a3cfc37b684831",
  "mteb_dataset_name": "STSBenchmark",
  "mteb_version": "1.1.2.dev0",
  "test": {
    "cos_sim": {
      "pearson": 0.4260170043124547,
      "spearman": 0.4372219478587166
    },
    "euclidean": {
      "pearson": 0.4437664819438766,
      "spearman": 0.44627453067201933
    },
    "evaluation_time": 0.04,
    "manhattan": {
      "pearson": 0.44788320396538467,
      "spearman": 0.44958952123046986
    }
  }
}