{
  "dataset_revision": "b0fddb56ed78048fa8b90373c8a3cfc37b684831",
  "mteb_dataset_name": "STSBenchmark",
  "mteb_version": "1.1.2.dev0",
  "test": {
    "cos_sim": {
      "pearson": 0.041876382319784196,
      "spearman": 0.09992195894675782
    },
    "euclidean": {
      "pearson": 0.03942272769585356,
      "spearman": 0.06706137792756113
    },
    "evaluation_time": 0.07,
    "manhattan": {
      "pearson": 0.0521708432758259,
      "spearman": 0.17798418538558214
    }
  }
}