{
  "dataset_revision": "b0fddb56ed78048fa8b90373c8a3cfc37b684831",
  "mteb_dataset_name": "STSBenchmark",
  "mteb_version": "1.1.2.dev0",
  "test": {
    "cos_sim": {
      "pearson": 0.022160479142450906,
      "spearman": 0.05210409720318759
    },
    "euclidean": {
      "pearson": 0.027719289124364735,
      "spearman": 0.05242899764661222
    },
    "evaluation_time": 0.03,
    "manhattan": {
      "pearson": 0.032662244655642374,
      "spearman": 0.07943499240468166
    }
  }
}