{
  "dataset_revision": "b0fddb56ed78048fa8b90373c8a3cfc37b684831",
  "mteb_dataset_name": "STSBenchmark",
  "mteb_version": "1.1.2.dev0",
  "test": {
    "cos_sim": {
      "pearson": 0.387886467830902,
      "spearman": 0.4304153229199111
    },
    "euclidean": {
      "pearson": 0.41855769813640425,
      "spearman": 0.42581450383586045
    },
    "evaluation_time": 0.03,
    "manhattan": {
      "pearson": 0.4249642187830231,
      "spearman": 0.43159306495684074
    }
  }
}