{
  "dataset_revision": null,
  "mteb_dataset_name": "InstructSTSBenchmark",
  "mteb_version": "1.1.2.dev0",
  "test": {
    "cos_sim": {
      "pearson": 0.003529154408024706,
      "spearman": 0.05058279354404906
    },
    "euclidean": {
      "pearson": 0.019500443414972164,
      "spearman": 0.047407678137093165
    },
    "evaluation_time": 0.15,
    "manhattan": {
      "pearson": 0.019489961177076184,
      "spearman": 0.04711621602883333
    }
  }
}