{
  "dataset_revision": null,
  "mteb_dataset_name": "InstructSTSBenchmark",
  "mteb_version": "1.1.2.dev0",
  "test": {
    "cos_sim": {
      "pearson": 0.011313609768113566,
      "spearman": 0.010045366191186731
    },
    "euclidean": {
      "pearson": -0.12885014881181306,
      "spearman": -0.11041358857107274
    },
    "evaluation_time": 0.22,
    "manhattan": {
      "pearson": -0.13154990403313768,
      "spearman": -0.114005859071678
    }
  }
}