{
  "dataset_revision": "b0fddb56ed78048fa8b90373c8a3cfc37b684831",
  "mteb_dataset_name": "STSBenchmark",
  "mteb_version": "1.1.2.dev0",
  "test": {
    "cos_sim": {
      "pearson": 0.1277668330058838,
      "spearman": 0.11739930242941658
    },
    "euclidean": {
      "pearson": 0.17230110315363542,
      "spearman": 0.13616662335600843
    },
    "evaluation_time": 0.08,
    "manhattan": {
      "pearson": 0.17693992980480744,
      "spearman": 0.13724654908916936
    }
  }
}