{
  "dataset_revision": null,
  "mteb_dataset_name": "InstructSTSBenchmark",
  "mteb_version": "1.1.2.dev0",
  "test": {
    "cos_sim": {
      "pearson": -0.003323056041749567,
      "spearman": 0.004511756550623808
    },
    "euclidean": {
      "pearson": -0.1106239037152146,
      "spearman": -0.0980209840274661
    },
    "evaluation_time": 0.11,
    "manhattan": {
      "pearson": -0.11181282572345816,
      "spearman": -0.10351231230932835
    }
  }
}