{
  "dataset_revision": "a0d554a64d88156834ff5ae9920b964011b16384",
  "mteb_dataset_name": "STS12",
  "mteb_version": "1.1.2.dev0",
  "test": {
    "cos_sim": {
      "pearson": 0.48198612384958245,
      "spearman": 0.5577095029189194
    },
    "euclidean": {
      "pearson": 0.13704547687261973,
      "spearman": 0.26561267359693647
    },
    "evaluation_time": 0.34,
    "manhattan": {
      "pearson": 0.3918174287838129,
      "spearman": 0.49580116455719647
    }
  }
}