{
  "dataset_revision": null,
  "mteb_dataset_name": "InstructSTSBenchmark",
  "mteb_version": "1.1.2.dev0",
  "test": {
    "cos_sim": {
      "pearson": -0.03083248133699383,
      "spearman": -0.04005326940279062
    },
    "euclidean": {
      "pearson": 0.02440282251914403,
      "spearman": -0.03191054675444615
    },
    "evaluation_time": 0.13,
    "manhattan": {
      "pearson": 0.01707123547735283,
      "spearman": -0.03302721096127984
    }
  }
}