{
  "dataset_revision": "b0fddb56ed78048fa8b90373c8a3cfc37b684831",
  "mteb_dataset_name": "STSBenchmark",
  "mteb_version": "1.1.2.dev0",
  "test": {
    "cos_sim": {
      "pearson": 0.14124127946271378,
      "spearman": 0.322964193964888
    },
    "euclidean": {
      "pearson": 0.21297817317823822,
      "spearman": 0.3317085658267701
    },
    "evaluation_time": 0.03,
    "manhattan": {
      "pearson": 0.3157003962011258,
      "spearman": 0.3486619677208808
    }
  }
}