{
  "dataset_revision": "b0fddb56ed78048fa8b90373c8a3cfc37b684831",
  "mteb_dataset_name": "STSBenchmark",
  "mteb_version": "1.1.2.dev0",
  "test": {
    "cos_sim": {
      "pearson": 0.0406127803650186,
      "spearman": 0.043661939341564295
    },
    "euclidean": {
      "pearson": 0.03925967696945671,
      "spearman": 0.04366475582618368
    },
    "evaluation_time": 30.36,
    "manhattan": {
      "pearson": 0.03963238477791778,
      "spearman": 0.03676744692727241
    }
  }
}