{
  "dataset_revision": null,
  "mteb_dataset_name": "InstructSTSBenchmark",
  "mteb_version": "1.1.2.dev0",
  "test": {
    "cos_sim": {
      "pearson": 0.31757070938872584,
      "spearman": 0.2809904212015034
    },
    "euclidean": {
      "pearson": 0.3263066755740728,
      "spearman": 0.2677575860386736
    },
    "evaluation_time": 0.15,
    "manhattan": {
      "pearson": 0.32450797768095957,
      "spearman": 0.26304409725733324
    }
  }
}