{
  "dataset_revision": "b0fddb56ed78048fa8b90373c8a3cfc37b684831",
  "mteb_dataset_name": "STSBenchmark",
  "mteb_version": "1.1.2.dev0",
  "test": {
    "cos_sim": {
      "pearson": 0.5733263093435988,
      "spearman": 0.5932958141765814
    },
    "euclidean": {
      "pearson": 0.5881033368774637,
      "spearman": 0.5962625365729509
    },
    "evaluation_time": 0.03,
    "manhattan": {
      "pearson": 0.5965769575862478,
      "spearman": 0.6037262785602581
    }
  }
}