{
  "dataset_revision": "b0fddb56ed78048fa8b90373c8a3cfc37b684831",
  "mteb_dataset_name": "STSBenchmark",
  "mteb_version": "1.1.2.dev0",
  "test": {
    "cos_sim": {
      "pearson": 0.5046258303520212,
      "spearman": 0.5409562995716658
    },
    "euclidean": {
      "pearson": 0.5313768407756558,
      "spearman": 0.5408394318501077
    },
    "evaluation_time": 0.03,
    "manhattan": {
      "pearson": 0.532475924269336,
      "spearman": 0.5413695286064187
    }
  }
}