{
  "dataset_revision": null,
  "mteb_dataset_name": "InstructSTSBenchmark",
  "mteb_version": "1.1.2.dev0",
  "test": {
    "cos_sim": {
      "pearson": -0.023767452432545282,
      "spearman": -0.028870688043511162
    },
    "euclidean": {
      "pearson": 0.0103737876189189,
      "spearman": -0.05588330516338007
    },
    "evaluation_time": 0.13,
    "manhattan": {
      "pearson": -0.031754643316635515,
      "spearman": -0.05700133557798052
    }
  }
}