{
  "dataset_revision": "b0fddb56ed78048fa8b90373c8a3cfc37b684831",
  "mteb_dataset_name": "STSBenchmark",
  "mteb_version": "1.1.2.dev0",
  "test": {
    "cos_sim": {
      "pearson": 0.44079722040511443,
      "spearman": 0.45533747922758716
    },
    "euclidean": {
      "pearson": 0.45133918762607417,
      "spearman": 0.4601664531973992
    },
    "evaluation_time": 0.03,
    "manhattan": {
      "pearson": 0.45591388742518174,
      "spearman": 0.46468819495316294
    }
  }
}