{
  "dataset_revision": null,
  "mteb_dataset_name": "InstructSTSBenchmark",
  "mteb_version": "1.1.2.dev0",
  "test": {
    "cos_sim": {
      "pearson": -0.033470044496943255,
      "spearman": -0.02235559915782897
    },
    "euclidean": {
      "pearson": -0.08210052156410884,
      "spearman": -0.07643183920524195
    },
    "evaluation_time": 0.07,
    "manhattan": {
      "pearson": -0.07962158095795194,
      "spearman": -0.07362014067962294
    }
  }
}