{
  "dataset_revision": null,
  "mteb_dataset_name": "InstructSTSBenchmark",
  "mteb_version": "1.1.2.dev0",
  "test": {
    "cos_sim": {
      "pearson": -0.09411093676868211,
      "spearman": -0.08926573609246957
    },
    "euclidean": {
      "pearson": -0.1442658632771925,
      "spearman": -0.13845360963409942
    },
    "evaluation_time": 0.07,
    "manhattan": {
      "pearson": -0.1391217495099237,
      "spearman": -0.13459492454666686
    }
  }
}