{
  "dataset_revision": "b0fddb56ed78048fa8b90373c8a3cfc37b684831",
  "mteb_dataset_name": "STSBenchmark",
  "mteb_version": "1.1.2.dev0",
  "test": {
    "cos_sim": {
      "pearson": 0.426785102423748,
      "spearman": 0.43863577122763625
    },
    "euclidean": {
      "pearson": 0.44574678808751667,
      "spearman": 0.4592810641818584
    },
    "evaluation_time": 0.05,
    "manhattan": {
      "pearson": 0.48622954944003083,
      "spearman": 0.4880123720558108
    }
  }
}