{
  "dataset_revision": "b0fddb56ed78048fa8b90373c8a3cfc37b684831",
  "mteb_dataset_name": "STSBenchmark",
  "mteb_version": "1.1.2.dev0",
  "test": {
    "cos_sim": {
      "pearson": 0.12450146558112378,
      "spearman": 0.35901928512306125
    },
    "euclidean": {
      "pearson": 0.18970948115822173,
      "spearman": 0.3518596736475587
    },
    "evaluation_time": 0.08,
    "manhattan": {
      "pearson": 0.19150070715526704,
      "spearman": 0.35505954356118324
    }
  }
}