{
  "dataset_revision": "b0fddb56ed78048fa8b90373c8a3cfc37b684831",
  "mteb_dataset_name": "STSBenchmark",
  "mteb_version": "1.1.2.dev0",
  "test": {
    "cos_sim": {
      "pearson": 0.17640750670582048,
      "spearman": 0.21755957463777129
    },
    "euclidean": {
      "pearson": 0.2051569063594096,
      "spearman": 0.21755666015174335
    },
    "evaluation_time": 0.03,
    "manhattan": {
      "pearson": 0.20406303344395893,
      "spearman": 0.2165522066196632
    }
  }
}