{
  "dataset_revision": "b0fddb56ed78048fa8b90373c8a3cfc37b684831",
  "mteb_dataset_name": "STSBenchmark",
  "mteb_version": "1.1.2.dev0",
  "test": {
    "cos_sim": {
      "pearson": 0.27624252495201196,
      "spearman": 0.2554665364223974
    },
    "euclidean": {
      "pearson": 0.3004534998191919,
      "spearman": 0.25580735365060825
    },
    "evaluation_time": 0.03,
    "manhattan": {
      "pearson": 0.30201139229045787,
      "spearman": 0.25713310064414585
    }
  }
}