{
  "dataset_revision": "b0fddb56ed78048fa8b90373c8a3cfc37b684831",
  "mteb_dataset_name": "STSBenchmark",
  "mteb_version": "1.1.2.dev0",
  "test": {
    "cos_sim": {
      "pearson": 0.12472057649161296,
      "spearman": 0.20299385295483452
    },
    "euclidean": {
      "pearson": 0.09502516136021961,
      "spearman": 0.10108024905073008
    },
    "evaluation_time": 0.07,
    "manhattan": {
      "pearson": 0.23579115721276397,
      "spearman": 0.26869713450523725
    }
  }
}