{
  "dataset_revision": "b0fddb56ed78048fa8b90373c8a3cfc37b684831",
  "mteb_dataset_name": "STSBenchmark",
  "mteb_version": "1.1.2.dev0",
  "test": {
    "cos_sim": {
      "pearson": 0.7719166816940234,
      "spearman": 0.7744073595258253
    },
    "euclidean": {
      "pearson": 0.7896113492756273,
      "spearman": 0.7747643695626316
    },
    "evaluation_time": 0.04,
    "manhattan": {
      "pearson": 0.7914492636317196,
      "spearman": 0.7766709529190367
    }
  }
}