{
  "dataset_revision": null,
  "mteb_dataset_name": "InstructSTSBenchmark",
  "mteb_version": "1.1.2.dev0",
  "test": {
    "cos_sim": {
      "pearson": 0.0640990103885095,
      "spearman": 0.07328495925512415
    },
    "euclidean": {
      "pearson": 0.002105252172241087,
      "spearman": 0.09026262703544374
    },
    "evaluation_time": 0.13,
    "manhattan": {
      "pearson": 0.07885334047215314,
      "spearman": 0.08665487262767191
    }
  }
}