{
  "dataset_revision": null,
  "mteb_dataset_name": "InstructSTSBenchmark",
  "mteb_version": "1.1.2.dev0",
  "test": {
    "cos_sim": {
      "pearson": -0.007414861165083301,
      "spearman": 0.0014568551315466422
    },
    "euclidean": {
      "pearson": -0.010087788872670762,
      "spearman": 0.015452501238337052
    },
    "evaluation_time": 0.1,
    "manhattan": {
      "pearson": 0.03279913597631541,
      "spearman": 0.023836590943850742
    }
  }
}