{
  "dataset_revision": "b0fddb56ed78048fa8b90373c8a3cfc37b684831",
  "mteb_dataset_name": "STSBenchmark",
  "mteb_version": "1.1.2.dev0",
  "test": {
    "cos_sim": {
      "pearson": 0.1365816681279123,
      "spearman": 0.21205363095727853
    },
    "euclidean": {
      "pearson": 0.13916621086567849,
      "spearman": 0.23478424921364602
    },
    "evaluation_time": 0.05,
    "manhattan": {
      "pearson": 0.16731890681501752,
      "spearman": 0.2316430300431961
    }
  }
}