{
  "dataset_revision": "a0d554a64d88156834ff5ae9920b964011b16384",
  "mteb_dataset_name": "STS12",
  "mteb_version": "1.1.2.dev0",
  "test": {
    "cos_sim": {
      "pearson": 0.335467672078037,
      "spearman": 0.33875139507190694
    },
    "euclidean": {
      "pearson": 0.2924927170616431,
      "spearman": 0.2879219841769866
    },
    "evaluation_time": 0.05,
    "manhattan": {
      "pearson": 0.29220856408421864,
      "spearman": 0.2876449850512868
    }
  }
}