{
  "dataset_revision": "b0fddb56ed78048fa8b90373c8a3cfc37b684831",
  "mteb_dataset_name": "STSBenchmark",
  "mteb_version": "1.1.2.dev0",
  "test": {
    "cos_sim": {
      "pearson": 0.4462645057003542,
      "spearman": 0.4473770365868016
    },
    "euclidean": {
      "pearson": 0.3934913740810599,
      "spearman": 0.3867608750687542
    },
    "evaluation_time": 0.02,
    "manhattan": {
      "pearson": 0.39234918078110753,
      "spearman": 0.3866760418371255
    }
  }
}