{
  "dataset_revision": "b0fddb56ed78048fa8b90373c8a3cfc37b684831",
  "mteb_dataset_name": "STSBenchmark",
  "mteb_version": "1.1.2.dev0",
  "test": {
    "cos_sim": {
      "pearson": 0.766298691612778,
      "spearman": 0.7575019710278466
    },
    "euclidean": {
      "pearson": 0.7478365766784971,
      "spearman": 0.7456381403109388
    },
    "evaluation_time": 0.04,
    "manhattan": {
      "pearson": 0.7477795412005466,
      "spearman": 0.7456081640083727
    }
  }
}