{
  "dataset_revision": null,
  "mteb_dataset_name": "InstructSTSBenchmark",
  "mteb_version": "1.1.2.dev0",
  "test": {
    "cos_sim": {
      "pearson": -0.047776553859407746,
      "spearman": -0.04163399862735432
    },
    "euclidean": {
      "pearson": -0.10976683555177806,
      "spearman": -0.10673752273064567
    },
    "evaluation_time": 0.07,
    "manhattan": {
      "pearson": -0.09718786809005635,
      "spearman": -0.09142209976068012
    }
  }
}