{
  "dataset_revision": "b0fddb56ed78048fa8b90373c8a3cfc37b684831",
  "mteb_dataset_name": "STSBenchmark",
  "mteb_version": "1.1.2.dev0",
  "test": {
    "cos_sim": {
      "pearson": 0.28779738285395473,
      "spearman": 0.32660109536169996
    },
    "euclidean": {
      "pearson": 0.2147745797108625,
      "spearman": 0.2679556522860203
    },
    "evaluation_time": 0.05,
    "manhattan": {
      "pearson": 0.41003522271819653,
      "spearman": 0.408247643758977
    }
  }
}