{
  "dataset_revision": null,
  "mteb_dataset_name": "InstructSTSBenchmark",
  "mteb_version": "1.1.2.dev0",
  "test": {
    "cos_sim": {
      "pearson": -0.10912112835031058,
      "spearman": -0.10596789087509233
    },
    "euclidean": {
      "pearson": -0.11811088392473919,
      "spearman": -0.11103658885923474
    },
    "evaluation_time": 0.08,
    "manhattan": {
      "pearson": -0.12764467877629823,
      "spearman": -0.12229340193992559
    }
  }
}