{
  "dataset_revision": "b0fddb56ed78048fa8b90373c8a3cfc37b684831",
  "mteb_dataset_name": "STSBenchmark",
  "mteb_version": "1.1.2.dev0",
  "test": {
    "cos_sim": {
      "pearson": 0.38897504018884776,
      "spearman": 0.41948437291255697
    },
    "euclidean": {
      "pearson": 0.28823259597529627,
      "spearman": 0.3299351740893436
    },
    "evaluation_time": 0.08,
    "manhattan": {
      "pearson": 0.4482343245680575,
      "spearman": 0.4438867255234715
    }
  }
}