{
  "dataset_revision": "b0fddb56ed78048fa8b90373c8a3cfc37b684831",
  "mteb_dataset_name": "STSBenchmark",
  "mteb_version": "1.1.2.dev0",
  "test": {
    "cos_sim": {
      "pearson": 0.18662734527043565,
      "spearman": 0.22471760430432206
    },
    "euclidean": {
      "pearson": 0.22278699016782905,
      "spearman": 0.22668578803657888
    },
    "evaluation_time": 0.22,
    "manhattan": {
      "pearson": 0.2234659386410818,
      "spearman": 0.22785803418685321
    }
  }
}