{
    "dataset_revision": null,
    "mteb_dataset_name": "IntentEmotion",
    "mteb_version": "1.1.2.dev0",
    "test": {
        "Emotion_success_rate": 0.9457792207792208,
        "Intent_success_rate": 0.054058441558441556,
        "evaluation_time": 0.68,
        "harmonic_mean": 0.10227132190601322
    }
}