{
  "dataset_revision": "b0fddb56ed78048fa8b90373c8a3cfc37b684831",
  "mteb_dataset_name": "STSBenchmark",
  "mteb_version": "1.1.2.dev0",
  "test": {
    "cos_sim": {
      "pearson": 0.02799346142031604,
      "spearman": 0.0589644543153119
    },
    "euclidean": {
      "pearson": 0.0075148577032433965,
      "spearman": 0.004632660483961189
    },
    "evaluation_time": 0.04,
    "manhattan": {
      "pearson": 0.007399767477603878,
      "spearman": 0.001919358415331911
    }
  }
}