{
  "dataset_revision": "b0fddb56ed78048fa8b90373c8a3cfc37b684831",
  "mteb_dataset_name": "STSBenchmark",
  "mteb_version": "1.1.2.dev0",
  "test": {
    "cos_sim": {
      "pearson": 0.043437057650590416,
      "spearman": 0.11893154778444494
    },
    "euclidean": {
      "pearson": 0.0639842248923319,
      "spearman": 0.07107290282445204
    },
    "evaluation_time": 0.04,
    "manhattan": {
      "pearson": 0.07047037751374538,
      "spearman": 0.08740919742605538
    }
  }
}