{
  "dataset_revision": "b0fddb56ed78048fa8b90373c8a3cfc37b684831",
  "mteb_dataset_name": "STSBenchmark",
  "mteb_version": "1.1.2.dev0",
  "test": {
    "cos_sim": {
      "pearson": 0.45506300017695056,
      "spearman": 0.4601163727717272
    },
    "euclidean": {
      "pearson": 0.4878278392120017,
      "spearman": 0.4916220814844682
    },
    "evaluation_time": 0.04,
    "manhattan": {
      "pearson": 0.49152508726395877,
      "spearman": 0.49495398439519167
    }
  }
}