{
  "dataset_revision": "b0fddb56ed78048fa8b90373c8a3cfc37b684831",
  "mteb_dataset_name": "STSBenchmark",
  "mteb_version": "1.1.2.dev0",
  "test": {
    "cos_sim": {
      "pearson": 0.2940714927836395,
      "spearman": 0.3616685524539628
    },
    "euclidean": {
      "pearson": 0.35569467729717874,
      "spearman": 0.3854100214930946
    },
    "evaluation_time": 0.03,
    "manhattan": {
      "pearson": 0.36170931541921847,
      "spearman": 0.3927428422194702
    }
  }
}