{
  "dataset_revision": "b0fddb56ed78048fa8b90373c8a3cfc37b684831",
  "mteb_dataset_name": "STSBenchmark",
  "mteb_version": "1.1.2.dev0",
  "test": {
    "cos_sim": {
      "pearson": 0.19455406895679658,
      "spearman": 0.2539979959513604
    },
    "euclidean": {
      "pearson": 0.2221965693914049,
      "spearman": 0.24831197001059255
    },
    "evaluation_time": 0.04,
    "manhattan": {
      "pearson": 0.22545155778622875,
      "spearman": 0.25506337279139457
    }
  }
}