{
  "dataset_revision": "b0fddb56ed78048fa8b90373c8a3cfc37b684831",
  "mteb_dataset_name": "STSBenchmark",
  "mteb_version": "1.1.2.dev0",
  "test": {
    "cos_sim": {
      "pearson": 0.3890243041710488,
      "spearman": 0.4128977498648562
    },
    "euclidean": {
      "pearson": 0.46498800698491066,
      "spearman": 0.4544958513110012
    },
    "evaluation_time": 0.07,
    "manhattan": {
      "pearson": 0.4850681309526337,
      "spearman": 0.47242235367476504
    }
  }
}