{
  "dataset_revision": null,
  "mteb_dataset_name": "InstructSTSBenchmark",
  "mteb_version": "1.1.2.dev0",
  "test": {
    "cos_sim": {
      "pearson": -0.004326476974904203,
      "spearman": -0.017339718391259272
    },
    "euclidean": {
      "pearson": 0.014665605216831383,
      "spearman": -0.009805422892417997
    },
    "evaluation_time": 0.1,
    "manhattan": {
      "pearson": 0.016370996275474864,
      "spearman": -0.007878129704354265
    }
  }
}