{
  "dataset_revision": null,
  "mteb_dataset_name": "InstructSTSBenchmark",
  "mteb_version": "1.1.2.dev0",
  "test": {
    "cos_sim": {
      "pearson": 0.2228797446115428,
      "spearman": 0.20572625203805836
    },
    "euclidean": {
      "pearson": 0.21493097228464617,
      "spearman": 0.1931059427522126
    },
    "evaluation_time": 0.12,
    "manhattan": {
      "pearson": 0.2123284096533189,
      "spearman": 0.189012721769924
    }
  }
}