{
  "dataset_revision": "b0fddb56ed78048fa8b90373c8a3cfc37b684831",
  "mteb_dataset_name": "STSBenchmark",
  "mteb_version": "1.1.2.dev0",
  "test": {
    "cos_sim": {
      "pearson": 0.12423255174272131,
      "spearman": 0.35629938111633264
    },
    "euclidean": {
      "pearson": 0.1888019295032089,
      "spearman": 0.3505245049413164
    },
    "evaluation_time": 0.08,
    "manhattan": {
      "pearson": 0.19114384026190812,
      "spearman": 0.35384261774494463
    }
  }
}