{
  "dataset_revision": null,
  "mteb_dataset_name": "InstructSTSBenchmark",
  "mteb_version": "1.1.2.dev0",
  "test": {
    "cos_sim": {
      "pearson": -0.01096795739042542,
      "spearman": -0.00848928981641139
    },
    "euclidean": {
      "pearson": -0.08938927301452596,
      "spearman": -0.08059883653426915
    },
    "evaluation_time": 0.07,
    "manhattan": {
      "pearson": -0.045626079629681335,
      "spearman": -0.043334039770814736
    }
  }
}