{
  "dataset_revision": "b0fddb56ed78048fa8b90373c8a3cfc37b684831",
  "mteb_dataset_name": "STSBenchmark",
  "mteb_version": "1.1.2.dev0",
  "test": {
    "cos_sim": {
      "pearson": 0.40430332401543323,
      "spearman": 0.4284894255733566
    },
    "euclidean": {
      "pearson": 0.2987691610013938,
      "spearman": 0.34451399513528197
    },
    "evaluation_time": 0.05,
    "manhattan": {
      "pearson": 0.4682228053595307,
      "spearman": 0.46134293029913614
    }
  }
}