{
  "dataset_revision": "b0fddb56ed78048fa8b90373c8a3cfc37b684831",
  "mteb_dataset_name": "STSBenchmark",
  "mteb_version": "1.1.2.dev0",
  "test": {
    "cos_sim": {
      "pearson": 0.44216214174467644,
      "spearman": 0.4566322218570294
    },
    "euclidean": {
      "pearson": 0.37441919680110525,
      "spearman": 0.39622707312713923
    },
    "evaluation_time": 0.07,
    "manhattan": {
      "pearson": 0.5073510341249753,
      "spearman": 0.49888871427821807
    }
  }
}