{
  "dataset_revision": null,
  "mteb_dataset_name": "InstructSTSBenchmark",
  "mteb_version": "1.1.2.dev0",
  "test": {
    "cos_sim": {
      "pearson": -0.016240549568254405,
      "spearman": -0.010124665903603466
    },
    "euclidean": {
      "pearson": -0.1069735022048163,
      "spearman": -0.0932655975687494
    },
    "evaluation_time": 0.11,
    "manhattan": {
      "pearson": -0.06017164497494015,
      "spearman": -0.06258374576864792
    }
  }
}