{
  "dataset_revision": "b0fddb56ed78048fa8b90373c8a3cfc37b684831",
  "mteb_dataset_name": "STSBenchmark",
  "mteb_version": "1.1.2.dev0",
  "test": {
    "cos_sim": {
      "pearson": 0.18974139682496763,
      "spearman": 0.27915890557385525
    },
    "euclidean": {
      "pearson": 0.2841155542235054,
      "spearman": 0.3099920571512925
    },
    "evaluation_time": 0.06,
    "manhattan": {
      "pearson": 0.34534097146332177,
      "spearman": 0.3581069598214881
    }
  }
}