{
  "dataset_revision": "b0fddb56ed78048fa8b90373c8a3cfc37b684831",
  "mteb_dataset_name": "STSBenchmark",
  "mteb_version": "1.1.2.dev0",
  "test": {
    "cos_sim": {
      "pearson": 0.14205689205695127,
      "spearman": 0.09869858634551254
    },
    "euclidean": {
      "pearson": 0.20299734447200263,
      "spearman": 0.12347728309608906
    },
    "evaluation_time": 0.09,
    "manhattan": {
      "pearson": 0.20903509423861655,
      "spearman": 0.13232502710040409
    }
  }
}