{
  "dataset_revision": "b0fddb56ed78048fa8b90373c8a3cfc37b684831",
  "mteb_dataset_name": "STSBenchmark",
  "mteb_version": "1.1.2.dev0",
  "test": {
    "cos_sim": {
      "pearson": 0.4117922187021474,
      "spearman": 0.42952380997423173
    },
    "euclidean": {
      "pearson": 0.4483252939403474,
      "spearman": 0.4551442977763109
    },
    "evaluation_time": 0.04,
    "manhattan": {
      "pearson": 0.45247940962388533,
      "spearman": 0.45742754550820586
    }
  }
}