{
  "dataset_revision": null,
  "mteb_dataset_name": "InstructSTSBenchmark",
  "mteb_version": "1.1.2.dev0",
  "test": {
    "cos_sim": {
      "pearson": 0.056477785221145965,
      "spearman": 0.05288671037039657
    },
    "euclidean": {
      "pearson": 0.06743760515329496,
      "spearman": 0.06454200682641768
    },
    "evaluation_time": 22.15,
    "manhattan": {
      "pearson": 0.06959630911788872,
      "spearman": 0.0663563584503351
    }
  }
}