{
  "dataset_revision": "b0fddb56ed78048fa8b90373c8a3cfc37b684831",
  "mteb_dataset_name": "STSBenchmark",
  "mteb_version": "1.1.2.dev0",
  "test": {
    "cos_sim": {
      "pearson": 0.23052017519063311,
      "spearman": 0.29180394203071935
    },
    "euclidean": {
      "pearson": 0.3129775742162071,
      "spearman": 0.3286273519443142
    },
    "evaluation_time": 0.08,
    "manhattan": {
      "pearson": 0.3310263432741101,
      "spearman": 0.34270804087753043
    }
  }
}