{
  "dataset_revision": "b0fddb56ed78048fa8b90373c8a3cfc37b684831",
  "mteb_dataset_name": "STSBenchmark",
  "mteb_version": "1.1.2.dev0",
  "test": {
    "cos_sim": {
      "pearson": 0.275442125754577,
      "spearman": 0.22491858340549753
    },
    "euclidean": {
      "pearson": 0.2758789954660373,
      "spearman": 0.22532258008546627
    },
    "evaluation_time": 0.03,
    "manhattan": {
      "pearson": 0.2764478311447288,
      "spearman": 0.2285936699696304
    }
  }
}