{
  "dataset_revision": "b0fddb56ed78048fa8b90373c8a3cfc37b684831",
  "mteb_dataset_name": "STSBenchmark",
  "mteb_version": "1.1.2.dev0",
  "test": {
    "cos_sim": {
      "pearson": 0.19287245900446842,
      "spearman": 0.24156881167130678
    },
    "euclidean": {
      "pearson": 0.22391646910067103,
      "spearman": 0.2415258926698072
    },
    "evaluation_time": 0.03,
    "manhattan": {
      "pearson": 0.2255530833758222,
      "spearman": 0.24227812010469235
    }
  }
}