{
  "dataset_revision": null,
  "mteb_dataset_name": "InstructSTSBenchmark",
  "mteb_version": "1.1.2.dev0",
  "test": {
    "cos_sim": {
      "pearson": 0.012144930836316173,
      "spearman": 0.02748943626624392
    },
    "euclidean": {
      "pearson": -0.11031929834955587,
      "spearman": -0.09877423141328465
    },
    "evaluation_time": 0.12,
    "manhattan": {
      "pearson": -0.06979586105234711,
      "spearman": -0.06308515168564148
    }
  }
}