{
  "dataset_revision": "a0d554a64d88156834ff5ae9920b964011b16384",
  "mteb_dataset_name": "STS12",
  "mteb_version": "1.1.2.dev0",
  "test": {
    "cos_sim": {
      "pearson": 0.4644244335311107,
      "spearman": 0.5483296499422853
    },
    "euclidean": {
      "pearson": 0.14834740703766353,
      "spearman": 0.28596594583126717
    },
    "evaluation_time": 0.35,
    "manhattan": {
      "pearson": 0.4759523132713659,
      "spearman": 0.4994074610747116
    }
  }
}