{
  "dataset_revision": "b0fddb56ed78048fa8b90373c8a3cfc37b684831",
  "mteb_dataset_name": "STSBenchmark",
  "mteb_version": "1.1.2.dev0",
  "test": {
    "cos_sim": {
      "pearson": 0.5023245406542276,
      "spearman": 0.5330108408971442
    },
    "euclidean": {
      "pearson": 0.10047659721138805,
      "spearman": 0.1283007462869391
    },
    "evaluation_time": 0.06,
    "manhattan": {
      "pearson": 0.551527561236151,
      "spearman": 0.5625962440223187
    }
  }
}