{
  "dataset_revision": "b0fddb56ed78048fa8b90373c8a3cfc37b684831",
  "mteb_dataset_name": "STSBenchmark",
  "mteb_version": "1.1.2.dev0",
  "test": {
    "cos_sim": {
      "pearson": 0.21333764510786554,
      "spearman": 0.2699797173382268
    },
    "euclidean": {
      "pearson": 0.2403628560966681,
      "spearman": 0.26372234452088705
    },
    "evaluation_time": 0.04,
    "manhattan": {
      "pearson": 0.2563442491572739,
      "spearman": 0.2781404054297614
    }
  }
}