{
  "dataset_revision": null,
  "mteb_dataset_name": "InstructSTSBenchmark",
  "mteb_version": "1.1.2.dev0",
  "test": {
    "cos_sim": {
      "pearson": 0.20751234226950663,
      "spearman": 0.20250605123866752
    },
    "euclidean": {
      "pearson": 0.20954640507152097,
      "spearman": 0.19920205493789886
    },
    "evaluation_time": 0.07,
    "manhattan": {
      "pearson": 0.2098444835277041,
      "spearman": 0.1995736691259301
    }
  }
}