{
  "dataset_revision": "b0fddb56ed78048fa8b90373c8a3cfc37b684831",
  "mteb_dataset_name": "STSBenchmark",
  "mteb_version": "1.1.2.dev0",
  "test": {
    "cos_sim": {
      "pearson": 0.33676023926680426,
      "spearman": 0.3585977604993668
    },
    "euclidean": {
      "pearson": 0.35210333076909184,
      "spearman": 0.3541218307621738
    },
    "evaluation_time": 0.05,
    "manhattan": {
      "pearson": 0.3518194786154226,
      "spearman": 0.35417047181434286
    }
  }
}