{
  "dataset_revision": "b0fddb56ed78048fa8b90373c8a3cfc37b684831",
  "mteb_dataset_name": "STSBenchmark",
  "mteb_version": "1.1.2.dev0",
  "test": {
    "cos_sim": {
      "pearson": 0.1008572034444496,
      "spearman": 0.18564590668146239
    },
    "euclidean": {
      "pearson": 0.09868669415635385,
      "spearman": 0.13191073990696128
    },
    "evaluation_time": 0.07,
    "manhattan": {
      "pearson": 0.2627308947116419,
      "spearman": 0.2724334177199922
    }
  }
}