{
  "dataset_revision": null,
  "mteb_dataset_name": "InstructSTSBenchmark",
  "mteb_version": "1.1.2.dev0",
  "test": {
    "cos_sim": {
      "pearson": -0.07401884809409837,
      "spearman": -0.06981974806359416
    },
    "euclidean": {
      "pearson": -0.09751147023096501,
      "spearman": -0.09444875160464701
    },
    "evaluation_time": 0.12,
    "manhattan": {
      "pearson": -0.09719112600602046,
      "spearman": -0.09428389334963896
    }
  }
}