{
  "dataset_revision": "a0d554a64d88156834ff5ae9920b964011b16384",
  "mteb_dataset_name": "STS12",
  "mteb_version": "1.1.2.dev0",
  "test": {
    "cos_sim": {
      "pearson": 0.31794393729747866,
      "spearman": 0.4156957075903872
    },
    "euclidean": {
      "pearson": 0.36754588219271883,
      "spearman": 0.4288608381420882
    },
    "evaluation_time": 0.43,
    "manhattan": {
      "pearson": 0.370223498225087,
      "spearman": 0.43011417231945137
    }
  }
}