{
  "dataset_revision": "b0fddb56ed78048fa8b90373c8a3cfc37b684831",
  "mteb_dataset_name": "STSBenchmark",
  "mteb_version": "1.1.2.dev0",
  "test": {
    "cos_sim": {
      "pearson": 0.4614235519287304,
      "spearman": 0.4674277840543305
    },
    "euclidean": {
      "pearson": 0.4844996897062562,
      "spearman": 0.48860232062577336
    },
    "evaluation_time": 0.03,
    "manhattan": {
      "pearson": 0.4872831511851962,
      "spearman": 0.4903641992272762
    }
  }
}