{
  "dataset_revision": "b0fddb56ed78048fa8b90373c8a3cfc37b684831",
  "mteb_dataset_name": "STSBenchmark",
  "mteb_version": "1.1.2.dev0",
  "test": {
    "cos_sim": {
      "pearson": 0.4511619554894022,
      "spearman": 0.4956176144064316
    },
    "euclidean": {
      "pearson": 0.43080124336692915,
      "spearman": 0.467639236638644
    },
    "evaluation_time": 0.04,
    "manhattan": {
      "pearson": 0.4314755522185522,
      "spearman": 0.46886833147459617
    }
  }
}