{
    "test": {
        "NYTTopicClustering": 0.5432547061489942,
        "NYTLocationClustering": 0.6559041534804869,
        "harmonic_mean": 0.594288273564939
    }
}