{
  "dataset_revision": "a0d554a64d88156834ff5ae9920b964011b16384",
  "mteb_dataset_name": "STS12",
  "mteb_version": "1.1.2.dev0",
  "test": {
    "cos_sim": {
      "pearson": 0.789518470075866,
      "spearman": 0.6942331990823006
    },
    "euclidean": {
      "pearson": 0.747859804670364,
      "spearman": 0.6937749808354422
    },
    "evaluation_time": 0.11,
    "manhattan": {
      "pearson": 0.7486977540956549,
      "spearman": 0.6940579391144561
    }
  }
}