{
  "dataset_revision": "b0fddb56ed78048fa8b90373c8a3cfc37b684831",
  "mteb_dataset_name": "STSBenchmark",
  "mteb_version": "1.1.2.dev0",
  "test": {
    "cos_sim": {
      "pearson": 0.5587071972790701,
      "spearman": 0.5748114433362426
    },
    "euclidean": {
      "pearson": 0.5743836442623922,
      "spearman": 0.578640648445795
    },
    "evaluation_time": 0.03,
    "manhattan": {
      "pearson": 0.5821174416836047,
      "spearman": 0.5863172831395973
    }
  }
}