{
  "dataset_revision": "b0fddb56ed78048fa8b90373c8a3cfc37b684831",
  "mteb_dataset_name": "STSBenchmark",
  "mteb_version": "1.1.2.dev0",
  "test": {
    "cos_sim": {
      "pearson": 0.08507456695765582,
      "spearman": 0.058439514131103404
    },
    "euclidean": {
      "pearson": 0.09038565628076448,
      "spearman": 0.0694238589810896
    },
    "evaluation_time": 0.06,
    "manhattan": {
      "pearson": 0.09250013978001713,
      "spearman": 0.07051960333052802
    }
  }
}