{
  "dataset_revision": null,
  "mteb_dataset_name": "InstructSTSBenchmark",
  "mteb_version": "1.1.2.dev0",
  "test": {
    "cos_sim": {
      "pearson": 0.21159253910097406,
      "spearman": 0.24409632790551308
    },
    "euclidean": {
      "pearson": 0.19256052622910427,
      "spearman": 0.20526446678970323
    },
    "evaluation_time": 0.15,
    "manhattan": {
      "pearson": 0.19176636490005952,
      "spearman": 0.2049611640332953
    }
  }
}