{
  "dataset_revision": "b0fddb56ed78048fa8b90373c8a3cfc37b684831",
  "mteb_dataset_name": "STSBenchmark",
  "mteb_version": "1.1.2.dev0",
  "test": {
    "cos_sim": {
      "pearson": 0.792421245042429,
      "spearman": 0.7830593803809417
    },
    "euclidean": {
      "pearson": 0.7909217218218848,
      "spearman": 0.7820836902164401
    },
    "evaluation_time": 0.06,
    "manhattan": {
      "pearson": 0.7910762447178376,
      "spearman": 0.7825182265912358
    }
  }
}