{
  "dataset_revision": null,
  "mteb_dataset_name": "InstructSTSBenchmark",
  "mteb_version": "1.1.2.dev0",
  "test": {
    "cos_sim": {
      "pearson": -0.02574572398499373,
      "spearman": -0.015144377321179731
    },
    "euclidean": {
      "pearson": -0.12708141023348915,
      "spearman": -0.10818936834194376
    },
    "evaluation_time": 0.1,
    "manhattan": {
      "pearson": -0.14593101824280927,
      "spearman": -0.13662149699862397
    }
  }
}