{
  "dataset_revision": "b0fddb56ed78048fa8b90373c8a3cfc37b684831",
  "mteb_dataset_name": "STSBenchmark",
  "mteb_version": "1.1.2.dev0",
  "test": {
    "cos_sim": {
      "pearson": 0.06828030978843075,
      "spearman": 0.1211381168904886
    },
    "euclidean": {
      "pearson": 0.07296454087502136,
      "spearman": 0.088473471747063
    },
    "evaluation_time": 0.04,
    "manhattan": {
      "pearson": 0.07840162535063064,
      "spearman": 0.10283504590336753
    }
  }
}