{
  "dataset_revision": "b0fddb56ed78048fa8b90373c8a3cfc37b684831",
  "mteb_dataset_name": "STSBenchmark",
  "mteb_version": "1.1.2.dev0",
  "test": {
    "cos_sim": {
      "pearson": 0.11966298659218906,
      "spearman": 0.23688647347569985
    },
    "euclidean": {
      "pearson": 0.1571539091212006,
      "spearman": 0.2094745638262447
    },
    "evaluation_time": 0.07,
    "manhattan": {
      "pearson": 0.4127901910097534,
      "spearman": 0.4125329401552302
    }
  }
}