{
  "dataset_revision": "b0fddb56ed78048fa8b90373c8a3cfc37b684831",
  "mteb_dataset_name": "STSBenchmark",
  "mteb_version": "1.1.2.dev0",
  "test": {
    "cos_sim": {
      "pearson": 0.13093396162349324,
      "spearman": 0.1806109686928267
    },
    "euclidean": {
      "pearson": 0.2359473099673069,
      "spearman": 0.24252255520229482
    },
    "evaluation_time": 0.08,
    "manhattan": {
      "pearson": 0.29801827655334434,
      "spearman": 0.2913563855782156
    }
  }
}