{
  "dataset_revision": "b0fddb56ed78048fa8b90373c8a3cfc37b684831",
  "mteb_dataset_name": "STSBenchmark",
  "mteb_version": "1.1.2.dev0",
  "test": {
    "cos_sim": {
      "pearson": 0.2296221723875245,
      "spearman": 0.41006664067434373
    },
    "euclidean": {
      "pearson": 0.30600063844696923,
      "spearman": 0.4343721432808492
    },
    "evaluation_time": 0.04,
    "manhattan": {
      "pearson": 0.31051860817398114,
      "spearman": 0.4414407643310623
    }
  }
}