{
  "dataset_revision": "b0fddb56ed78048fa8b90373c8a3cfc37b684831",
  "mteb_dataset_name": "STSBenchmark",
  "mteb_version": "1.1.2.dev0",
  "test": {
    "cos_sim": {
      "pearson": 0.4137244395495213,
      "spearman": 0.4329412399738943
    },
    "euclidean": {
      "pearson": 0.28720682627862765,
      "spearman": 0.342131813693199
    },
    "evaluation_time": 0.05,
    "manhattan": {
      "pearson": 0.4718589274509142,
      "spearman": 0.46410109145180695
    }
  }
}