{
  "dataset_revision": null,
  "mteb_dataset_name": "InstructSTSBenchmark",
  "mteb_version": "1.1.2.dev0",
  "test": {
    "cos_sim": {
      "pearson": -0.07257433304944115,
      "spearman": -0.06892942366607868
    },
    "euclidean": {
      "pearson": -0.1316861651032662,
      "spearman": -0.12287541533735691
    },
    "evaluation_time": 0.07,
    "manhattan": {
      "pearson": -0.11269728579586942,
      "spearman": -0.1072803709072796
    }
  }
}