{
  "dataset_revision": null,
  "mteb_dataset_name": "InstructSTSBenchmark",
  "mteb_version": "1.1.2.dev0",
  "test": {
    "cos_sim": {
      "pearson": 0.2863013573608523,
      "spearman": 0.24686576122032947
    },
    "euclidean": {
      "pearson": 0.27779946249656856,
      "spearman": 0.24080747197290972
    },
    "evaluation_time": 113.12,
    "manhattan": {
      "pearson": 0.277249982635001,
      "spearman": 0.24020655505051275
    }
  }
}