{
  "dataset_revision": null,
  "mteb_dataset_name": "InstructSTSBenchmark",
  "mteb_version": "1.1.2.dev0",
  "test": {
    "cos_sim": {
      "pearson": 0.10033035039268837,
      "spearman": 0.12423708985661729
    },
    "euclidean": {
      "pearson": 0.10743100682182274,
      "spearman": 0.11147560361210337
    },
    "evaluation_time": 0.12,
    "manhattan": {
      "pearson": 0.10839070297220277,
      "spearman": 0.11193738888981149
    }
  }
}