{
  "dataset_revision": "b0fddb56ed78048fa8b90373c8a3cfc37b684831",
  "mteb_dataset_name": "STSBenchmark",
  "mteb_version": "1.1.2.dev0",
  "test": {
    "cos_sim": {
      "pearson": 0.059102330641153895,
      "spearman": 0.14237436514739396
    },
    "euclidean": {
      "pearson": 0.07216900167698517,
      "spearman": 0.09166656312865229
    },
    "evaluation_time": 0.04,
    "manhattan": {
      "pearson": 0.09475511996636574,
      "spearman": 0.1454601467895204
    }
  }
}