{
  "dataset_revision": "b0fddb56ed78048fa8b90373c8a3cfc37b684831",
  "mteb_dataset_name": "STSBenchmark",
  "mteb_version": "1.1.2.dev0",
  "test": {
    "cos_sim": {
      "pearson": 0.15742305655286873,
      "spearman": 0.1714145890658771
    },
    "euclidean": {
      "pearson": 0.1831595530196779,
      "spearman": 0.17190732405742956
    },
    "evaluation_time": 0.07,
    "manhattan": {
      "pearson": 0.1832007661264589,
      "spearman": 0.17194018761017507
    }
  }
}