{
  "dataset_revision": "b0fddb56ed78048fa8b90373c8a3cfc37b684831",
  "mteb_dataset_name": "STSBenchmark",
  "mteb_version": "1.1.2.dev0",
  "test": {
    "cos_sim": {
      "pearson": 0.7569414154464488,
      "spearman": 0.7571249665298418
    },
    "euclidean": {
      "pearson": 0.768441341750208,
      "spearman": 0.7561396367269129
    },
    "evaluation_time": 0.11,
    "manhattan": {
      "pearson": 0.7713911436721503,
      "spearman": 0.758427626239819
    }
  }
}