{
  "dataset_revision": "a0d554a64d88156834ff5ae9920b964011b16384",
  "mteb_dataset_name": "STS12",
  "mteb_version": "1.1.2.dev0",
  "test": {
    "cos_sim": {
      "pearson": 0.05970222969036006,
      "spearman": 0.16279038403006788
    },
    "euclidean": {
      "pearson": 0.0931422971069994,
      "spearman": 0.17162576010209538
    },
    "evaluation_time": 0.46,
    "manhattan": {
      "pearson": 0.09502231545513515,
      "spearman": 0.17359761760898956
    }
  }
}