{
  "dataset_revision": "b0fddb56ed78048fa8b90373c8a3cfc37b684831",
  "mteb_dataset_name": "STSBenchmark",
  "mteb_version": "1.1.2.dev0",
  "test": {
    "cos_sim": {
      "pearson": 0.13384415318303544,
      "spearman": 0.17605317389708144
    },
    "euclidean": {
      "pearson": 0.17918300293270759,
      "spearman": 0.18863009379962678
    },
    "evaluation_time": 0.07,
    "manhattan": {
      "pearson": 0.18111646252367283,
      "spearman": 0.1906982435628513
    }
  }
}