{
  "dataset_revision": null,
  "mteb_dataset_name": "InstructSTSBenchmark",
  "mteb_version": "1.1.2.dev0",
  "test": {
    "cos_sim": {
      "pearson": 0.2307668443924258,
      "spearman": 0.22773073042200592
    },
    "euclidean": {
      "pearson": 0.2259443280088428,
      "spearman": 0.22702530107057312
    },
    "evaluation_time": 0.14,
    "manhattan": {
      "pearson": 0.2271333212892162,
      "spearman": 0.22847486961715682
    }
  }
}