{
  "dataset_revision": "a0d554a64d88156834ff5ae9920b964011b16384",
  "mteb_dataset_name": "STS12",
  "mteb_version": "1.1.2.dev0",
  "test": {
    "cos_sim": {
      "pearson": 0.36658116937136115,
      "spearman": 0.3872888624039739
    },
    "euclidean": {
      "pearson": 0.38433756504190714,
      "spearman": 0.3840724570001315
    },
    "evaluation_time": 123.66,
    "manhattan": {
      "pearson": 0.4001313019595478,
      "spearman": 0.3931868334324807
    }
  }
}