{
  "dataset_revision": "b0fddb56ed78048fa8b90373c8a3cfc37b684831",
  "mteb_dataset_name": "STSBenchmark",
  "mteb_version": "1.1.2.dev0",
  "test": {
    "cos_sim": {
      "pearson": 0.42338705604189075,
      "spearman": 0.4425990410580888
    },
    "euclidean": {
      "pearson": 0.455845244787645,
      "spearman": 0.4472366128413052
    },
    "evaluation_time": 0.04,
    "manhattan": {
      "pearson": 0.47577703405875565,
      "spearman": 0.46131281655364237
    }
  }
}