{
  "dataset_revision": "a0d554a64d88156834ff5ae9920b964011b16384",
  "mteb_dataset_name": "STS12",
  "mteb_version": "1.1.2.dev0",
  "test": {
    "cos_sim": {
      "pearson": 0.17677201958132716,
      "spearman": 0.30580575511879265
    },
    "euclidean": {
      "pearson": 0.23084626765845054,
      "spearman": 0.30533236125510094
    },
    "evaluation_time": 0.44,
    "manhattan": {
      "pearson": 0.23095424169186396,
      "spearman": 0.30411364727605705
    }
  }
}