{
  "dataset_revision": null,
  "mteb_dataset_name": "InstructSTSBenchmark",
  "mteb_version": "1.1.2.dev0",
  "test": {
    "cos_sim": {
      "pearson": 0.06457276444043471,
      "spearman": 0.055138710542915276
    },
    "euclidean": {
      "pearson": 0.05371217799751228,
      "spearman": 0.05087516639174639
    },
    "evaluation_time": 0.11,
    "manhattan": {
      "pearson": 0.06132699375844723,
      "spearman": 0.05242264802234582
    }
  }
}