{
  "dataset_revision": "b0fddb56ed78048fa8b90373c8a3cfc37b684831",
  "mteb_dataset_name": "STSBenchmark",
  "mteb_version": "1.1.2.dev0",
  "test": {
    "cos_sim": {
      "pearson": 0.4888960401875579,
      "spearman": 0.5237202646221377
    },
    "euclidean": {
      "pearson": 0.5099277717977859,
      "spearman": 0.5275578292273144
    },
    "evaluation_time": 0.03,
    "manhattan": {
      "pearson": 0.5135483117315218,
      "spearman": 0.5303653695811501
    }
  }
}