{
  "dataset_revision": null,
  "mteb_dataset_name": "InstructSTSBenchmark",
  "mteb_version": "1.1.2.dev0",
  "test": {
    "cos_sim": {
      "pearson": -0.10733442852091152,
      "spearman": -0.11454597649466178
    },
    "euclidean": {
      "pearson": -0.10750406537843075,
      "spearman": -0.11419257698480864
    },
    "evaluation_time": 0.08,
    "manhattan": {
      "pearson": -0.11209933089111206,
      "spearman": -0.11676928416931356
    }
  }
}