{
  "dataset_revision": "b0fddb56ed78048fa8b90373c8a3cfc37b684831",
  "mteb_dataset_name": "STSBenchmark",
  "mteb_version": "1.1.2.dev0",
  "test": {
    "cos_sim": {
      "pearson": 0.18822930485763403,
      "spearman": 0.2351833528049693
    },
    "euclidean": {
      "pearson": 0.20701780545579465,
      "spearman": 0.23727196304040676
    },
    "evaluation_time": 0.06,
    "manhattan": {
      "pearson": 0.22382398533488576,
      "spearman": 0.25189940681279055
    }
  }
}