{
    "dataset_revision": null,
    "mteb_dataset_name": "IntentEmotion",
    "mteb_version": "1.1.2.dev0",
    "test": {
        "Emotion_success_rate": 0.9767857142857143,
        "Intent_success_rate": 0.025811688311688313,
        "evaluation_time": 0.49,
        "harmonic_mean": 0.05029436115067894
    }
}