{
  "dataset_revision": null,
  "mteb_dataset_name": "InstructSTSBenchmark",
  "mteb_version": "1.1.2.dev0",
  "test": {
    "cos_sim": {
      "pearson": 0.021865702509138312,
      "spearman": 0.006439946362067851
    },
    "euclidean": {
      "pearson": 0.005256032905481646,
      "spearman": -0.023343382411009
    },
    "evaluation_time": 0.11,
    "manhattan": {
      "pearson": 0.005917045302940204,
      "spearman": -0.020375023005538458
    }
  }
}