{
  "dataset_revision": "a0d554a64d88156834ff5ae9920b964011b16384",
  "mteb_dataset_name": "STS12",
  "mteb_version": "1.1.2.dev0",
  "test": {
    "cos_sim": {
      "pearson": 0.25505096753287454,
      "spearman": 0.22284980376886795
    },
    "euclidean": {
      "pearson": 0.2735623004890161,
      "spearman": 0.23598529808039795
    },
    "evaluation_time": 0.36,
    "manhattan": {
      "pearson": 0.28007980639190555,
      "spearman": 0.2415777387589063
    }
  }
}