{
  "dataset_revision": "b0fddb56ed78048fa8b90373c8a3cfc37b684831",
  "mteb_dataset_name": "STSBenchmark",
  "mteb_version": "1.1.2.dev0",
  "test": {
    "cos_sim": {
      "pearson": 0.22038131854674858,
      "spearman": 0.20577420917049255
    },
    "euclidean": {
      "pearson": 0.2684271701368479,
      "spearman": 0.26290771082477143
    },
    "evaluation_time": 0.06,
    "manhattan": {
      "pearson": 0.27351789066496,
      "spearman": 0.26871379663894973
    }
  }
}