{
  "dataset_revision": "b0fddb56ed78048fa8b90373c8a3cfc37b684831",
  "mteb_dataset_name": "STSBenchmark",
  "mteb_version": "1.1.2.dev0",
  "test": {
    "cos_sim": {
      "pearson": 0.23986707154611214,
      "spearman": 0.3075938269594102
    },
    "euclidean": {
      "pearson": 0.3174774353507215,
      "spearman": 0.33496321282990177
    },
    "evaluation_time": 0.07,
    "manhattan": {
      "pearson": 0.3323808490957899,
      "spearman": 0.34645885225564926
    }
  }
}