{
  "dataset_revision": "b0fddb56ed78048fa8b90373c8a3cfc37b684831",
  "mteb_dataset_name": "STSBenchmark",
  "mteb_version": "1.1.2.dev0",
  "test": {
    "cos_sim": {
      "pearson": 0.6087557881521557,
      "spearman": 0.6107219311681575
    },
    "euclidean": {
      "pearson": 0.6246024286263928,
      "spearman": 0.6268856753366964
    },
    "evaluation_time": 0.04,
    "manhattan": {
      "pearson": 0.6263716233343142,
      "spearman": 0.6282006857468528
    }
  }
}