{
    "dataset_revision": null,
    "mteb_dataset_name": "IntentEmotion",
    "mteb_version": "1.1.2.dev0",
    "test": {
        "Emotion_success_rate": 0.01103896103896104,
        "Intent_success_rate": 0.9913961038961039,
        "evaluation_time": 108.42,
        "harmonic_mean": 0.021834816346529874
    }
}