{
  "dataset_revision": "b0fddb56ed78048fa8b90373c8a3cfc37b684831",
  "mteb_dataset_name": "STSBenchmark",
  "mteb_version": "1.1.2.dev0",
  "test": {
    "cos_sim": {
      "pearson": -0.01905172121889486,
      "spearman": -0.007868364795059339
    },
    "euclidean": {
      "pearson": -0.01973163263575061,
      "spearman": -0.007868364795059339
    },
    "evaluation_time": 30.01,
    "manhattan": {
      "pearson": -0.00016620716388010093,
      "spearman": 0.004447332440248783
    }
  }
}