{
  "dataset_revision": null,
  "mteb_dataset_name": "InstructSTSBenchmark",
  "mteb_version": "1.1.2.dev0",
  "test": {
    "cos_sim": {
      "pearson": -0.1009346323362303,
      "spearman": -0.10462533437200186
    },
    "euclidean": {
      "pearson": -0.10457940160352637,
      "spearman": -0.10709911790870551
    },
    "evaluation_time": 0.08,
    "manhattan": {
      "pearson": -0.10735231585315692,
      "spearman": -0.10893624000983075
    }
  }
}