{
  "dataset_revision": "b0fddb56ed78048fa8b90373c8a3cfc37b684831",
  "mteb_dataset_name": "STSBenchmark",
  "mteb_version": "1.1.2.dev0",
  "test": {
    "cos_sim": {
      "pearson": 0.08884676588609672,
      "spearman": 0.07323538576889894
    },
    "euclidean": {
      "pearson": 0.04112548192242846,
      "spearman": 0.04873144603631665
    },
    "evaluation_time": 0.04,
    "manhattan": {
      "pearson": 0.07023202962185437,
      "spearman": 0.0397288449339798
    }
  }
}