{
  "dataset_revision": "b0fddb56ed78048fa8b90373c8a3cfc37b684831",
  "mteb_dataset_name": "STSBenchmark",
  "mteb_version": "1.1.2.dev0",
  "test": {
    "cos_sim": {
      "pearson": 0.17150095985400754,
      "spearman": 0.24321413745188827
    },
    "euclidean": {
      "pearson": 0.16324614846890925,
      "spearman": 0.25038835095996387
    },
    "evaluation_time": 0.04,
    "manhattan": {
      "pearson": 0.2455420059050192,
      "spearman": 0.2634189255136938
    }
  }
}