{
  "dataset_revision": "b0fddb56ed78048fa8b90373c8a3cfc37b684831",
  "mteb_dataset_name": "STSBenchmark",
  "mteb_version": "1.1.2.dev0",
  "test": {
    "cos_sim": {
      "pearson": 0.2608739918256442,
      "spearman": 0.23945262108023263
    },
    "euclidean": {
      "pearson": 0.16450701220804995,
      "spearman": 0.2324314773906464
    },
    "evaluation_time": 0.06,
    "manhattan": {
      "pearson": 0.2661825934433117,
      "spearman": 0.23489148359991377
    }
  }
}