{
  "dataset_revision": null,
  "mteb_dataset_name": "InstructSTSBenchmark",
  "mteb_version": "1.1.2.dev0",
  "test": {
    "cos_sim": {
      "pearson": -0.12667558538042578,
      "spearman": -0.10936113731783177
    },
    "euclidean": {
      "pearson": -0.1503118249272059,
      "spearman": -0.14219844229589507
    },
    "evaluation_time": 0.12,
    "manhattan": {
      "pearson": -0.15031514877549138,
      "spearman": -0.1421629203514509
    }
  }
}