{
  "dataset_revision": "b0fddb56ed78048fa8b90373c8a3cfc37b684831",
  "mteb_dataset_name": "STSBenchmark",
  "mteb_version": "1.1.2.dev0",
  "test": {
    "cos_sim": {
      "pearson": 0.40432304480803194,
      "spearman": 0.48588152094136333
    },
    "euclidean": {
      "pearson": 0.45665454000423705,
      "spearman": 0.4865037326376813
    },
    "evaluation_time": 0.06,
    "manhattan": {
      "pearson": 0.4607949874552145,
      "spearman": 0.49025407824726414
    }
  }
}