{
  "dataset_revision": "b0fddb56ed78048fa8b90373c8a3cfc37b684831",
  "mteb_dataset_name": "STSBenchmark",
  "mteb_version": "1.1.2.dev0",
  "test": {
    "cos_sim": {
      "pearson": 0.4804681423631185,
      "spearman": 0.4913766513556874
    },
    "euclidean": {
      "pearson": 0.49475780086408017,
      "spearman": 0.49197007552422867
    },
    "evaluation_time": 0.04,
    "manhattan": {
      "pearson": 0.49451645273293443,
      "spearman": 0.4915791832559681
    }
  }
}