{
  "dataset_revision": null,
  "mteb_dataset_name": "InstructSTSBenchmark",
  "mteb_version": "1.1.2.dev0",
  "test": {
    "cos_sim": {
      "pearson": 0.0004145024610636549,
      "spearman": 0.010901594031238103
    },
    "euclidean": {
      "pearson": -0.07093435175964022,
      "spearman": -0.06547104229649588
    },
    "evaluation_time": 0.12,
    "manhattan": {
      "pearson": -0.06812691736009409,
      "spearman": -0.06199991075093901
    }
  }
}