{
  "dataset_revision": "b0fddb56ed78048fa8b90373c8a3cfc37b684831",
  "mteb_dataset_name": "STSBenchmark",
  "mteb_version": "1.1.2.dev0",
  "test": {
    "cos_sim": {
      "pearson": 0.46983460513907527,
      "spearman": 0.4710629678639665
    },
    "euclidean": {
      "pearson": 0.48901839844779954,
      "spearman": 0.49437581697486205
    },
    "evaluation_time": 0.07,
    "manhattan": {
      "pearson": 0.5090182377817095,
      "spearman": 0.5105917230252387
    }
  }
}