{
  "dataset_revision": "a0d554a64d88156834ff5ae9920b964011b16384",
  "mteb_dataset_name": "STS12",
  "mteb_version": "1.1.2.dev0",
  "test": {
    "cos_sim": {
      "pearson": 0.2269079296520731,
      "spearman": 0.29473400962598856
    },
    "euclidean": {
      "pearson": 0.29971586063308103,
      "spearman": 0.2943375273633317
    },
    "evaluation_time": 0.04,
    "manhattan": {
      "pearson": 0.3401673989747319,
      "spearman": 0.3201602922438177
    }
  }
}