{
  "dataset_revision": "b0fddb56ed78048fa8b90373c8a3cfc37b684831",
  "mteb_dataset_name": "STSBenchmark",
  "mteb_version": "1.1.2.dev0",
  "test": {
    "cos_sim": {
      "pearson": 0.2997932139263474,
      "spearman": 0.38364037965688325
    },
    "euclidean": {
      "pearson": 0.37913259473554,
      "spearman": 0.3898504153612898
    },
    "evaluation_time": 0.03,
    "manhattan": {
      "pearson": 0.41747028980965356,
      "spearman": 0.4086262371759096
    }
  }
}