{
    "test": {
        "NYTTopicClustering": 0.050071539266525925,
        "NYTLocationClustering": 0.09202531111102365,
        "harmonic_mean": 0.06485505820832632
    }
}