{
  "dataset_revision": null,
  "mteb_dataset_name": "InstructSTSBenchmark",
  "mteb_version": "1.1.2.dev0",
  "test": {
    "cos_sim": {
      "pearson": 0.06824159517097088,
      "spearman": 0.11719919076223721
    },
    "euclidean": {
      "pearson": 0.07784417551339487,
      "spearman": 0.08311998375883042
    },
    "evaluation_time": 0.15,
    "manhattan": {
      "pearson": 0.07761531968780344,
      "spearman": 0.08304074249815861
    }
  }
}