{
  "dataset_revision": "b0fddb56ed78048fa8b90373c8a3cfc37b684831",
  "mteb_dataset_name": "STSBenchmark",
  "mteb_version": "1.1.2.dev0",
  "test": {
    "cos_sim": {
      "pearson": 0.2853689497747981,
      "spearman": 0.3260013078060473
    },
    "euclidean": {
      "pearson": 0.26205261790035905,
      "spearman": 0.31979056656127774
    },
    "evaluation_time": 0.05,
    "manhattan": {
      "pearson": 0.3033955897680882,
      "spearman": 0.32097284146385485
    }
  }
}