{
  "dataset_revision": "b0fddb56ed78048fa8b90373c8a3cfc37b684831",
  "mteb_dataset_name": "STSBenchmark",
  "mteb_version": "1.1.2.dev0",
  "test": {
    "cos_sim": {
      "pearson": 0.32150719204063244,
      "spearman": 0.3507942066237773
    },
    "euclidean": {
      "pearson": 0.3693048670006033,
      "spearman": 0.3763312036955303
    },
    "evaluation_time": 0.03,
    "manhattan": {
      "pearson": 0.3788219927918072,
      "spearman": 0.38265003005876774
    }
  }
}