{
  "dataset_revision": "b0fddb56ed78048fa8b90373c8a3cfc37b684831",
  "mteb_dataset_name": "STSBenchmark",
  "mteb_version": "1.1.2.dev0",
  "test": {
    "cos_sim": {
      "pearson": 0.3899761609643593,
      "spearman": 0.410340397191215
    },
    "euclidean": {
      "pearson": 0.24030767434313555,
      "spearman": 0.2773189883978291
    },
    "evaluation_time": 0.07,
    "manhattan": {
      "pearson": 0.4528846265444571,
      "spearman": 0.4476090121636224
    }
  }
}