{
  "dataset_revision": "b0fddb56ed78048fa8b90373c8a3cfc37b684831",
  "mteb_dataset_name": "STSBenchmark",
  "mteb_version": "1.1.2.dev0",
  "test": {
    "cos_sim": {
      "pearson": 0.006631152648512403,
      "spearman": 0.0314437445886249
    },
    "euclidean": {
      "pearson": 0.0022203422043708372,
      "spearman": 0.029059828266727573
    },
    "evaluation_time": 0.03,
    "manhattan": {
      "pearson": 0.0030104034654427395,
      "spearman": 0.02966044546376159
    }
  }
}