{
  "dataset_revision": "b0fddb56ed78048fa8b90373c8a3cfc37b684831",
  "mteb_dataset_name": "STSBenchmark",
  "mteb_version": "1.1.2.dev0",
  "test": {
    "cos_sim": {
      "pearson": 0.3437975780599739,
      "spearman": 0.3525440344586956
    },
    "euclidean": {
      "pearson": 0.37512077694997586,
      "spearman": 0.37648563456927214
    },
    "evaluation_time": 0.03,
    "manhattan": {
      "pearson": 0.375715896342796,
      "spearman": 0.37623594200223154
    }
  }
}