{
  "dataset_revision": null,
  "mteb_dataset_name": "InstructSTSBenchmark",
  "mteb_version": "1.1.2.dev0",
  "test": {
    "cos_sim": {
      "pearson": 0.178629473098621,
      "spearman": 0.1738553259388096
    },
    "euclidean": {
      "pearson": 0.18998690067260335,
      "spearman": 0.17078358853905531
    },
    "evaluation_time": 0.12,
    "manhattan": {
      "pearson": 0.1894616611680616,
      "spearman": 0.17019519940808991
    }
  }
}