{
  "dataset_revision": "b0fddb56ed78048fa8b90373c8a3cfc37b684831",
  "mteb_dataset_name": "STSBenchmark",
  "mteb_version": "1.1.2.dev0",
  "test": {
    "cos_sim": {
      "pearson": 0.20517636756048124,
      "spearman": 0.22616543191989166
    },
    "euclidean": {
      "pearson": 0.21257568763786897,
      "spearman": 0.21785097954098814
    },
    "evaluation_time": 0.05,
    "manhattan": {
      "pearson": 0.21797095165282476,
      "spearman": 0.22137892875329354
    }
  }
}