{
  "dataset_revision": "b0fddb56ed78048fa8b90373c8a3cfc37b684831",
  "mteb_dataset_name": "STSBenchmark",
  "mteb_version": "1.1.2.dev0",
  "test": {
    "cos_sim": {
      "pearson": 0.36970035921992345,
      "spearman": 0.3905226289985279
    },
    "euclidean": {
      "pearson": 0.4175458691288208,
      "spearman": 0.41823014193506464
    },
    "evaluation_time": 0.03,
    "manhattan": {
      "pearson": 0.43498258630974795,
      "spearman": 0.4305863940110422
    }
  }
}