{
  "dataset_revision": "b0fddb56ed78048fa8b90373c8a3cfc37b684831",
  "mteb_dataset_name": "STSBenchmark",
  "mteb_version": "1.1.2.dev0",
  "test": {
    "cos_sim": {
      "pearson": 0.4153271200678443,
      "spearman": 0.42691115485860154
    },
    "euclidean": {
      "pearson": 0.4241248433165873,
      "spearman": 0.4316729742750978
    },
    "evaluation_time": 0.03,
    "manhattan": {
      "pearson": 0.4285747200501047,
      "spearman": 0.43520032790138236
    }
  }
}