{
  "dataset_revision": "b0fddb56ed78048fa8b90373c8a3cfc37b684831",
  "mteb_dataset_name": "STSBenchmark",
  "mteb_version": "1.1.2.dev0",
  "test": {
    "cos_sim": {
      "pearson": 0.21752192964991335,
      "spearman": 0.2623481389439146
    },
    "euclidean": {
      "pearson": 0.26130748174146723,
      "spearman": 0.27086431198946787
    },
    "evaluation_time": 0.07,
    "manhattan": {
      "pearson": 0.26346161603775614,
      "spearman": 0.27281418960689585
    }
  }
}