{
  "dataset_revision": "b0fddb56ed78048fa8b90373c8a3cfc37b684831",
  "mteb_dataset_name": "STSBenchmark",
  "mteb_version": "1.1.2.dev0",
  "test": {
    "cos_sim": {
      "pearson": 0.3481498005106953,
      "spearman": 0.37247331567251935
    },
    "euclidean": {
      "pearson": 0.30391677385129584,
      "spearman": 0.3351838766884211
    },
    "evaluation_time": 0.06,
    "manhattan": {
      "pearson": 0.4302000018429516,
      "spearman": 0.41581757415234766
    }
  }
}