{
  "dataset_revision": "b0fddb56ed78048fa8b90373c8a3cfc37b684831",
  "mteb_dataset_name": "STSBenchmark",
  "mteb_version": "1.1.2.dev0",
  "test": {
    "cos_sim": {
      "pearson": 0.2167689482428703,
      "spearman": 0.2324590353111702
    },
    "euclidean": {
      "pearson": 0.2900188883558074,
      "spearman": 0.2554728708114885
    },
    "evaluation_time": 0.07,
    "manhattan": {
      "pearson": 0.2976469193952111,
      "spearman": 0.2628632526191419
    }
  }
}