{
  "dataset_revision": null,
  "mteb_dataset_name": "InstructSTSBenchmark",
  "mteb_version": "1.1.2.dev0",
  "test": {
    "cos_sim": {
      "pearson": 0.005489730581835254,
      "spearman": 0.017101088160210436
    },
    "euclidean": {
      "pearson": -0.13122778674719734,
      "spearman": -0.11320798153401382
    },
    "evaluation_time": 0.12,
    "manhattan": {
      "pearson": -0.10268048824259739,
      "spearman": -0.09183424541127366
    }
  }
}