{
  "dataset_revision": "a0d554a64d88156834ff5ae9920b964011b16384",
  "mteb_dataset_name": "STS12",
  "mteb_version": "1.1.2.dev0",
  "test": {
    "cos_sim": {
      "pearson": 0.24614788422082196,
      "spearman": 0.2167672765437478
    },
    "euclidean": {
      "pearson": 0.2696705282042962,
      "spearman": 0.2352320962600062
    },
    "evaluation_time": 0.4,
    "manhattan": {
      "pearson": 0.2763234676983837,
      "spearman": 0.2415077532179278
    }
  }
}