{
  "dataset_revision": "b0fddb56ed78048fa8b90373c8a3cfc37b684831",
  "mteb_dataset_name": "STSBenchmark",
  "mteb_version": "1.1.2.dev0",
  "test": {
    "cos_sim": {
      "pearson": 0.38504632930575944,
      "spearman": 0.44970832809146294
    },
    "euclidean": {
      "pearson": 0.4271619075314606,
      "spearman": 0.45118229005353555
    },
    "evaluation_time": 0.03,
    "manhattan": {
      "pearson": 0.45062811839516675,
      "spearman": 0.4653720926364632
    }
  }
}