{
  "dataset_revision": "b0fddb56ed78048fa8b90373c8a3cfc37b684831",
  "mteb_dataset_name": "STSBenchmark",
  "mteb_version": "1.1.2.dev0",
  "test": {
    "cos_sim": {
      "pearson": 0.49062972443077707,
      "spearman": 0.5118898641762313
    },
    "euclidean": {
      "pearson": 0.5078780869091568,
      "spearman": 0.5135345479143493
    },
    "evaluation_time": 0.03,
    "manhattan": {
      "pearson": 0.5177334431102482,
      "spearman": 0.522601767819518
    }
  }
}