{
  "dataset_revision": null,
  "mteb_dataset_name": "InstructSTSBenchmark",
  "mteb_version": "1.1.2.dev0",
  "test": {
    "cos_sim": {
      "pearson": 0.044720345774641526,
      "spearman": 0.03946169241065966
    },
    "euclidean": {
      "pearson": 0.02843736271087879,
      "spearman": 0.03243563396342122
    },
    "evaluation_time": 0.08,
    "manhattan": {
      "pearson": 0.031294343562548836,
      "spearman": 0.03243563396342122
    }
  }
}