{
  "dataset_revision": null,
  "mteb_dataset_name": "InstructSTSBenchmark",
  "mteb_version": "1.1.2.dev0",
  "test": {
    "cos_sim": {
      "pearson": 0.047226810742741,
      "spearman": 0.05790851650731655
    },
    "euclidean": {
      "pearson": -0.12589012502705374,
      "spearman": -0.10669198176097303
    },
    "evaluation_time": 0.11,
    "manhattan": {
      "pearson": -0.02826457065603047,
      "spearman": -0.02277275425226316
    }
  }
}