{
  "dataset_revision": "b0fddb56ed78048fa8b90373c8a3cfc37b684831",
  "mteb_dataset_name": "STSBenchmark",
  "mteb_version": "1.1.2.dev0",
  "test": {
    "cos_sim": {
      "pearson": 0.23933237901013918,
      "spearman": 0.2199079045850094
    },
    "euclidean": {
      "pearson": 0.19160540452198307,
      "spearman": 0.21534199096294745
    },
    "evaluation_time": 0.04,
    "manhattan": {
      "pearson": 0.24825320363173298,
      "spearman": 0.21810071334090705
    }
  }
}