{
  "dataset_revision": "b0fddb56ed78048fa8b90373c8a3cfc37b684831",
  "mteb_dataset_name": "STSBenchmark",
  "mteb_version": "1.1.2.dev0",
  "test": {
    "cos_sim": {
      "pearson": 0.3110728203333809,
      "spearman": 0.409537830622675
    },
    "euclidean": {
      "pearson": 0.34888736454850094,
      "spearman": 0.393075312080529
    },
    "evaluation_time": 0.03,
    "manhattan": {
      "pearson": 0.4288063725509347,
      "spearman": 0.42615758429094996
    }
  }
}