{
  "dataset_revision": null,
  "mteb_dataset_name": "InstructSTSBenchmark",
  "mteb_version": "1.1.2.dev0",
  "test": {
    "cos_sim": {
      "pearson": 0.049403689080347785,
      "spearman": 0.0638497853510552
    },
    "euclidean": {
      "pearson": -0.05626340777076543,
      "spearman": -0.0420165399533747
    },
    "evaluation_time": 0.11,
    "manhattan": {
      "pearson": -0.00678633690653738,
      "spearman": -0.0026700661573864993
    }
  }
}