{
  "dataset_revision": "b0fddb56ed78048fa8b90373c8a3cfc37b684831",
  "mteb_dataset_name": "STSBenchmark",
  "mteb_version": "1.1.2.dev0",
  "test": {
    "cos_sim": {
      "pearson": 0.1298110804617022,
      "spearman": 0.21735651788507446
    },
    "euclidean": {
      "pearson": 0.12435149483170732,
      "spearman": 0.16554038903670518
    },
    "evaluation_time": 0.06,
    "manhattan": {
      "pearson": 0.29741511054357483,
      "spearman": 0.3068392301312667
    }
  }
}