{
  "dataset_revision": null,
  "mteb_dataset_name": "InstructSTSBenchmark",
  "mteb_version": "1.1.2.dev0",
  "test": {
    "cos_sim": {
      "pearson": 0.2317698688274687,
      "spearman": 0.23226256501559356
    },
    "euclidean": {
      "pearson": 0.2772590293012637,
      "spearman": 0.22826403091216022
    },
    "evaluation_time": 0.05,
    "manhattan": {
      "pearson": 0.27783382481576413,
      "spearman": 0.22932496083836676
    }
  }
}