{
  "dataset_revision": "b0fddb56ed78048fa8b90373c8a3cfc37b684831",
  "mteb_dataset_name": "STSBenchmark",
  "mteb_version": "1.1.2.dev0",
  "test": {
    "cos_sim": {
      "pearson": 0.07812729521492126,
      "spearman": 0.09423951546241355
    },
    "euclidean": {
      "pearson": 0.09665692663491944,
      "spearman": 0.10251967062410511
    },
    "evaluation_time": 0.03,
    "manhattan": {
      "pearson": 0.09993824630192398,
      "spearman": 0.10494597811817706
    }
  }
}