{
  "dataset_revision": "b0fddb56ed78048fa8b90373c8a3cfc37b684831",
  "mteb_dataset_name": "STSBenchmark",
  "mteb_version": "1.1.2.dev0",
  "test": {
    "cos_sim": {
      "pearson": 0.3584786665078376,
      "spearman": 0.39605553985933484
    },
    "euclidean": {
      "pearson": 0.36917931500647444,
      "spearman": 0.3870177074552639
    },
    "evaluation_time": 0.06,
    "manhattan": {
      "pearson": 0.4304218520938778,
      "spearman": 0.4310080964022976
    }
  }
}