{
  "dataset_revision": "b0fddb56ed78048fa8b90373c8a3cfc37b684831",
  "mteb_dataset_name": "STSBenchmark",
  "mteb_version": "1.1.2.dev0",
  "test": {
    "cos_sim": {
      "pearson": 0.08861675880772725,
      "spearman": 0.06649021551008932
    },
    "euclidean": {
      "pearson": 0.05678688090001859,
      "spearman": 0.03707953400177278
    },
    "evaluation_time": 0.04,
    "manhattan": {
      "pearson": 0.09212660956029312,
      "spearman": 0.037393941571035844
    }
  }
}