{
  "dataset_revision": "b0fddb56ed78048fa8b90373c8a3cfc37b684831",
  "mteb_dataset_name": "STSBenchmark",
  "mteb_version": "1.1.2.dev0",
  "test": {
    "cos_sim": {
      "pearson": 0.6676085110614469,
      "spearman": 0.6541602848255083
    },
    "euclidean": {
      "pearson": 0.6336475947141655,
      "spearman": 0.6161072219939211
    },
    "evaluation_time": 0.06,
    "manhattan": {
      "pearson": 0.6379334170762611,
      "spearman": 0.6202716052555781
    }
  }
}