{
  "dataset_revision": "b0fddb56ed78048fa8b90373c8a3cfc37b684831",
  "mteb_dataset_name": "STSBenchmark",
  "mteb_version": "1.1.2.dev0",
  "test": {
    "cos_sim": {
      "pearson": 0.43920166024079144,
      "spearman": 0.4564082420076222
    },
    "euclidean": {
      "pearson": 0.45456308096212206,
      "spearman": 0.45660624612992545
    },
    "evaluation_time": 0.03,
    "manhattan": {
      "pearson": 0.4669340037005989,
      "spearman": 0.47089181436355393
    }
  }
}