{
  "dataset_revision": null,
  "mteb_dataset_name": "InstructSTSBenchmark",
  "mteb_version": "1.1.2.dev0",
  "test": {
    "cos_sim": {
      "pearson": 0.04655462490136122,
      "spearman": 0.05063607781485103
    },
    "euclidean": {
      "pearson": -0.12933335029384704,
      "spearman": -0.10960751366224268
    },
    "evaluation_time": 0.11,
    "manhattan": {
      "pearson": -0.021736055831905892,
      "spearman": -0.0189964983126618
    }
  }
}