{
  "dataset_revision": "b0fddb56ed78048fa8b90373c8a3cfc37b684831",
  "mteb_dataset_name": "STSBenchmark",
  "mteb_version": "1.1.2.dev0",
  "test": {
    "cos_sim": {
      "pearson": 0.5788361197002092,
      "spearman": 0.5942921938790242
    },
    "euclidean": {
      "pearson": 0.5942451638920189,
      "spearman": 0.598418917610286
    },
    "evaluation_time": 0.03,
    "manhattan": {
      "pearson": 0.6012786174484585,
      "spearman": 0.6052005539461398
    }
  }
}