{
  "dataset_revision": null,
  "mteb_dataset_name": "InstructSTSBenchmark",
  "mteb_version": "1.1.2.dev0",
  "test": {
    "cos_sim": {
      "pearson": 0.09533738826237141,
      "spearman": 0.12819733125203137
    },
    "euclidean": {
      "pearson": 0.08743413151692643,
      "spearman": 0.10227359836420355
    },
    "evaluation_time": 0.12,
    "manhattan": {
      "pearson": 0.08719356892305463,
      "spearman": 0.10199762019507026
    }
  }
}