{
  "dataset_revision": null,
  "mteb_dataset_name": "InstructSTSBenchmark",
  "mteb_version": "1.1.2.dev0",
  "test": {
    "cos_sim": {
      "pearson": 0.06062579784139595,
      "spearman": 0.06570876857798981
    },
    "euclidean": {
      "pearson": -0.12503399765539372,
      "spearman": -0.105438694695635
    },
    "evaluation_time": 0.1,
    "manhattan": {
      "pearson": -0.004822963549187857,
      "spearman": -0.002935114511665555
    }
  }
}