{
  "dataset_revision": "b0fddb56ed78048fa8b90373c8a3cfc37b684831",
  "mteb_dataset_name": "STSBenchmark",
  "mteb_version": "1.1.2.dev0",
  "test": {
    "cos_sim": {
      "pearson": 0.3015420306145345,
      "spearman": 0.382091713768377
    },
    "euclidean": {
      "pearson": 0.34873916352289513,
      "spearman": 0.3844201529452267
    },
    "evaluation_time": 0.03,
    "manhattan": {
      "pearson": 0.37666749686636347,
      "spearman": 0.39913435069367476
    }
  }
}