{
  "dataset_revision": null,
  "mteb_dataset_name": "InstructSTSBenchmark",
  "mteb_version": "1.1.2.dev0",
  "test": {
    "cos_sim": {
      "pearson": 0.2942507815662518,
      "spearman": 0.3005898817103596
    },
    "euclidean": {
      "pearson": 0.30869043440902144,
      "spearman": 0.2986580344243262
    },
    "evaluation_time": 0.15,
    "manhattan": {
      "pearson": 0.3083313947391937,
      "spearman": 0.2979676335554845
    }
  }
}