{
  "dataset_revision": null,
  "mteb_dataset_name": "InstructSTSBenchmark",
  "mteb_version": "1.1.2.dev0",
  "test": {
    "cos_sim": {
      "pearson": 0.0019237825162072787,
      "spearman": 0.04299339348092207
    },
    "euclidean": {
      "pearson": 0.014923905377018353,
      "spearman": 0.04012476870695076
    },
    "evaluation_time": 0.15,
    "manhattan": {
      "pearson": 0.014734766608129885,
      "spearman": 0.04012750117569223
    }
  }
}