{
  "dataset_revision": "b0fddb56ed78048fa8b90373c8a3cfc37b684831",
  "mteb_dataset_name": "STSBenchmark",
  "mteb_version": "1.1.2.dev0",
  "test": {
    "cos_sim": {
      "pearson": 0.08032171189316456,
      "spearman": 0.10450789023920537
    },
    "euclidean": {
      "pearson": 0.1030032410460834,
      "spearman": 0.11124994461019759
    },
    "evaluation_time": 0.05,
    "manhattan": {
      "pearson": 0.10984495990853242,
      "spearman": 0.11718928875890228
    }
  }
}