{
  "dataset_revision": "b0fddb56ed78048fa8b90373c8a3cfc37b684831",
  "mteb_dataset_name": "STSBenchmark",
  "mteb_version": "1.1.2.dev0",
  "test": {
    "cos_sim": {
      "pearson": 0.2582026325669852,
      "spearman": 0.18562217469451633
    },
    "euclidean": {
      "pearson": 0.24485241467948288,
      "spearman": 0.18629948108088923
    },
    "evaluation_time": 0.03,
    "manhattan": {
      "pearson": 0.2535137945532752,
      "spearman": 0.20895358686340865
    }
  }
}