{
  "dataset_revision": "b0fddb56ed78048fa8b90373c8a3cfc37b684831",
  "mteb_dataset_name": "STSBenchmark",
  "mteb_version": "1.1.2.dev0",
  "test": {
    "cos_sim": {
      "pearson": 0.3793779466123885,
      "spearman": 0.39975288715779944
    },
    "euclidean": {
      "pearson": 0.4232155159919796,
      "spearman": 0.41867199575025965
    },
    "evaluation_time": 0.03,
    "manhattan": {
      "pearson": 0.43210878049635115,
      "spearman": 0.4260948163965124
    }
  }
}