{
  "dataset_revision": null,
  "mteb_dataset_name": "InstructSTSBenchmark",
  "mteb_version": "1.1.2.dev0",
  "test": {
    "cos_sim": {
      "pearson": -0.00043395418961483074,
      "spearman": 0.012183578547410312
    },
    "euclidean": {
      "pearson": -0.11130134154896323,
      "spearman": -0.10088960877413876
    },
    "evaluation_time": 0.12,
    "manhattan": {
      "pearson": -0.0982457905933888,
      "spearman": -0.09130733652943877
    }
  }
}