{
  "dataset_revision": "b0fddb56ed78048fa8b90373c8a3cfc37b684831",
  "mteb_dataset_name": "STSBenchmark",
  "mteb_version": "1.1.2.dev0",
  "test": {
    "cos_sim": {
      "pearson": 0.5589682338023938,
      "spearman": 0.5755859299486714
    },
    "euclidean": {
      "pearson": 0.5630351542513867,
      "spearman": 0.5615084686496492
    },
    "evaluation_time": 0.07,
    "manhattan": {
      "pearson": 0.5647634231376724,
      "spearman": 0.5634126739822021
    }
  }
}