{
  "dataset_revision": null,
  "mteb_dataset_name": "InstructSTSBenchmark",
  "mteb_version": "1.1.2.dev0",
  "test": {
    "cos_sim": {
      "pearson": 0.27886975436778355,
      "spearman": 0.2932951316331123
    },
    "euclidean": {
      "pearson": 0.29520996566017194,
      "spearman": 0.2896163333359464
    },
    "evaluation_time": 0.15,
    "manhattan": {
      "pearson": 0.2956732679268202,
      "spearman": 0.28966369592853186
    }
  }
}