{
  "dataset_revision": null,
  "mteb_dataset_name": "InstructSTSBenchmark",
  "mteb_version": "1.1.2.dev0",
  "test": {
    "cos_sim": {
      "pearson": 0.001776248920245618,
      "spearman": -0.005308709055467087
    },
    "euclidean": {
      "pearson": -0.00045573229070811387,
      "spearman": -0.02518187074770583
    },
    "evaluation_time": 0.12,
    "manhattan": {
      "pearson": -0.005616630984609173,
      "spearman": -0.026178306822974565
    }
  }
}