{
  "dataset_revision": null,
  "mteb_dataset_name": "InstructSTSBenchmark",
  "mteb_version": "1.1.2.dev0",
  "test": {
    "cos_sim": {
      "pearson": -0.1678025030520755,
      "spearman": -0.15050055845803215
    },
    "euclidean": {
      "pearson": -0.16254198327853195,
      "spearman": -0.14278500980918632
    },
    "evaluation_time": 0.08,
    "manhattan": {
      "pearson": -0.16302847212988028,
      "spearman": -0.1434289588842045
    }
  }
}