{
  "dataset_revision": "b0fddb56ed78048fa8b90373c8a3cfc37b684831",
  "mteb_dataset_name": "STSBenchmark",
  "mteb_version": "1.1.2.dev0",
  "test": {
    "cos_sim": {
      "pearson": 0.37094969033769987,
      "spearman": 0.39620637054729857
    },
    "euclidean": {
      "pearson": 0.4021748233801779,
      "spearman": 0.4052461055418007
    },
    "evaluation_time": 0.06,
    "manhattan": {
      "pearson": 0.40249138112077776,
      "spearman": 0.40563712655417894
    }
  }
}