{
  "dataset_revision": "b0fddb56ed78048fa8b90373c8a3cfc37b684831",
  "mteb_dataset_name": "STSBenchmark",
  "mteb_version": "1.1.2.dev0",
  "test": {
    "cos_sim": {
      "pearson": 0.13201049306228688,
      "spearman": 0.11188108113358068
    },
    "euclidean": {
      "pearson": 0.17947576838380933,
      "spearman": 0.1373374011549914
    },
    "evaluation_time": 0.08,
    "manhattan": {
      "pearson": 0.18343972568194666,
      "spearman": 0.1367418494963658
    }
  }
}