{
  "dataset_revision": "b0fddb56ed78048fa8b90373c8a3cfc37b684831",
  "mteb_dataset_name": "STSBenchmark",
  "mteb_version": "1.1.2.dev0",
  "test": {
    "cos_sim": {
      "pearson": -0.039543528930089104,
      "spearman": -0.055449026332169166
    },
    "euclidean": {
      "pearson": -0.038399215872529584,
      "spearman": -0.055449026332169166
    },
    "evaluation_time": 34.58,
    "manhattan": {
      "pearson": 0.010162441984678054,
      "spearman": -0.0017352295631488134
    }
  }
}