{
  "dataset_revision": "b0fddb56ed78048fa8b90373c8a3cfc37b684831",
  "mteb_dataset_name": "STSBenchmark",
  "mteb_version": "1.1.2.dev0",
  "test": {
    "cos_sim": {
      "pearson": 0.32608244131173064,
      "spearman": 0.2956377529187173
    },
    "euclidean": {
      "pearson": 0.3366152183597879,
      "spearman": 0.3184349119866381
    },
    "evaluation_time": 0.04,
    "manhattan": {
      "pearson": 0.3474671802850335,
      "spearman": 0.3203587319390251
    }
  }
}