{
  "dataset_revision": null,
  "mteb_dataset_name": "InstructSTSBenchmark",
  "mteb_version": "1.1.2.dev0",
  "test": {
    "cos_sim": {
      "pearson": 0.07952158952503381,
      "spearman": 0.12497485340740198
    },
    "euclidean": {
      "pearson": 0.10136266096031331,
      "spearman": 0.11934416971490515
    },
    "evaluation_time": 0.15,
    "manhattan": {
      "pearson": 0.10414970025958242,
      "spearman": 0.12259306140244929
    }
  }
}