{
  "dataset_revision": null,
  "mteb_dataset_name": "InstructSTSBenchmark",
  "mteb_version": "1.1.2.dev0",
  "test": {
    "cos_sim": {
      "pearson": 0.039804684392110434,
      "spearman": 0.08448848957172458
    },
    "euclidean": {
      "pearson": 0.004239769053089597,
      "spearman": 0.02983888873837685
    },
    "evaluation_time": 0.12,
    "manhattan": {
      "pearson": 0.031753089672349445,
      "spearman": 0.04990696573683137
    }
  }
}