{
  "dataset_revision": "b0fddb56ed78048fa8b90373c8a3cfc37b684831",
  "mteb_dataset_name": "STSBenchmark",
  "mteb_version": "1.1.2.dev0",
  "test": {
    "cos_sim": {
      "pearson": 0.7094394855541793,
      "spearman": 0.7335313150790079
    },
    "euclidean": {
      "pearson": 0.7430905399577543,
      "spearman": 0.7337913525170853
    },
    "evaluation_time": 0.03,
    "manhattan": {
      "pearson": 0.7434466166873176,
      "spearman": 0.7344538457550871
    }
  }
}