{
  "dataset_revision": "b0fddb56ed78048fa8b90373c8a3cfc37b684831",
  "mteb_dataset_name": "STSBenchmark",
  "mteb_version": "1.1.2.dev0",
  "test": {
    "cos_sim": {
      "pearson": 0.7704854702810298,
      "spearman": 0.7769469563873752
    },
    "euclidean": {
      "pearson": 0.796232491977382,
      "spearman": 0.7815025253949254
    },
    "evaluation_time": 0.05,
    "manhattan": {
      "pearson": 0.7989116644374478,
      "spearman": 0.7844575254367289
    }
  }
}