{
  "dataset_revision": null,
  "mteb_dataset_name": "InstructSTSBenchmark",
  "mteb_version": "1.1.2.dev0",
  "test": {
    "cos_sim": {
      "pearson": -0.017163070088434908,
      "spearman": 0.001410403358452753
    },
    "euclidean": {
      "pearson": -0.09104513853703412,
      "spearman": -0.07818471055187878
    },
    "evaluation_time": 0.04,
    "manhattan": {
      "pearson": -0.08968532583021772,
      "spearman": -0.07656755124940043
    }
  }
}