{
  "dataset_revision": "a0d554a64d88156834ff5ae9920b964011b16384",
  "mteb_dataset_name": "STS12",
  "mteb_version": "1.1.2.dev0",
  "test": {
    "cos_sim": {
      "pearson": 0.26782691970077277,
      "spearman": 0.3926800613289493
    },
    "euclidean": {
      "pearson": 0.3130680789300491,
      "spearman": 0.3964576821441964
    },
    "evaluation_time": 0.06,
    "manhattan": {
      "pearson": 0.3097363078856252,
      "spearman": 0.39489169619089615
    }
  }
}