{
  "dataset_revision": "b0fddb56ed78048fa8b90373c8a3cfc37b684831",
  "mteb_dataset_name": "STSBenchmark",
  "mteb_version": "1.1.2.dev0",
  "test": {
    "cos_sim": {
      "pearson": 0.36971996331140045,
      "spearman": 0.40366231220371657
    },
    "euclidean": {
      "pearson": 0.48108363888342737,
      "spearman": 0.49338700902825405
    },
    "evaluation_time": 0.04,
    "manhattan": {
      "pearson": 0.4797489681529458,
      "spearman": 0.492222455100509
    }
  }
}