{
  "dataset_revision": null,
  "mteb_dataset_name": "InstructSTSBenchmark",
  "mteb_version": "1.1.2.dev0",
  "test": {
    "cos_sim": {
      "pearson": -0.030351314075940553,
      "spearman": -0.0442043273908575
    },
    "euclidean": {
      "pearson": 0.022464674937915177,
      "spearman": -0.055560875198172384
    },
    "evaluation_time": 0.11,
    "manhattan": {
      "pearson": -0.001545435117214509,
      "spearman": -0.049917895530204315
    }
  }
}