{
  "dataset_revision": "a0d554a64d88156834ff5ae9920b964011b16384",
  "mteb_dataset_name": "STS12",
  "mteb_version": "1.1.2.dev0",
  "test": {
    "cos_sim": {
      "pearson": 0.09408295598567365,
      "spearman": 0.078631503357083
    },
    "euclidean": {
      "pearson": 0.05786248974562058,
      "spearman": 0.06105456769787846
    },
    "evaluation_time": 0.34,
    "manhattan": {
      "pearson": 0.10181377495654988,
      "spearman": 0.07182092201686728
    }
  }
}