{
  "dataset_revision": "b0fddb56ed78048fa8b90373c8a3cfc37b684831",
  "mteb_dataset_name": "STSBenchmark",
  "mteb_version": "1.1.2.dev0",
  "test": {
    "cos_sim": {
      "pearson": 0.07924501106781531,
      "spearman": 0.05982539698383919
    },
    "euclidean": {
      "pearson": 0.09149535645314304,
      "spearman": 0.07237799770711935
    },
    "evaluation_time": 0.06,
    "manhattan": {
      "pearson": 0.09691499816438273,
      "spearman": 0.07674104555767942
    }
  }
}