{
  "dataset_revision": null,
  "mteb_dataset_name": "InstructSTSBenchmark",
  "mteb_version": "1.1.2.dev0",
  "test": {
    "cos_sim": {
      "pearson": 0.0788728305285132,
      "spearman": 0.0720772131440225
    },
    "euclidean": {
      "pearson": 0.0376997372026586,
      "spearman": 0.07246522207564339
    },
    "evaluation_time": 0.08,
    "manhattan": {
      "pearson": 0.08057350329157732,
      "spearman": 0.07788732810836446
    }
  }
}