{
    "test": {
        "NYTTopicClustering": 0.02592660592190151,
        "NYTLocationClustering": 0.028158002633961853,
        "harmonic_mean": 0.026996283349925487
    }
}