{
  "dataset_revision": "b0fddb56ed78048fa8b90373c8a3cfc37b684831",
  "mteb_dataset_name": "STSBenchmark",
  "mteb_version": "1.1.2.dev0",
  "test": {
    "cos_sim": {
      "pearson": 0.66527733256358,
      "spearman": 0.6697405692270073
    },
    "euclidean": {
      "pearson": 0.6818703385494423,
      "spearman": 0.6697392604622909
    },
    "evaluation_time": 0.03,
    "manhattan": {
      "pearson": 0.6815478188211649,
      "spearman": 0.6701055867187409
    }
  }
}