{
  "dataset_revision": "b0fddb56ed78048fa8b90373c8a3cfc37b684831",
  "mteb_dataset_name": "STSBenchmark",
  "mteb_version": "1.1.2.dev0",
  "test": {
    "cos_sim": {
      "pearson": 0.0652992210579217,
      "spearman": 0.07479959923008303
    },
    "euclidean": {
      "pearson": 0.01535746385116571,
      "spearman": 0.030702960999690363
    },
    "evaluation_time": 0.04,
    "manhattan": {
      "pearson": 0.04225996547602679,
      "spearman": 0.009689419447068371
    }
  }
}