{
  "dataset_revision": "b0fddb56ed78048fa8b90373c8a3cfc37b684831",
  "mteb_dataset_name": "STSBenchmark",
  "mteb_version": "1.1.2.dev0",
  "test": {
    "cos_sim": {
      "pearson": 0.01245053577658095,
      "spearman": 0.0739183499911167
    },
    "euclidean": {
      "pearson": 0.02025320283081622,
      "spearman": 0.08686749236975186
    },
    "evaluation_time": 0.05,
    "manhattan": {
      "pearson": 0.0753893813571451,
      "spearman": 0.08049702412437484
    }
  }
}