{
  "dataset_revision": "b0fddb56ed78048fa8b90373c8a3cfc37b684831",
  "mteb_dataset_name": "STSBenchmark",
  "mteb_version": "1.1.2.dev0",
  "test": {
    "cos_sim": {
      "pearson": 0.039358137134757394,
      "spearman": 0.1066509369272769
    },
    "euclidean": {
      "pearson": 0.036369350596613684,
      "spearman": 0.047066970948975835
    },
    "evaluation_time": 0.04,
    "manhattan": {
      "pearson": 0.08259296757865137,
      "spearman": 0.11353957070941285
    }
  }
}