{
  "dataset_revision": null,
  "mteb_dataset_name": "InstructSTSBenchmark",
  "mteb_version": "1.1.2.dev0",
  "test": {
    "cos_sim": {
      "pearson": -0.057870621362080724,
      "spearman": -0.05051330553906009
    },
    "euclidean": {
      "pearson": -0.12995465147003052,
      "spearman": -0.10997366295141806
    },
    "evaluation_time": 0.11,
    "manhattan": {
      "pearson": -0.14788180896101308,
      "spearman": -0.13830924476902468
    }
  }
}