{
    "test": {
        "NYTTopicClustering": 0.035566186690262735,
        "NYTLocationClustering": 0.02591655848790161,
        "harmonic_mean": 0.029984135219238168
    }
}