{
  "dataset_revision": "b0fddb56ed78048fa8b90373c8a3cfc37b684831",
  "mteb_dataset_name": "STSBenchmark",
  "mteb_version": "1.1.2.dev0",
  "test": {
    "cos_sim": {
      "pearson": 0.3306040902356958,
      "spearman": 0.35905427456969685
    },
    "euclidean": {
      "pearson": 0.3592548934430886,
      "spearman": 0.3806503133427522
    },
    "evaluation_time": 0.04,
    "manhattan": {
      "pearson": 0.38280409038329327,
      "spearman": 0.4017266251045668
    }
  }
}