{
  "dataset_revision": "b0fddb56ed78048fa8b90373c8a3cfc37b684831",
  "mteb_dataset_name": "STSBenchmark",
  "mteb_version": "1.1.2.dev0",
  "test": {
    "cos_sim": {
      "pearson": 0.30589294089985075,
      "spearman": 0.2694464361658996
    },
    "euclidean": {
      "pearson": 0.32124053593999147,
      "spearman": 0.26146447020053276
    },
    "evaluation_time": 0.04,
    "manhattan": {
      "pearson": 0.3214056944802968,
      "spearman": 0.2615301495943254
    }
  }
}