{
  "dataset_revision": "b0fddb56ed78048fa8b90373c8a3cfc37b684831",
  "mteb_dataset_name": "STSBenchmark",
  "mteb_version": "1.1.2.dev0",
  "test": {
    "cos_sim": {
      "pearson": 0.1552399676683654,
      "spearman": 0.2211350507671465
    },
    "euclidean": {
      "pearson": 0.1805164500623736,
      "spearman": 0.22363950132647467
    },
    "evaluation_time": 0.09,
    "manhattan": {
      "pearson": 0.29717789400028416,
      "spearman": 0.3567899717075455
    }
  }
}