{
  "dataset_revision": "b0fddb56ed78048fa8b90373c8a3cfc37b684831",
  "mteb_dataset_name": "STSBenchmark",
  "mteb_version": "1.1.2.dev0",
  "test": {
    "cos_sim": {
      "pearson": 0.789119961928899,
      "spearman": 0.7849071376577831
    },
    "euclidean": {
      "pearson": 0.7938862770510016,
      "spearman": 0.7837922627237307
    },
    "evaluation_time": 0.04,
    "manhattan": {
      "pearson": 0.7940126347572366,
      "spearman": 0.7839311991980719
    }
  }
}