{
  "dataset_revision": "b0fddb56ed78048fa8b90373c8a3cfc37b684831",
  "mteb_dataset_name": "STSBenchmark",
  "mteb_version": "1.1.2.dev0",
  "test": {
    "cos_sim": {
      "pearson": 0.021152342257568183,
      "spearman": 0.040642317859355515
    },
    "euclidean": {
      "pearson": -0.02431080752069856,
      "spearman": -0.022346646322705943
    },
    "evaluation_time": 0.05,
    "manhattan": {
      "pearson": -0.02158071281300675,
      "spearman": -0.018505086714154163
    }
  }
}