{
  "dataset_revision": "b0fddb56ed78048fa8b90373c8a3cfc37b684831",
  "mteb_dataset_name": "STSBenchmark",
  "mteb_version": "1.1.2.dev0",
  "test": {
    "cos_sim": {
      "pearson": 0.021109017459969324,
      "spearman": 0.19962548722352502
    },
    "euclidean": {
      "pearson": 0.05727335674138476,
      "spearman": 0.16642612948667715
    },
    "evaluation_time": 0.04,
    "manhattan": {
      "pearson": 0.23326577448613234,
      "spearman": 0.21114693959312608
    }
  }
}