{
  "dataset_revision": "b0fddb56ed78048fa8b90373c8a3cfc37b684831",
  "mteb_dataset_name": "STSBenchmark",
  "mteb_version": "1.1.2.dev0",
  "test": {
    "cos_sim": {
      "pearson": 0.2246723474749282,
      "spearman": 0.25440994447774934
    },
    "euclidean": {
      "pearson": 0.27451752948686414,
      "spearman": 0.26145429080815596
    },
    "evaluation_time": 0.08,
    "manhattan": {
      "pearson": 0.2835754585131416,
      "spearman": 0.26557338204375636
    }
  }
}