{
  "dataset_revision": null,
  "mteb_dataset_name": "InstructSTSBenchmark",
  "mteb_version": "1.1.2.dev0",
  "test": {
    "cos_sim": {
      "pearson": -0.02700334887473871,
      "spearman": -0.04098549273368364
    },
    "euclidean": {
      "pearson": 0.01506988605250459,
      "spearman": -0.045694882834988126
    },
    "evaluation_time": 0.13,
    "manhattan": {
      "pearson": -0.018877312374323607,
      "spearman": -0.04159984021452316
    }
  }
}