{
  "dataset_revision": null,
  "mteb_dataset_name": "InstructSTSBenchmark",
  "mteb_version": "1.1.2.dev0",
  "test": {
    "cos_sim": {
      "pearson": 0.2020378179238286,
      "spearman": 0.27893561433547215
    },
    "euclidean": {
      "pearson": 0.2440223183986387,
      "spearman": 0.2828708072093234
    },
    "evaluation_time": 157.65,
    "manhattan": {
      "pearson": 0.33552455208543985,
      "spearman": 0.33829870282854757
    }
  }
}