{
  "dataset_revision": null,
  "mteb_dataset_name": "InstructSTSBenchmark",
  "mteb_version": "1.1.2.dev0",
  "test": {
    "cos_sim": {
      "pearson": -0.1285056145535269,
      "spearman": -0.1253205103627121
    },
    "euclidean": {
      "pearson": -0.14432887958229632,
      "spearman": -0.1371903035584301
    },
    "evaluation_time": 0.08,
    "manhattan": {
      "pearson": -0.1497476981551689,
      "spearman": -0.14378827703510538
    }
  }
}