{
  "dataset_revision": "b0fddb56ed78048fa8b90373c8a3cfc37b684831",
  "mteb_dataset_name": "STSBenchmark",
  "mteb_version": "1.1.2.dev0",
  "test": {
    "cos_sim": {
      "pearson": 0.053331838412281084,
      "spearman": 0.054646254262400835
    },
    "euclidean": {
      "pearson": 0.05402173552207169,
      "spearman": 0.054646254262400835
    },
    "evaluation_time": 30.86,
    "manhattan": {
      "pearson": 0.06130671848469405,
      "spearman": 0.0487999017213463
    }
  }
}