{
  "dataset_revision": "b0fddb56ed78048fa8b90373c8a3cfc37b684831",
  "mteb_dataset_name": "STSBenchmark",
  "mteb_version": "1.1.2.dev0",
  "test": {
    "cos_sim": {
      "pearson": -0.0020634766342250794,
      "spearman": 0.001889773822982296
    },
    "euclidean": {
      "pearson": -0.0006802359929995709,
      "spearman": 0.0018904266790507917
    },
    "evaluation_time": 54.86,
    "manhattan": {
      "pearson": 0.0581017532987602,
      "spearman": 0.03804132520557487
    }
  }
}