{
  "dataset_revision": null,
  "mteb_dataset_name": "InstructSTSBenchmark",
  "mteb_version": "1.1.2.dev0",
  "test": {
    "cos_sim": {
      "pearson": 0.23727205456248582,
      "spearman": 0.20163804099327082
    },
    "euclidean": {
      "pearson": 0.23439163481194952,
      "spearman": 0.18456245978424593
    },
    "evaluation_time": 0.1,
    "manhattan": {
      "pearson": 0.23435925079093312,
      "spearman": 0.18547418961233805
    }
  }
}