{
  "dataset_revision": "b0fddb56ed78048fa8b90373c8a3cfc37b684831",
  "mteb_dataset_name": "STSBenchmark",
  "mteb_version": "1.1.2.dev0",
  "test": {
    "cos_sim": {
      "pearson": 0.2171799965961888,
      "spearman": 0.24113671734159958
    },
    "euclidean": {
      "pearson": 0.20933766078643448,
      "spearman": 0.21577560965604828
    },
    "evaluation_time": 0.04,
    "manhattan": {
      "pearson": 0.2967377172967823,
      "spearman": 0.2994203701320517
    }
  }
}