{
  "dataset_revision": "b0fddb56ed78048fa8b90373c8a3cfc37b684831",
  "mteb_dataset_name": "STSBenchmark",
  "mteb_version": "1.1.2.dev0",
  "test": {
    "cos_sim": {
      "pearson": 0.14003699976560732,
      "spearman": 0.23193329388715078
    },
    "euclidean": {
      "pearson": 0.17282020458304667,
      "spearman": 0.22851464575147803
    },
    "evaluation_time": 0.05,
    "manhattan": {
      "pearson": 0.2399635581228692,
      "spearman": 0.27933215014870455
    }
  }
}