{
  "dataset_revision": "b0fddb56ed78048fa8b90373c8a3cfc37b684831",
  "mteb_dataset_name": "STSBenchmark",
  "mteb_version": "1.1.2.dev0",
  "test": {
    "cos_sim": {
      "pearson": 0.05883326971597424,
      "spearman": 0.12656055328796148
    },
    "euclidean": {
      "pearson": 0.07158185977136214,
      "spearman": 0.08823133062476479
    },
    "evaluation_time": 0.04,
    "manhattan": {
      "pearson": 0.08247258515640067,
      "spearman": 0.11194243247648902
    }
  }
}