{
  "dataset_revision": "b0fddb56ed78048fa8b90373c8a3cfc37b684831",
  "mteb_dataset_name": "STSBenchmark",
  "mteb_version": "1.1.2.dev0",
  "test": {
    "cos_sim": {
      "pearson": 0.32788554103053563,
      "spearman": 0.3312623798812073
    },
    "euclidean": {
      "pearson": 0.34017084317139096,
      "spearman": 0.33293906945273277
    },
    "evaluation_time": 0.06,
    "manhattan": {
      "pearson": 0.34108956704889287,
      "spearman": 0.33358064082265987
    }
  }
}