{
  "dataset_revision": null,
  "mteb_dataset_name": "InstructSTSBenchmark",
  "mteb_version": "1.1.2.dev0",
  "test": {
    "cos_sim": {
      "pearson": 0.052815357113030106,
      "spearman": 0.06410709070258136
    },
    "euclidean": {
      "pearson": 0.013539924474957858,
      "spearman": 0.08484598591880171
    },
    "evaluation_time": 0.23,
    "manhattan": {
      "pearson": 0.08431112680538885,
      "spearman": 0.09145124594535091
    }
  }
}