{
  "dataset_revision": "a0d554a64d88156834ff5ae9920b964011b16384",
  "mteb_dataset_name": "STS12",
  "mteb_version": "1.1.2.dev0",
  "test": {
    "cos_sim": {
      "pearson": 0.3659727734951092,
      "spearman": 0.36455354618994934
    },
    "euclidean": {
      "pearson": 0.023772500548636086,
      "spearman": 0.32447238406911355
    },
    "evaluation_time": 0.43,
    "manhattan": {
      "pearson": 0.3455280468306026,
      "spearman": 0.33115147603934975
    }
  }
}