{
  "dataset_revision": "b0fddb56ed78048fa8b90373c8a3cfc37b684831",
  "mteb_dataset_name": "STSBenchmark",
  "mteb_version": "1.1.2.dev0",
  "test": {
    "cos_sim": {
      "pearson": 0.41498109568789915,
      "spearman": 0.4538202786084175
    },
    "euclidean": {
      "pearson": 0.3791870939289242,
      "spearman": 0.43093300003660817
    },
    "evaluation_time": 0.06,
    "manhattan": {
      "pearson": 0.3857963043102546,
      "spearman": 0.43802300948897593
    }
  }
}