{
  "dataset_revision": "b0fddb56ed78048fa8b90373c8a3cfc37b684831",
  "mteb_dataset_name": "STSBenchmark",
  "mteb_version": "1.1.2.dev0",
  "test": {
    "cos_sim": {
      "pearson": 0.2993759861821618,
      "spearman": 0.2698462438987472
    },
    "euclidean": {
      "pearson": 0.3122816302901211,
      "spearman": 0.26996381945138376
    },
    "evaluation_time": 0.03,
    "manhattan": {
      "pearson": 0.3155722578363509,
      "spearman": 0.2762436280581177
    }
  }
}