{
  "dataset_revision": "b0fddb56ed78048fa8b90373c8a3cfc37b684831",
  "mteb_dataset_name": "STSBenchmark",
  "mteb_version": "1.1.2.dev0",
  "test": {
    "cos_sim": {
      "pearson": 0.10788090290014539,
      "spearman": 0.19496531354498925
    },
    "euclidean": {
      "pearson": 0.1568921302920189,
      "spearman": 0.2159993974201559
    },
    "evaluation_time": 0.03,
    "manhattan": {
      "pearson": 0.2055554422583205,
      "spearman": 0.24870299600118978
    }
  }
}