{
  "dataset_revision": "b0fddb56ed78048fa8b90373c8a3cfc37b684831",
  "mteb_dataset_name": "STSBenchmark",
  "mteb_version": "1.1.2.dev0",
  "test": {
    "cos_sim": {
      "pearson": 0.26246678237204735,
      "spearman": 0.34434900141505187
    },
    "euclidean": {
      "pearson": 0.3306328726213387,
      "spearman": 0.3688835516936444
    },
    "evaluation_time": 0.03,
    "manhattan": {
      "pearson": 0.33740273885729005,
      "spearman": 0.37828857653618814
    }
  }
}