{
  "dataset_revision": "b0fddb56ed78048fa8b90373c8a3cfc37b684831",
  "mteb_dataset_name": "STSBenchmark",
  "mteb_version": "1.1.2.dev0",
  "test": {
    "cos_sim": {
      "pearson": 0.6938128498476247,
      "spearman": 0.6890045276174208
    },
    "euclidean": {
      "pearson": 0.7002890373758466,
      "spearman": 0.6917657216773665
    },
    "evaluation_time": 0.04,
    "manhattan": {
      "pearson": 0.7012418885140361,
      "spearman": 0.692670222132026
    }
  }
}