{
    "test": {
        "NYTTopicClustering": 0.1287081122253228,
        "NYTLocationClustering": 0.40007299556451564,
        "harmonic_mean": 0.1947597695646787
    }
}