{
  "dataset_revision": "b0fddb56ed78048fa8b90373c8a3cfc37b684831",
  "mteb_dataset_name": "STSBenchmark",
  "mteb_version": "1.1.2.dev0",
  "test": {
    "cos_sim": {
      "pearson": 0.6225154898678859,
      "spearman": 0.6412154630013451
    },
    "euclidean": {
      "pearson": 0.645513877414471,
      "spearman": 0.6423237574975896
    },
    "evaluation_time": 0.03,
    "manhattan": {
      "pearson": 0.6471347600067211,
      "spearman": 0.6438286017889888
    }
  }
}