{
  "dataset_revision": null,
  "mteb_dataset_name": "InstructSTSBenchmark",
  "mteb_version": "1.1.2.dev0",
  "test": {
    "cos_sim": {
      "pearson": 0.07844262205605532,
      "spearman": 0.09155553477021033
    },
    "euclidean": {
      "pearson": 0.07972531557904668,
      "spearman": 0.07684990516677714
    },
    "evaluation_time": 0.12,
    "manhattan": {
      "pearson": 0.07982881931984459,
      "spearman": 0.07649013163783207
    }
  }
}