{
  "dataset_revision": "a0d554a64d88156834ff5ae9920b964011b16384",
  "mteb_dataset_name": "STS12",
  "mteb_version": "1.1.2.dev0",
  "test": {
    "cos_sim": {
      "pearson": 0.14779508625757895,
      "spearman": 0.3418350690928506
    },
    "euclidean": {
      "pearson": 0.22735614623864459,
      "spearman": 0.35479009331163547
    },
    "evaluation_time": 0.42,
    "manhattan": {
      "pearson": 0.23400893483621543,
      "spearman": 0.3606552031400344
    }
  }
}