{
  "dataset_revision": "b0fddb56ed78048fa8b90373c8a3cfc37b684831",
  "mteb_dataset_name": "STSBenchmark",
  "mteb_version": "1.1.2.dev0",
  "test": {
    "cos_sim": {
      "pearson": 0.32258724842761033,
      "spearman": 0.35852074893617214
    },
    "euclidean": {
      "pearson": 0.3488283598122442,
      "spearman": 0.3533844494542128
    },
    "evaluation_time": 0.03,
    "manhattan": {
      "pearson": 0.35295303291023405,
      "spearman": 0.3567689723898669
    }
  }
}