{
  "dataset_revision": "b0fddb56ed78048fa8b90373c8a3cfc37b684831",
  "mteb_dataset_name": "STSBenchmark",
  "mteb_version": "1.1.2.dev0",
  "test": {
    "cos_sim": {
      "pearson": 0.34441987114222783,
      "spearman": 0.3677354345369197
    },
    "euclidean": {
      "pearson": 0.37103887729001306,
      "spearman": 0.3785610731756759
    },
    "evaluation_time": 0.03,
    "manhattan": {
      "pearson": 0.3763202136675062,
      "spearman": 0.382825420979008
    }
  }
}