{
  "dataset_revision": "b0fddb56ed78048fa8b90373c8a3cfc37b684831",
  "mteb_dataset_name": "STSBenchmark",
  "mteb_version": "1.1.2.dev0",
  "test": {
    "cos_sim": {
      "pearson": 0.02186270403389456,
      "spearman": 0.028994443504695256
    },
    "euclidean": {
      "pearson": 0.02217186125780067,
      "spearman": 0.028571485801365315
    },
    "evaluation_time": 0.03,
    "manhattan": {
      "pearson": 0.024720840223617015,
      "spearman": 0.033210012812930394
    }
  }
}