{
  "dataset_revision": null,
  "mteb_dataset_name": "InstructSTSBenchmark",
  "mteb_version": "1.1.2.dev0",
  "test": {
    "cos_sim": {
      "pearson": 0.16426968975624034,
      "spearman": 0.1653127537804513
    },
    "euclidean": {
      "pearson": 0.1516906036480308,
      "spearman": 0.13686377489565194
    },
    "evaluation_time": 0.07,
    "manhattan": {
      "pearson": 0.15153950157215432,
      "spearman": 0.13655318560606475
    }
  }
}