{
  "dataset_revision": "b0fddb56ed78048fa8b90373c8a3cfc37b684831",
  "mteb_dataset_name": "STSBenchmark",
  "mteb_version": "1.1.2.dev0",
  "test": {
    "cos_sim": {
      "pearson": 0.42757710936307675,
      "spearman": 0.42048988921701125
    },
    "euclidean": {
      "pearson": 0.45457519758032666,
      "spearman": 0.4907063467771855
    },
    "evaluation_time": 0.04,
    "manhattan": {
      "pearson": 0.45580727183635034,
      "spearman": 0.49295647592888364
    }
  }
}