{
  "dataset_revision": null,
  "mteb_dataset_name": "InstructSTSBenchmark",
  "mteb_version": "1.1.2.dev0",
  "test": {
    "cos_sim": {
      "pearson": -0.07128415900242563,
      "spearman": -0.08320514706884405
    },
    "euclidean": {
      "pearson": -0.08071478520801394,
      "spearman": -0.08440879278067806
    },
    "evaluation_time": 0.12,
    "manhattan": {
      "pearson": -0.08155085492383037,
      "spearman": -0.08580143516670706
    }
  }
}