{
  "dataset_revision": "b0fddb56ed78048fa8b90373c8a3cfc37b684831",
  "mteb_dataset_name": "STSBenchmark",
  "mteb_version": "1.1.2.dev0",
  "test": {
    "cos_sim": {
      "pearson": 0.4678090211601072,
      "spearman": 0.47535175364595583
    },
    "euclidean": {
      "pearson": 0.4887552318488022,
      "spearman": 0.4945901179879791
    },
    "evaluation_time": 0.03,
    "manhattan": {
      "pearson": 0.49312877962606383,
      "spearman": 0.4975315753199575
    }
  }
}