{
  "dataset_revision": null,
  "mteb_dataset_name": "InstructSTSBenchmark",
  "mteb_version": "1.1.2.dev0",
  "test": {
    "cos_sim": {
      "pearson": -0.06510634883382183,
      "spearman": -0.059099867379728485
    },
    "euclidean": {
      "pearson": -0.12582923709474522,
      "spearman": -0.12185074386300597
    },
    "evaluation_time": 0.07,
    "manhattan": {
      "pearson": -0.10764483243397047,
      "spearman": -0.10186782848955298
    }
  }
}