{
  "dataset_revision": "b0fddb56ed78048fa8b90373c8a3cfc37b684831",
  "mteb_dataset_name": "STSBenchmark",
  "mteb_version": "1.1.2.dev0",
  "test": {
    "cos_sim": {
      "pearson": 0.3868845618930411,
      "spearman": 0.41202165425621184
    },
    "euclidean": {
      "pearson": 0.23855538979898216,
      "spearman": 0.29173405993951684
    },
    "evaluation_time": 0.05,
    "manhattan": {
      "pearson": 0.456141854639446,
      "spearman": 0.4494421892839519
    }
  }
}