{
  "dataset_revision": "b0fddb56ed78048fa8b90373c8a3cfc37b684831",
  "mteb_dataset_name": "STSBenchmark",
  "mteb_version": "1.1.2.dev0",
  "test": {
    "cos_sim": {
      "pearson": 0.15274195382835423,
      "spearman": 0.33545521499934183
    },
    "euclidean": {
      "pearson": 0.22410280639607974,
      "spearman": 0.3307044291793045
    },
    "evaluation_time": 0.04,
    "manhattan": {
      "pearson": 0.5763613891732111,
      "spearman": 0.5743962401703664
    }
  }
}