{
  "dataset_revision": "b0fddb56ed78048fa8b90373c8a3cfc37b684831",
  "mteb_dataset_name": "STSBenchmark",
  "mteb_version": "1.1.2.dev0",
  "test": {
    "cos_sim": {
      "pearson": 0.388488319941,
      "spearman": 0.4325122999439275
    },
    "euclidean": {
      "pearson": 0.3991016128098914,
      "spearman": 0.4338298118138637
    },
    "evaluation_time": 0.05,
    "manhattan": {
      "pearson": 0.40137324888835163,
      "spearman": 0.4352541168386238
    }
  }
}