{
  "dataset_revision": "b0fddb56ed78048fa8b90373c8a3cfc37b684831",
  "mteb_dataset_name": "STSBenchmark",
  "mteb_version": "1.1.2.dev0",
  "test": {
    "cos_sim": {
      "pearson": 0.38530704574932806,
      "spearman": 0.41327770214841714
    },
    "euclidean": {
      "pearson": 0.3129505833975476,
      "spearman": 0.41750580625167294
    },
    "evaluation_time": 0.05,
    "manhattan": {
      "pearson": 0.40568359831900064,
      "spearman": 0.41982561838380916
    }
  }
}