{
  "dataset_revision": null,
  "mteb_dataset_name": "InstructSTSBenchmark",
  "mteb_version": "1.1.2.dev0",
  "test": {
    "cos_sim": {
      "pearson": 0.08722244858746322,
      "spearman": 0.1072421165055705
    },
    "euclidean": {
      "pearson": 0.05385054328527553,
      "spearman": 0.06483802303011907
    },
    "evaluation_time": 0.11,
    "manhattan": {
      "pearson": 0.053488536099813064,
      "spearman": 0.06371452769379748
    }
  }
}