{
  "dataset_revision": "a0d554a64d88156834ff5ae9920b964011b16384",
  "mteb_dataset_name": "STS12",
  "mteb_version": "1.1.2.dev0",
  "test": {
    "cos_sim": {
      "pearson": 0.07672477123313613,
      "spearman": 0.17593632328629705
    },
    "euclidean": {
      "pearson": 0.10139154291542833,
      "spearman": 0.1894799258514931
    },
    "evaluation_time": 0.42,
    "manhattan": {
      "pearson": 0.10393246497002405,
      "spearman": 0.19159136166308877
    }
  }
}