{
  "dataset_revision": "b0fddb56ed78048fa8b90373c8a3cfc37b684831",
  "mteb_dataset_name": "STSBenchmark",
  "mteb_version": "1.1.2.dev0",
  "test": {
    "cos_sim": {
      "pearson": 0.4652118784846344,
      "spearman": 0.4909578884033569
    },
    "euclidean": {
      "pearson": 0.4993871833906505,
      "spearman": 0.501394704309716
    },
    "evaluation_time": 0.04,
    "manhattan": {
      "pearson": 0.5196444244455327,
      "spearman": 0.5174525303766161
    }
  }
}