{
  "dataset_revision": null,
  "mteb_dataset_name": "InstructSTSBenchmark",
  "mteb_version": "1.1.2.dev0",
  "test": {
    "cos_sim": {
      "pearson": -0.05950328308857915,
      "spearman": -0.05181057762481106
    },
    "euclidean": {
      "pearson": -0.07941220160654208,
      "spearman": -0.06509669566050853
    },
    "evaluation_time": 0.08,
    "manhattan": {
      "pearson": -0.07913697554082623,
      "spearman": -0.06504523438201154
    }
  }
}