{
  "dataset_revision": "b0fddb56ed78048fa8b90373c8a3cfc37b684831",
  "mteb_dataset_name": "STSBenchmark",
  "mteb_version": "1.1.2.dev0",
  "test": {
    "cos_sim": {
      "pearson": 0.4546950518781035,
      "spearman": 0.4646407863059136
    },
    "euclidean": {
      "pearson": 0.5354005684867368,
      "spearman": 0.5271635902237606
    },
    "evaluation_time": 0.04,
    "manhattan": {
      "pearson": 0.5473392560129486,
      "spearman": 0.5399005798263453
    }
  }
}