{
  "dataset_revision": "b0fddb56ed78048fa8b90373c8a3cfc37b684831",
  "mteb_dataset_name": "STSBenchmark",
  "mteb_version": "1.1.2.dev0",
  "test": {
    "cos_sim": {
      "pearson": 0.6257929016998285,
      "spearman": 0.6219632026897529
    },
    "euclidean": {
      "pearson": 0.6155286201754572,
      "spearman": 0.6153365339474134
    },
    "evaluation_time": 0.04,
    "manhattan": {
      "pearson": 0.6158744643984995,
      "spearman": 0.6158707494101293
    }
  }
}