{
  "dataset_revision": "b0fddb56ed78048fa8b90373c8a3cfc37b684831",
  "mteb_dataset_name": "STSBenchmark",
  "mteb_version": "1.1.2.dev0",
  "test": {
    "cos_sim": {
      "pearson": 0.057980201427712624,
      "spearman": 0.11925136733621182
    },
    "euclidean": {
      "pearson": 0.07146076873476721,
      "spearman": 0.08758920642867167
    },
    "evaluation_time": 0.04,
    "manhattan": {
      "pearson": 0.07996227709663092,
      "spearman": 0.10326812983205144
    }
  }
}