{
  "dataset_revision": null,
  "mteb_dataset_name": "InstructSTSBenchmark",
  "mteb_version": "1.1.2.dev0",
  "test": {
    "cos_sim": {
      "pearson": -0.014306378362828493,
      "spearman": -0.004824608734935737
    },
    "euclidean": {
      "pearson": -0.0718710833645782,
      "spearman": -0.06500288129439899
    },
    "evaluation_time": 0.13,
    "manhattan": {
      "pearson": -0.06027671125846513,
      "spearman": -0.056471238884885436
    }
  }
}