{
  "dataset_revision": null,
  "mteb_dataset_name": "InstructSTSBenchmark",
  "mteb_version": "1.1.2.dev0",
  "test": {
    "cos_sim": {
      "pearson": 0.003534458918114619,
      "spearman": 0.05156693359235907
    },
    "euclidean": {
      "pearson": 0.019071014607726405,
      "spearman": 0.04747917744231521
    },
    "evaluation_time": 0.15,
    "manhattan": {
      "pearson": 0.019194177056011646,
      "spearman": 0.047506046598630856
    }
  }
}