{
    "dataset_revision": null,
    "mteb_dataset_name": "IntentEmotion",
    "mteb_version": "1.1.2.dev0",
    "test": {
        "Emotion_success_rate": 0.9842532467532468,
        "Intent_success_rate": 0.022402597402597403,
        "evaluation_time": 0.67,
        "harmonic_mean": 0.04380809784337038
    }
}