{
  "dataset_revision": null,
  "mteb_dataset_name": "InstructSTSBenchmark",
  "mteb_version": "1.1.2.dev0",
  "test": {
    "cos_sim": {
      "pearson": -0.013538709708827585,
      "spearman": -0.023635730805352955
    },
    "euclidean": {
      "pearson": -0.1275297900880488,
      "spearman": -0.1084594262326092
    },
    "evaluation_time": 0.11,
    "manhattan": {
      "pearson": -0.13636121735599005,
      "spearman": -0.12226152325435113
    }
  }
}