{
  "dataset_revision": "b0fddb56ed78048fa8b90373c8a3cfc37b684831",
  "mteb_dataset_name": "STSBenchmark",
  "mteb_version": "1.1.2.dev0",
  "test": {
    "cos_sim": {
      "pearson": 0.22676258787905285,
      "spearman": 0.2645980479159397
    },
    "euclidean": {
      "pearson": 0.30453028540311566,
      "spearman": 0.3165271839526618
    },
    "evaluation_time": 0.08,
    "manhattan": {
      "pearson": 0.366453931743245,
      "spearman": 0.3643835628835728
    }
  }
}