{
  "dataset_revision": "b0fddb56ed78048fa8b90373c8a3cfc37b684831",
  "mteb_dataset_name": "STSBenchmark",
  "mteb_version": "1.1.2.dev0",
  "test": {
    "cos_sim": {
      "pearson": 0.03061967836754833,
      "spearman": 0.1975791894749337
    },
    "euclidean": {
      "pearson": 0.0597926369407813,
      "spearman": 0.14828431588401478
    },
    "evaluation_time": 0.04,
    "manhattan": {
      "pearson": 0.21823008401995336,
      "spearman": 0.20485778348758135
    }
  }
}