{
  "dataset_revision": "b0fddb56ed78048fa8b90373c8a3cfc37b684831",
  "mteb_dataset_name": "STSBenchmark",
  "mteb_version": "1.1.2.dev0",
  "test": {
    "cos_sim": {
      "pearson": 0.024920914546547344,
      "spearman": 0.0498815508143754
    },
    "euclidean": {
      "pearson": 0.028926302849952054,
      "spearman": 0.050104442528128
    },
    "evaluation_time": 0.03,
    "manhattan": {
      "pearson": 0.03107841900374081,
      "spearman": 0.06555792745980331
    }
  }
}