{
  "dataset_revision": "b0fddb56ed78048fa8b90373c8a3cfc37b684831",
  "mteb_dataset_name": "STSBenchmark",
  "mteb_version": "1.1.2.dev0",
  "test": {
    "cos_sim": {
      "pearson": 0.0816761166092867,
      "spearman": 0.3175709422505987
    },
    "euclidean": {
      "pearson": 0.20107698261293586,
      "spearman": 0.31854800231839553
    },
    "evaluation_time": 0.07,
    "manhattan": {
      "pearson": 0.20188496695204966,
      "spearman": 0.319798955161308
    }
  }
}