{
  "dataset_revision": null,
  "mteb_dataset_name": "InstructSTSBenchmark",
  "mteb_version": "1.1.2.dev0",
  "test": {
    "cos_sim": {
      "pearson": 0.11309278191380372,
      "spearman": 0.17426428375930147
    },
    "euclidean": {
      "pearson": 0.0912874495992655,
      "spearman": 0.11530377623973108
    },
    "evaluation_time": 0.16,
    "manhattan": {
      "pearson": 0.102149675557075,
      "spearman": 0.12723641711399966
    }
  }
}