{
  "dataset_revision": "b0fddb56ed78048fa8b90373c8a3cfc37b684831",
  "mteb_dataset_name": "STSBenchmark",
  "mteb_version": "1.1.2.dev0",
  "test": {
    "cos_sim": {
      "pearson": 0.06527211681245693,
      "spearman": 0.11563616409817387
    },
    "euclidean": {
      "pearson": 0.0674441980956318,
      "spearman": 0.07728377340623216
    },
    "evaluation_time": 0.04,
    "manhattan": {
      "pearson": 0.06795684620309435,
      "spearman": 0.09099831894537468
    }
  }
}