{
  "dataset_revision": "b0fddb56ed78048fa8b90373c8a3cfc37b684831",
  "mteb_dataset_name": "STSBenchmark",
  "mteb_version": "1.1.2.dev0",
  "test": {
    "cos_sim": {
      "pearson": 0.3950426160573591,
      "spearman": 0.4282895544780556
    },
    "euclidean": {
      "pearson": 0.4258034007614727,
      "spearman": 0.42825401043243777
    },
    "evaluation_time": 0.03,
    "manhattan": {
      "pearson": 0.42778583192233727,
      "spearman": 0.4301148593955761
    }
  }
}