{
  "dataset_revision": null,
  "mteb_dataset_name": "InstructSTSBenchmark",
  "mteb_version": "1.1.2.dev0",
  "test": {
    "cos_sim": {
      "pearson": -0.08539857170653081,
      "spearman": -0.08269918542287283
    },
    "euclidean": {
      "pearson": -0.11706137393382826,
      "spearman": -0.10878322240299432
    },
    "evaluation_time": 0.08,
    "manhattan": {
      "pearson": -0.11783199010733754,
      "spearman": -0.10990808399277652
    }
  }
}