{
  "dataset_revision": "b0fddb56ed78048fa8b90373c8a3cfc37b684831",
  "mteb_dataset_name": "STSBenchmark",
  "mteb_version": "1.1.2.dev0",
  "test": {
    "cos_sim": {
      "pearson": 0.3872633460370236,
      "spearman": 0.3831843921272734
    },
    "euclidean": {
      "pearson": 0.3977854236254317,
      "spearman": 0.3830753197104404
    },
    "evaluation_time": 0.04,
    "manhattan": {
      "pearson": 0.39843143911031853,
      "spearman": 0.3833903640989622
    }
  }
}