{
  "dataset_revision": null,
  "mteb_dataset_name": "InstructSTSBenchmark",
  "mteb_version": "1.1.2.dev0",
  "test": {
    "cos_sim": {
      "pearson": 0.009624790322892296,
      "spearman": 0.01657827517924036
    },
    "euclidean": {
      "pearson": -0.06938146786891587,
      "spearman": -0.06650072328534219
    },
    "evaluation_time": 0.11,
    "manhattan": {
      "pearson": -0.07260770238824135,
      "spearman": -0.06740380041153264
    }
  }
}