{
  "dataset_revision": "a0d554a64d88156834ff5ae9920b964011b16384",
  "mteb_dataset_name": "STS12",
  "mteb_version": "1.1.2.dev0",
  "test": {
    "cos_sim": {
      "pearson": 0.14552990600137733,
      "spearman": 0.26559386612445496
    },
    "euclidean": {
      "pearson": 0.12336066450976302,
      "spearman": 0.25053046189755673
    },
    "evaluation_time": 0.41,
    "manhattan": {
      "pearson": 0.22767168319102055,
      "spearman": 0.3308889420190128
    }
  }
}