{
  "dataset_revision": null,
  "mteb_dataset_name": "InstructSTSBenchmark",
  "mteb_version": "1.1.2.dev0",
  "test": {
    "cos_sim": {
      "pearson": -0.036691931805666725,
      "spearman": -0.026812692344732783
    },
    "euclidean": {
      "pearson": -0.08407548313666739,
      "spearman": -0.07916976138470769
    },
    "evaluation_time": 0.07,
    "manhattan": {
      "pearson": -0.0813713408454794,
      "spearman": -0.07622599409128344
    }
  }
}