{
  "dataset_revision": "b0fddb56ed78048fa8b90373c8a3cfc37b684831",
  "mteb_dataset_name": "STSBenchmark",
  "mteb_version": "1.1.2.dev0",
  "test": {
    "cos_sim": {
      "pearson": 0.4147556416413209,
      "spearman": 0.45956489289688124
    },
    "euclidean": {
      "pearson": 0.42552568480374775,
      "spearman": 0.43886888122888706
    },
    "evaluation_time": 0.05,
    "manhattan": {
      "pearson": 0.6379678972414304,
      "spearman": 0.6339665406892483
    }
  }
}