{
  "dataset_revision": "b0fddb56ed78048fa8b90373c8a3cfc37b684831",
  "mteb_dataset_name": "STSBenchmark",
  "mteb_version": "1.1.2.dev0",
  "test": {
    "cos_sim": {
      "pearson": 0.3991028289687261,
      "spearman": 0.4219622339257817
    },
    "euclidean": {
      "pearson": 0.4158925795582259,
      "spearman": 0.4232485994802352
    },
    "evaluation_time": 0.03,
    "manhattan": {
      "pearson": 0.4275478260724587,
      "spearman": 0.4336592628170616
    }
  }
}