{
    "dataset_revision": null,
    "mteb_dataset_name": "IntentEmotion",
    "mteb_version": "1.1.2.dev0",
    "test": {
        "Emotion_success_rate": 0.9704545454545455,
        "Intent_success_rate": 0.029383116883116882,
        "evaluation_time": 0.21,
        "harmonic_mean": 0.05703923715007512
    }
}