{
  "dataset_revision": "b0fddb56ed78048fa8b90373c8a3cfc37b684831",
  "mteb_dataset_name": "STSBenchmark",
  "mteb_version": "1.1.2.dev0",
  "test": {
    "cos_sim": {
      "pearson": 0.3189576635282286,
      "spearman": 0.35090544479480396
    },
    "euclidean": {
      "pearson": 0.33604891447872004,
      "spearman": 0.35201394451116297
    },
    "evaluation_time": 0.07,
    "manhattan": {
      "pearson": 0.3472411135831474,
      "spearman": 0.3660122757379831
    }
  }
}