{
  "dataset_revision": "b0fddb56ed78048fa8b90373c8a3cfc37b684831",
  "mteb_dataset_name": "STSBenchmark",
  "mteb_version": "1.1.2.dev0",
  "test": {
    "cos_sim": {
      "pearson": 0.3451442232808652,
      "spearman": 0.3606691857722771
    },
    "euclidean": {
      "pearson": 0.35139906830855405,
      "spearman": 0.3503631950490352
    },
    "evaluation_time": 0.03,
    "manhattan": {
      "pearson": 0.35515951973487786,
      "spearman": 0.35327621314852425
    }
  }
}