{
  "dataset_revision": "b0fddb56ed78048fa8b90373c8a3cfc37b684831",
  "mteb_dataset_name": "STSBenchmark",
  "mteb_version": "1.1.2.dev0",
  "test": {
    "cos_sim": {
      "pearson": 0.05347419609194177,
      "spearman": 0.13800736208368597
    },
    "euclidean": {
      "pearson": 0.09360952881494339,
      "spearman": 0.13972431766032342
    },
    "evaluation_time": 0.04,
    "manhattan": {
      "pearson": 0.1398050142897623,
      "spearman": 0.20116446065798632
    }
  }
}