{
  "dataset_revision": null,
  "mteb_dataset_name": "InstructSTSBenchmark",
  "mteb_version": "1.1.2.dev0",
  "test": {
    "cos_sim": {
      "pearson": 0.07443866612132086,
      "spearman": 0.053269254402777404
    },
    "euclidean": {
      "pearson": 0.019450138840828822,
      "spearman": 0.05153004533079307
    },
    "evaluation_time": 0.08,
    "manhattan": {
      "pearson": 0.07007209597499404,
      "spearman": 0.0525301246897596
    }
  }
}