{
  "dataset_revision": "b0fddb56ed78048fa8b90373c8a3cfc37b684831",
  "mteb_dataset_name": "STSBenchmark",
  "mteb_version": "1.1.2.dev0",
  "test": {
    "cos_sim": {
      "pearson": 0.03758971577673223,
      "spearman": 0.10710594584207118
    },
    "euclidean": {
      "pearson": 0.072521797364592,
      "spearman": 0.07474386369390966
    },
    "evaluation_time": 0.03,
    "manhattan": {
      "pearson": 0.08822767307929905,
      "spearman": 0.10498484697817546
    }
  }
}