{
  "dataset_revision": null,
  "mteb_dataset_name": "InstructSTSBenchmark",
  "mteb_version": "1.1.2.dev0",
  "test": {
    "cos_sim": {
      "pearson": 0.05578474006075906,
      "spearman": 0.05784019995807591
    },
    "euclidean": {
      "pearson": 0.017646117105012772,
      "spearman": 0.06779089849503812
    },
    "evaluation_time": 0.12,
    "manhattan": {
      "pearson": 0.07529397575077608,
      "spearman": 0.06778270113293863
    }
  }
}