{
    "test": {
        "NYTTopicClustering": 0.05057601599051713,
        "NYTLocationClustering": 0.07886715048278109,
        "harmonic_mean": 0.061629934599890836
    }
}