{
  "dataset_revision": "b0fddb56ed78048fa8b90373c8a3cfc37b684831",
  "mteb_dataset_name": "STSBenchmark",
  "mteb_version": "1.1.2.dev0",
  "test": {
    "cos_sim": {
      "pearson": 0.2615146745400696,
      "spearman": 0.3837406084993125
    },
    "euclidean": {
      "pearson": 0.34392073866978623,
      "spearman": 0.41218326931174987
    },
    "evaluation_time": 0.03,
    "manhattan": {
      "pearson": 0.34920968983971495,
      "spearman": 0.41795618544261326
    }
  }
}