{
  "dataset_revision": null,
  "mteb_dataset_name": "InstructSTSBenchmark",
  "mteb_version": "1.1.2.dev0",
  "test": {
    "cos_sim": {
      "pearson": 0.05407947395055964,
      "spearman": 0.10708044735771506
    },
    "euclidean": {
      "pearson": -0.030549460455897192,
      "spearman": 0.0015889238995602077
    },
    "evaluation_time": 0.14,
    "manhattan": {
      "pearson": 0.020806175264076347,
      "spearman": 0.04289274791019709
    }
  }
}