{
  "dataset_revision": "a0d554a64d88156834ff5ae9920b964011b16384",
  "mteb_dataset_name": "STS12",
  "mteb_version": "1.1.2.dev0",
  "test": {
    "cos_sim": {
      "pearson": 0.601845860715028,
      "spearman": 0.5734605460900435
    },
    "euclidean": {
      "pearson": 0.5281969356645627,
      "spearman": 0.5350378524756964
    },
    "evaluation_time": 0.04,
    "manhattan": {
      "pearson": 0.5278499148729392,
      "spearman": 0.5350162541555394
    }
  }
}