{
  "dataset_revision": "b0fddb56ed78048fa8b90373c8a3cfc37b684831",
  "mteb_dataset_name": "STSBenchmark",
  "mteb_version": "1.1.2.dev0",
  "test": {
    "cos_sim": {
      "pearson": 0.5857633927176727,
      "spearman": 0.617606441735349
    },
    "euclidean": {
      "pearson": 0.5406061154064595,
      "spearman": 0.5870792898019304
    },
    "evaluation_time": 0.03,
    "manhattan": {
      "pearson": 0.5424065574766475,
      "spearman": 0.5879928034799791
    }
  }
}