{
  "dataset_revision": "b0fddb56ed78048fa8b90373c8a3cfc37b684831",
  "mteb_dataset_name": "STSBenchmark",
  "mteb_version": "1.1.2.dev0",
  "test": {
    "cos_sim": {
      "pearson": 0.12553344700793906,
      "spearman": 0.18577988445537158
    },
    "euclidean": {
      "pearson": 0.10283003874163942,
      "spearman": 0.16195408842937745
    },
    "evaluation_time": 0.06,
    "manhattan": {
      "pearson": 0.1162333329804762,
      "spearman": 0.1916716317764714
    }
  }
}