{
  "dataset_revision": "b0fddb56ed78048fa8b90373c8a3cfc37b684831",
  "mteb_dataset_name": "STSBenchmark",
  "mteb_version": "1.1.2.dev0",
  "test": {
    "cos_sim": {
      "pearson": 0.32687022702452906,
      "spearman": 0.3963391663057268
    },
    "euclidean": {
      "pearson": 0.40496453613228406,
      "spearman": 0.4262143184408545
    },
    "evaluation_time": 0.03,
    "manhattan": {
      "pearson": 0.4160087315821728,
      "spearman": 0.43473487055404314
    }
  }
}