{
  "dataset_revision": "b0fddb56ed78048fa8b90373c8a3cfc37b684831",
  "mteb_dataset_name": "STSBenchmark",
  "mteb_version": "1.1.2.dev0",
  "test": {
    "cos_sim": {
      "pearson": 0.4736019721164396,
      "spearman": 0.6449212654555233
    },
    "euclidean": {
      "pearson": 0.6229519819496212,
      "spearman": 0.6592289852825186
    },
    "evaluation_time": 0.07,
    "manhattan": {
      "pearson": 0.6401750691135436,
      "spearman": 0.6658670594819669
    }
  }
}