{
  "dataset_revision": null,
  "mteb_dataset_name": "InstructSTSBenchmark",
  "mteb_version": "1.1.2.dev0",
  "test": {
    "cos_sim": {
      "pearson": -0.039543747439349804,
      "spearman": -0.024494437893179583
    },
    "euclidean": {
      "pearson": -0.1293096722929925,
      "spearman": -0.11020956514257102
    },
    "evaluation_time": 0.12,
    "manhattan": {
      "pearson": -0.13565219906300513,
      "spearman": -0.1196675105083222
    }
  }
}