{
  "dataset_revision": "a0d554a64d88156834ff5ae9920b964011b16384",
  "mteb_dataset_name": "STS12",
  "mteb_version": "1.1.2.dev0",
  "test": {
    "cos_sim": {
      "pearson": 0.44674491218667395,
      "spearman": 0.3548751596908315
    },
    "euclidean": {
      "pearson": 0.39600670713505726,
      "spearman": 0.32623252210241943
    },
    "evaluation_time": 0.05,
    "manhattan": {
      "pearson": 0.39556680515918424,
      "spearman": 0.3257748235996202
    }
  }
}