{
  "dataset_revision": "b0fddb56ed78048fa8b90373c8a3cfc37b684831",
  "mteb_dataset_name": "STSBenchmark",
  "mteb_version": "1.1.2.dev0",
  "test": {
    "cos_sim": {
      "pearson": 0.4983045957424348,
      "spearman": 0.4902535141231054
    },
    "euclidean": {
      "pearson": 0.45209930286266325,
      "spearman": 0.45887986149872717
    },
    "evaluation_time": 0.03,
    "manhattan": {
      "pearson": 0.4509917629369047,
      "spearman": 0.45657740841364747
    }
  }
}