{
  "dataset_revision": "b0fddb56ed78048fa8b90373c8a3cfc37b684831",
  "mteb_dataset_name": "STSBenchmark",
  "mteb_version": "1.1.2.dev0",
  "test": {
    "cos_sim": {
      "pearson": 0.7488170335709513,
      "spearman": 0.7681990470517404
    },
    "euclidean": {
      "pearson": 0.7779021724686267,
      "spearman": 0.7687410205554415
    },
    "evaluation_time": 0.03,
    "manhattan": {
      "pearson": 0.7781001653206691,
      "spearman": 0.7688247966014022
    }
  }
}