{
  "dataset_revision": "b0fddb56ed78048fa8b90373c8a3cfc37b684831",
  "mteb_dataset_name": "STSBenchmark",
  "mteb_version": "1.1.2.dev0",
  "test": {
    "cos_sim": {
      "pearson": 0.29607149742195016,
      "spearman": 0.2595145353129875
    },
    "euclidean": {
      "pearson": 0.30559252999190684,
      "spearman": 0.2480461141552358
    },
    "evaluation_time": 0.04,
    "manhattan": {
      "pearson": 0.30607284591076894,
      "spearman": 0.24783177419995592
    }
  }
}