{
  "dataset_revision": null,
  "mteb_dataset_name": "InstructSTSBenchmark",
  "mteb_version": "1.1.2.dev0",
  "test": {
    "cos_sim": {
      "pearson": 0.2174605092999548,
      "spearman": 0.20898926145135494
    },
    "euclidean": {
      "pearson": 0.1984505573916622,
      "spearman": 0.15202982351339392
    },
    "evaluation_time": 0.11,
    "manhattan": {
      "pearson": 0.19772453854072036,
      "spearman": 0.151468758955074
    }
  }
}