{
  "dataset_revision": "b0fddb56ed78048fa8b90373c8a3cfc37b684831",
  "mteb_dataset_name": "STSBenchmark",
  "mteb_version": "1.1.2.dev0",
  "test": {
    "cos_sim": {
      "pearson": 0.32019257310989757,
      "spearman": 0.28649544565134416
    },
    "euclidean": {
      "pearson": 0.3158430170863867,
      "spearman": 0.2869609969180174
    },
    "evaluation_time": 0.03,
    "manhattan": {
      "pearson": 0.31818150872647477,
      "spearman": 0.2947870880507807
    }
  }
}