{
  "dataset_revision": "b0fddb56ed78048fa8b90373c8a3cfc37b684831",
  "mteb_dataset_name": "STSBenchmark",
  "mteb_version": "1.1.2.dev0",
  "test": {
    "cos_sim": {
      "pearson": 0.13570404341426523,
      "spearman": 0.16049610530423164
    },
    "euclidean": {
      "pearson": 0.15983729084659715,
      "spearman": 0.17554304321816333
    },
    "evaluation_time": 0.03,
    "manhattan": {
      "pearson": 0.16973259041526892,
      "spearman": 0.18899238119011502
    }
  }
}