{
  "dataset_revision": "b0fddb56ed78048fa8b90373c8a3cfc37b684831",
  "mteb_dataset_name": "STSBenchmark",
  "mteb_version": "1.1.2.dev0",
  "test": {
    "cos_sim": {
      "pearson": 0.16686470190694722,
      "spearman": 0.2264931431619775
    },
    "euclidean": {
      "pearson": 0.19421774704492023,
      "spearman": 0.21693936183338097
    },
    "evaluation_time": 0.08,
    "manhattan": {
      "pearson": 0.19687913516141037,
      "spearman": 0.21951581885399196
    }
  }
}