{
  "dataset_revision": "b0fddb56ed78048fa8b90373c8a3cfc37b684831",
  "mteb_dataset_name": "STSBenchmark",
  "mteb_version": "1.1.2.dev0",
  "test": {
    "cos_sim": {
      "pearson": 0.06526828691133423,
      "spearman": 0.2068245778020851
    },
    "euclidean": {
      "pearson": 0.17065289891788052,
      "spearman": 0.22530087936461068
    },
    "evaluation_time": 0.08,
    "manhattan": {
      "pearson": 0.1808237781665275,
      "spearman": 0.23074275569562672
    }
  }
}