{
  "dataset_revision": "b0fddb56ed78048fa8b90373c8a3cfc37b684831",
  "mteb_dataset_name": "STSBenchmark",
  "mteb_version": "1.1.2.dev0",
  "test": {
    "cos_sim": {
      "pearson": 0.30653332042333087,
      "spearman": 0.3135598942291815
    },
    "euclidean": {
      "pearson": 0.3633152635042207,
      "spearman": 0.3361193136317382
    },
    "evaluation_time": 0.07,
    "manhattan": {
      "pearson": 0.370876584184838,
      "spearman": 0.34501148087154765
    }
  }
}