{
  "dataset_revision": "b0fddb56ed78048fa8b90373c8a3cfc37b684831",
  "mteb_dataset_name": "STSBenchmark",
  "mteb_version": "1.1.2.dev0",
  "test": {
    "cos_sim": {
      "pearson": 0.34746228526909845,
      "spearman": 0.35815420239186624
    },
    "euclidean": {
      "pearson": 0.34928512646375126,
      "spearman": 0.34618161079542853
    },
    "evaluation_time": 0.03,
    "manhattan": {
      "pearson": 0.35213696345278195,
      "spearman": 0.34833031564524275
    }
  }
}