{
  "dataset_revision": "b0fddb56ed78048fa8b90373c8a3cfc37b684831",
  "mteb_dataset_name": "STSBenchmark",
  "mteb_version": "1.1.2.dev0",
  "test": {
    "cos_sim": {
      "pearson": 0.3292293051656374,
      "spearman": 0.3915708164258402
    },
    "euclidean": {
      "pearson": 0.3977855024479556,
      "spearman": 0.42206678338190934
    },
    "evaluation_time": 0.03,
    "manhattan": {
      "pearson": 0.40071886679848556,
      "spearman": 0.42408006047326646
    }
  }
}