{
  "dataset_revision": null,
  "mteb_dataset_name": "InstructSTSBenchmark",
  "mteb_version": "1.1.2.dev0",
  "test": {
    "cos_sim": {
      "pearson": -0.026124606191195044,
      "spearman": -0.02562499555355275
    },
    "euclidean": {
      "pearson": -0.10516387074698605,
      "spearman": -0.09420556286761853
    },
    "evaluation_time": 0.11,
    "manhattan": {
      "pearson": -0.08420829345123354,
      "spearman": -0.08424712238045529
    }
  }
}