{
  "dataset_revision": null,
  "mteb_dataset_name": "InstructSTSBenchmark",
  "mteb_version": "1.1.2.dev0",
  "test": {
    "cos_sim": {
      "pearson": 0.16198074846056243,
      "spearman": 0.18126165148502105
    },
    "euclidean": {
      "pearson": 0.18459117423595994,
      "spearman": 0.17702224393418453
    },
    "evaluation_time": 0.07,
    "manhattan": {
      "pearson": 0.19832984604514117,
      "spearman": 0.1921441178225695
    }
  }
}