{
  "dataset_revision": "b0fddb56ed78048fa8b90373c8a3cfc37b684831",
  "mteb_dataset_name": "STSBenchmark",
  "mteb_version": "1.1.2.dev0",
  "test": {
    "cos_sim": {
      "pearson": 0.14922268595243177,
      "spearman": 0.20879532822664099
    },
    "euclidean": {
      "pearson": 0.18391810534761868,
      "spearman": 0.19847820185780046
    },
    "evaluation_time": 0.04,
    "manhattan": {
      "pearson": 0.20212234253382447,
      "spearman": 0.2117535989324008
    }
  }
}