{
  "dataset_revision": "b0fddb56ed78048fa8b90373c8a3cfc37b684831",
  "mteb_dataset_name": "STSBenchmark",
  "mteb_version": "1.1.2.dev0",
  "test": {
    "cos_sim": {
      "pearson": 0.2464430477689369,
      "spearman": 0.28658306240963377
    },
    "euclidean": {
      "pearson": 0.36180933693659006,
      "spearman": 0.3593749547652002
    },
    "evaluation_time": 0.11,
    "manhattan": {
      "pearson": 0.3946546938633083,
      "spearman": 0.3883434684499168
    }
  }
}