{
    "dataset_revision": null,
    "mteb_dataset_name": "IntentEmotion",
    "mteb_version": "1.1.2.dev0",
    "test": {
        "Emotion_success_rate": 0.5300324675324676,
        "Intent_success_rate": 0.29707792207792205,
        "evaluation_time": 140.67,
        "harmonic_mean": 0.3807495360472011
    }
}