{
  "dataset_revision": "b0fddb56ed78048fa8b90373c8a3cfc37b684831",
  "mteb_dataset_name": "STSBenchmark",
  "mteb_version": "1.1.2.dev0",
  "test": {
    "cos_sim": {
      "pearson": 0.10717477036631422,
      "spearman": 0.1017821665578486
    },
    "euclidean": {
      "pearson": 0.12393396006047801,
      "spearman": 0.13263060601155036
    },
    "evaluation_time": 0.08,
    "manhattan": {
      "pearson": 0.12534372020255746,
      "spearman": 0.13412177880737663
    }
  }
}