{
  "dataset_revision": "b0fddb56ed78048fa8b90373c8a3cfc37b684831",
  "mteb_dataset_name": "STSBenchmark",
  "mteb_version": "1.1.2.dev0",
  "test": {
    "cos_sim": {
      "pearson": 0.1539605413108174,
      "spearman": 0.27353238398764024
    },
    "euclidean": {
      "pearson": 0.11486320277388853,
      "spearman": 0.20969243377405514
    },
    "evaluation_time": 0.03,
    "manhattan": {
      "pearson": 0.20401414573875046,
      "spearman": 0.28540882644512566
    }
  }
}