{
  "dataset_revision": "b0fddb56ed78048fa8b90373c8a3cfc37b684831",
  "mteb_dataset_name": "STSBenchmark",
  "mteb_version": "1.1.2.dev0",
  "test": {
    "cos_sim": {
      "pearson": 0.14149421259053532,
      "spearman": 0.11870281115424429
    },
    "euclidean": {
      "pearson": 0.17576997721277235,
      "spearman": 0.13155161742139007
    },
    "evaluation_time": 0.06,
    "manhattan": {
      "pearson": 0.18387454112042495,
      "spearman": 0.14083594215416131
    }
  }
}