{
  "dataset_revision": "b0fddb56ed78048fa8b90373c8a3cfc37b684831",
  "mteb_dataset_name": "STSBenchmark",
  "mteb_version": "1.1.2.dev0",
  "test": {
    "cos_sim": {
      "pearson": 0.7537346340616404,
      "spearman": 0.7582741800958401
    },
    "euclidean": {
      "pearson": 0.771039326931463,
      "spearman": 0.7581563551331048
    },
    "evaluation_time": 0.03,
    "manhattan": {
      "pearson": 0.7711691607130803,
      "spearman": 0.7585137502691306
    }
  }
}