{
  "dataset_revision": "a0d554a64d88156834ff5ae9920b964011b16384",
  "mteb_dataset_name": "STS12",
  "mteb_version": "1.1.2.dev0",
  "test": {
    "cos_sim": {
      "pearson": 0.14321526635091855,
      "spearman": 0.23801445800416332
    },
    "euclidean": {
      "pearson": 0.147892987943158,
      "spearman": 0.2724723342504761
    },
    "evaluation_time": 0.38,
    "manhattan": {
      "pearson": 0.21906413515297668,
      "spearman": 0.29179615952209254
    }
  }
}