{
  "dataset_revision": "b0fddb56ed78048fa8b90373c8a3cfc37b684831",
  "mteb_dataset_name": "STSBenchmark",
  "mteb_version": "1.1.2.dev0",
  "test": {
    "cos_sim": {
      "pearson": 0.01235176032381236,
      "spearman": 0.069083227775801
    },
    "euclidean": {
      "pearson": 0.022653048236918907,
      "spearman": 0.08733447762377157
    },
    "evaluation_time": 0.05,
    "manhattan": {
      "pearson": 0.08114592142259935,
      "spearman": 0.07837182888980204
    }
  }
}