{
  "dataset_revision": null,
  "mteb_dataset_name": "InstructSTSBenchmark",
  "mteb_version": "1.1.2.dev0",
  "test": {
    "cos_sim": {
      "pearson": 0.28842431566994103,
      "spearman": 0.2984959086266299
    },
    "euclidean": {
      "pearson": 0.30767172966233475,
      "spearman": 0.30033303072749234
    },
    "evaluation_time": 0.14,
    "manhattan": {
      "pearson": 0.30757087434372504,
      "spearman": 0.30005705254377335
    }
  }
}