{
  "dataset_revision": "a0d554a64d88156834ff5ae9920b964011b16384",
  "mteb_dataset_name": "STS12",
  "mteb_version": "1.1.2.dev0",
  "test": {
    "cos_sim": {
      "pearson": 0.34605174786213466,
      "spearman": 0.35495216591241224
    },
    "euclidean": {
      "pearson": 0.3522392089531462,
      "spearman": 0.3536715486766204
    },
    "evaluation_time": 0.24,
    "manhattan": {
      "pearson": 0.3543370762120899,
      "spearman": 0.3589833803894113
    }
  }
}