{
  "dataset_revision": "b0fddb56ed78048fa8b90373c8a3cfc37b684831",
  "mteb_dataset_name": "STSBenchmark",
  "mteb_version": "1.1.2.dev0",
  "test": {
    "cos_sim": {
      "pearson": 0.3600445330076235,
      "spearman": 0.3346060784530556
    },
    "euclidean": {
      "pearson": 0.3655648184378783,
      "spearman": 0.3304754763722734
    },
    "evaluation_time": 0.1,
    "manhattan": {
      "pearson": 0.3685872257426877,
      "spearman": 0.3366274607513077
    }
  }
}