{
  "dataset_revision": "b0fddb56ed78048fa8b90373c8a3cfc37b684831",
  "mteb_dataset_name": "STSBenchmark",
  "mteb_version": "1.1.2.dev0",
  "test": {
    "cos_sim": {
      "pearson": 0.187658173977956,
      "spearman": 0.26470066334618475
    },
    "euclidean": {
      "pearson": 0.24499441215709764,
      "spearman": 0.27029735678584893
    },
    "evaluation_time": 0.08,
    "manhattan": {
      "pearson": 0.24800956205018876,
      "spearman": 0.27433452288300825
    }
  }
}