{
    "test": {
        "NYTTopicClustering": 0.025785339784912778,
        "NYTLocationClustering": 0.07364945454968805,
        "harmonic_mean": 0.03819743049943844
    }
}