{
  "dataset_revision": "b0fddb56ed78048fa8b90373c8a3cfc37b684831",
  "mteb_dataset_name": "STSBenchmark",
  "mteb_version": "1.1.2.dev0",
  "test": {
    "cos_sim": {
      "pearson": 0.09320808251422916,
      "spearman": 0.1269315089344132
    },
    "euclidean": {
      "pearson": 0.11438136511878798,
      "spearman": 0.12632506748720213
    },
    "evaluation_time": 0.03,
    "manhattan": {
      "pearson": 0.15621883133232348,
      "spearman": 0.16048549012877003
    }
  }
}