{
  "dataset_revision": "b0fddb56ed78048fa8b90373c8a3cfc37b684831",
  "mteb_dataset_name": "STSBenchmark",
  "mteb_version": "1.1.2.dev0",
  "test": {
    "cos_sim": {
      "pearson": 0.13238707033437022,
      "spearman": 0.26317605053511456
    },
    "euclidean": {
      "pearson": 0.17907811950465843,
      "spearman": 0.26961078896523843
    },
    "evaluation_time": 0.03,
    "manhattan": {
      "pearson": 0.3783321098612678,
      "spearman": 0.3965473861612289
    }
  }
}