{
  "dataset_revision": null,
  "mteb_dataset_name": "InstructSTSBenchmark",
  "mteb_version": "1.1.2.dev0",
  "test": {
    "cos_sim": {
      "pearson": 0.0004395532555403265,
      "spearman": 0.006952741482650133
    },
    "euclidean": {
      "pearson": -0.10908817693785326,
      "spearman": -0.0946882969842858
    },
    "evaluation_time": 0.11,
    "manhattan": {
      "pearson": -0.09690847217415172,
      "spearman": -0.09080729685009852
    }
  }
}