{
  "dataset_revision": "b0fddb56ed78048fa8b90373c8a3cfc37b684831",
  "mteb_dataset_name": "STSBenchmark",
  "mteb_version": "1.1.2.dev0",
  "test": {
    "cos_sim": {
      "pearson": 0.04382577392270044,
      "spearman": 0.18141425461681307
    },
    "euclidean": {
      "pearson": 0.1860247109378737,
      "spearman": 0.19155583381903515
    },
    "evaluation_time": 0.15,
    "manhattan": {
      "pearson": 0.24512811741903406,
      "spearman": 0.19420719723532903
    }
  }
}