{
  "dataset_revision": null,
  "mteb_dataset_name": "InstructSTSBenchmark",
  "mteb_version": "1.1.2.dev0",
  "test": {
    "cos_sim": {
      "pearson": 0.020231473245593334,
      "spearman": 0.03273665978914255
    },
    "euclidean": {
      "pearson": -0.05721431040450017,
      "spearman": -0.0486290865345195
    },
    "evaluation_time": 0.15,
    "manhattan": {
      "pearson": -0.03597279953307351,
      "spearman": -0.03134356187653519
    }
  }
}