{
  "dataset_revision": null,
  "mteb_dataset_name": "InstructSTSBenchmark",
  "mteb_version": "1.1.2.dev0",
  "test": {
    "cos_sim": {
      "pearson": -0.0512570716878337,
      "spearman": -0.04074184864510823
    },
    "euclidean": {
      "pearson": -0.057767258443601546,
      "spearman": -0.05768171745325203
    },
    "evaluation_time": 0.11,
    "manhattan": {
      "pearson": -0.058455717228963644,
      "spearman": -0.05821545743900283
    }
  }
}