{
  "dataset_revision": "b0fddb56ed78048fa8b90373c8a3cfc37b684831",
  "mteb_dataset_name": "STSBenchmark",
  "mteb_version": "1.1.2.dev0",
  "test": {
    "cos_sim": {
      "pearson": 0.3231423493404055,
      "spearman": 0.3513942968772583
    },
    "euclidean": {
      "pearson": 0.36824106217589353,
      "spearman": 0.3754769844453123
    },
    "evaluation_time": 0.03,
    "manhattan": {
      "pearson": 0.37608330938292595,
      "spearman": 0.38043440424737923
    }
  }
}