{
  "dataset_revision": null,
  "mteb_dataset_name": "InstructSTSBenchmark",
  "mteb_version": "1.1.2.dev0",
  "test": {
    "cos_sim": {
      "pearson": 0.11343393901979498,
      "spearman": 0.0995661886388215
    },
    "euclidean": {
      "pearson": 0.1083065398888395,
      "spearman": 0.09182377095236395
    },
    "evaluation_time": 0.15,
    "manhattan": {
      "pearson": 0.1033577988466713,
      "spearman": 0.08422571811983866
    }
  }
}