{
  "dataset_revision": "b0fddb56ed78048fa8b90373c8a3cfc37b684831",
  "mteb_dataset_name": "STSBenchmark",
  "mteb_version": "1.1.2.dev0",
  "test": {
    "cos_sim": {
      "pearson": 0.2136887545610566,
      "spearman": 0.2256393303154538
    },
    "euclidean": {
      "pearson": 0.2271500118420681,
      "spearman": 0.2256210108023126
    },
    "evaluation_time": 0.03,
    "manhattan": {
      "pearson": 0.22760588279634003,
      "spearman": 0.22594932530551914
    }
  }
}