{
  "dataset_revision": "b0fddb56ed78048fa8b90373c8a3cfc37b684831",
  "mteb_dataset_name": "STSBenchmark",
  "mteb_version": "1.1.2.dev0",
  "test": {
    "cos_sim": {
      "pearson": 0.31649256286960487,
      "spearman": 0.34372725849947494
    },
    "euclidean": {
      "pearson": 0.3411624479213487,
      "spearman": 0.35073140007133724
    },
    "evaluation_time": 0.06,
    "manhattan": {
      "pearson": 0.34441991533823507,
      "spearman": 0.3534207160614438
    }
  }
}