{
  "dataset_revision": "b0fddb56ed78048fa8b90373c8a3cfc37b684831",
  "mteb_dataset_name": "STSBenchmark",
  "mteb_version": "1.1.2.dev0",
  "test": {
    "cos_sim": {
      "pearson": 0.1695621989822311,
      "spearman": 0.2223215409713819
    },
    "euclidean": {
      "pearson": 0.11106416772693023,
      "spearman": 0.12938497856516307
    },
    "evaluation_time": 0.06,
    "manhattan": {
      "pearson": 0.36959210227578415,
      "spearman": 0.3741747977495656
    }
  }
}