{
  "dataset_revision": "b0fddb56ed78048fa8b90373c8a3cfc37b684831",
  "mteb_dataset_name": "STSBenchmark",
  "mteb_version": "1.1.2.dev0",
  "test": {
    "cos_sim": {
      "pearson": 0.43350860319798584,
      "spearman": 0.4489454609164646
    },
    "euclidean": {
      "pearson": 0.3071018185809965,
      "spearman": 0.33996997388091243
    },
    "evaluation_time": 0.1,
    "manhattan": {
      "pearson": 0.49541588640945267,
      "spearman": 0.48537409320624897
    }
  }
}