{
  "dataset_revision": null,
  "mteb_dataset_name": "InstructSTSBenchmark",
  "mteb_version": "1.1.2.dev0",
  "test": {
    "cos_sim": {
      "pearson": -0.1887860686618401,
      "spearman": -0.18310788180453402
    },
    "euclidean": {
      "pearson": -0.17920727026432462,
      "spearman": -0.16417559607777424
    },
    "evaluation_time": 0.08,
    "manhattan": {
      "pearson": -0.1794358600300571,
      "spearman": -0.16446979064329903
    }
  }
}