{
  "dataset_revision": "b0fddb56ed78048fa8b90373c8a3cfc37b684831",
  "mteb_dataset_name": "STSBenchmark",
  "mteb_version": "1.1.2.dev0",
  "test": {
    "cos_sim": {
      "pearson": 0.37106303588760536,
      "spearman": 0.40367556515637343
    },
    "euclidean": {
      "pearson": 0.4037823364289602,
      "spearman": 0.41285908076946115
    },
    "evaluation_time": 0.05,
    "manhattan": {
      "pearson": 0.4055462423314308,
      "spearman": 0.4144541884130159
    }
  }
}