{
  "dataset_revision": "b0fddb56ed78048fa8b90373c8a3cfc37b684831",
  "mteb_dataset_name": "STSBenchmark",
  "mteb_version": "1.1.2.dev0",
  "test": {
    "cos_sim": {
      "pearson": 0.2886451759925756,
      "spearman": 0.31568157315116147
    },
    "euclidean": {
      "pearson": 0.32080970385428115,
      "spearman": 0.33988018699757344
    },
    "evaluation_time": 0.03,
    "manhattan": {
      "pearson": 0.350050689853563,
      "spearman": 0.36828147836672925
    }
  }
}