{
  "dataset_revision": null,
  "mteb_dataset_name": "InstructSTSBenchmark",
  "mteb_version": "1.1.2.dev0",
  "test": {
    "cos_sim": {
      "pearson": -0.002709544294643175,
      "spearman": -0.008165948558447851
    },
    "euclidean": {
      "pearson": -0.07431983029903658,
      "spearman": -0.06799765442802579
    },
    "evaluation_time": 0.1,
    "manhattan": {
      "pearson": -0.02751969652967138,
      "spearman": -0.034663497443518446
    }
  }
}