{
  "dataset_revision": "b0fddb56ed78048fa8b90373c8a3cfc37b684831",
  "mteb_dataset_name": "STSBenchmark",
  "mteb_version": "1.1.2.dev0",
  "test": {
    "cos_sim": {
      "pearson": 0.3280856770429479,
      "spearman": 0.32389198493649546
    },
    "euclidean": {
      "pearson": 0.33979005797639306,
      "spearman": 0.32147400341554705
    },
    "evaluation_time": 0.04,
    "manhattan": {
      "pearson": 0.3393722026554669,
      "spearman": 0.32019361107507643
    }
  }
}