{
  "dataset_revision": null,
  "mteb_dataset_name": "InstructSTSBenchmark",
  "mteb_version": "1.1.2.dev0",
  "test": {
    "cos_sim": {
      "pearson": 0.20719065507215315,
      "spearman": 0.18190924372720804
    },
    "euclidean": {
      "pearson": 0.1897594668775283,
      "spearman": 0.14466858366339708
    },
    "evaluation_time": 0.12,
    "manhattan": {
      "pearson": 0.18764477137996083,
      "spearman": 0.13997057880588404
    }
  }
}