{
  "dataset_revision": "a0d554a64d88156834ff5ae9920b964011b16384",
  "mteb_dataset_name": "STS12",
  "mteb_version": "1.1.2.dev0",
  "test": {
    "cos_sim": {
      "pearson": 0.15605147275080783,
      "spearman": 0.19503839480982132
    },
    "euclidean": {
      "pearson": 0.19214335558536969,
      "spearman": 0.20782285372979042
    },
    "evaluation_time": 0.4,
    "manhattan": {
      "pearson": 0.19727832609128385,
      "spearman": 0.2125668918167226
    }
  }
}