{
  "dataset_revision": "b0fddb56ed78048fa8b90373c8a3cfc37b684831",
  "mteb_dataset_name": "STSBenchmark",
  "mteb_version": "1.1.2.dev0",
  "test": {
    "cos_sim": {
      "pearson": 0.4216695484316333,
      "spearman": 0.4577565357724744
    },
    "euclidean": {
      "pearson": 0.4388648435299751,
      "spearman": 0.4421899444740333
    },
    "evaluation_time": 0.03,
    "manhattan": {
      "pearson": 0.44562800710667266,
      "spearman": 0.4471769786456229
    }
  }
}