{
  "dataset_revision": null,
  "mteb_dataset_name": "InstructSTSBenchmark",
  "mteb_version": "1.1.2.dev0",
  "test": {
    "cos_sim": {
      "pearson": 0.07022163894753833,
      "spearman": 0.07708034422586378
    },
    "euclidean": {
      "pearson": -0.11904956801681822,
      "spearman": -0.09614105344347612
    },
    "evaluation_time": 0.1,
    "manhattan": {
      "pearson": 0.009860576621891956,
      "spearman": 0.014467905806222344
    }
  }
}