{
  "dataset_revision": null,
  "mteb_dataset_name": "InstructSTSBenchmark",
  "mteb_version": "1.1.2.dev0",
  "test": {
    "cos_sim": {
      "pearson": 0.08845023991607687,
      "spearman": 0.1138400899813023
    },
    "euclidean": {
      "pearson": 0.07206267816987134,
      "spearman": 0.07675882325794596
    },
    "evaluation_time": 0.12,
    "manhattan": {
      "pearson": 0.07026593559048333,
      "spearman": 0.0749881909502675
    }
  }
}