{
  "dataset_revision": "b0fddb56ed78048fa8b90373c8a3cfc37b684831",
  "mteb_dataset_name": "STSBenchmark",
  "mteb_version": "1.1.2.dev0",
  "test": {
    "cos_sim": {
      "pearson": 0.18122520072385945,
      "spearman": 0.3381856558023055
    },
    "euclidean": {
      "pearson": 0.27793535032510175,
      "spearman": 0.36580056281510454
    },
    "evaluation_time": 0.06,
    "manhattan": {
      "pearson": 0.285238488820779,
      "spearman": 0.3764392707723339
    }
  }
}