{
  "dataset_revision": "a0d554a64d88156834ff5ae9920b964011b16384",
  "mteb_dataset_name": "STS12",
  "mteb_version": "1.1.2.dev0",
  "test": {
    "cos_sim": {
      "pearson": 0.22278247279111063,
      "spearman": 0.24855880446117384
    },
    "euclidean": {
      "pearson": 0.24860382424092373,
      "spearman": 0.24713820796091548
    },
    "evaluation_time": 0.39,
    "manhattan": {
      "pearson": 0.25237436133817437,
      "spearman": 0.2540941427094297
    }
  }
}