{
  "dataset_revision": "b0fddb56ed78048fa8b90373c8a3cfc37b684831",
  "mteb_dataset_name": "STSBenchmark",
  "mteb_version": "1.1.2.dev0",
  "test": {
    "cos_sim": {
      "pearson": 0.15012951441848452,
      "spearman": 0.1808653151666279
    },
    "euclidean": {
      "pearson": 0.19132733076034972,
      "spearman": 0.19616891075737314
    },
    "evaluation_time": 0.06,
    "manhattan": {
      "pearson": 0.19497987510335532,
      "spearman": 0.1988699538347006
    }
  }
}