{
  "dataset_revision": "b0fddb56ed78048fa8b90373c8a3cfc37b684831",
  "mteb_dataset_name": "STSBenchmark",
  "mteb_version": "1.1.2.dev0",
  "test": {
    "cos_sim": {
      "pearson": 0.2864319213866901,
      "spearman": 0.36040256481795535
    },
    "euclidean": {
      "pearson": 0.23461729536940676,
      "spearman": 0.34931269126282705
    },
    "evaluation_time": 0.05,
    "manhattan": {
      "pearson": 0.3203809087155034,
      "spearman": 0.3497328222232739
    }
  }
}