{
  "dataset_revision": "b0fddb56ed78048fa8b90373c8a3cfc37b684831",
  "mteb_dataset_name": "STSBenchmark",
  "mteb_version": "1.1.2.dev0",
  "test": {
    "cos_sim": {
      "pearson": 0.49828737202128914,
      "spearman": 0.5064403000829337
    },
    "euclidean": {
      "pearson": 0.517426244206298,
      "spearman": 0.5194949345753092
    },
    "evaluation_time": 0.03,
    "manhattan": {
      "pearson": 0.52249402016272,
      "spearman": 0.5232731421613748
    }
  }
}