{
  "dataset_revision": "b0fddb56ed78048fa8b90373c8a3cfc37b684831",
  "mteb_dataset_name": "STSBenchmark",
  "mteb_version": "1.1.2.dev0",
  "test": {
    "cos_sim": {
      "pearson": 0.08636631024201037,
      "spearman": 0.21174463216895315
    },
    "euclidean": {
      "pearson": 0.11659733689647409,
      "spearman": 0.22291572852541983
    },
    "evaluation_time": 0.05,
    "manhattan": {
      "pearson": 0.21614984858251232,
      "spearman": 0.2765170427618237
    }
  }
}