{
  "dataset_revision": "b0fddb56ed78048fa8b90373c8a3cfc37b684831",
  "mteb_dataset_name": "STSBenchmark",
  "mteb_version": "1.1.2.dev0",
  "test": {
    "cos_sim": {
      "pearson": 0.40721628859797876,
      "spearman": 0.4226602220593242
    },
    "euclidean": {
      "pearson": 0.4188759572193525,
      "spearman": 0.42856661291827464
    },
    "evaluation_time": 0.03,
    "manhattan": {
      "pearson": 0.42451719606648297,
      "spearman": 0.43343898303658274
    }
  }
}