{
  "dataset_revision": "b0fddb56ed78048fa8b90373c8a3cfc37b684831",
  "mteb_dataset_name": "STSBenchmark",
  "mteb_version": "1.1.2.dev0",
  "test": {
    "cos_sim": {
      "pearson": 0.2809897550560729,
      "spearman": 0.23804045455508846
    },
    "euclidean": {
      "pearson": 0.2754681951924388,
      "spearman": 0.23884117583746722
    },
    "evaluation_time": 0.03,
    "manhattan": {
      "pearson": 0.2801492522908372,
      "spearman": 0.25711554316132773
    }
  }
}