{
  "dataset_revision": null,
  "mteb_dataset_name": "InstructSTSBenchmark",
  "mteb_version": "1.1.2.dev0",
  "test": {
    "cos_sim": {
      "pearson": -0.061006653300613,
      "spearman": -0.05578266388191408
    },
    "euclidean": {
      "pearson": -0.10045468283957534,
      "spearman": -0.07058164820101426
    },
    "evaluation_time": 0.08,
    "manhattan": {
      "pearson": -0.07374386590486821,
      "spearman": -0.06926460379931518
    }
  }
}