{
  "dataset_revision": "b0fddb56ed78048fa8b90373c8a3cfc37b684831",
  "mteb_dataset_name": "STSBenchmark",
  "mteb_version": "1.1.2.dev0",
  "test": {
    "cos_sim": {
      "pearson": 0.3635885020344852,
      "spearman": 0.40044901726552556
    },
    "euclidean": {
      "pearson": 0.24528183599159578,
      "spearman": 0.3084343034140895
    },
    "evaluation_time": 0.05,
    "manhattan": {
      "pearson": 0.43313026917303954,
      "spearman": 0.43253304565279016
    }
  }
}