{
  "dataset_revision": null,
  "mteb_dataset_name": "InstructSTSBenchmark",
  "mteb_version": "1.1.2.dev0",
  "test": {
    "cos_sim": {
      "pearson": 0.1078315046436259,
      "spearman": 0.11623007938537985
    },
    "euclidean": {
      "pearson": 0.10692793326513546,
      "spearman": 0.10627755907585036
    },
    "evaluation_time": 0.15,
    "manhattan": {
      "pearson": 0.11758893059518001,
      "spearman": 0.11028516306384986
    }
  }
}