{
  "dataset_revision": "b0fddb56ed78048fa8b90373c8a3cfc37b684831",
  "mteb_dataset_name": "STSBenchmark",
  "mteb_version": "1.1.2.dev0",
  "test": {
    "cos_sim": {
      "pearson": 0.5721760359124182,
      "spearman": 0.5713939375044689
    },
    "euclidean": {
      "pearson": 0.5874276448264645,
      "spearman": 0.5887643605507842
    },
    "evaluation_time": 0.04,
    "manhattan": {
      "pearson": 0.5891970393531174,
      "spearman": 0.5902423462033644
    }
  }
}