{
  "dataset_revision": null,
  "mteb_dataset_name": "InstructSTSBenchmark",
  "mteb_version": "1.1.2.dev0",
  "test": {
    "cos_sim": {
      "pearson": 0.04361270383824215,
      "spearman": 0.048148631049052516
    },
    "euclidean": {
      "pearson": -0.1292942218320266,
      "spearman": -0.10932242730327502
    },
    "evaluation_time": 0.11,
    "manhattan": {
      "pearson": -0.02671909812187715,
      "spearman": -0.023786495900810892
    }
  }
}