{
  "dataset_revision": "b0fddb56ed78048fa8b90373c8a3cfc37b684831",
  "mteb_dataset_name": "STSBenchmark",
  "mteb_version": "1.1.2.dev0",
  "test": {
    "cos_sim": {
      "pearson": 0.29812960854174103,
      "spearman": 0.30438268738307145
    },
    "euclidean": {
      "pearson": 0.3245149263217847,
      "spearman": 0.32814443018227507
    },
    "evaluation_time": 0.03,
    "manhattan": {
      "pearson": 0.3277525032709807,
      "spearman": 0.33050217885321564
    }
  }
}