{
  "dataset_revision": null,
  "mteb_dataset_name": "InstructSTSBenchmark",
  "mteb_version": "1.1.2.dev0",
  "test": {
    "cos_sim": {
      "pearson": 0.027712422241270077,
      "spearman": 0.03153665554129639
    },
    "euclidean": {
      "pearson": -0.010840249506510921,
      "spearman": -0.009075856805484487
    },
    "evaluation_time": 0.07,
    "manhattan": {
      "pearson": -0.010184142154260422,
      "spearman": -0.008157751164466036
    }
  }
}