{
  "dataset_revision": "b0fddb56ed78048fa8b90373c8a3cfc37b684831",
  "mteb_dataset_name": "STSBenchmark",
  "mteb_version": "1.1.2.dev0",
  "test": {
    "cos_sim": {
      "pearson": 0.10052010633957341,
      "spearman": 0.12032196026583986
    },
    "euclidean": {
      "pearson": 0.12419886921153152,
      "spearman": 0.1306915056066321
    },
    "evaluation_time": 0.05,
    "manhattan": {
      "pearson": 0.12700534676260228,
      "spearman": 0.1345694394904364
    }
  }
}