{
  "dataset_revision": null,
  "mteb_dataset_name": "InstructSTSBenchmark",
  "mteb_version": "1.1.2.dev0",
  "test": {
    "cos_sim": {
      "pearson": 0.12609446185027048,
      "spearman": 0.1684587251772656
    },
    "euclidean": {
      "pearson": 0.005742259529556153,
      "spearman": 0.007879951342530889
    },
    "evaluation_time": 0.11,
    "manhattan": {
      "pearson": 0.055386031412387224,
      "spearman": 0.07373763634201519
    }
  }
}