{
  "dataset_revision": "b0fddb56ed78048fa8b90373c8a3cfc37b684831",
  "mteb_dataset_name": "STSBenchmark",
  "mteb_version": "1.1.2.dev0",
  "test": {
    "cos_sim": {
      "pearson": 0.14036020107449598,
      "spearman": 0.18042183886614108
    },
    "euclidean": {
      "pearson": 0.1305531799208496,
      "spearman": 0.16704778365756617
    },
    "evaluation_time": 0.06,
    "manhattan": {
      "pearson": 0.27741201461336046,
      "spearman": 0.30779458949178423
    }
  }
}