{
  "dataset_revision": "b0fddb56ed78048fa8b90373c8a3cfc37b684831",
  "mteb_dataset_name": "STSBenchmark",
  "mteb_version": "1.1.2.dev0",
  "test": {
    "cos_sim": {
      "pearson": 0.36516767285891694,
      "spearman": 0.3767260972886459
    },
    "euclidean": {
      "pearson": 0.38080288389279976,
      "spearman": 0.37579015961001516
    },
    "evaluation_time": 0.03,
    "manhattan": {
      "pearson": 0.3809843207056272,
      "spearman": 0.37544910185668073
    }
  }
}