{
  "dataset_revision": null,
  "mteb_dataset_name": "InstructSTSBenchmark",
  "mteb_version": "1.1.2.dev0",
  "test": {
    "cos_sim": {
      "pearson": -0.035094415565936114,
      "spearman": -0.04157251618880887
    },
    "euclidean": {
      "pearson": -0.038706412632291416,
      "spearman": -0.03995490095269417
    },
    "evaluation_time": 0.12,
    "manhattan": {
      "pearson": -0.03905785378034044,
      "spearman": -0.040309664987642393
    }
  }
}