{
    "dataset_revision": null,
    "mteb_dataset_name": "IntentEmotion",
    "mteb_version": "1.1.2.dev0",
    "test": {
        "Emotion_success_rate": 0.9623376623376624,
        "Intent_success_rate": 0.037337662337662336,
        "evaluation_time": 0.78,
        "harmonic_mean": 0.07188623562503113
    }
}