{
  "dataset_revision": "b0fddb56ed78048fa8b90373c8a3cfc37b684831",
  "mteb_dataset_name": "STSBenchmark",
  "mteb_version": "1.1.2.dev0",
  "test": {
    "cos_sim": {
      "pearson": 0.2914735233031143,
      "spearman": 0.31350053449142656
    },
    "euclidean": {
      "pearson": 0.3166866647218499,
      "spearman": 0.3175474338385938
    },
    "evaluation_time": 0.03,
    "manhattan": {
      "pearson": 0.3175219129855779,
      "spearman": 0.31868848273495964
    }
  }
}