{
  "dataset_revision": "b0fddb56ed78048fa8b90373c8a3cfc37b684831",
  "mteb_dataset_name": "STSBenchmark",
  "mteb_version": "1.1.2.dev0",
  "test": {
    "cos_sim": {
      "pearson": 0.1418927556277368,
      "spearman": 0.1694452525715079
    },
    "euclidean": {
      "pearson": 0.16731729308256327,
      "spearman": 0.18318621465707435
    },
    "evaluation_time": 0.03,
    "manhattan": {
      "pearson": 0.17677725042638232,
      "spearman": 0.1953638596482997
    }
  }
}