{
  "dataset_revision": "b0fddb56ed78048fa8b90373c8a3cfc37b684831",
  "mteb_dataset_name": "STSBenchmark",
  "mteb_version": "1.1.2.dev0",
  "test": {
    "cos_sim": {
      "pearson": 0.4960129923808431,
      "spearman": 0.5324227825452115
    },
    "euclidean": {
      "pearson": 0.49819658304916997,
      "spearman": 0.5229682043582807
    },
    "evaluation_time": 0.07,
    "manhattan": {
      "pearson": 0.5070070434730434,
      "spearman": 0.5292967135613061
    }
  }
}