{
  "dataset_revision": "b0fddb56ed78048fa8b90373c8a3cfc37b684831",
  "mteb_dataset_name": "STSBenchmark",
  "mteb_version": "1.1.2.dev0",
  "test": {
    "cos_sim": {
      "pearson": 0.41758619269782415,
      "spearman": 0.4375137971099568
    },
    "euclidean": {
      "pearson": 0.43748544040751636,
      "spearman": 0.4370743118269931
    },
    "evaluation_time": 0.03,
    "manhattan": {
      "pearson": 0.43807487405174766,
      "spearman": 0.4368215863526777
    }
  }
}