{
  "dataset_revision": "b0fddb56ed78048fa8b90373c8a3cfc37b684831",
  "mteb_dataset_name": "STSBenchmark",
  "mteb_version": "1.1.2.dev0",
  "test": {
    "cos_sim": {
      "pearson": 0.38765600987871995,
      "spearman": 0.3953395035325725
    },
    "euclidean": {
      "pearson": 0.4004718622044476,
      "spearman": 0.40817858555987446
    },
    "evaluation_time": 0.03,
    "manhattan": {
      "pearson": 0.406259732509147,
      "spearman": 0.4127907320190303
    }
  }
}