{
  "dataset_revision": "b0fddb56ed78048fa8b90373c8a3cfc37b684831",
  "mteb_dataset_name": "STSBenchmark",
  "mteb_version": "1.1.2.dev0",
  "test": {
    "cos_sim": {
      "pearson": 0.34014680712699324,
      "spearman": 0.3537740222703659
    },
    "euclidean": {
      "pearson": 0.37044027063033125,
      "spearman": 0.3648457602311633
    },
    "evaluation_time": 0.05,
    "manhattan": {
      "pearson": 0.3706048811424438,
      "spearman": 0.36509137761539284
    }
  }
}