{
  "dataset_revision": "b0fddb56ed78048fa8b90373c8a3cfc37b684831",
  "mteb_dataset_name": "STSBenchmark",
  "mteb_version": "1.1.2.dev0",
  "test": {
    "cos_sim": {
      "pearson": 0.3260567779087545,
      "spearman": 0.34018357929487303
    },
    "euclidean": {
      "pearson": 0.358096318319019,
      "spearman": 0.3613479522529373
    },
    "evaluation_time": 0.03,
    "manhattan": {
      "pearson": 0.35960929196133024,
      "spearman": 0.3620113526142629
    }
  }
}