{
  "dataset_revision": "b0fddb56ed78048fa8b90373c8a3cfc37b684831",
  "mteb_dataset_name": "STSBenchmark",
  "mteb_version": "1.1.2.dev0",
  "test": {
    "cos_sim": {
      "pearson": 0.7752734815231933,
      "spearman": 0.7845968307162597
    },
    "euclidean": {
      "pearson": 0.8038839931747305,
      "spearman": 0.7915029598730986
    },
    "evaluation_time": 0.06,
    "manhattan": {
      "pearson": 0.8067013941926361,
      "spearman": 0.7942052069520011
    }
  }
}