{
  "dataset_revision": "b0fddb56ed78048fa8b90373c8a3cfc37b684831",
  "mteb_dataset_name": "STSBenchmark",
  "mteb_version": "1.1.2.dev0",
  "test": {
    "cos_sim": {
      "pearson": 0.6164934489306076,
      "spearman": 0.6577075153077975
    },
    "euclidean": {
      "pearson": 0.6581300586687814,
      "spearman": 0.6575354184698443
    },
    "evaluation_time": 0.03,
    "manhattan": {
      "pearson": 0.6577835732020136,
      "spearman": 0.6569044912909408
    }
  }
}