{
  "dataset_revision": null,
  "mteb_dataset_name": "InstructSTSBenchmark",
  "mteb_version": "1.1.2.dev0",
  "test": {
    "cos_sim": {
      "pearson": -0.09839686038992815,
      "spearman": -0.07798387503209134
    },
    "euclidean": {
      "pearson": -0.12001896881172008,
      "spearman": -0.10328369674776673
    },
    "evaluation_time": 0.08,
    "manhattan": {
      "pearson": -0.11843985039011697,
      "spearman": -0.10314616309493159
    }
  }
}