{
  "dataset_revision": "b0fddb56ed78048fa8b90373c8a3cfc37b684831",
  "mteb_dataset_name": "STSBenchmark",
  "mteb_version": "1.1.2.dev0",
  "test": {
    "cos_sim": {
      "pearson": 0.2161096821335712,
      "spearman": 0.22171405964099408
    },
    "euclidean": {
      "pearson": 0.22372024487583086,
      "spearman": 0.2218162034282754
    },
    "evaluation_time": 0.03,
    "manhattan": {
      "pearson": 0.24443971363639627,
      "spearman": 0.23570459825184023
    }
  }
}