{
  "dataset_revision": "b0fddb56ed78048fa8b90373c8a3cfc37b684831",
  "mteb_dataset_name": "STSBenchmark",
  "mteb_version": "1.1.2.dev0",
  "test": {
    "cos_sim": {
      "pearson": 0.6945683539130991,
      "spearman": 0.7086311875862333
    },
    "euclidean": {
      "pearson": 0.7146498671074228,
      "spearman": 0.7084975999325013
    },
    "evaluation_time": 0.03,
    "manhattan": {
      "pearson": 0.7147646360824845,
      "spearman": 0.7085889101416241
    }
  }
}