{
  "dataset_revision": "b0fddb56ed78048fa8b90373c8a3cfc37b684831",
  "mteb_dataset_name": "STSBenchmark",
  "mteb_version": "1.1.2.dev0",
  "test": {
    "cos_sim": {
      "pearson": 0.08189147234563103,
      "spearman": 0.4442259588432488
    },
    "euclidean": {
      "pearson": 0.2389259323440432,
      "spearman": 0.4444144651335699
    },
    "evaluation_time": 0.07,
    "manhattan": {
      "pearson": 0.25016735577112953,
      "spearman": 0.4491001488136832
    }
  }
}