{
  "dataset_revision": "b0fddb56ed78048fa8b90373c8a3cfc37b684831",
  "mteb_dataset_name": "STSBenchmark",
  "mteb_version": "1.1.2.dev0",
  "test": {
    "cos_sim": {
      "pearson": 0.4757637986041987,
      "spearman": 0.5257827481448736
    },
    "euclidean": {
      "pearson": 0.5323870825326823,
      "spearman": 0.5427082754102165
    },
    "evaluation_time": 0.03,
    "manhattan": {
      "pearson": 0.5385970968702297,
      "spearman": 0.547523812877855
    }
  }
}