{
  "dataset_revision": null,
  "mteb_dataset_name": "InstructSTSBenchmark",
  "mteb_version": "1.1.2.dev0",
  "test": {
    "cos_sim": {
      "pearson": 0.13697192558416366,
      "spearman": 0.16864817325916373
    },
    "euclidean": {
      "pearson": 0.16653070487136554,
      "spearman": 0.17634778237397525
    },
    "evaluation_time": 0.12,
    "manhattan": {
      "pearson": 0.16804162950699456,
      "spearman": 0.1775067996892358
    }
  }
}