{
  "dataset_revision": "a0d554a64d88156834ff5ae9920b964011b16384",
  "mteb_dataset_name": "STS12",
  "mteb_version": "1.1.2.dev0",
  "test": {
    "cos_sim": {
      "pearson": 0.24596415177076034,
      "spearman": 0.37451607110583346
    },
    "euclidean": {
      "pearson": 0.32025386629610075,
      "spearman": 0.3819214803974641
    },
    "evaluation_time": 0.34,
    "manhattan": {
      "pearson": 0.3219169797156125,
      "spearman": 0.3822549338382435
    }
  }
}