{
  "dataset_revision": "b0fddb56ed78048fa8b90373c8a3cfc37b684831",
  "mteb_dataset_name": "STSBenchmark",
  "mteb_version": "1.1.2.dev0",
  "test": {
    "cos_sim": {
      "pearson": 0.3990761225147309,
      "spearman": 0.49466219592952426
    },
    "euclidean": {
      "pearson": 0.4709462894271249,
      "spearman": 0.502939423655194
    },
    "evaluation_time": 0.06,
    "manhattan": {
      "pearson": 0.47222657480063396,
      "spearman": 0.5041346388080615
    }
  }
}