{
  "dataset_revision": "a0d554a64d88156834ff5ae9920b964011b16384",
  "mteb_dataset_name": "STS12",
  "mteb_version": "1.1.2.dev0",
  "test": {
    "cos_sim": {
      "pearson": 0.03395463015316655,
      "spearman": 0.19517472111923634
    },
    "euclidean": {
      "pearson": 0.09088553858111534,
      "spearman": 0.20228957063581082
    },
    "evaluation_time": 0.5,
    "manhattan": {
      "pearson": 0.09564771646241553,
      "spearman": 0.2109441336053336
    }
  }
}