{
  "dataset_revision": "b0fddb56ed78048fa8b90373c8a3cfc37b684831",
  "mteb_dataset_name": "STSBenchmark",
  "mteb_version": "1.1.2.dev0",
  "test": {
    "cos_sim": {
      "pearson": 0.012548721568534956,
      "spearman": 0.07387351097248422
    },
    "euclidean": {
      "pearson": 0.01968195633944891,
      "spearman": 0.09019161496477782
    },
    "evaluation_time": 0.04,
    "manhattan": {
      "pearson": 0.07127434091707957,
      "spearman": 0.07934079694866512
    }
  }
}