{
  "dataset_revision": "b0fddb56ed78048fa8b90373c8a3cfc37b684831",
  "mteb_dataset_name": "STSBenchmark",
  "mteb_version": "1.1.2.dev0",
  "test": {
    "cos_sim": {
      "pearson": 0.4135168651949843,
      "spearman": 0.4175538013220811
    },
    "euclidean": {
      "pearson": 0.40911033027738114,
      "spearman": 0.396672986090137
    },
    "evaluation_time": 0.07,
    "manhattan": {
      "pearson": 0.40944843160383615,
      "spearman": 0.3971922065294236
    }
  }
}