{
  "dataset_revision": "b0fddb56ed78048fa8b90373c8a3cfc37b684831",
  "mteb_dataset_name": "STSBenchmark",
  "mteb_version": "1.1.2.dev0",
  "test": {
    "cos_sim": {
      "pearson": 0.2281616065849885,
      "spearman": 0.17756226995778845
    },
    "euclidean": {
      "pearson": 0.2069251504224776,
      "spearman": 0.19148368315405584
    },
    "evaluation_time": 0.04,
    "manhattan": {
      "pearson": 0.24619350229799325,
      "spearman": 0.19317537101865306
    }
  }
}