{
  "dataset_revision": null,
  "mteb_dataset_name": "InstructSTSBenchmark",
  "mteb_version": "1.1.2.dev0",
  "test": {
    "cos_sim": {
      "pearson": 0.07435614301777137,
      "spearman": 0.05070302161310697
    },
    "euclidean": {
      "pearson": 0.007916733746133707,
      "spearman": 0.04998802862142926
    },
    "evaluation_time": 0.08,
    "manhattan": {
      "pearson": 0.0698450534388346,
      "spearman": 0.05182423989631784
    }
  }
}