{
  "dataset_revision": "b0fddb56ed78048fa8b90373c8a3cfc37b684831",
  "mteb_dataset_name": "STSBenchmark",
  "mteb_version": "1.1.2.dev0",
  "test": {
    "cos_sim": {
      "pearson": 0.3678605811142149,
      "spearman": 0.41308579975111015
    },
    "euclidean": {
      "pearson": 0.20535785768924145,
      "spearman": 0.40680195032229716
    },
    "evaluation_time": 0.05,
    "manhattan": {
      "pearson": 0.3904315500839507,
      "spearman": 0.40619206336493324
    }
  }
}