{
  "dataset_revision": "b0fddb56ed78048fa8b90373c8a3cfc37b684831",
  "mteb_dataset_name": "STSBenchmark",
  "mteb_version": "1.1.2.dev0",
  "test": {
    "cos_sim": {
      "pearson": 0.38743774655065677,
      "spearman": 0.40901648460489354
    },
    "euclidean": {
      "pearson": 0.35587228839221585,
      "spearman": 0.3825784462637959
    },
    "evaluation_time": 29.23,
    "manhattan": {
      "pearson": 0.3589100375190543,
      "spearman": 0.384692949191244
    }
  }
}