{
  "dataset_revision": null,
  "mteb_dataset_name": "InstructSTSBenchmark",
  "mteb_version": "1.1.2.dev0",
  "test": {
    "cos_sim": {
      "pearson": -0.027812627424218396,
      "spearman": -0.012721000303932879
    },
    "euclidean": {
      "pearson": -0.12966011269830877,
      "spearman": -0.1101448969400207
    },
    "evaluation_time": 0.11,
    "manhattan": {
      "pearson": -0.14432726742231816,
      "spearman": -0.1345730649077914
    }
  }
}