{
  "dataset_revision": "b0fddb56ed78048fa8b90373c8a3cfc37b684831",
  "mteb_dataset_name": "STSBenchmark",
  "mteb_version": "1.1.2.dev0",
  "test": {
    "cos_sim": {
      "pearson": 0.4066655174739452,
      "spearman": 0.4293608177140432
    },
    "euclidean": {
      "pearson": 0.37936781134940867,
      "spearman": 0.4015955480749836
    },
    "evaluation_time": 0.03,
    "manhattan": {
      "pearson": 0.38144920068782473,
      "spearman": 0.4033497000932253
    }
  }
}