{
  "dataset_revision": null,
  "mteb_dataset_name": "InstructSTSBenchmark",
  "mteb_version": "1.1.2.dev0",
  "test": {
    "cos_sim": {
      "pearson": 0.014750337013463328,
      "spearman": 0.03390124205786823
    },
    "euclidean": {
      "pearson": -0.10906798962038398,
      "spearman": -0.09618386194062066
    },
    "evaluation_time": 0.13,
    "manhattan": {
      "pearson": -0.11029060149691595,
      "spearman": -0.09899191717532893
    }
  }
}