{
  "dataset_revision": "b0fddb56ed78048fa8b90373c8a3cfc37b684831",
  "mteb_dataset_name": "STSBenchmark",
  "mteb_version": "1.1.2.dev0",
  "test": {
    "cos_sim": {
      "pearson": 0.14003375707868587,
      "spearman": 0.19188306677288977
    },
    "euclidean": {
      "pearson": 0.07643414538672376,
      "spearman": 0.08359900219360832
    },
    "evaluation_time": 0.06,
    "manhattan": {
      "pearson": 0.1385866648661305,
      "spearman": 0.1777953120526785
    }
  }
}