{
  "dataset_revision": "b0fddb56ed78048fa8b90373c8a3cfc37b684831",
  "mteb_dataset_name": "STSBenchmark",
  "mteb_version": "1.1.2.dev0",
  "test": {
    "cos_sim": {
      "pearson": 0.3926669984407321,
      "spearman": 0.39668577714257797
    },
    "euclidean": {
      "pearson": 0.398744064187764,
      "spearman": 0.40598474674326696
    },
    "evaluation_time": 0.03,
    "manhattan": {
      "pearson": 0.4035087752823941,
      "spearman": 0.4099526988726721
    }
  }
}