{
  "dataset_revision": "b0fddb56ed78048fa8b90373c8a3cfc37b684831",
  "mteb_dataset_name": "STSBenchmark",
  "mteb_version": "1.1.2.dev0",
  "test": {
    "cos_sim": {
      "pearson": 0.06904359613496205,
      "spearman": 0.32021403005364535
    },
    "euclidean": {
      "pearson": 0.1902579587080051,
      "spearman": 0.3221674427063454
    },
    "evaluation_time": 0.07,
    "manhattan": {
      "pearson": 0.19375323428869007,
      "spearman": 0.3252812351441347
    }
  }
}