{
  "dataset_revision": null,
  "mteb_dataset_name": "InstructSTSBenchmark",
  "mteb_version": "1.1.2.dev0",
  "test": {
    "cos_sim": {
      "pearson": 0.18814233129921193,
      "spearman": 0.1710800602501168
    },
    "euclidean": {
      "pearson": 0.19944787651407533,
      "spearman": 0.181698844517808
    },
    "evaluation_time": 0.07,
    "manhattan": {
      "pearson": 0.1999456292735413,
      "spearman": 0.18273444582121867
    }
  }
}