{
  "dataset_revision": "b0fddb56ed78048fa8b90373c8a3cfc37b684831",
  "mteb_dataset_name": "STSBenchmark",
  "mteb_version": "1.1.2.dev0",
  "test": {
    "cos_sim": {
      "pearson": 0.12204842143248575,
      "spearman": 0.33306224083766084
    },
    "euclidean": {
      "pearson": 0.2382380028057852,
      "spearman": 0.32686486707463536
    },
    "evaluation_time": 0.03,
    "manhattan": {
      "pearson": 0.5664653115924054,
      "spearman": 0.5693745908342716
    }
  }
}