{
  "dataset_revision": "b0fddb56ed78048fa8b90373c8a3cfc37b684831",
  "mteb_dataset_name": "STSBenchmark",
  "mteb_version": "1.1.2.dev0",
  "test": {
    "cos_sim": {
      "pearson": 0.1324119923039968,
      "spearman": 0.15387238700341013
    },
    "euclidean": {
      "pearson": 0.15612153842279347,
      "spearman": 0.1707607142526108
    },
    "evaluation_time": 0.03,
    "manhattan": {
      "pearson": 0.16600998360608654,
      "spearman": 0.1842857420449342
    }
  }
}