{
  "dataset_revision": "b0fddb56ed78048fa8b90373c8a3cfc37b684831",
  "mteb_dataset_name": "STSBenchmark",
  "mteb_version": "1.1.2.dev0",
  "test": {
    "cos_sim": {
      "pearson": 0.24083016187472514,
      "spearman": 0.2175706326196042
    },
    "euclidean": {
      "pearson": 0.19793238322945553,
      "spearman": 0.21455515539882755
    },
    "evaluation_time": 0.04,
    "manhattan": {
      "pearson": 0.24937786676228743,
      "spearman": 0.21766129365989892
    }
  }
}