{
  "dataset_revision": "b0fddb56ed78048fa8b90373c8a3cfc37b684831",
  "mteb_dataset_name": "STSBenchmark",
  "mteb_version": "1.1.2.dev0",
  "test": {
    "cos_sim": {
      "pearson": -0.03191968634153096,
      "spearman": -0.022950648431351063
    },
    "euclidean": {
      "pearson": -0.0314000039514595,
      "spearman": -0.022951394085490396
    },
    "evaluation_time": 30.18,
    "manhattan": {
      "pearson": -0.01860659686122457,
      "spearman": -0.007467526257797131
    }
  }
}