{
  "dataset_revision": "b0fddb56ed78048fa8b90373c8a3cfc37b684831",
  "mteb_dataset_name": "STSBenchmark",
  "mteb_version": "1.1.2.dev0",
  "test": {
    "cos_sim": {
      "pearson": 0.22749888485117545,
      "spearman": 0.35957825488300194
    },
    "euclidean": {
      "pearson": 0.2868792032476374,
      "spearman": 0.3623326575281487
    },
    "evaluation_time": 0.03,
    "manhattan": {
      "pearson": 0.3124657700428343,
      "spearman": 0.367965879625065
    }
  }
}