{
  "dataset_revision": "b0fddb56ed78048fa8b90373c8a3cfc37b684831",
  "mteb_dataset_name": "STSBenchmark",
  "mteb_version": "1.1.2.dev0",
  "test": {
    "cos_sim": {
      "pearson": 0.14819134230104736,
      "spearman": 0.20396748803656162
    },
    "euclidean": {
      "pearson": 0.1926512310825012,
      "spearman": 0.22589709787986276
    },
    "evaluation_time": 0.04,
    "manhattan": {
      "pearson": 0.20035929750189077,
      "spearman": 0.23666588870818578
    }
  }
}