{
  "dataset_revision": null,
  "mteb_dataset_name": "InstructSTSBenchmark",
  "mteb_version": "1.1.2.dev0",
  "test": {
    "cos_sim": {
      "pearson": 0.2080876015115975,
      "spearman": 0.20137936799730594
    },
    "euclidean": {
      "pearson": 0.20734161273201693,
      "spearman": 0.19675832732395787
    },
    "evaluation_time": 0.12,
    "manhattan": {
      "pearson": 0.2081324220631792,
      "spearman": 0.19636485347780708
    }
  }
}