{
  "dataset_revision": "a0d554a64d88156834ff5ae9920b964011b16384",
  "mteb_dataset_name": "STS12",
  "mteb_version": "1.1.2.dev0",
  "test": {
    "cos_sim": {
      "pearson": 0.1875791245131227,
      "spearman": 0.2184326925610408
    },
    "euclidean": {
      "pearson": 0.21821294909969235,
      "spearman": 0.21883349699824772
    },
    "evaluation_time": 0.41,
    "manhattan": {
      "pearson": 0.22089732364060757,
      "spearman": 0.22192821921854858
    }
  }
}