{
  "dataset_revision": "b0fddb56ed78048fa8b90373c8a3cfc37b684831",
  "mteb_dataset_name": "STSBenchmark",
  "mteb_version": "1.1.2.dev0",
  "test": {
    "cos_sim": {
      "pearson": 0.35020036980066516,
      "spearman": 0.369515302330509
    },
    "euclidean": {
      "pearson": 0.38180426244411353,
      "spearman": 0.3826155799889
    },
    "evaluation_time": 0.03,
    "manhattan": {
      "pearson": 0.3929934830443616,
      "spearman": 0.392700718252797
    }
  }
}