{
  "dataset_revision": "a0d554a64d88156834ff5ae9920b964011b16384",
  "mteb_dataset_name": "STS12",
  "mteb_version": "1.1.2.dev0",
  "test": {
    "cos_sim": {
      "pearson": 0.09291930243654166,
      "spearman": 0.2011092921496416
    },
    "euclidean": {
      "pearson": 0.11715922065441985,
      "spearman": 0.21184170153148962
    },
    "evaluation_time": 0.41,
    "manhattan": {
      "pearson": 0.12028260192624421,
      "spearman": 0.21641658628643362
    }
  }
}