{
  "dataset_revision": "b0fddb56ed78048fa8b90373c8a3cfc37b684831",
  "mteb_dataset_name": "STSBenchmark",
  "mteb_version": "1.1.2.dev0",
  "test": {
    "cos_sim": {
      "pearson": 0.3488930231282523,
      "spearman": 0.37929510335856054
    },
    "euclidean": {
      "pearson": 0.38907154664806765,
      "spearman": 0.3989785751699554
    },
    "evaluation_time": 0.05,
    "manhattan": {
      "pearson": 0.41707856073710786,
      "spearman": 0.42005887506739326
    }
  }
}