{
  "dataset_revision": "b0fddb56ed78048fa8b90373c8a3cfc37b684831",
  "mteb_dataset_name": "STSBenchmark",
  "mteb_version": "1.1.2.dev0",
  "test": {
    "cos_sim": {
      "pearson": 0.17284533368856606,
      "spearman": 0.24456118340775354
    },
    "euclidean": {
      "pearson": 0.26343267426528105,
      "spearman": 0.2839185877555269
    },
    "evaluation_time": 0.07,
    "manhattan": {
      "pearson": 0.3155822770880202,
      "spearman": 0.32553943084697873
    }
  }
}