{
    "test": {
        "NYTTopicClustering": 0.43011006384803147,
        "NYTLocationClustering": 0.2768798888638432,
        "harmonic_mean": 0.33688973915870885
    }
}