{
  "dataset_revision": null,
  "mteb_dataset_name": "InstructSTSBenchmark",
  "mteb_version": "1.1.2.dev0",
  "test": {
    "cos_sim": {
      "pearson": -0.0007143128714840542,
      "spearman": 0.005964043737381998
    },
    "euclidean": {
      "pearson": -0.06930348180320371,
      "spearman": -0.06592736265974017
    },
    "evaluation_time": 0.12,
    "manhattan": {
      "pearson": -0.07778124119593222,
      "spearman": -0.07208996461125886
    }
  }
}