{
    "dataset_revision": null,
    "mteb_dataset_name": "IntentEmotion",
    "mteb_version": "1.1.2.dev0",
    "test": {
        "Emotion_success_rate": 0.9818181818181818,
        "Intent_success_rate": 0.02012987012987013,
        "evaluation_time": 0.15,
        "harmonic_mean": 0.039450911806636096
    }
}