{
  "dataset_revision": "b0fddb56ed78048fa8b90373c8a3cfc37b684831",
  "mteb_dataset_name": "STSBenchmark",
  "mteb_version": "1.1.2.dev0",
  "test": {
    "cos_sim": {
      "pearson": 0.4071476063214083,
      "spearman": 0.4127203858346133
    },
    "euclidean": {
      "pearson": 0.4085635990548312,
      "spearman": 0.41739041833230484
    },
    "evaluation_time": 0.03,
    "manhattan": {
      "pearson": 0.41416569555465665,
      "spearman": 0.4227994641417375
    }
  }
}