{
  "dataset_revision": "b0fddb56ed78048fa8b90373c8a3cfc37b684831",
  "mteb_dataset_name": "STSBenchmark",
  "mteb_version": "1.1.2.dev0",
  "test": {
    "cos_sim": {
      "pearson": 0.44927312391060875,
      "spearman": 0.5473573251917991
    },
    "euclidean": {
      "pearson": 0.19010404600449077,
      "spearman": 0.2480490677490572
    },
    "evaluation_time": 0.06,
    "manhattan": {
      "pearson": 0.7540506036071457,
      "spearman": 0.7483722698568882
    }
  }
}