{
  "dataset_revision": "b0fddb56ed78048fa8b90373c8a3cfc37b684831",
  "mteb_dataset_name": "STSBenchmark",
  "mteb_version": "1.1.2.dev0",
  "test": {
    "cos_sim": {
      "pearson": 0.23831111939431843,
      "spearman": 0.20271323537533578
    },
    "euclidean": {
      "pearson": 0.23330297508208925,
      "spearman": 0.21375621340347878
    },
    "evaluation_time": 0.06,
    "manhattan": {
      "pearson": 0.26863043671947856,
      "spearman": 0.2154880584345291
    }
  }
}