{
  "dataset_revision": null,
  "mteb_dataset_name": "InstructSTSBenchmark",
  "mteb_version": "1.1.2.dev0",
  "test": {
    "cos_sim": {
      "pearson": -0.10688451632536128,
      "spearman": -0.13215575110376096
    },
    "euclidean": {
      "pearson": -0.12306301885612693,
      "spearman": -0.1205883486066056
    },
    "evaluation_time": 0.04,
    "manhattan": {
      "pearson": -0.12106491804716456,
      "spearman": -0.11843198443196289
    }
  }
}