{
  "dataset_revision": "a0d554a64d88156834ff5ae9920b964011b16384",
  "mteb_dataset_name": "STS12",
  "mteb_version": "1.1.2.dev0",
  "test": {
    "cos_sim": {
      "pearson": 0.44948410955345913,
      "spearman": 0.5208196801414376
    },
    "euclidean": {
      "pearson": 0.43182687672719944,
      "spearman": 0.4874407680038531
    },
    "evaluation_time": 0.04,
    "manhattan": {
      "pearson": 0.4552699442637905,
      "spearman": 0.5023601825889529
    }
  }
}