{
  "dataset_revision": null,
  "mteb_dataset_name": "InstructSTSBenchmark",
  "mteb_version": "1.1.2.dev0",
  "test": {
    "cos_sim": {
      "pearson": -0.04353855736974824,
      "spearman": -0.0358170498697543
    },
    "euclidean": {
      "pearson": -0.09824868297610292,
      "spearman": -0.09070164186182537
    },
    "evaluation_time": 0.07,
    "manhattan": {
      "pearson": -0.0960430809909256,
      "spearman": -0.0889346528432179
    }
  }
}