{
  "dataset_revision": null,
  "mteb_dataset_name": "InstructSTSBenchmark",
  "mteb_version": "1.1.2.dev0",
  "test": {
    "cos_sim": {
      "pearson": 0.12640935556693683,
      "spearman": 0.1437623186705267
    },
    "euclidean": {
      "pearson": 0.16368200420142545,
      "spearman": 0.1672787566877321
    },
    "evaluation_time": 0.1,
    "manhattan": {
      "pearson": 0.16365711888604217,
      "spearman": 0.16731883272761208
    }
  }
}