{
  "dataset_revision": null,
  "mteb_dataset_name": "InstructSTSBenchmark",
  "mteb_version": "1.1.2.dev0",
  "test": {
    "cos_sim": {
      "pearson": -0.05514406516558113,
      "spearman": -0.04819371520327511
    },
    "euclidean": {
      "pearson": -0.09884854125972198,
      "spearman": -0.0956009377378554
    },
    "evaluation_time": 0.08,
    "manhattan": {
      "pearson": -0.09389718364472685,
      "spearman": -0.09067796057849627
    }
  }
}