{
  "dataset_revision": "b0fddb56ed78048fa8b90373c8a3cfc37b684831",
  "mteb_dataset_name": "STSBenchmark",
  "mteb_version": "1.1.2.dev0",
  "test": {
    "cos_sim": {
      "pearson": 0.1787976199678633,
      "spearman": 0.20476533914015646
    },
    "euclidean": {
      "pearson": 0.2086868285786648,
      "spearman": 0.20580891580041288
    },
    "evaluation_time": 0.07,
    "manhattan": {
      "pearson": 0.2117159103062126,
      "spearman": 0.20801416237498704
    }
  }
}