{
  "dataset_revision": null,
  "mteb_dataset_name": "InstructSTSBenchmark",
  "mteb_version": "1.1.2.dev0",
  "test": {
    "cos_sim": {
      "pearson": -0.10051343572857886,
      "spearman": -0.1046144233624435
    },
    "euclidean": {
      "pearson": -0.10254538382480043,
      "spearman": -0.10538768884176736
    },
    "evaluation_time": 0.08,
    "manhattan": {
      "pearson": -0.13565045338482745,
      "spearman": -0.13096348884156708
    }
  }
}