{
    "dataset_revision": null,
    "mteb_dataset_name": "IntentEmotion",
    "mteb_version": "1.1.2.dev0",
    "test": {
        "Emotion_success_rate": 0.9899350649350649,
        "Intent_success_rate": 0.009253246753246753,
        "evaluation_time": 0.79,
        "harmonic_mean": 0.01833512887793838
    }
}