{
  "dataset_revision": "b0fddb56ed78048fa8b90373c8a3cfc37b684831",
  "mteb_dataset_name": "STSBenchmark",
  "mteb_version": "1.1.2.dev0",
  "test": {
    "cos_sim": {
      "pearson": 0.13529205148238457,
      "spearman": 0.1662643603020183
    },
    "euclidean": {
      "pearson": 0.16499435572321802,
      "spearman": 0.16432761421508663
    },
    "evaluation_time": 0.22,
    "manhattan": {
      "pearson": 0.16474502800975388,
      "spearman": 0.16381830570219674
    }
  }
}