{
  "dataset_revision": null,
  "mteb_dataset_name": "InstructSTSBenchmark",
  "mteb_version": "1.1.2.dev0",
  "test": {
    "cos_sim": {
      "pearson": 0.037180131358906396,
      "spearman": 0.08675461321065463
    },
    "euclidean": {
      "pearson": -0.038133376010663037,
      "spearman": -0.01122903312864819
    },
    "evaluation_time": 0.12,
    "manhattan": {
      "pearson": -0.01852474390982487,
      "spearman": -0.0007272890419130941
    }
  }
}