{
  "dataset_revision": "b0fddb56ed78048fa8b90373c8a3cfc37b684831",
  "mteb_dataset_name": "STSBenchmark",
  "mteb_version": "1.1.2.dev0",
  "test": {
    "cos_sim": {
      "pearson": 0.37368719944007883,
      "spearman": 0.3946129280077627
    },
    "euclidean": {
      "pearson": 0.4219595641889753,
      "spearman": 0.422471978877529
    },
    "evaluation_time": 0.04,
    "manhattan": {
      "pearson": 0.4380187470309483,
      "spearman": 0.4340488104353446
    }
  }
}