{
  "dataset_revision": "b0fddb56ed78048fa8b90373c8a3cfc37b684831",
  "mteb_dataset_name": "STSBenchmark",
  "mteb_version": "1.1.2.dev0",
  "test": {
    "cos_sim": {
      "pearson": -0.049304597678907075,
      "spearman": -0.03966989240774607
    },
    "euclidean": {
      "pearson": -0.049118797224143744,
      "spearman": -0.03874414776604618
    },
    "evaluation_time": 0.03,
    "manhattan": {
      "pearson": -0.05803582596497152,
      "spearman": -0.05832515144061596
    }
  }
}