{
  "dataset_revision": "b0fddb56ed78048fa8b90373c8a3cfc37b684831",
  "mteb_dataset_name": "STSBenchmark",
  "mteb_version": "1.1.2.dev0",
  "test": {
    "cos_sim": {
      "pearson": 0.0061726974410668675,
      "spearman": 0.11735731583447033
    },
    "euclidean": {
      "pearson": 0.02937856343931793,
      "spearman": 0.11815911226592495
    },
    "evaluation_time": 0.03,
    "manhattan": {
      "pearson": 0.11328956453881346,
      "spearman": 0.12137189567811348
    }
  }
}