{
  "dataset_revision": null,
  "mteb_dataset_name": "InstructSTSBenchmark",
  "mteb_version": "1.1.2.dev0",
  "test": {
    "cos_sim": {
      "pearson": 0.17059845482286526,
      "spearman": 0.20694857137277345
    },
    "euclidean": {
      "pearson": 0.277768158552616,
      "spearman": 0.3006194834167032
    },
    "evaluation_time": 0.07,
    "manhattan": {
      "pearson": 0.31287735070437006,
      "spearman": 0.32166441381870625
    }
  }
}