{
  "dataset_revision": "b0fddb56ed78048fa8b90373c8a3cfc37b684831",
  "mteb_dataset_name": "STSBenchmark",
  "mteb_version": "1.1.2.dev0",
  "test": {
    "cos_sim": {
      "pearson": -0.022361141529743965,
      "spearman": -0.017207856819229803
    },
    "euclidean": {
      "pearson": -0.02220323439225046,
      "spearman": -0.017205690967446688
    },
    "evaluation_time": 58.01,
    "manhattan": {
      "pearson": 0.006469501081086732,
      "spearman": 0.007087833272681623
    }
  }
}