{
  "dataset_revision": "b0fddb56ed78048fa8b90373c8a3cfc37b684831",
  "mteb_dataset_name": "STSBenchmark",
  "mteb_version": "1.1.2.dev0",
  "test": {
    "cos_sim": {
      "pearson": 0.5155985003946819,
      "spearman": 0.5078203547972695
    },
    "euclidean": {
      "pearson": 0.4681009252143578,
      "spearman": 0.4710770293410514
    },
    "evaluation_time": 0.03,
    "manhattan": {
      "pearson": 0.46818884356573676,
      "spearman": 0.4705569711772526
    }
  }
}