{
  "dataset_revision": null,
  "mteb_dataset_name": "InstructSTSBenchmark",
  "mteb_version": "1.1.2.dev0",
  "test": {
    "cos_sim": {
      "pearson": 0.023211752021142392,
      "spearman": 0.026931098830166103
    },
    "euclidean": {
      "pearson": 0.013648528649520184,
      "spearman": 0.014431473044758789
    },
    "evaluation_time": 0.15,
    "manhattan": {
      "pearson": 0.017161055066701365,
      "spearman": 0.017842490530487067
    }
  }
}