{
  "dataset_revision": null,
  "mteb_dataset_name": "InstructSTSBenchmark",
  "mteb_version": "1.1.2.dev0",
  "test": {
    "cos_sim": {
      "pearson": 0.2537167644838375,
      "spearman": 0.2319027373223434
    },
    "euclidean": {
      "pearson": 0.2564297183450187,
      "spearman": 0.21736378752775604
    },
    "evaluation_time": 0.1,
    "manhattan": {
      "pearson": 0.26096586501715524,
      "spearman": 0.22126937977787922
    }
  }
}