{
  "dataset_revision": "b0fddb56ed78048fa8b90373c8a3cfc37b684831",
  "mteb_dataset_name": "STSBenchmark",
  "mteb_version": "1.1.2.dev0",
  "test": {
    "cos_sim": {
      "pearson": 0.05821353167532655,
      "spearman": 0.13522294025672363
    },
    "euclidean": {
      "pearson": 0.07182924006247746,
      "spearman": 0.08959348395917673
    },
    "evaluation_time": 0.04,
    "manhattan": {
      "pearson": 0.08752854240390989,
      "spearman": 0.12799920481427557
    }
  }
}