{
  "dataset_revision": "b0fddb56ed78048fa8b90373c8a3cfc37b684831",
  "mteb_dataset_name": "STSBenchmark",
  "mteb_version": "1.1.2.dev0",
  "test": {
    "cos_sim": {
      "pearson": 0.11260566038567689,
      "spearman": 0.08676040132266344
    },
    "euclidean": {
      "pearson": 0.17311370814283003,
      "spearman": 0.10565391089174894
    },
    "evaluation_time": 0.08,
    "manhattan": {
      "pearson": 0.18430844742986952,
      "spearman": 0.10930586110521257
    }
  }
}