{
  "dataset_revision": "b0fddb56ed78048fa8b90373c8a3cfc37b684831",
  "mteb_dataset_name": "STSBenchmark",
  "mteb_version": "1.1.2.dev0",
  "test": {
    "cos_sim": {
      "pearson": 0.26314403577009565,
      "spearman": 0.3031383456456988
    },
    "euclidean": {
      "pearson": 0.3072001152143561,
      "spearman": 0.3135869494416022
    },
    "evaluation_time": 0.03,
    "manhattan": {
      "pearson": 0.3081581597303902,
      "spearman": 0.3148151967128324
    }
  }
}