{
  "dataset_revision": "b0fddb56ed78048fa8b90373c8a3cfc37b684831",
  "mteb_dataset_name": "STSBenchmark",
  "mteb_version": "1.1.2.dev0",
  "test": {
    "cos_sim": {
      "pearson": 0.33944402824145925,
      "spearman": 0.36022724646735466
    },
    "euclidean": {
      "pearson": 0.37786990557901456,
      "spearman": 0.3834343137658604
    },
    "evaluation_time": 0.03,
    "manhattan": {
      "pearson": 0.38330836121096035,
      "spearman": 0.3870658720386165
    }
  }
}