{
  "dataset_revision": "b0fddb56ed78048fa8b90373c8a3cfc37b684831",
  "mteb_dataset_name": "STSBenchmark",
  "mteb_version": "1.1.2.dev0",
  "test": {
    "cos_sim": {
      "pearson": 0.06648804579442924,
      "spearman": 0.1668724080091841
    },
    "euclidean": {
      "pearson": 0.10513508697199604,
      "spearman": 0.17660266634263497
    },
    "evaluation_time": 0.04,
    "manhattan": {
      "pearson": 0.20325148312670638,
      "spearman": 0.2548999027544306
    }
  }
}