{
  "dataset_revision": "b0fddb56ed78048fa8b90373c8a3cfc37b684831",
  "mteb_dataset_name": "STSBenchmark",
  "mteb_version": "1.1.2.dev0",
  "test": {
    "cos_sim": {
      "pearson": 0.716347150225034,
      "spearman": 0.7032631295486034
    },
    "euclidean": {
      "pearson": 0.7284097791110086,
      "spearman": 0.7102497338304189
    },
    "evaluation_time": 0.03,
    "manhattan": {
      "pearson": 0.7303449445704979,
      "spearman": 0.7118436251040622
    }
  }
}