{
  "dataset_revision": "b0fddb56ed78048fa8b90373c8a3cfc37b684831",
  "mteb_dataset_name": "STSBenchmark",
  "mteb_version": "1.1.2.dev0",
  "test": {
    "cos_sim": {
      "pearson": 0.15192942152692493,
      "spearman": 0.20774822137437451
    },
    "euclidean": {
      "pearson": 0.1962485455890855,
      "spearman": 0.23094573167522733
    },
    "evaluation_time": 0.05,
    "manhattan": {
      "pearson": 0.20343257569100173,
      "spearman": 0.238499457538762
    }
  }
}