{
  "dataset_revision": "b0fddb56ed78048fa8b90373c8a3cfc37b684831",
  "mteb_dataset_name": "STSBenchmark",
  "mteb_version": "1.1.2.dev0",
  "test": {
    "cos_sim": {
      "pearson": 0.0060468277028103805,
      "spearman": 0.0032831518967001445
    },
    "euclidean": {
      "pearson": 0.0068106564727065996,
      "spearman": 0.0032831518967001445
    },
    "evaluation_time": 67.41,
    "manhattan": {
      "pearson": 0.0009879657970024624,
      "spearman": -0.007073808383468455
    }
  }
}