{
  "dataset_revision": "a0d554a64d88156834ff5ae9920b964011b16384",
  "mteb_dataset_name": "STS12",
  "mteb_version": "1.1.2.dev0",
  "test": {
    "cos_sim": {
      "pearson": 0.5151449026691528,
      "spearman": 0.5798138257616366
    },
    "euclidean": {
      "pearson": 0.13674098334953752,
      "spearman": 0.2649775225885647
    },
    "evaluation_time": 0.35,
    "manhattan": {
      "pearson": 0.3957577863033518,
      "spearman": 0.5105848371097523
    }
  }
}