{
  "dataset_revision": null,
  "mteb_dataset_name": "InstructSTSBenchmark",
  "mteb_version": "1.1.2.dev0",
  "test": {
    "cos_sim": {
      "pearson": 0.08067658287543404,
      "spearman": 0.06006760815816179
    },
    "euclidean": {
      "pearson": -0.003926367553928414,
      "spearman": 0.058073825079074916
    },
    "evaluation_time": 0.08,
    "manhattan": {
      "pearson": 0.07521836912080224,
      "spearman": 0.06063914703300094
    }
  }
}