{
  "dataset_revision": "b0fddb56ed78048fa8b90373c8a3cfc37b684831",
  "mteb_dataset_name": "STSBenchmark",
  "mteb_version": "1.1.2.dev0",
  "test": {
    "cos_sim": {
      "pearson": 0.36088265275408693,
      "spearman": 0.4157390644612394
    },
    "euclidean": {
      "pearson": 0.15111616667501135,
      "spearman": 0.40934614490630883
    },
    "evaluation_time": 0.05,
    "manhattan": {
      "pearson": 0.38964934482765073,
      "spearman": 0.4080050088862819
    }
  }
}