{
  "dataset_revision": "a0d554a64d88156834ff5ae9920b964011b16384",
  "mteb_dataset_name": "STS12",
  "mteb_version": "1.1.2.dev0",
  "test": {
    "cos_sim": {
      "pearson": 0.6115303862121719,
      "spearman": 0.6066231339303599
    },
    "euclidean": {
      "pearson": 0.5639985543825214,
      "spearman": 0.5713564268694756
    },
    "evaluation_time": 0.05,
    "manhattan": {
      "pearson": 0.581757688007191,
      "spearman": 0.5804561452895158
    }
  }
}