{
  "dataset_revision": "b0fddb56ed78048fa8b90373c8a3cfc37b684831",
  "mteb_dataset_name": "STSBenchmark",
  "mteb_version": "1.1.2.dev0",
  "test": {
    "cos_sim": {
      "pearson": 0.30972575133710495,
      "spearman": 0.27749569189803036
    },
    "euclidean": {
      "pearson": 0.3298629266396302,
      "spearman": 0.2760631769474168
    },
    "evaluation_time": 0.06,
    "manhattan": {
      "pearson": 0.33002502873995876,
      "spearman": 0.276379284227914
    }
  }
}