{
  "dataset_revision": null,
  "mteb_dataset_name": "InstructSTSBenchmark",
  "mteb_version": "1.1.2.dev0",
  "test": {
    "cos_sim": {
      "pearson": -0.036191775858132026,
      "spearman": -0.03486797728114054
    },
    "euclidean": {
      "pearson": -0.07850083765823902,
      "spearman": -0.0778486183082436
    },
    "evaluation_time": 0.08,
    "manhattan": {
      "pearson": -0.08734674908411205,
      "spearman": -0.08238313112827228
    }
  }
}