{
  "dataset_revision": "b0fddb56ed78048fa8b90373c8a3cfc37b684831",
  "mteb_dataset_name": "STSBenchmark",
  "mteb_version": "1.1.2.dev0",
  "test": {
    "cos_sim": {
      "pearson": 0.21009928044286946,
      "spearman": 0.28771261364119544
    },
    "euclidean": {
      "pearson": 0.2311201982091419,
      "spearman": 0.2767263299114723
    },
    "evaluation_time": 0.05,
    "manhattan": {
      "pearson": 0.38850519123799704,
      "spearman": 0.39020844273478394
    }
  }
}