{
  "dataset_revision": "a0d554a64d88156834ff5ae9920b964011b16384",
  "mteb_dataset_name": "STS12",
  "mteb_version": "1.1.2.dev0",
  "test": {
    "cos_sim": {
      "pearson": 0.2506685971560478,
      "spearman": 0.2678975850286072
    },
    "euclidean": {
      "pearson": 0.2896844836872608,
      "spearman": 0.2817014820118939
    },
    "evaluation_time": 0.4,
    "manhattan": {
      "pearson": 0.29872512411705265,
      "spearman": 0.2923132082458359
    }
  }
}