{
  "dataset_revision": null,
  "mteb_dataset_name": "InstructSTSBenchmark",
  "mteb_version": "1.1.2.dev0",
  "test": {
    "cos_sim": {
      "pearson": -0.003567079729304491,
      "spearman": 0.032763528863324794
    },
    "euclidean": {
      "pearson": 0.003799067437874362,
      "spearman": 0.0239622839848551
    },
    "evaluation_time": 0.15,
    "manhattan": {
      "pearson": 0.003438021786999456,
      "spearman": 0.023284634583151005
    }
  }
}