{
    "test": {
        "NYTTopicClustering": 0.06581538442172517,
        "NYTLocationClustering": 0.03629414929370982,
        "harmonic_mean": 0.046787285267692894
    }
}