{
  "dataset_revision": null,
  "mteb_dataset_name": "InstructSTSBenchmark",
  "mteb_version": "1.1.2.dev0",
  "test": {
    "cos_sim": {
      "pearson": -0.025967032078864808,
      "spearman": -0.03973357190283884
    },
    "euclidean": {
      "pearson": 0.013993741240899976,
      "spearman": -0.046910370901458394
    },
    "evaluation_time": 0.12,
    "manhattan": {
      "pearson": -0.021264832952879686,
      "spearman": -0.04334906827337613
    }
  }
}