{
  "dataset_revision": "a0d554a64d88156834ff5ae9920b964011b16384",
  "mteb_dataset_name": "STS12",
  "mteb_version": "1.1.2.dev0",
  "test": {
    "cos_sim": {
      "pearson": 0.24848114034132943,
      "spearman": 0.21749056722957508
    },
    "euclidean": {
      "pearson": 0.26879096000498925,
      "spearman": 0.22782856577930816
    },
    "evaluation_time": 0.37,
    "manhattan": {
      "pearson": 0.2743446808918713,
      "spearman": 0.23151140311310142
    }
  }
}