{
  "dataset_revision": "b0fddb56ed78048fa8b90373c8a3cfc37b684831",
  "mteb_dataset_name": "STSBenchmark",
  "mteb_version": "1.1.2.dev0",
  "test": {
    "cos_sim": {
      "pearson": 0.22330837355122232,
      "spearman": 0.20646610512145203
    },
    "euclidean": {
      "pearson": 0.2523119138180956,
      "spearman": 0.24594262202053827
    },
    "evaluation_time": 0.06,
    "manhattan": {
      "pearson": 0.25580236711605553,
      "spearman": 0.24874059093878603
    }
  }
}