{
  "dataset_revision": null,
  "mteb_dataset_name": "InstructSTSBenchmark",
  "mteb_version": "1.1.2.dev0",
  "test": {
    "cos_sim": {
      "pearson": 0.11618241137127235,
      "spearman": 0.1561576557103561
    },
    "euclidean": {
      "pearson": 0.1156572489733644,
      "spearman": 0.1304634491620838
    },
    "evaluation_time": 0.15,
    "manhattan": {
      "pearson": 0.1170198666951406,
      "spearman": 0.13180235320305456
    }
  }
}