{
  "dataset_revision": "a0d554a64d88156834ff5ae9920b964011b16384",
  "mteb_dataset_name": "STS12",
  "mteb_version": "1.1.2.dev0",
  "test": {
    "cos_sim": {
      "pearson": 0.4090349014810042,
      "spearman": 0.4911321166352468
    },
    "euclidean": {
      "pearson": 0.4528050876497232,
      "spearman": 0.5081858433942975
    },
    "evaluation_time": 0.18,
    "manhattan": {
      "pearson": 0.4640609951400285,
      "spearman": 0.5190788118052265
    }
  }
}