{
  "dataset_revision": "b0fddb56ed78048fa8b90373c8a3cfc37b684831",
  "mteb_dataset_name": "STSBenchmark",
  "mteb_version": "1.1.2.dev0",
  "test": {
    "cos_sim": {
      "pearson": 0.5275363277863183,
      "spearman": 0.5586799653550939
    },
    "euclidean": {
      "pearson": 0.6042991688438406,
      "spearman": 0.6061916654185339
    },
    "evaluation_time": 0.11,
    "manhattan": {
      "pearson": 0.6109895334639391,
      "spearman": 0.6124195274564342
    }
  }
}