{
  "dataset_revision": "b0fddb56ed78048fa8b90373c8a3cfc37b684831",
  "mteb_dataset_name": "STSBenchmark",
  "mteb_version": "1.1.2.dev0",
  "test": {
    "cos_sim": {
      "pearson": 0.3890221104137052,
      "spearman": 0.40623581906757344
    },
    "euclidean": {
      "pearson": 0.41501909824589994,
      "spearman": 0.4186485319517587
    },
    "evaluation_time": 0.03,
    "manhattan": {
      "pearson": 0.41997832783315947,
      "spearman": 0.42265034314644195
    }
  }
}