{
  "dataset_revision": "b0fddb56ed78048fa8b90373c8a3cfc37b684831",
  "mteb_dataset_name": "STSBenchmark",
  "mteb_version": "1.1.2.dev0",
  "test": {
    "cos_sim": {
      "pearson": 0.4179291617289586,
      "spearman": 0.398349883729345
    },
    "euclidean": {
      "pearson": 0.4646110048076897,
      "spearman": 0.4751559519646451
    },
    "evaluation_time": 0.04,
    "manhattan": {
      "pearson": 0.467894948676749,
      "spearman": 0.48560143297178887
    }
  }
}