{
  "dataset_revision": null,
  "mteb_dataset_name": "InstructSTSBenchmark",
  "mteb_version": "1.1.2.dev0",
  "test": {
    "cos_sim": {
      "pearson": 0.1294299268859047,
      "spearman": 0.19049781253837636
    },
    "euclidean": {
      "pearson": 0.05471365398833548,
      "spearman": 0.07862736861761793
    },
    "evaluation_time": 0.15,
    "manhattan": {
      "pearson": 0.09380292831346405,
      "spearman": 0.1139571302341504
    }
  }
}