{
  "dataset_revision": "a0d554a64d88156834ff5ae9920b964011b16384",
  "mteb_dataset_name": "STS12",
  "mteb_version": "1.1.2.dev0",
  "test": {
    "cos_sim": {
      "pearson": 0.2631685785327675,
      "spearman": 0.27631660486249077
    },
    "euclidean": {
      "pearson": 0.3209349130469233,
      "spearman": 0.30758507821187725
    },
    "evaluation_time": 0.43,
    "manhattan": {
      "pearson": 0.3277289535071819,
      "spearman": 0.31592419682558465
    }
  }
}