{
  "dataset_revision": "b0fddb56ed78048fa8b90373c8a3cfc37b684831",
  "mteb_dataset_name": "STSBenchmark",
  "mteb_version": "1.1.2.dev0",
  "test": {
    "cos_sim": {
      "pearson": 0.02251517843179718,
      "spearman": 0.16589416903750712
    },
    "euclidean": {
      "pearson": 0.11496080237259905,
      "spearman": 0.1872593197891532
    },
    "evaluation_time": 0.04,
    "manhattan": {
      "pearson": 0.2283536198977035,
      "spearman": 0.1871553785749602
    }
  }
}