{
  "dataset_revision": "b0fddb56ed78048fa8b90373c8a3cfc37b684831",
  "mteb_dataset_name": "STSBenchmark",
  "mteb_version": "1.1.2.dev0",
  "test": {
    "cos_sim": {
      "pearson": 0.15308743285126084,
      "spearman": 0.18565423548815385
    },
    "euclidean": {
      "pearson": 0.17697675463612117,
      "spearman": 0.1856608425031504
    },
    "evaluation_time": 0.03,
    "manhattan": {
      "pearson": 0.17543133837250438,
      "spearman": 0.18373952781461622
    }
  }
}