{
    "test": {
        "NYTTopicClustering": 0.09918865735615073,
        "NYTLocationClustering": 0.06146782265840426,
        "harmonic_mean": 0.07589997797917465
    }
}