{
  "dataset_revision": "b0fddb56ed78048fa8b90373c8a3cfc37b684831",
  "mteb_dataset_name": "STSBenchmark",
  "mteb_version": "1.1.2.dev0",
  "test": {
    "cos_sim": {
      "pearson": 0.3055534399141678,
      "spearman": 0.3371837701989962
    },
    "euclidean": {
      "pearson": 0.3436807263797555,
      "spearman": 0.3602023650371626
    },
    "evaluation_time": 0.07,
    "manhattan": {
      "pearson": 0.4597202160802079,
      "spearman": 0.45740785919830773
    }
  }
}