{
  "dataset_revision": "b0fddb56ed78048fa8b90373c8a3cfc37b684831",
  "mteb_dataset_name": "STSBenchmark",
  "mteb_version": "1.1.2.dev0",
  "test": {
    "cos_sim": {
      "pearson": 0.029907271944423757,
      "spearman": 0.13967325196513852
    },
    "euclidean": {
      "pearson": 0.10434698412929817,
      "spearman": 0.18258805939007888
    },
    "evaluation_time": 0.03,
    "manhattan": {
      "pearson": 0.15293161079112344,
      "spearman": 0.2333843036571055
    }
  }
}