{
  "dataset_revision": "b0fddb56ed78048fa8b90373c8a3cfc37b684831",
  "mteb_dataset_name": "STSBenchmark",
  "mteb_version": "1.1.2.dev0",
  "test": {
    "cos_sim": {
      "pearson": 0.20429759491561272,
      "spearman": 0.28721524787594493
    },
    "euclidean": {
      "pearson": 0.16889448573651747,
      "spearman": 0.2447970710042873
    },
    "evaluation_time": 0.05,
    "manhattan": {
      "pearson": 0.3685193406130838,
      "spearman": 0.3676793035236036
    }
  }
}