{
  "dataset_revision": null,
  "mteb_dataset_name": "InstructSTSBenchmark",
  "mteb_version": "1.1.2.dev0",
  "test": {
    "cos_sim": {
      "pearson": 0.11600940375498511,
      "spearman": 0.1619414116917172
    },
    "euclidean": {
      "pearson": -0.003180189595888219,
      "spearman": -0.011268198352662726
    },
    "evaluation_time": 0.11,
    "manhattan": {
      "pearson": 0.029820200759864864,
      "spearman": 0.04052643992489633
    }
  }
}