{
  "dataset_revision": "a0d554a64d88156834ff5ae9920b964011b16384",
  "mteb_dataset_name": "STS12",
  "mteb_version": "1.1.2.dev0",
  "test": {
    "cos_sim": {
      "pearson": 0.14658936367531614,
      "spearman": 0.26608753578459227
    },
    "euclidean": {
      "pearson": 0.12398477600684805,
      "spearman": 0.20945193937454865
    },
    "evaluation_time": 0.42,
    "manhattan": {
      "pearson": 0.24096277662239024,
      "spearman": 0.33243867880628486
    }
  }
}