{
  "dataset_revision": "b0fddb56ed78048fa8b90373c8a3cfc37b684831",
  "mteb_dataset_name": "STSBenchmark",
  "mteb_version": "1.1.2.dev0",
  "test": {
    "cos_sim": {
      "pearson": 0.1586941100433944,
      "spearman": 0.1876925481848829
    },
    "euclidean": {
      "pearson": 0.10005816949420959,
      "spearman": 0.12081796847124424
    },
    "evaluation_time": 0.06,
    "manhattan": {
      "pearson": 0.2997551099011281,
      "spearman": 0.3058872848233937
    }
  }
}