{
  "dataset_revision": "b0fddb56ed78048fa8b90373c8a3cfc37b684831",
  "mteb_dataset_name": "STSBenchmark",
  "mteb_version": "1.1.2.dev0",
  "test": {
    "cos_sim": {
      "pearson": 0.35816853982784014,
      "spearman": 0.38283024458598935
    },
    "euclidean": {
      "pearson": 0.406781722919443,
      "spearman": 0.41018962528243014
    },
    "evaluation_time": 0.03,
    "manhattan": {
      "pearson": 0.4276369586674252,
      "spearman": 0.42523530101214096
    }
  }
}