{
  "dataset_revision": "b0fddb56ed78048fa8b90373c8a3cfc37b684831",
  "mteb_dataset_name": "STSBenchmark",
  "mteb_version": "1.1.2.dev0",
  "test": {
    "cos_sim": {
      "pearson": 0.39912815160475623,
      "spearman": 0.4045403038640054
    },
    "euclidean": {
      "pearson": 0.4004379392442149,
      "spearman": 0.4093889881576378
    },
    "evaluation_time": 0.02,
    "manhattan": {
      "pearson": 0.4061174578579348,
      "spearman": 0.41474267013948213
    }
  }
}