{
  "dataset_revision": "b0fddb56ed78048fa8b90373c8a3cfc37b684831",
  "mteb_dataset_name": "STSBenchmark",
  "mteb_version": "1.1.2.dev0",
  "test": {
    "cos_sim": {
      "pearson": 0.503908676312771,
      "spearman": 0.5529948827318295
    },
    "euclidean": {
      "pearson": 0.588016080050355,
      "spearman": 0.5915083098966929
    },
    "evaluation_time": 0.08,
    "manhattan": {
      "pearson": 0.6082293332230767,
      "spearman": 0.6092354031890296
    }
  }
}