{
  "dataset_revision": "b0fddb56ed78048fa8b90373c8a3cfc37b684831",
  "mteb_dataset_name": "STSBenchmark",
  "mteb_version": "1.1.2.dev0",
  "test": {
    "cos_sim": {
      "pearson": 0.2529620103640877,
      "spearman": 0.3440654039677752
    },
    "euclidean": {
      "pearson": 0.3246047784626493,
      "spearman": 0.3696373482686226
    },
    "evaluation_time": 0.03,
    "manhattan": {
      "pearson": 0.33091353893387826,
      "spearman": 0.37863343916790887
    }
  }
}