{
  "dataset_revision": null,
  "mteb_dataset_name": "InstructSTSBenchmark",
  "mteb_version": "1.1.2.dev0",
  "test": {
    "cos_sim": {
      "pearson": 0.10584574355935066,
      "spearman": 0.13683457246706537
    },
    "euclidean": {
      "pearson": 0.11855978622830943,
      "spearman": 0.11762997080693366
    },
    "evaluation_time": 0.04,
    "manhattan": {
      "pearson": 0.11918257297051073,
      "spearman": 0.1182701874459858
    }
  }
}