{
  "dataset_revision": "a0d554a64d88156834ff5ae9920b964011b16384",
  "mteb_dataset_name": "STS12",
  "mteb_version": "1.1.2.dev0",
  "test": {
    "cos_sim": {
      "pearson": 0.24003715116231197,
      "spearman": 0.30634496955678975
    },
    "euclidean": {
      "pearson": 0.2546033521992099,
      "spearman": 0.3006870906574644
    },
    "evaluation_time": 0.04,
    "manhattan": {
      "pearson": 0.25065131352402187,
      "spearman": 0.29602965524755825
    }
  }
}