{
  "dataset_revision": "b0fddb56ed78048fa8b90373c8a3cfc37b684831",
  "mteb_dataset_name": "STSBenchmark",
  "mteb_version": "1.1.2.dev0",
  "test": {
    "cos_sim": {
      "pearson": 0.42559999697834383,
      "spearman": 0.4575358713120631
    },
    "euclidean": {
      "pearson": 0.456865068557927,
      "spearman": 0.4627447198832271
    },
    "evaluation_time": 0.03,
    "manhattan": {
      "pearson": 0.46380752031453765,
      "spearman": 0.4691004588354564
    }
  }
}