{
  "dataset_revision": "b0fddb56ed78048fa8b90373c8a3cfc37b684831",
  "mteb_dataset_name": "STSBenchmark",
  "mteb_version": "1.1.2.dev0",
  "test": {
    "cos_sim": {
      "pearson": 0.5614759024120755,
      "spearman": 0.5952158298641291
    },
    "euclidean": {
      "pearson": 0.59479736723496,
      "spearman": 0.5987095567162511
    },
    "evaluation_time": 0.04,
    "manhattan": {
      "pearson": 0.595102487104127,
      "spearman": 0.5986345541105187
    }
  }
}