{
  "dataset_revision": "b0fddb56ed78048fa8b90373c8a3cfc37b684831",
  "mteb_dataset_name": "STSBenchmark",
  "mteb_version": "1.1.2.dev0",
  "test": {
    "cos_sim": {
      "pearson": 0.5926308138592223,
      "spearman": 0.6059673684168747
    },
    "euclidean": {
      "pearson": 0.5949418736402822,
      "spearman": 0.5925945082867131
    },
    "evaluation_time": 0.07,
    "manhattan": {
      "pearson": 0.5955771485268968,
      "spearman": 0.5933525106144165
    }
  }
}