{
  "dataset_revision": "b0fddb56ed78048fa8b90373c8a3cfc37b684831",
  "mteb_dataset_name": "STSBenchmark",
  "mteb_version": "1.1.2.dev0",
  "test": {
    "cos_sim": {
      "pearson": 0.6238019701430899,
      "spearman": 0.650156803649048
    },
    "euclidean": {
      "pearson": 0.6464847204022943,
      "spearman": 0.6399702099988105
    },
    "evaluation_time": 29.71,
    "manhattan": {
      "pearson": 0.6688429342019636,
      "spearman": 0.6600159723968266
    }
  }
}