{
  "dataset_revision": "b0fddb56ed78048fa8b90373c8a3cfc37b684831",
  "mteb_dataset_name": "STSBenchmark",
  "mteb_version": "1.1.2.dev0",
  "test": {
    "cos_sim": {
      "pearson": 0.48168928235668135,
      "spearman": 0.48660847668354323
    },
    "euclidean": {
      "pearson": 0.516799833595114,
      "spearman": 0.5213474430434419
    },
    "evaluation_time": 0.05,
    "manhattan": {
      "pearson": 0.5268793410777365,
      "spearman": 0.5295136718700422
    }
  }
}