{
  "dataset_revision": null,
  "mteb_dataset_name": "InstructSTSBenchmark",
  "mteb_version": "1.1.2.dev0",
  "test": {
    "cos_sim": {
      "pearson": -0.0656921647008339,
      "spearman": -0.116647697060455
    },
    "euclidean": {
      "pearson": -0.0429210691752671,
      "spearman": -0.08464196246728593
    },
    "evaluation_time": 0.07,
    "manhattan": {
      "pearson": -0.05258805076244482,
      "spearman": -0.11776344322104633
    }
  }
}