{
  "dataset_revision": "b0fddb56ed78048fa8b90373c8a3cfc37b684831",
  "mteb_dataset_name": "STSBenchmark",
  "mteb_version": "1.1.2.dev0",
  "test": {
    "cos_sim": {
      "pearson": 0.08784943145578394,
      "spearman": 0.1937057153495144
    },
    "euclidean": {
      "pearson": 0.08102090525509155,
      "spearman": 0.15023788287056697
    },
    "evaluation_time": 0.05,
    "manhattan": {
      "pearson": 0.09139076221377902,
      "spearman": 0.21190987865594874
    }
  }
}