{
    "dataset_revision": null,
    "mteb_dataset_name": "IntentEmotion",
    "mteb_version": "1.1.2.dev0",
    "test": {
        "Emotion_success_rate": 0.9793831168831169,
        "Intent_success_rate": 0.038636363636363635,
        "evaluation_time": 0.18,
        "harmonic_mean": 0.07434005420151016
    }
}