{
  "dataset_revision": "b0fddb56ed78048fa8b90373c8a3cfc37b684831",
  "mteb_dataset_name": "STSBenchmark",
  "mteb_version": "1.1.2.dev0",
  "test": {
    "cos_sim": {
      "pearson": 0.4105295501928983,
      "spearman": 0.4449606600200001
    },
    "euclidean": {
      "pearson": 0.4442427672261373,
      "spearman": 0.45202752282698705
    },
    "evaluation_time": 0.03,
    "manhattan": {
      "pearson": 0.4548778687812469,
      "spearman": 0.4608062775151662
    }
  }
}