{
  "dataset_revision": "b0fddb56ed78048fa8b90373c8a3cfc37b684831",
  "mteb_dataset_name": "STSBenchmark",
  "mteb_version": "1.1.2.dev0",
  "test": {
    "cos_sim": {
      "pearson": 0.36367051267169126,
      "spearman": 0.39397568908252156
    },
    "euclidean": {
      "pearson": 0.3663262070508953,
      "spearman": 0.38124171880775004
    },
    "evaluation_time": 0.04,
    "manhattan": {
      "pearson": 0.432026041337715,
      "spearman": 0.4259986338355971
    }
  }
}