{
  "dataset_revision": null,
  "mteb_dataset_name": "InstructSTSBenchmark",
  "mteb_version": "1.1.2.dev0",
  "test": {
    "cos_sim": {
      "pearson": -0.03838598555925764,
      "spearman": -0.060481119912529975
    },
    "euclidean": {
      "pearson": 0.02306426302069204,
      "spearman": -0.06690512695104305
    },
    "evaluation_time": 0.12,
    "manhattan": {
      "pearson": 0.0018362798789784882,
      "spearman": -0.05817310435971512
    }
  }
}