{
    "test": {
        "NYTTopicClustering": 0.015952408498236374,
        "NYTLocationClustering": 0.04803358259224815,
        "harmonic_mean": 0.023950609139292946
    }
}