{
  "dataset_revision": "b0fddb56ed78048fa8b90373c8a3cfc37b684831",
  "mteb_dataset_name": "STSBenchmark",
  "mteb_version": "1.1.2.dev0",
  "test": {
    "cos_sim": {
      "pearson": 0.35141849200728476,
      "spearman": 0.3773898605876326
    },
    "euclidean": {
      "pearson": 0.3998671710771041,
      "spearman": 0.4039081833955701
    },
    "evaluation_time": 0.03,
    "manhattan": {
      "pearson": 0.41083247294300795,
      "spearman": 0.4108275322713535
    }
  }
}