{
  "dataset_revision": "b0fddb56ed78048fa8b90373c8a3cfc37b684831",
  "mteb_dataset_name": "STSBenchmark",
  "mteb_version": "1.1.2.dev0",
  "test": {
    "cos_sim": {
      "pearson": 0.34523865892554645,
      "spearman": 0.3530642498769048
    },
    "euclidean": {
      "pearson": 0.3556431270141271,
      "spearman": 0.35233108227367427
    },
    "evaluation_time": 0.04,
    "manhattan": {
      "pearson": 0.35729587851958045,
      "spearman": 0.35385863671818657
    }
  }
}