{
    "test": {
        "NYTTopicClustering": 0.024526654534600647,
        "NYTLocationClustering": 0.3373981283113366,
        "harmonic_mean": 0.04572911769455889
    }
}