{
  "dataset_revision": "b0fddb56ed78048fa8b90373c8a3cfc37b684831",
  "mteb_dataset_name": "STSBenchmark",
  "mteb_version": "1.1.2.dev0",
  "test": {
    "cos_sim": {
      "pearson": 0.11778057522146038,
      "spearman": 0.14694758245253042
    },
    "euclidean": {
      "pearson": 0.11732548431634386,
      "spearman": 0.14331082426399136
    },
    "evaluation_time": 0.06,
    "manhattan": {
      "pearson": 0.127824633709439,
      "spearman": 0.16154043409729904
    }
  }
}