{
  "dataset_revision": "b0fddb56ed78048fa8b90373c8a3cfc37b684831",
  "mteb_dataset_name": "STSBenchmark",
  "mteb_version": "1.1.2.dev0",
  "test": {
    "cos_sim": {
      "pearson": 0.13956805878911008,
      "spearman": 0.18154821824417336
    },
    "euclidean": {
      "pearson": 0.13395316071188845,
      "spearman": 0.1723296695487746
    },
    "evaluation_time": 0.09,
    "manhattan": {
      "pearson": 0.27316398544231485,
      "spearman": 0.3058808662386774
    }
  }
}