{
  "dataset_revision": null,
  "mteb_dataset_name": "InstructSTSBenchmark",
  "mteb_version": "1.1.2.dev0",
  "test": {
    "cos_sim": {
      "pearson": -0.004947122989677495,
      "spearman": -0.013912306182326212
    },
    "euclidean": {
      "pearson": -0.013462929311103128,
      "spearman": -0.01504627592936936
    },
    "evaluation_time": 0.13,
    "manhattan": {
      "pearson": -0.013509660066871595,
      "spearman": -0.014617280140864709
    }
  }
}