{
  "dataset_revision": "b0fddb56ed78048fa8b90373c8a3cfc37b684831",
  "mteb_dataset_name": "STSBenchmark",
  "mteb_version": "1.1.2.dev0",
  "test": {
    "cos_sim": {
      "pearson": 0.3266766726720135,
      "spearman": 0.41685403432422213
    },
    "euclidean": {
      "pearson": 0.41646596889204074,
      "spearman": 0.4546234762320876
    },
    "evaluation_time": 0.09,
    "manhattan": {
      "pearson": 0.4909551047828456,
      "spearman": 0.5285193180373932
    }
  }
}