{
  "dataset_revision": null,
  "mteb_dataset_name": "InstructSTSBenchmark",
  "mteb_version": "1.1.2.dev0",
  "test": {
    "cos_sim": {
      "pearson": 0.21285835437731773,
      "spearman": 0.20798781589349835
    },
    "euclidean": {
      "pearson": 0.2065197742318572,
      "spearman": 0.19725882244119344
    },
    "evaluation_time": 0.12,
    "manhattan": {
      "pearson": 0.20691189026404447,
      "spearman": 0.19704751241267485
    }
  }
}