{
  "dataset_revision": "b0fddb56ed78048fa8b90373c8a3cfc37b684831",
  "mteb_dataset_name": "STSBenchmark",
  "mteb_version": "1.1.2.dev0",
  "test": {
    "cos_sim": {
      "pearson": 0.13211913195113914,
      "spearman": 0.16253926850320896
    },
    "euclidean": {
      "pearson": 0.16738226300224615,
      "spearman": 0.16615915328167652
    },
    "evaluation_time": 0.06,
    "manhattan": {
      "pearson": 0.16902059801890057,
      "spearman": 0.16698267694278857
    }
  }
}