{
  "dataset_revision": null,
  "mteb_dataset_name": "InstructSTSBenchmark",
  "mteb_version": "1.1.2.dev0",
  "test": {
    "cos_sim": {
      "pearson": 0.21220233578426628,
      "spearman": 0.24180242992688147
    },
    "euclidean": {
      "pearson": 0.1930098374090003,
      "spearman": 0.20567251371185566
    },
    "evaluation_time": 0.11,
    "manhattan": {
      "pearson": 0.19205169831313143,
      "spearman": 0.20524078546405752
    }
  }
}