{
  "dataset_revision": "b0fddb56ed78048fa8b90373c8a3cfc37b684831",
  "mteb_dataset_name": "STSBenchmark",
  "mteb_version": "1.1.2.dev0",
  "test": {
    "cos_sim": {
      "pearson": 0.17302385286747604,
      "spearman": 0.14872983238257956
    },
    "euclidean": {
      "pearson": 0.22235261182082178,
      "spearman": 0.18447008809521204
    },
    "evaluation_time": 0.07,
    "manhattan": {
      "pearson": 0.23211638492382625,
      "spearman": 0.19328091048901672
    }
  }
}