{
  "dataset_revision": "b0fddb56ed78048fa8b90373c8a3cfc37b684831",
  "mteb_dataset_name": "STSBenchmark",
  "mteb_version": "1.1.2.dev0",
  "test": {
    "cos_sim": {
      "pearson": 0.3255526341543997,
      "spearman": 0.3443697113796507
    },
    "euclidean": {
      "pearson": 0.36091939151630975,
      "spearman": 0.3667458308244815
    },
    "evaluation_time": 0.03,
    "manhattan": {
      "pearson": 0.36482645227050897,
      "spearman": 0.36945471482878317
    }
  }
}