{
  "dataset_revision": "b0fddb56ed78048fa8b90373c8a3cfc37b684831",
  "mteb_dataset_name": "STSBenchmark",
  "mteb_version": "1.1.2.dev0",
  "test": {
    "cos_sim": {
      "pearson": 0.639744607108754,
      "spearman": 0.6572473769301299
    },
    "euclidean": {
      "pearson": 0.6600961693571097,
      "spearman": 0.6599349448190355
    },
    "evaluation_time": 0.03,
    "manhattan": {
      "pearson": 0.6657193475610519,
      "spearman": 0.6647291744418126
    }
  }
}