{
  "dataset_revision": null,
  "mteb_dataset_name": "InstructSTSBenchmark",
  "mteb_version": "1.1.2.dev0",
  "test": {
    "cos_sim": {
      "pearson": 0.2467878176355986,
      "spearman": 0.24154876677624493
    },
    "euclidean": {
      "pearson": 0.25631070049385274,
      "spearman": 0.22421587952814703
    },
    "evaluation_time": 0.11,
    "manhattan": {
      "pearson": 0.25774149018510917,
      "spearman": 0.22725346118723302
    }
  }
}