{
  "dataset_revision": null,
  "mteb_dataset_name": "InstructSTSBenchmark",
  "mteb_version": "1.1.2.dev0",
  "test": {
    "cos_sim": {
      "pearson": -0.013035132559992287,
      "spearman": -0.02508168063721709
    },
    "euclidean": {
      "pearson": 0.022121500803704803,
      "spearman": -0.049561765266776185
    },
    "evaluation_time": 0.12,
    "manhattan": {
      "pearson": -0.005036988517363646,
      "spearman": -0.04220963360009683
    }
  }
}