{
  "dataset_revision": "a0d554a64d88156834ff5ae9920b964011b16384",
  "mteb_dataset_name": "STS12",
  "mteb_version": "1.1.2.dev0",
  "test": {
    "cos_sim": {
      "pearson": 0.08530460196879835,
      "spearman": 0.07067169782749595
    },
    "euclidean": {
      "pearson": 0.05339197303127465,
      "spearman": 0.03390112664201038
    },
    "evaluation_time": 0.37,
    "manhattan": {
      "pearson": 0.06112128032891322,
      "spearman": 0.03956404566348334
    }
  }
}