{
  "dataset_revision": "b0fddb56ed78048fa8b90373c8a3cfc37b684831",
  "mteb_dataset_name": "STSBenchmark",
  "mteb_version": "1.1.2.dev0",
  "test": {
    "cos_sim": {
      "pearson": 0.06806336387429325,
      "spearman": 0.046687332912815106
    },
    "euclidean": {
      "pearson": 0.07376827518699582,
      "spearman": 0.04587269035553788
    },
    "evaluation_time": 0.06,
    "manhattan": {
      "pearson": 0.07548710062238714,
      "spearman": 0.04736361287447578
    }
  }
}