{
  "dataset_revision": null,
  "mteb_dataset_name": "InstructSTSBenchmark",
  "mteb_version": "1.1.2.dev0",
  "test": {
    "cos_sim": {
      "pearson": 0.06101385615692362,
      "spearman": 0.05216169836107825
    },
    "euclidean": {
      "pearson": 0.05318841852352592,
      "spearman": 0.04958635738215358
    },
    "evaluation_time": 0.15,
    "manhattan": {
      "pearson": 0.05602899372144926,
      "spearman": 0.04925481923410285
    }
  }
}