{
  "dataset_revision": "b0fddb56ed78048fa8b90373c8a3cfc37b684831",
  "mteb_dataset_name": "STSBenchmark",
  "mteb_version": "1.1.2.dev0",
  "test": {
    "cos_sim": {
      "pearson": 0.04462801421435253,
      "spearman": 0.1682311930483517
    },
    "euclidean": {
      "pearson": 0.10728229684703969,
      "spearman": 0.1918573478771809
    },
    "evaluation_time": 0.06,
    "manhattan": {
      "pearson": 0.18863477973834933,
      "spearman": 0.25512935999454744
    }
  }
}