{
  "dataset_revision": "b0fddb56ed78048fa8b90373c8a3cfc37b684831",
  "mteb_dataset_name": "STSBenchmark",
  "mteb_version": "1.1.2.dev0",
  "test": {
    "cos_sim": {
      "pearson": 0.04773370931806291,
      "spearman": -0.009334294410473804
    },
    "euclidean": {
      "pearson": 0.08671993009917114,
      "spearman": 0.07205460955312065
    },
    "evaluation_time": 0.04,
    "manhattan": {
      "pearson": 0.08133511809930677,
      "spearman": 0.06697176284777939
    }
  }
}