{
  "dataset_revision": null,
  "mteb_dataset_name": "InstructSTSBenchmark",
  "mteb_version": "1.1.2.dev0",
  "test": {
    "cos_sim": {
      "pearson": -0.011712703421920417,
      "spearman": -0.001733744151956687
    },
    "euclidean": {
      "pearson": -0.0759993952752353,
      "spearman": -0.06919538154860347
    },
    "evaluation_time": 0.12,
    "manhattan": {
      "pearson": -0.0653132238323485,
      "spearman": -0.06014229522892717
    }
  }
}