{
  "dataset_revision": null,
  "mteb_dataset_name": "InstructSTSBenchmark",
  "mteb_version": "1.1.2.dev0",
  "test": {
    "cos_sim": {
      "pearson": 0.17738392465238928,
      "spearman": 0.17539415486375712
    },
    "euclidean": {
      "pearson": 0.17146454211921192,
      "spearman": 0.16115805243819672
    },
    "evaluation_time": 0.08,
    "manhattan": {
      "pearson": 0.1716298836863981,
      "spearman": 0.16154970464617088
    }
  }
}