{
  "dataset_revision": null,
  "mteb_dataset_name": "InstructSTSBenchmark",
  "mteb_version": "1.1.2.dev0",
  "test": {
    "cos_sim": {
      "pearson": 0.28430179871571004,
      "spearman": 0.26646103540958427
    },
    "euclidean": {
      "pearson": 0.28808256048725805,
      "spearman": 0.254431391959487
    },
    "evaluation_time": 0.1,
    "manhattan": {
      "pearson": 0.28795014916321554,
      "spearman": 0.25629037375511565
    }
  }
}