{
    "test": {
        "NYTTopicClustering": 0.07132337848733561,
        "NYTLocationClustering": 0.35840651854309513,
        "harmonic_mean": 0.11897132156086923
    }
}