{
  "dataset_revision": null,
  "mteb_dataset_name": "InstructSTSBenchmark",
  "mteb_version": "1.1.2.dev0",
  "test": {
    "cos_sim": {
      "pearson": 0.02567881142193415,
      "spearman": 0.0023281179152882434
    },
    "euclidean": {
      "pearson": 0.05171573802175393,
      "spearman": 0.0474367687835963
    },
    "evaluation_time": 0.11,
    "manhattan": {
      "pearson": 0.05152548876931065,
      "spearman": 0.04542835721502605
    }
  }
}