{
  "dataset_revision": null,
  "mteb_dataset_name": "InstructSTSBenchmark",
  "mteb_version": "1.1.2.dev0",
  "test": {
    "cos_sim": {
      "pearson": 0.07546476009022239,
      "spearman": 0.06365304739622521
    },
    "euclidean": {
      "pearson": 0.05385791902301479,
      "spearman": 0.07250211025908787
    },
    "evaluation_time": 0.08,
    "manhattan": {
      "pearson": 0.08191605114490214,
      "spearman": 0.07906592800864014
    }
  }
}