{
  "dataset_revision": null,
  "mteb_dataset_name": "InstructSTSBenchmark",
  "mteb_version": "1.1.2.dev0",
  "test": {
    "cos_sim": {
      "pearson": 0.056964010286466485,
      "spearman": 0.04595947577353266
    },
    "euclidean": {
      "pearson": 0.05341416760190773,
      "spearman": 0.04824654250362989
    },
    "evaluation_time": 0.15,
    "manhattan": {
      "pearson": 0.05394640055618889,
      "spearman": 0.04763993699098761
    }
  }
}