{
  "dataset_revision": "a0d554a64d88156834ff5ae9920b964011b16384",
  "mteb_dataset_name": "STS12",
  "mteb_version": "1.1.2.dev0",
  "test": {
    "cos_sim": {
      "pearson": 0.6507484722657242,
      "spearman": 0.5069961682790642
    },
    "euclidean": {
      "pearson": 0.5807994995405774,
      "spearman": 0.4700214212768509
    },
    "evaluation_time": 0.42,
    "manhattan": {
      "pearson": 0.6134618262074671,
      "spearman": 0.47715897342155966
    }
  }
}