{
  "dataset_revision": "b0fddb56ed78048fa8b90373c8a3cfc37b684831",
  "mteb_dataset_name": "STSBenchmark",
  "mteb_version": "1.1.2.dev0",
  "test": {
    "cos_sim": {
      "pearson": 0.05121376314804335,
      "spearman": 0.11593144648160363
    },
    "euclidean": {
      "pearson": 0.023295926021179532,
      "spearman": 0.04822678200419713
    },
    "evaluation_time": 0.06,
    "manhattan": {
      "pearson": 0.042927564601361046,
      "spearman": 0.13664907239685536
    }
  }
}