{
  "dataset_revision": "b0fddb56ed78048fa8b90373c8a3cfc37b684831",
  "mteb_dataset_name": "STSBenchmark",
  "mteb_version": "1.1.2.dev0",
  "test": {
    "cos_sim": {
      "pearson": 0.6772955022219131,
      "spearman": 0.6951695003672134
    },
    "euclidean": {
      "pearson": 0.6299299181619242,
      "spearman": 0.6437760046712129
    },
    "evaluation_time": 59.88,
    "manhattan": {
      "pearson": 0.6345227776570934,
      "spearman": 0.6475621495863624
    }
  }
}