{
  "dataset_revision": "a0d554a64d88156834ff5ae9920b964011b16384",
  "mteb_dataset_name": "STS12",
  "mteb_version": "1.1.2.dev0",
  "test": {
    "cos_sim": {
      "pearson": 0.1340502769749427,
      "spearman": 0.24215902992484037
    },
    "euclidean": {
      "pearson": 0.17876796504873274,
      "spearman": 0.24175000074766312
    },
    "evaluation_time": 0.49,
    "manhattan": {
      "pearson": 0.18040492136226335,
      "spearman": 0.24345479336746548
    }
  }
}