{
  "dataset_revision": "b0fddb56ed78048fa8b90373c8a3cfc37b684831",
  "mteb_dataset_name": "STSBenchmark",
  "mteb_version": "1.1.2.dev0",
  "test": {
    "cos_sim": {
      "pearson": 0.2323288124427939,
      "spearman": 0.2721429497725418
    },
    "euclidean": {
      "pearson": 0.26369833878819077,
      "spearman": 0.27360754683703503
    },
    "evaluation_time": 0.04,
    "manhattan": {
      "pearson": 0.2506109162901166,
      "spearman": 0.26106572162492636
    }
  }
}