{
  "dataset_revision": "b0fddb56ed78048fa8b90373c8a3cfc37b684831",
  "mteb_dataset_name": "STSBenchmark",
  "mteb_version": "1.1.2.dev0",
  "test": {
    "cos_sim": {
      "pearson": 0.142158088632706,
      "spearman": 0.1669592049391212
    },
    "euclidean": {
      "pearson": 0.1374700133097404,
      "spearman": 0.16905475201559175
    },
    "evaluation_time": 0.04,
    "manhattan": {
      "pearson": 0.19156320692035084,
      "spearman": 0.21660785407281716
    }
  }
}