{
  "dataset_revision": "b0fddb56ed78048fa8b90373c8a3cfc37b684831",
  "mteb_dataset_name": "STSBenchmark",
  "mteb_version": "1.1.2.dev0",
  "test": {
    "cos_sim": {
      "pearson": 0.05108667403787507,
      "spearman": 0.16446158134104422
    },
    "euclidean": {
      "pearson": 0.1553274743259466,
      "spearman": 0.20690947653513497
    },
    "evaluation_time": 0.04,
    "manhattan": {
      "pearson": 0.17366132599478284,
      "spearman": 0.23328594949804243
    }
  }
}