{
  "dataset_revision": "b0fddb56ed78048fa8b90373c8a3cfc37b684831",
  "mteb_dataset_name": "STSBenchmark",
  "mteb_version": "1.1.2.dev0",
  "test": {
    "cos_sim": {
      "pearson": 0.06947652702034848,
      "spearman": 0.06851999763811262
    },
    "euclidean": {
      "pearson": 0.0684050014957063,
      "spearman": 0.06851999763811262
    },
    "evaluation_time": 35.46,
    "manhattan": {
      "pearson": 0.09061348089596233,
      "spearman": 0.0806057919681403
    }
  }
}