{
  "dataset_revision": null,
  "mteb_dataset_name": "InstructSTSBenchmark",
  "mteb_version": "1.1.2.dev0",
  "test": {
    "cos_sim": {
      "pearson": -0.021954746800801044,
      "spearman": -0.019882728407347457
    },
    "euclidean": {
      "pearson": -0.1062529149991861,
      "spearman": -0.09634416608636334
    },
    "evaluation_time": 0.1,
    "manhattan": {
      "pearson": -0.07181667896131956,
      "spearman": -0.07472951830781414
    }
  }
}