{
  "dataset_revision": "b0fddb56ed78048fa8b90373c8a3cfc37b684831",
  "mteb_dataset_name": "STSBenchmark",
  "mteb_version": "1.1.2.dev0",
  "test": {
    "cos_sim": {
      "pearson": 0.0029295351665993676,
      "spearman": 0.006780138170833019
    },
    "euclidean": {
      "pearson": 0.001828953063074182,
      "spearman": 0.011461280755284544
    },
    "evaluation_time": 0.04,
    "manhattan": {
      "pearson": 0.0006051115182942829,
      "spearman": 0.019203098401065717
    }
  }
}