{
  "dataset_revision": null,
  "mteb_dataset_name": "InstructSTSBenchmark",
  "mteb_version": "1.1.2.dev0",
  "test": {
    "cos_sim": {
      "pearson": 0.2006119051202543,
      "spearman": 0.26692783110897966
    },
    "euclidean": {
      "pearson": 0.29903351743099954,
      "spearman": 0.3490372599296581
    },
    "evaluation_time": 0.08,
    "manhattan": {
      "pearson": 0.36720597990705917,
      "spearman": 0.3742469106060438
    }
  }
}