{
    "test": {
        "NYTTopicClustering": 0.03364124079584099,
        "NYTLocationClustering": 0.02856533836519768,
        "harmonic_mean": 0.03089620912843795
    }
}