{
  "dataset_revision": "b0fddb56ed78048fa8b90373c8a3cfc37b684831",
  "mteb_dataset_name": "STSBenchmark",
  "mteb_version": "1.1.2.dev0",
  "test": {
    "cos_sim": {
      "pearson": 0.06905091937196021,
      "spearman": 0.12101564672386945
    },
    "euclidean": {
      "pearson": 0.07284322984558964,
      "spearman": 0.08791526333121248
    },
    "evaluation_time": 0.04,
    "manhattan": {
      "pearson": 0.07690661632419797,
      "spearman": 0.09769391759909092
    }
  }
}