{
  "dataset_revision": "b0fddb56ed78048fa8b90373c8a3cfc37b684831",
  "mteb_dataset_name": "STSBenchmark",
  "mteb_version": "1.1.2.dev0",
  "test": {
    "cos_sim": {
      "pearson": 0.36951827115895236,
      "spearman": 0.3435479297711189
    },
    "euclidean": {
      "pearson": 0.375185854225296,
      "spearman": 0.3392344782009631
    },
    "evaluation_time": 0.08,
    "manhattan": {
      "pearson": 0.37824742921309995,
      "spearman": 0.34471108177833865
    }
  }
}