{
  "dataset_revision": null,
  "mteb_dataset_name": "InstructSTSBenchmark",
  "mteb_version": "1.1.2.dev0",
  "test": {
    "cos_sim": {
      "pearson": 0.013948504351583011,
      "spearman": 0.02920177586823757
    },
    "euclidean": {
      "pearson": -0.1294312901017317,
      "spearman": -0.11063309595553529
    },
    "evaluation_time": 0.1,
    "manhattan": {
      "pearson": -0.08057389751445561,
      "spearman": -0.0697819490314975
    }
  }
}