{
    "test": {
        "NYTTopicClustering": 0.08759146650972661,
        "NYTLocationClustering": 0.059271982145743946,
        "harmonic_mean": 0.07070133036143898
    }
}