{
  "dataset_revision": "b0fddb56ed78048fa8b90373c8a3cfc37b684831",
  "mteb_dataset_name": "STSBenchmark",
  "mteb_version": "1.1.2.dev0",
  "test": {
    "cos_sim": {
      "pearson": 0.3326239901054599,
      "spearman": 0.35633443741058035
    },
    "euclidean": {
      "pearson": 0.3607778984669279,
      "spearman": 0.35221315853228713
    },
    "evaluation_time": 0.03,
    "manhattan": {
      "pearson": 0.40761072559026157,
      "spearman": 0.3927983668716096
    }
  }
}