{
  "dataset_revision": null,
  "mteb_dataset_name": "InstructSTSBenchmark",
  "mteb_version": "1.1.2.dev0",
  "test": {
    "cos_sim": {
      "pearson": -0.15130906248731207,
      "spearman": -0.14523238119827092
    },
    "euclidean": {
      "pearson": -0.20114007124215658,
      "spearman": -0.193882871462157
    },
    "evaluation_time": 0.11,
    "manhattan": {
      "pearson": -0.20100387321304855,
      "spearman": -0.1942171420675675
    }
  }
}