{
  "dataset_revision": "b0fddb56ed78048fa8b90373c8a3cfc37b684831",
  "mteb_dataset_name": "STSBenchmark",
  "mteb_version": "1.1.2.dev0",
  "test": {
    "cos_sim": {
      "pearson": 0.38006440778178985,
      "spearman": 0.48077322088480257
    },
    "euclidean": {
      "pearson": 0.4443163489583194,
      "spearman": 0.48309418363948015
    },
    "evaluation_time": 0.06,
    "manhattan": {
      "pearson": 0.44815538480597106,
      "spearman": 0.4870553117229857
    }
  }
}