{
  "dataset_revision": "b0fddb56ed78048fa8b90373c8a3cfc37b684831",
  "mteb_dataset_name": "STSBenchmark",
  "mteb_version": "1.1.2.dev0",
  "test": {
    "cos_sim": {
      "pearson": 0.35682867697920856,
      "spearman": 0.412660664521547
    },
    "euclidean": {
      "pearson": 0.13848387485754643,
      "spearman": 0.40716133379934616
    },
    "evaluation_time": 0.05,
    "manhattan": {
      "pearson": 0.3860800712733333,
      "spearman": 0.4053491396326697
    }
  }
}