{
  "dataset_revision": "a0d554a64d88156834ff5ae9920b964011b16384",
  "mteb_dataset_name": "STS12",
  "mteb_version": "1.1.2.dev0",
  "test": {
    "cos_sim": {
      "pearson": 0.34300959542772513,
      "spearman": 0.3684543258408968
    },
    "euclidean": {
      "pearson": 0.36802659312999725,
      "spearman": 0.36863279103085855
    },
    "evaluation_time": 0.08,
    "manhattan": {
      "pearson": 0.3821243985557511,
      "spearman": 0.3764940855189726
    }
  }
}