{
  "dataset_revision": null,
  "mteb_dataset_name": "InstructSTSBenchmark",
  "mteb_version": "1.1.2.dev0",
  "test": {
    "cos_sim": {
      "pearson": -0.11593374808070497,
      "spearman": -0.11334825248765516
    },
    "euclidean": {
      "pearson": -0.13242073771583518,
      "spearman": -0.12311313911940633
    },
    "evaluation_time": 0.08,
    "manhattan": {
      "pearson": -0.13480545419478387,
      "spearman": -0.12915460213217955
    }
  }
}