{
  "dataset_revision": "b0fddb56ed78048fa8b90373c8a3cfc37b684831",
  "mteb_dataset_name": "STSBenchmark",
  "mteb_version": "1.1.2.dev0",
  "test": {
    "cos_sim": {
      "pearson": 0.38899414951253874,
      "spearman": 0.4206198413769349
    },
    "euclidean": {
      "pearson": 0.3649331332591041,
      "spearman": 0.3860395261376949
    },
    "evaluation_time": 0.06,
    "manhattan": {
      "pearson": 0.45316805143796546,
      "spearman": 0.44807650595700954
    }
  }
}