{
  "dataset_revision": "b0fddb56ed78048fa8b90373c8a3cfc37b684831",
  "mteb_dataset_name": "STSBenchmark",
  "mteb_version": "1.1.2.dev0",
  "test": {
    "cos_sim": {
      "pearson": 0.3636531932109101,
      "spearman": 0.41893059232831
    },
    "euclidean": {
      "pearson": 0.42243796618559337,
      "spearman": 0.4386698157643231
    },
    "evaluation_time": 0.03,
    "manhattan": {
      "pearson": 0.43033691419817083,
      "spearman": 0.44474501079363865
    }
  }
}