{
  "dataset_revision": null,
  "mteb_dataset_name": "InstructSTSBenchmark",
  "mteb_version": "1.1.2.dev0",
  "test": {
    "cos_sim": {
      "pearson": 0.02706648998611435,
      "spearman": 0.030402232892078256
    },
    "euclidean": {
      "pearson": -0.13042511131011736,
      "spearman": -0.11232904111379277
    },
    "evaluation_time": 0.13,
    "manhattan": {
      "pearson": -0.06148152142926498,
      "spearman": -0.057258186577186974
    }
  }
}