{
  "dataset_revision": "b0fddb56ed78048fa8b90373c8a3cfc37b684831",
  "mteb_dataset_name": "STSBenchmark",
  "mteb_version": "1.1.2.dev0",
  "test": {
    "cos_sim": {
      "pearson": 0.2612182254172152,
      "spearman": 0.4838694888864236
    },
    "euclidean": {
      "pearson": 0.4107453246291114,
      "spearman": 0.5120385136884323
    },
    "evaluation_time": 0.08,
    "manhattan": {
      "pearson": 0.43135730118681465,
      "spearman": 0.5190435994465861
    }
  }
}