{
  "dataset_revision": null,
  "mteb_dataset_name": "InstructSTSBenchmark",
  "mteb_version": "1.1.2.dev0",
  "test": {
    "cos_sim": {
      "pearson": 0.3212762968789345,
      "spearman": 0.32792060516716715
    },
    "euclidean": {
      "pearson": 0.33562854472821946,
      "spearman": 0.32933971897606024
    },
    "evaluation_time": 0.03,
    "manhattan": {
      "pearson": 0.33577381945982443,
      "spearman": 0.3294827268072215
    }
  }
}