{
  "dataset_revision": "a0d554a64d88156834ff5ae9920b964011b16384",
  "mteb_dataset_name": "STS12",
  "mteb_version": "1.1.2.dev0",
  "test": {
    "cos_sim": {
      "pearson": 0.3321966197214327,
      "spearman": 0.36486620450177537
    },
    "euclidean": {
      "pearson": 0.28307094678275496,
      "spearman": 0.3027350510100737
    },
    "evaluation_time": 0.03,
    "manhattan": {
      "pearson": 0.2827975493713258,
      "spearman": 0.30172860581535876
    }
  }
}