{
  "dataset_revision": "b0fddb56ed78048fa8b90373c8a3cfc37b684831",
  "mteb_dataset_name": "STSBenchmark",
  "mteb_version": "1.1.2.dev0",
  "test": {
    "cos_sim": {
      "pearson": 0.46289113470739873,
      "spearman": 0.47924336809132356
    },
    "euclidean": {
      "pearson": 0.4165237280628103,
      "spearman": 0.41926869928939225
    },
    "evaluation_time": 0.02,
    "manhattan": {
      "pearson": 0.4158160266168494,
      "spearman": 0.41819429856648427
    }
  }
}