{
  "dataset_revision": "b0fddb56ed78048fa8b90373c8a3cfc37b684831",
  "mteb_dataset_name": "STSBenchmark",
  "mteb_version": "1.1.2.dev0",
  "test": {
    "cos_sim": {
      "pearson": 0.484121647777627,
      "spearman": 0.5284069975772235
    },
    "euclidean": {
      "pearson": 0.5088280091488411,
      "spearman": 0.525677092272515
    },
    "evaluation_time": 0.03,
    "manhattan": {
      "pearson": 0.5347688198819649,
      "spearman": 0.5421809137681697
    }
  }
}