{
  "dataset_revision": null,
  "mteb_dataset_name": "InstructSTSBenchmark",
  "mteb_version": "1.1.2.dev0",
  "test": {
    "cos_sim": {
      "pearson": 0.1936479721572512,
      "spearman": 0.1859359749698132
    },
    "euclidean": {
      "pearson": 0.20368491002726968,
      "spearman": 0.18987162419723116
    },
    "evaluation_time": 0.07,
    "manhattan": {
      "pearson": 0.20411640913390164,
      "spearman": 0.19053470049352228
    }
  }
}