{
  "dataset_revision": null,
  "mteb_dataset_name": "InstructSTSBenchmark",
  "mteb_version": "1.1.2.dev0",
  "test": {
    "cos_sim": {
      "pearson": 0.00297022776839467,
      "spearman": 0.04865140167175504
    },
    "euclidean": {
      "pearson": 0.020095711382427946,
      "spearman": 0.047144451420571006
    },
    "evaluation_time": 0.15,
    "manhattan": {
      "pearson": 0.019856260407108466,
      "spearman": 0.046863008322282615
    }
  }
}