{
  "dataset_revision": "b0fddb56ed78048fa8b90373c8a3cfc37b684831",
  "mteb_dataset_name": "STSBenchmark",
  "mteb_version": "1.1.2.dev0",
  "test": {
    "cos_sim": {
      "pearson": 0.004728677150218014,
      "spearman": 0.07012824079357007
    },
    "euclidean": {
      "pearson": 0.0154858382085017,
      "spearman": 0.05554171103389861
    },
    "evaluation_time": 0.04,
    "manhattan": {
      "pearson": 0.03935047129639978,
      "spearman": 0.06891555159027789
    }
  }
}