{
  "dataset_revision": "b0fddb56ed78048fa8b90373c8a3cfc37b684831",
  "mteb_dataset_name": "STSBenchmark",
  "mteb_version": "1.1.2.dev0",
  "test": {
    "cos_sim": {
      "pearson": 0.4257133568627379,
      "spearman": 0.4293234607282214
    },
    "euclidean": {
      "pearson": 0.4476549672526579,
      "spearman": 0.451950864033974
    },
    "evaluation_time": 0.1,
    "manhattan": {
      "pearson": 0.46787863345280867,
      "spearman": 0.468054394455818
    }
  }
}