{
  "dataset_revision": null,
  "mteb_dataset_name": "InstructSTSBenchmark",
  "mteb_version": "1.1.2.dev0",
  "test": {
    "cos_sim": {
      "pearson": 0.18711332123832813,
      "spearman": 0.17747446558621713
    },
    "euclidean": {
      "pearson": 0.19956838076073444,
      "spearman": 0.18323812877705517
    },
    "evaluation_time": 0.07,
    "manhattan": {
      "pearson": 0.20037588001082926,
      "spearman": 0.18414439376992559
    }
  }
}