{
  "dataset_revision": null,
  "mteb_dataset_name": "InstructSTSBenchmark",
  "mteb_version": "1.1.2.dev0",
  "test": {
    "cos_sim": {
      "pearson": 0.02234732458261967,
      "spearman": 0.008695134424083267
    },
    "euclidean": {
      "pearson": 0.010306774482340526,
      "spearman": -0.012232755765573726
    },
    "evaluation_time": 0.11,
    "manhattan": {
      "pearson": 0.011324169465435137,
      "spearman": -0.009221132448751616
    }
  }
}