{
  "dataset_revision": "b0fddb56ed78048fa8b90373c8a3cfc37b684831",
  "mteb_dataset_name": "STSBenchmark",
  "mteb_version": "1.1.2.dev0",
  "test": {
    "cos_sim": {
      "pearson": 0.3335060779367409,
      "spearman": 0.5378207940572611
    },
    "euclidean": {
      "pearson": 0.45851045351045683,
      "spearman": 0.5414869552625502
    },
    "evaluation_time": 0.08,
    "manhattan": {
      "pearson": 0.4588397152434484,
      "spearman": 0.5416173445517504
    }
  }
}