{
  "dataset_revision": "a0d554a64d88156834ff5ae9920b964011b16384",
  "mteb_dataset_name": "STS12",
  "mteb_version": "1.1.2.dev0",
  "test": {
    "cos_sim": {
      "pearson": 0.2940246882147395,
      "spearman": 0.29628340759453925
    },
    "euclidean": {
      "pearson": 0.08176405454686389,
      "spearman": 0.2857698549165326
    },
    "evaluation_time": 0.42,
    "manhattan": {
      "pearson": 0.29060791477809633,
      "spearman": 0.29178324627193225
    }
  }
}