{
  "dataset_revision": "b0fddb56ed78048fa8b90373c8a3cfc37b684831",
  "mteb_dataset_name": "STSBenchmark",
  "mteb_version": "1.1.2.dev0",
  "test": {
    "cos_sim": {
      "pearson": 0.3226463764663468,
      "spearman": 0.35947924187718966
    },
    "euclidean": {
      "pearson": 0.3150405702718723,
      "spearman": 0.3628398066272049
    },
    "evaluation_time": 0.06,
    "manhattan": {
      "pearson": 0.31745595887753464,
      "spearman": 0.36694199654905685
    }
  }
}