{
  "dataset_revision": "b0fddb56ed78048fa8b90373c8a3cfc37b684831",
  "mteb_dataset_name": "STSBenchmark",
  "mteb_version": "1.1.2.dev0",
  "test": {
    "cos_sim": {
      "pearson": 0.42859820650810904,
      "spearman": 0.4337157838888504
    },
    "euclidean": {
      "pearson": 0.3898172657271984,
      "spearman": 0.4184039751687892
    },
    "evaluation_time": 0.11,
    "manhattan": {
      "pearson": 0.4829926299575301,
      "spearman": 0.4806925076161014
    }
  }
}