{
  "dataset_revision": "b0fddb56ed78048fa8b90373c8a3cfc37b684831",
  "mteb_dataset_name": "STSBenchmark",
  "mteb_version": "1.1.2.dev0",
  "test": {
    "cos_sim": {
      "pearson": 0.46231464818736673,
      "spearman": 0.5408890139519597
    },
    "euclidean": {
      "pearson": 0.5100213108027145,
      "spearman": 0.5396739204032984
    },
    "evaluation_time": 0.03,
    "manhattan": {
      "pearson": 0.5113770704870007,
      "spearman": 0.5410966998131888
    }
  }
}