{
  "dataset_revision": "b0fddb56ed78048fa8b90373c8a3cfc37b684831",
  "mteb_dataset_name": "STSBenchmark",
  "mteb_version": "1.1.2.dev0",
  "test": {
    "cos_sim": {
      "pearson": 0.09273914413787462,
      "spearman": 0.2341109964858786
    },
    "euclidean": {
      "pearson": 0.20674298138098982,
      "spearman": 0.253951822002375
    },
    "evaluation_time": 0.08,
    "manhattan": {
      "pearson": 0.22201142668473656,
      "spearman": 0.2626965778716247
    }
  }
}