{
  "dataset_revision": null,
  "mteb_dataset_name": "InstructSTSBenchmark",
  "mteb_version": "1.1.2.dev0",
  "test": {
    "cos_sim": {
      "pearson": 0.10978122297060523,
      "spearman": 0.13651675280348308
    },
    "euclidean": {
      "pearson": 0.10358138218714072,
      "spearman": 0.11329815260755496
    },
    "evaluation_time": 0.13,
    "manhattan": {
      "pearson": 0.1040549362643602,
      "spearman": 0.11338422502760219
    }
  }
}