{
  "dataset_revision": "b0fddb56ed78048fa8b90373c8a3cfc37b684831",
  "mteb_dataset_name": "STSBenchmark",
  "mteb_version": "1.1.2.dev0",
  "test": {
    "cos_sim": {
      "pearson": 0.07660497645747696,
      "spearman": 0.10978549839256437
    },
    "euclidean": {
      "pearson": 0.07427435320454043,
      "spearman": 0.11494537032081405
    },
    "evaluation_time": 0.04,
    "manhattan": {
      "pearson": 0.1203955156631063,
      "spearman": 0.16956865570428564
    }
  }
}