{
  "dataset_revision": "b0fddb56ed78048fa8b90373c8a3cfc37b684831",
  "mteb_dataset_name": "STSBenchmark",
  "mteb_version": "1.1.2.dev0",
  "test": {
    "cos_sim": {
      "pearson": 0.06569697013329592,
      "spearman": 0.03224672720468234
    },
    "euclidean": {
      "pearson": 0.027387370930082623,
      "spearman": 0.024353849094562664
    },
    "evaluation_time": 0.04,
    "manhattan": {
      "pearson": 0.07074921458293836,
      "spearman": 0.026118219992472227
    }
  }
}