{
  "dataset_revision": "b0fddb56ed78048fa8b90373c8a3cfc37b684831",
  "mteb_dataset_name": "STSBenchmark",
  "mteb_version": "1.1.2.dev0",
  "test": {
    "cos_sim": {
      "pearson": -0.0018217890320710636,
      "spearman": -9.693964237634323e-05
    },
    "euclidean": {
      "pearson": 0.005443616603974121,
      "spearman": 0.00010835656825045727
    },
    "evaluation_time": 0.03,
    "manhattan": {
      "pearson": 0.007094715457504221,
      "spearman": 0.0048638727092932404
    }
  }
}