{
  "dataset_revision": "b0fddb56ed78048fa8b90373c8a3cfc37b684831",
  "mteb_dataset_name": "STSBenchmark",
  "mteb_version": "1.1.2.dev0",
  "test": {
    "cos_sim": {
      "pearson": 0.06020334191020924,
      "spearman": 0.20612774428174105
    },
    "euclidean": {
      "pearson": 0.12264275125094053,
      "spearman": 0.20905982611619253
    },
    "evaluation_time": 0.05,
    "manhattan": {
      "pearson": 0.33611781674422914,
      "spearman": 0.36999882618168245
    }
  }
}