{
  "dataset_revision": null,
  "mteb_dataset_name": "InstructSTSBenchmark",
  "mteb_version": "1.1.2.dev0",
  "test": {
    "cos_sim": {
      "pearson": 0.07651057530335113,
      "spearman": 0.056670708330057426
    },
    "euclidean": {
      "pearson": 5.518329272684227e-05,
      "spearman": 0.05513871055868504
    },
    "evaluation_time": 0.08,
    "manhattan": {
      "pearson": 0.07245545367213538,
      "spearman": 0.05750228609285457
    }
  }
}