{
  "dataset_revision": "b0fddb56ed78048fa8b90373c8a3cfc37b684831",
  "mteb_dataset_name": "STSBenchmark",
  "mteb_version": "1.1.2.dev0",
  "test": {
    "cos_sim": {
      "pearson": 0.3606076869124808,
      "spearman": 0.41648692579244956
    },
    "euclidean": {
      "pearson": 0.17272590107721128,
      "spearman": 0.40991618028674015
    },
    "evaluation_time": 0.05,
    "manhattan": {
      "pearson": 0.3896644463003558,
      "spearman": 0.40955042403926945
    }
  }
}