{
  "dataset_revision": "b0fddb56ed78048fa8b90373c8a3cfc37b684831",
  "mteb_dataset_name": "STSBenchmark",
  "mteb_version": "1.1.2.dev0",
  "test": {
    "cos_sim": {
      "pearson": 0.21768674757394516,
      "spearman": 0.3123785043977619
    },
    "euclidean": {
      "pearson": 0.2918603618255923,
      "spearman": 0.3243003462008868
    },
    "evaluation_time": 0.08,
    "manhattan": {
      "pearson": 0.3898013590147329,
      "spearman": 0.3987031235075187
    }
  }
}