{
  "dataset_revision": "b0fddb56ed78048fa8b90373c8a3cfc37b684831",
  "mteb_dataset_name": "STSBenchmark",
  "mteb_version": "1.1.2.dev0",
  "test": {
    "cos_sim": {
      "pearson": 0.3324997654864579,
      "spearman": 0.36646288790870557
    },
    "euclidean": {
      "pearson": 0.3859508600855756,
      "spearman": 0.39298385068418556
    },
    "evaluation_time": 0.03,
    "manhattan": {
      "pearson": 0.40323945814050866,
      "spearman": 0.40428872621136297
    }
  }
}