{
  "dataset_revision": "b0fddb56ed78048fa8b90373c8a3cfc37b684831",
  "mteb_dataset_name": "STSBenchmark",
  "mteb_version": "1.1.2.dev0",
  "test": {
    "cos_sim": {
      "pearson": 0.03731591427072348,
      "spearman": 0.08843090324793647
    },
    "euclidean": {
      "pearson": 0.05927116898739111,
      "spearman": 0.08812812931166676
    },
    "evaluation_time": 0.03,
    "manhattan": {
      "pearson": 0.07268364432191748,
      "spearman": 0.10280709356555831
    }
  }
}