{
  "dataset_revision": "b0fddb56ed78048fa8b90373c8a3cfc37b684831",
  "mteb_dataset_name": "STSBenchmark",
  "mteb_version": "1.1.2.dev0",
  "test": {
    "cos_sim": {
      "pearson": 0.3259636138728411,
      "spearman": 0.38446295733694613
    },
    "euclidean": {
      "pearson": 0.36720480071951267,
      "spearman": 0.3860522418992373
    },
    "evaluation_time": 0.08,
    "manhattan": {
      "pearson": 0.367281925752408,
      "spearman": 0.38560252678970075
    }
  }
}