{
  "dataset_revision": null,
  "mteb_dataset_name": "InstructSTSBenchmark",
  "mteb_version": "1.1.2.dev0",
  "test": {
    "cos_sim": {
      "pearson": -0.0606614228827978,
      "spearman": -0.06179543315578543
    },
    "euclidean": {
      "pearson": -0.06428491698878815,
      "spearman": -0.06291164065833928
    },
    "evaluation_time": 0.15,
    "manhattan": {
      "pearson": -0.06368608118910431,
      "spearman": -0.062189816548638435
    }
  }
}