{
  "dataset_revision": "b0fddb56ed78048fa8b90373c8a3cfc37b684831",
  "mteb_dataset_name": "STSBenchmark",
  "mteb_version": "1.1.2.dev0",
  "test": {
    "cos_sim": {
      "pearson": 0.3471797772919297,
      "spearman": 0.357157743696853
    },
    "euclidean": {
      "pearson": 0.35780335394616253,
      "spearman": 0.3603267077753547
    },
    "evaluation_time": 0.04,
    "manhattan": {
      "pearson": 0.3623962239570513,
      "spearman": 0.36334048986668777
    }
  }
}