{
  "dataset_revision": "b0fddb56ed78048fa8b90373c8a3cfc37b684831",
  "mteb_dataset_name": "STSBenchmark",
  "mteb_version": "1.1.2.dev0",
  "test": {
    "cos_sim": {
      "pearson": 0.31232377347305396,
      "spearman": 0.40202354605552165
    },
    "euclidean": {
      "pearson": 0.3628309304349102,
      "spearman": 0.4048893815854057
    },
    "evaluation_time": 0.03,
    "manhattan": {
      "pearson": 0.39668244932938995,
      "spearman": 0.42078452724819976
    }
  }
}