{
  "dataset_revision": "a0d554a64d88156834ff5ae9920b964011b16384",
  "mteb_dataset_name": "STS12",
  "mteb_version": "1.1.2.dev0",
  "test": {
    "cos_sim": {
      "pearson": 0.2237802734464598,
      "spearman": 0.34898931134057837
    },
    "euclidean": {
      "pearson": 0.2639215568513951,
      "spearman": 0.35214498742514483
    },
    "evaluation_time": 0.39,
    "manhattan": {
      "pearson": 0.2729381346098204,
      "spearman": 0.357137383676654
    }
  }
}