{
  "dataset_revision": "b0fddb56ed78048fa8b90373c8a3cfc37b684831",
  "mteb_dataset_name": "STSBenchmark",
  "mteb_version": "1.1.2.dev0",
  "test": {
    "cos_sim": {
      "pearson": 0.2824577181036121,
      "spearman": 0.34834399933440124
    },
    "euclidean": {
      "pearson": 0.35810061858425124,
      "spearman": 0.3728256867409243
    },
    "evaluation_time": 0.06,
    "manhattan": {
      "pearson": 0.371730278393039,
      "spearman": 0.3840113404098888
    }
  }
}