{
  "dataset_revision": null,
  "mteb_dataset_name": "InstructSTSBenchmark",
  "mteb_version": "1.1.2.dev0",
  "test": {
    "cos_sim": {
      "pearson": 0.07641787930943153,
      "spearman": 0.05604588641071679
    },
    "euclidean": {
      "pearson": 0.0022200482772986724,
      "spearman": 0.05466963872820439
    },
    "evaluation_time": 0.08,
    "manhattan": {
      "pearson": 0.07236682494071282,
      "spearman": 0.056641562054399776
    }
  }
}