{
  "dataset_revision": "b0fddb56ed78048fa8b90373c8a3cfc37b684831",
  "mteb_dataset_name": "STSBenchmark",
  "mteb_version": "1.1.2.dev0",
  "test": {
    "cos_sim": {
      "pearson": 0.3594900585567617,
      "spearman": 0.41450502100872333
    },
    "euclidean": {
      "pearson": 0.18036308813691831,
      "spearman": 0.4074517186358947
    },
    "evaluation_time": 0.05,
    "manhattan": {
      "pearson": 0.38768314846500346,
      "spearman": 0.4076402720071929
    }
  }
}