{
  "dataset_revision": "b0fddb56ed78048fa8b90373c8a3cfc37b684831",
  "mteb_dataset_name": "STSBenchmark",
  "mteb_version": "1.1.2.dev0",
  "test": {
    "cos_sim": {
      "pearson": 0.05162613100982963,
      "spearman": 0.09828049826913035
    },
    "euclidean": {
      "pearson": 0.025003830809569097,
      "spearman": 0.030340893984599344
    },
    "evaluation_time": 0.07,
    "manhattan": {
      "pearson": 0.044686071322749266,
      "spearman": 0.13459459154623452
    }
  }
}