{
  "dataset_revision": "b0fddb56ed78048fa8b90373c8a3cfc37b684831",
  "mteb_dataset_name": "STSBenchmark",
  "mteb_version": "1.1.2.dev0",
  "test": {
    "cos_sim": {
      "pearson": 0.39200252956788095,
      "spearman": 0.39052000523580005
    },
    "euclidean": {
      "pearson": 0.3605546662736407,
      "spearman": 0.3553632542287548
    },
    "evaluation_time": 0.03,
    "manhattan": {
      "pearson": 0.36279938913107024,
      "spearman": 0.35834646672221665
    }
  }
}