{
  "dataset_revision": null,
  "mteb_dataset_name": "InstructSTSBenchmark",
  "mteb_version": "1.1.2.dev0",
  "test": {
    "cos_sim": {
      "pearson": 0.22462473272657846,
      "spearman": 0.21336073763519742
    },
    "euclidean": {
      "pearson": 0.20950606600859598,
      "spearman": 0.16039387520016657
    },
    "evaluation_time": 0.1,
    "manhattan": {
      "pearson": 0.20884604185551645,
      "spearman": 0.15993391156063477
    }
  }
}