{
  "dataset_revision": "b0fddb56ed78048fa8b90373c8a3cfc37b684831",
  "mteb_dataset_name": "STSBenchmark",
  "mteb_version": "1.1.2.dev0",
  "test": {
    "cos_sim": {
      "pearson": 0.4559863385276903,
      "spearman": 0.4859876750876569
    },
    "euclidean": {
      "pearson": 0.4075384102501412,
      "spearman": 0.44453301194956335
    },
    "evaluation_time": 0.04,
    "manhattan": {
      "pearson": 0.40812085543459564,
      "spearman": 0.44470418795334926
    }
  }
}