{
  "dataset_revision": null,
  "mteb_dataset_name": "InstructSTSBenchmark",
  "mteb_version": "1.1.2.dev0",
  "test": {
    "cos_sim": {
      "pearson": -0.012781441092042656,
      "spearman": 0.004810957806955913
    },
    "euclidean": {
      "pearson": -0.1249803807630318,
      "spearman": -0.10436483899066877
    },
    "evaluation_time": 0.1,
    "manhattan": {
      "pearson": -0.12230491690304694,
      "spearman": -0.1091684988617391
    }
  }
}