{
  "dataset_revision": "b0fddb56ed78048fa8b90373c8a3cfc37b684831",
  "mteb_dataset_name": "STSBenchmark",
  "mteb_version": "1.1.2.dev0",
  "test": {
    "cos_sim": {
      "pearson": 0.6590864207057617,
      "spearman": 0.6697588067581765
    },
    "euclidean": {
      "pearson": 0.6821943064719571,
      "spearman": 0.6697974599118165
    },
    "evaluation_time": 0.03,
    "manhattan": {
      "pearson": 0.6822097631968584,
      "spearman": 0.6698013911586579
    }
  }
}