{
    "test": {
        "NYTTopicClustering": 0.09665218684932506,
        "NYTLocationClustering": 0.442496137379629,
        "harmonic_mean": 0.15865104733936436
    }
}