{
  "dataset_revision": "b0fddb56ed78048fa8b90373c8a3cfc37b684831",
  "mteb_dataset_name": "STSBenchmark",
  "mteb_version": "1.1.2.dev0",
  "test": {
    "cos_sim": {
      "pearson": 0.33728476534564156,
      "spearman": 0.35897230851278944
    },
    "euclidean": {
      "pearson": 0.3535283720149732,
      "spearman": 0.354864329528482
    },
    "evaluation_time": 0.05,
    "manhattan": {
      "pearson": 0.3523394551281041,
      "spearman": 0.3543454985108243
    }
  }
}