{
  "dataset_revision": null,
  "mteb_dataset_name": "InstructSTSBenchmark",
  "mteb_version": "1.1.2.dev0",
  "test": {
    "cos_sim": {
      "pearson": 0.04465344431412294,
      "spearman": 0.05087425557993341
    },
    "euclidean": {
      "pearson": 0.013483697719822574,
      "spearman": 0.06625480212198831
    },
    "evaluation_time": 0.12,
    "manhattan": {
      "pearson": 0.07355585434096709,
      "spearman": 0.06567961984893483
    }
  }
}