{
  "dataset_revision": "b0fddb56ed78048fa8b90373c8a3cfc37b684831",
  "mteb_dataset_name": "STSBenchmark",
  "mteb_version": "1.1.2.dev0",
  "test": {
    "cos_sim": {
      "pearson": 0.06921053046762538,
      "spearman": 0.325343187142899
    },
    "euclidean": {
      "pearson": 0.1890302702832401,
      "spearman": 0.3252322527753614
    },
    "evaluation_time": 0.07,
    "manhattan": {
      "pearson": 0.19225693375409425,
      "spearman": 0.32923206646615966
    }
  }
}