{
  "dataset_revision": "b0fddb56ed78048fa8b90373c8a3cfc37b684831",
  "mteb_dataset_name": "STSBenchmark",
  "mteb_version": "1.1.2.dev0",
  "test": {
    "cos_sim": {
      "pearson": 0.10960868567994628,
      "spearman": 0.1623985340033353
    },
    "euclidean": {
      "pearson": 0.14341812724895478,
      "spearman": 0.15630659367212907
    },
    "evaluation_time": 0.07,
    "manhattan": {
      "pearson": 0.15979418411052052,
      "spearman": 0.17765368627870623
    }
  }
}