{
  "dataset_revision": "b0fddb56ed78048fa8b90373c8a3cfc37b684831",
  "mteb_dataset_name": "STSBenchmark",
  "mteb_version": "1.1.2.dev0",
  "test": {
    "cos_sim": {
      "pearson": 0.1902282221513736,
      "spearman": 0.1438323391827126
    },
    "euclidean": {
      "pearson": 0.2237186899527296,
      "spearman": 0.15379187980841702
    },
    "evaluation_time": 0.05,
    "manhattan": {
      "pearson": 0.23089985744534547,
      "spearman": 0.17389510116884477
    }
  }
}