{
  "dataset_revision": "b0fddb56ed78048fa8b90373c8a3cfc37b684831",
  "mteb_dataset_name": "STSBenchmark",
  "mteb_version": "1.1.2.dev0",
  "test": {
    "cos_sim": {
      "pearson": 0.16777673805308221,
      "spearman": 0.2028514304138953
    },
    "euclidean": {
      "pearson": 0.17147513162620284,
      "spearman": 0.20429793424153905
    },
    "evaluation_time": 0.06,
    "manhattan": {
      "pearson": 0.18878749092615715,
      "spearman": 0.2157548901346736
    }
  }
}