{
  "dataset_revision": "b0fddb56ed78048fa8b90373c8a3cfc37b684831",
  "mteb_dataset_name": "STSBenchmark",
  "mteb_version": "1.1.2.dev0",
  "test": {
    "cos_sim": {
      "pearson": 0.22777281223460272,
      "spearman": 0.25700074260865147
    },
    "euclidean": {
      "pearson": 0.2460172927355025,
      "spearman": 0.26189791479925834
    },
    "evaluation_time": 0.04,
    "manhattan": {
      "pearson": 0.2592926690591879,
      "spearman": 0.2719447752077467
    }
  }
}