{
  "dataset_revision": "b0fddb56ed78048fa8b90373c8a3cfc37b684831",
  "mteb_dataset_name": "STSBenchmark",
  "mteb_version": "1.1.2.dev0",
  "test": {
    "cos_sim": {
      "pearson": 0.28493505181986356,
      "spearman": 0.3112203460643125
    },
    "euclidean": {
      "pearson": 0.13704902622719115,
      "spearman": 0.17470090749201955
    },
    "evaluation_time": 0.07,
    "manhattan": {
      "pearson": 0.39141318515981943,
      "spearman": 0.3885981247405461
    }
  }
}