{
  "dataset_revision": "b0fddb56ed78048fa8b90373c8a3cfc37b684831",
  "mteb_dataset_name": "STSBenchmark",
  "mteb_version": "1.1.2.dev0",
  "test": {
    "cos_sim": {
      "pearson": 0.3224989986663972,
      "spearman": 0.3946268260452422
    },
    "euclidean": {
      "pearson": 0.3566971945684714,
      "spearman": 0.3834889412067557
    },
    "evaluation_time": 0.03,
    "manhattan": {
      "pearson": 0.35489812827796824,
      "spearman": 0.38117027074636173
    }
  }
}