{
  "dataset_revision": "a0d554a64d88156834ff5ae9920b964011b16384",
  "mteb_dataset_name": "STS12",
  "mteb_version": "1.1.2.dev0",
  "test": {
    "cos_sim": {
      "pearson": 0.15787372263782135,
      "spearman": 0.2781842973165876
    },
    "euclidean": {
      "pearson": 0.12209073613342745,
      "spearman": 0.24744306682800749
    },
    "evaluation_time": 0.43,
    "manhattan": {
      "pearson": 0.24260619612066597,
      "spearman": 0.343354732849238
    }
  }
}