{
  "dataset_revision": null,
  "mteb_dataset_name": "InstructSTSBenchmark",
  "mteb_version": "1.1.2.dev0",
  "test": {
    "cos_sim": {
      "pearson": 0.08744287094047411,
      "spearman": 0.12898701143837538
    },
    "euclidean": {
      "pearson": 0.07355087720946389,
      "spearman": 0.07824254754161739
    },
    "evaluation_time": 0.15,
    "manhattan": {
      "pearson": 0.07491035349064275,
      "spearman": 0.07939792156632985
    }
  }
}