{
    "test": {
        "NYTTopicClustering": 0.141807454986348,
        "NYTLocationClustering": 0.03336530033713672,
        "harmonic_mean": 0.05402038151938584
    }
}