{
  "dataset_revision": null,
  "mteb_dataset_name": "InstructSTSBenchmark",
  "mteb_version": "1.1.2.dev0",
  "test": {
    "cos_sim": {
      "pearson": 0.033262715594599805,
      "spearman": 0.03558388249306983
    },
    "euclidean": {
      "pearson": -0.1301725593540509,
      "spearman": -0.11144554658219336
    },
    "evaluation_time": 0.11,
    "manhattan": {
      "pearson": -0.048394875781096004,
      "spearman": -0.04564706483938615
    }
  }
}