{
  "dataset_revision": "b0fddb56ed78048fa8b90373c8a3cfc37b684831",
  "mteb_dataset_name": "STSBenchmark",
  "mteb_version": "1.1.2.dev0",
  "test": {
    "cos_sim": {
      "pearson": 0.4174580289097085,
      "spearman": 0.426752093675402
    },
    "euclidean": {
      "pearson": 0.44259073659010834,
      "spearman": 0.4477351045963553
    },
    "evaluation_time": 0.03,
    "manhattan": {
      "pearson": 0.4447667449068892,
      "spearman": 0.448559464370496
    }
  }
}