{
  "dataset_revision": null,
  "mteb_dataset_name": "FeedbacksClustering",
  "mteb_version": "1.1.2.dev0",
  "test": {
    "correct_instructions": [
      0.09642784548851316,
      0.1294124135071149,
      0.11123194707025011,
      0.09329843545308143,
      0.11353369842932319,
      0.0675783193570865,
      0.12616878124461284,
      0.1065296565318134,
      0.16101281504043166,
      0.1517422524919305
    ],
    "dci": -0.13347134920994677,
    "dii": -0.15147214382097934,
    "implicit_instructions": [
      0.16994628086058072,
      0.04957752474605394,
      0.1312223135237161,
      0.12212443363456715,
      0.09245052748178406,
      0.0810114748182565,
      0.12232480864546985,
      0.12481777952875449,
      0.1220669604345829,
      0.14723871778488384
    ],
    "incorrect_instructions": [
      0.07002753117946615,
      0.20104966856703327,
      0.14207229309309236,
      0.18014211960085488,
      0.13514753796411713,
      0.1780831136408389,
      0.04360271141682936,
      0.1490383389481045,
      0.18545952416045947,
      0.18200656926388614
    ]
  }
}