{
  "dataset_revision": null,
  "mteb_dataset_name": "FewEventClustering",
  "mteb_version": "1.1.2.dev0",
  "test": {
    "correct_instructions": [
      0.35555733853813354,
      0.312725858945618,
      0.3631463479711664,
      0.36247993208360446,
      0.3359743217310493,
      0.3509698224301037,
      0.3840327523844953,
      0.3485582665501458,
      0.3280043324901245,
      0.36377503399900807
    ],
    "dci": -0.06960748199106764,
    "dii": -0.07421181267295818,
    "implicit_instructions": [
      0.3583491249146117,
      0.3189596474655655,
      0.3475078945027342,
      0.30812152826372746,
      0.32664915150649965,
      0.34776829555732436,
      0.362934515721568,
      0.3516123032747926,
      0.3777540379303255,
      0.3388884878656153
    ],
    "incorrect_instructions": [
      0.3229141876036435,
      0.36406688026905953,
      0.3682338545446566,
      0.28317778459935805,
      0.274648504553237,
      0.38233334093668564,
      0.3465143889045208,
      0.32157949978731815,
      0.3053080769329699,
      0.3531345673278275
    ]
  }
}