{
  "dataset_revision": null,
  "mteb_dataset_name": "FewNerdClustering",
  "mteb_version": "1.1.2.dev0",
  "test": {
    "correct_instructions": [
      0.19776451743846765,
      0.18647532465862596,
      0.20578069928392706,
      0.1854944092140035,
      0.1975577776307737,
      0.1975557595791947,
      0.2014951211467303,
      0.19351233499435397,
      0.1814740427402512,
      0.1952186505231004
    ],
    "dci": -0.028763565671683977,
    "dii": -0.03452740576705984,
    "implicit_instructions": [
      0.19015995271744973,
      0.2090945779959538,
      0.1886778296217993,
      0.19101433547955704,
      0.19412517397848525,
      0.20325518669892495,
      0.18783119140788737,
      0.18862454770191792,
      0.17571020264487533,
      0.19916234173103375
    ],
    "incorrect_instructions": [
      0.17925253329187035,
      0.19258802723137253,
      0.16566281927085805,
      0.1757033426477498,
      0.21023760841193517,
      0.17604232059343364,
      0.1667032657323907,
      0.16445662892747637,
      0.16889745156099678,
      0.16376893797879916
    ]
  }
}