{
  "dataset_revision": null,
  "mteb_dataset_name": "FewRelClustering",
  "mteb_version": "1.1.2.dev0",
  "test": {
    "correct_instructions": [
      0.33063370222825794,
      0.34699380796113966,
      0.38549814691052803,
      0.321719399256658,
      0.3545824484288419,
      0.2934704055720698,
      0.3561662055470606,
      0.3599044719167688,
      0.33429861374757275,
      0.31026042137184673
    ],
    "dci": -0.03935063852453391,
    "dii": -0.032487931690831084,
    "implicit_instructions": [
      0.3374558952785337,
      0.3309490505533037,
      0.3648803429997131,
      0.316631597126925,
      0.34785267249267315,
      0.3468149763281644,
      0.32934153677865247,
      0.3059844984129823,
      0.33374235250447026,
      0.30033311240577265
    ],
    "incorrect_instructions": [
      0.29512106858757603,
      0.32913849466315764,
      0.250973038552676,
      0.2921778908540835,
      0.3078801812365386,
      0.307243085341286,
      0.29167406156681563,
      0.2951694335350222,
      0.2858518690417466,
      0.33282104409660374
    ]
  }
}