{
  "dataset_revision": "b0fddb56ed78048fa8b90373c8a3cfc37b684831",
  "mteb_dataset_name": "STSBenchmark",
  "mteb_version": "1.1.2.dev0",
  "test": {
    "cos_sim": {
      "pearson": 0.21849902892558373,
      "spearman": 0.2845006898051373
    },
    "euclidean": {
      "pearson": 0.31150994840746465,
      "spearman": 0.3271078451574416
    },
    "evaluation_time": 0.08,
    "manhattan": {
      "pearson": 0.34955284763614186,
      "spearman": 0.35885473983229926
    }
  }
}