{
  "dataset_revision": "b0fddb56ed78048fa8b90373c8a3cfc37b684831",
  "mteb_dataset_name": "STSBenchmark",
  "mteb_version": "1.1.2.dev0",
  "test": {
    "cos_sim": {
      "pearson": 0.7784760522240105,
      "spearman": 0.7855915922323595
    },
    "euclidean": {
      "pearson": 0.803043863940139,
      "spearman": 0.7903840667767035
    },
    "evaluation_time": 0.07,
    "manhattan": {
      "pearson": 0.8055349830754821,
      "spearman": 0.7927692124045972
    }
  }
}