{
  "dataset_revision": "b0fddb56ed78048fa8b90373c8a3cfc37b684831",
  "mteb_dataset_name": "STSBenchmark",
  "mteb_version": "1.1.2.dev0",
  "test": {
    "cos_sim": {
      "pearson": 0.38550729933287375,
      "spearman": 0.3916885838358127
    },
    "euclidean": {
      "pearson": 0.1807602236432954,
      "spearman": 0.23477662254510243
    },
    "evaluation_time": 0.07,
    "manhattan": {
      "pearson": 0.4407242936872586,
      "spearman": 0.43273818216387133
    }
  }
}