{
  "dataset_revision": null,
  "mteb_dataset_name": "InstructSTSBenchmark",
  "mteb_version": "1.1.2.dev0",
  "test": {
    "cos_sim": {
      "pearson": -0.006988621145019784,
      "spearman": 0.00020721163816473582
    },
    "euclidean": {
      "pearson": -0.10922343196048326,
      "spearman": -0.09495334535248717
    },
    "evaluation_time": 0.11,
    "manhattan": {
      "pearson": -0.10989436578728866,
      "spearman": -0.10265249910488716
    }
  }
}