{
  "dataset_revision": null,
  "mteb_dataset_name": "InstructSTSBenchmark",
  "mteb_version": "1.1.2.dev0",
  "test": {
    "cos_sim": {
      "pearson": 0.05412317375383339,
      "spearman": 0.05950517915711483
    },
    "euclidean": {
      "pearson": -0.12542380423572752,
      "spearman": -0.10439489603550732
    },
    "evaluation_time": 0.12,
    "manhattan": {
      "pearson": -0.011723723108024612,
      "spearman": -0.007787047796636623
    }
  }
}