{
  "dataset_revision": "a0d554a64d88156834ff5ae9920b964011b16384",
  "mteb_dataset_name": "STS12",
  "mteb_version": "1.1.2.dev0",
  "test": {
    "cos_sim": {
      "pearson": 0.3128625238812815,
      "spearman": 0.5176316955662116
    },
    "euclidean": {
      "pearson": 0.17490208664586346,
      "spearman": 0.31384301450026364
    },
    "evaluation_time": 0.39,
    "manhattan": {
      "pearson": 0.6006011635466099,
      "spearman": 0.6353100427504889
    }
  }
}