{
  "dataset_revision": "b0fddb56ed78048fa8b90373c8a3cfc37b684831",
  "mteb_dataset_name": "STSBenchmark",
  "mteb_version": "1.1.2.dev0",
  "test": {
    "cos_sim": {
      "pearson": 0.43049876273504467,
      "spearman": 0.5310296499632992
    },
    "euclidean": {
      "pearson": 0.16143791593381523,
      "spearman": 0.20552594166416197
    },
    "evaluation_time": 0.07,
    "manhattan": {
      "pearson": 0.73956333006847,
      "spearman": 0.7345782090026396
    }
  }
}