{
  "dataset_revision": null,
  "mteb_dataset_name": "InstructSTSBenchmark",
  "mteb_version": "1.1.2.dev0",
  "test": {
    "cos_sim": {
      "pearson": 0.053273554269003646,
      "spearman": 0.054196012786782016
    },
    "euclidean": {
      "pearson": 0.019774321813245076,
      "spearman": 0.06877731558706827
    },
    "evaluation_time": 0.15,
    "manhattan": {
      "pearson": 0.07958057755763799,
      "spearman": 0.07263827770242266
    }
  }
}