{
  "dataset_revision": "a0d554a64d88156834ff5ae9920b964011b16384",
  "mteb_dataset_name": "STS12",
  "mteb_version": "1.1.2.dev0",
  "test": {
    "cos_sim": {
      "pearson": 0.3580968155442358,
      "spearman": 0.3344037092056993
    },
    "euclidean": {
      "pearson": 0.06501271294037143,
      "spearman": 0.31798126024809653
    },
    "evaluation_time": 0.39,
    "manhattan": {
      "pearson": 0.3728809419956433,
      "spearman": 0.32615012216972256
    }
  }
}