{
  "dataset_revision": "b0fddb56ed78048fa8b90373c8a3cfc37b684831",
  "mteb_dataset_name": "STSBenchmark",
  "mteb_version": "1.1.2.dev0",
  "test": {
    "cos_sim": {
      "pearson": 0.37944519428256585,
      "spearman": 0.41593790104794276
    },
    "euclidean": {
      "pearson": 0.38258979450725494,
      "spearman": 0.4152758911524187
    },
    "evaluation_time": 0.06,
    "manhattan": {
      "pearson": 0.38803105158707946,
      "spearman": 0.421166129220238
    }
  }
}