{
  "dataset_revision": null,
  "mteb_dataset_name": "InstructSTSBenchmark",
  "mteb_version": "1.1.2.dev0",
  "test": {
    "cos_sim": {
      "pearson": 0.004900212391991907,
      "spearman": 0.03529515052650726
    },
    "euclidean": {
      "pearson": 0.013147103558892021,
      "spearman": 0.036445059590170456
    },
    "evaluation_time": 0.11,
    "manhattan": {
      "pearson": 0.01355498796848896,
      "spearman": 0.03626836068703794
    }
  }
}