{
  "dataset_revision": "a0d554a64d88156834ff5ae9920b964011b16384",
  "mteb_dataset_name": "STS12",
  "mteb_version": "1.1.2.dev0",
  "test": {
    "cos_sim": {
      "pearson": 0.17934307098329783,
      "spearman": 0.3067153312368648
    },
    "euclidean": {
      "pearson": 0.2349017442474679,
      "spearman": 0.30496280075335463
    },
    "evaluation_time": 0.41,
    "manhattan": {
      "pearson": 0.23653413605445497,
      "spearman": 0.3043719669187941
    }
  }
}