{
  "dataset_revision": "b0fddb56ed78048fa8b90373c8a3cfc37b684831",
  "mteb_dataset_name": "STSBenchmark",
  "mteb_version": "1.1.2.dev0",
  "test": {
    "cos_sim": {
      "pearson": 0.18794129191315714,
      "spearman": 0.2534578722007234
    },
    "euclidean": {
      "pearson": 0.2285874907036784,
      "spearman": 0.25341671488703105
    },
    "evaluation_time": 0.03,
    "manhattan": {
      "pearson": 0.22791202543180233,
      "spearman": 0.2523815474408564
    }
  }
}