{
  "dataset_revision": null,
  "mteb_dataset_name": "InstructSTSBenchmark",
  "mteb_version": "1.1.2.dev0",
  "test": {
    "cos_sim": {
      "pearson": 0.11605046905762746,
      "spearman": 0.1769042944559712
    },
    "euclidean": {
      "pearson": -0.008588428653897313,
      "spearman": 0.004635613749300804
    },
    "evaluation_time": 0.15,
    "manhattan": {
      "pearson": 0.055431865600891174,
      "spearman": 0.06663142580547696
    }
  }
}