{
  "dataset_revision": "b0fddb56ed78048fa8b90373c8a3cfc37b684831",
  "mteb_dataset_name": "STSBenchmark",
  "mteb_version": "1.1.2.dev0",
  "test": {
    "cos_sim": {
      "pearson": 0.28371215312500725,
      "spearman": 0.350475635619494
    },
    "euclidean": {
      "pearson": 0.2335158149864733,
      "spearman": 0.34105804311001986
    },
    "evaluation_time": 0.05,
    "manhattan": {
      "pearson": 0.3159334908701815,
      "spearman": 0.3419921785506412
    }
  }
}