{
  "dataset_revision": null,
  "mteb_dataset_name": "InstructSTSBenchmark",
  "mteb_version": "1.1.2.dev0",
  "test": {
    "cos_sim": {
      "pearson": 0.0641324362009498,
      "spearman": 0.05254287614196862
    },
    "euclidean": {
      "pearson": 0.05533220564448876,
      "spearman": 0.05062833441888445
    },
    "evaluation_time": 0.12,
    "manhattan": {
      "pearson": 0.0592425883362981,
      "spearman": 0.051813310052439394
    }
  }
}