{
  "dataset_revision": "b0fddb56ed78048fa8b90373c8a3cfc37b684831",
  "mteb_dataset_name": "STSBenchmark",
  "mteb_version": "1.1.2.dev0",
  "test": {
    "cos_sim": {
      "pearson": 0.35518779441662857,
      "spearman": 0.36546024294339446
    },
    "euclidean": {
      "pearson": 0.3569913790697195,
      "spearman": 0.3556383806095955
    },
    "evaluation_time": 0.05,
    "manhattan": {
      "pearson": 0.42549140418910963,
      "spearman": 0.4223435842757545
    }
  }
}