{
  "dataset_revision": null,
  "mteb_dataset_name": "InstructSTSBenchmark",
  "mteb_version": "1.1.2.dev0",
  "test": {
    "cos_sim": {
      "pearson": 0.2877570124720639,
      "spearman": 0.29626075858423195
    },
    "euclidean": {
      "pearson": 0.30586087518334365,
      "spearman": 0.29604580527942104
    },
    "evaluation_time": 0.15,
    "manhattan": {
      "pearson": 0.30541521054529963,
      "spearman": 0.29530530936072935
    }
  }
}