{
  "dataset_revision": "b0fddb56ed78048fa8b90373c8a3cfc37b684831",
  "mteb_dataset_name": "STSBenchmark",
  "mteb_version": "1.1.2.dev0",
  "test": {
    "cos_sim": {
      "pearson": 0.2699792836476647,
      "spearman": 0.3437236311515206
    },
    "euclidean": {
      "pearson": 0.3344954714750422,
      "spearman": 0.36776147450275387
    },
    "evaluation_time": 0.03,
    "manhattan": {
      "pearson": 0.34203760150502643,
      "spearman": 0.37758687770301474
    }
  }
}