{
  "dataset_revision": "b0fddb56ed78048fa8b90373c8a3cfc37b684831",
  "mteb_dataset_name": "STSBenchmark",
  "mteb_version": "1.1.2.dev0",
  "test": {
    "cos_sim": {
      "pearson": 0.4240217432035207,
      "spearman": 0.44229031238372085
    },
    "euclidean": {
      "pearson": 0.44279557772825984,
      "spearman": 0.4479200844515292
    },
    "evaluation_time": 0.03,
    "manhattan": {
      "pearson": 0.44681847865414825,
      "spearman": 0.45168204680024937
    }
  }
}