{
  "dataset_revision": null,
  "mteb_dataset_name": "InstructSTSBenchmark",
  "mteb_version": "1.1.2.dev0",
  "test": {
    "cos_sim": {
      "pearson": 0.004575779413972479,
      "spearman": 0.03358554310083715
    },
    "euclidean": {
      "pearson": 0.013269435186461218,
      "spearman": 0.03567541746054686
    },
    "evaluation_time": 0.11,
    "manhattan": {
      "pearson": 0.014032458723658022,
      "spearman": 0.036552991657362525
    }
  }
}