{
  "dataset_revision": "b0fddb56ed78048fa8b90373c8a3cfc37b684831",
  "mteb_dataset_name": "STSBenchmark",
  "mteb_version": "1.1.2.dev0",
  "test": {
    "cos_sim": {
      "pearson": 0.034110482533146,
      "spearman": 0.0009685511508651318
    },
    "euclidean": {
      "pearson": 0.07328903307663684,
      "spearman": 0.044766252035292456
    },
    "evaluation_time": 0.05,
    "manhattan": {
      "pearson": 0.05392656177109248,
      "spearman": 0.0067511198774422325
    }
  }
}