{
  "dataset_revision": null,
  "mteb_dataset_name": "InstructSTSBenchmark",
  "mteb_version": "1.1.2.dev0",
  "test": {
    "cos_sim": {
      "pearson": 0.2263803468968951,
      "spearman": 0.2572175875502349
    },
    "euclidean": {
      "pearson": 0.20900785639308372,
      "spearman": 0.21770170140947143
    },
    "evaluation_time": 0.11,
    "manhattan": {
      "pearson": 0.20915931031895385,
      "spearman": 0.21808971034103686
    }
  }
}