{
  "dataset_revision": "b0fddb56ed78048fa8b90373c8a3cfc37b684831",
  "mteb_dataset_name": "STSBenchmark",
  "mteb_version": "1.1.2.dev0",
  "test": {
    "cos_sim": {
      "pearson": 0.1258989620283031,
      "spearman": 0.11612292264777058
    },
    "euclidean": {
      "pearson": 0.168339588856465,
      "spearman": 0.1311974155435318
    },
    "evaluation_time": 0.08,
    "manhattan": {
      "pearson": 0.17291032409343826,
      "spearman": 0.13386086018709042
    }
  }
}