{
  "dataset_revision": null,
  "mteb_dataset_name": "InstructSTSBenchmark",
  "mteb_version": "1.1.2.dev0",
  "test": {
    "cos_sim": {
      "pearson": -0.0602299064778053,
      "spearman": -0.13425383253168727
    },
    "euclidean": {
      "pearson": -0.036581760292247585,
      "spearman": -0.08997890692811689
    },
    "evaluation_time": 0.08,
    "manhattan": {
      "pearson": -0.03680137492451895,
      "spearman": -0.11848526733169328
    }
  }
}