{
  "dataset_revision": "b0fddb56ed78048fa8b90373c8a3cfc37b684831",
  "mteb_dataset_name": "STSBenchmark",
  "mteb_version": "1.1.2.dev0",
  "test": {
    "cos_sim": {
      "pearson": 0.04753822997489876,
      "spearman": 0.12280406581222154
    },
    "euclidean": {
      "pearson": 0.037187163747753285,
      "spearman": 0.07748599212904583
    },
    "evaluation_time": 0.06,
    "manhattan": {
      "pearson": 0.0509327314122153,
      "spearman": 0.175872409159768
    }
  }
}