{
  "dataset_revision": "b0fddb56ed78048fa8b90373c8a3cfc37b684831",
  "mteb_dataset_name": "STSBenchmark",
  "mteb_version": "1.1.2.dev0",
  "test": {
    "cos_sim": {
      "pearson": 0.1877700085161749,
      "spearman": 0.2701323365525822
    },
    "euclidean": {
      "pearson": 0.24864967361792098,
      "spearman": 0.27635809052843824
    },
    "evaluation_time": 0.07,
    "manhattan": {
      "pearson": 0.24974425751290277,
      "spearman": 0.2788480592959788
    }
  }
}