{
  "dataset_revision": null,
  "mteb_dataset_name": "InstructSTSBenchmark",
  "mteb_version": "1.1.2.dev0",
  "test": {
    "cos_sim": {
      "pearson": -0.015433068757227865,
      "spearman": -0.03211775809241462
    },
    "euclidean": {
      "pearson": 0.019141650891612565,
      "spearman": -0.04651052132845484
    },
    "evaluation_time": 0.16,
    "manhattan": {
      "pearson": -0.01357505464413573,
      "spearman": -0.04021493979094287
    }
  }
}