{
  "dataset_revision": "b0fddb56ed78048fa8b90373c8a3cfc37b684831",
  "mteb_dataset_name": "STSBenchmark",
  "mteb_version": "1.1.2.dev0",
  "test": {
    "cos_sim": {
      "pearson": 0.17820382473116214,
      "spearman": 0.15963736496179232
    },
    "euclidean": {
      "pearson": 0.18936572180652417,
      "spearman": 0.18673303092005372
    },
    "evaluation_time": 0.06,
    "manhattan": {
      "pearson": 0.19458814390376686,
      "spearman": 0.19194527126338912
    }
  }
}