{
  "dataset_revision": null,
  "mteb_dataset_name": "InstructSTSBenchmark",
  "mteb_version": "1.1.2.dev0",
  "test": {
    "cos_sim": {
      "pearson": 0.21150900323965752,
      "spearman": 0.24398702951019768
    },
    "euclidean": {
      "pearson": 0.19248583946218403,
      "spearman": 0.20514879276548756
    },
    "evaluation_time": 0.1,
    "manhattan": {
      "pearson": 0.19167610308276004,
      "spearman": 0.2047972165973992
    }
  }
}