{
  "dataset_revision": "b0fddb56ed78048fa8b90373c8a3cfc37b684831",
  "mteb_dataset_name": "STSBenchmark",
  "mteb_version": "1.1.2.dev0",
  "test": {
    "cos_sim": {
      "pearson": 0.3771383966159896,
      "spearman": 0.39800764395273314
    },
    "euclidean": {
      "pearson": 0.41927723270926676,
      "spearman": 0.414762894391848
    },
    "evaluation_time": 0.04,
    "manhattan": {
      "pearson": 0.4273361189135631,
      "spearman": 0.4217738123276016
    }
  }
}