{
  "dataset_revision": "b0fddb56ed78048fa8b90373c8a3cfc37b684831",
  "mteb_dataset_name": "STSBenchmark",
  "mteb_version": "1.1.2.dev0",
  "test": {
    "cos_sim": {
      "pearson": 0.015073144369431446,
      "spearman": 0.0845508452773419
    },
    "euclidean": {
      "pearson": 0.07201322401216365,
      "spearman": 0.07289532503567656
    },
    "evaluation_time": 0.03,
    "manhattan": {
      "pearson": 0.07641201308522308,
      "spearman": 0.08327621986388586
    }
  }
}