{
  "dataset_revision": "b0fddb56ed78048fa8b90373c8a3cfc37b684831",
  "mteb_dataset_name": "STSBenchmark",
  "mteb_version": "1.1.2.dev0",
  "test": {
    "cos_sim": {
      "pearson": -0.08307731362366318,
      "spearman": -0.0823277341420549
    },
    "euclidean": {
      "pearson": -0.08292911113890952,
      "spearman": -0.08232665320690379
    },
    "evaluation_time": 30.57,
    "manhattan": {
      "pearson": -0.013095440039590322,
      "spearman": -0.022488684477077796
    }
  }
}