{
    "dataset_revision": null,
    "mteb_dataset_name": "IntentEmotion",
    "mteb_version": "1.1.2.dev0",
    "test": {
        "Emotion_success_rate": 0.9814935064935065,
        "Intent_success_rate": 0.01818181818181818,
        "evaluation_time": 0.42,
        "harmonic_mean": 0.035702283893476024
    }
}