{
  "dataset_revision": "b0fddb56ed78048fa8b90373c8a3cfc37b684831",
  "mteb_dataset_name": "STSBenchmark",
  "mteb_version": "1.1.2.dev0",
  "test": {
    "cos_sim": {
      "pearson": 0.3190941143323218,
      "spearman": 0.3411370808619064
    },
    "euclidean": {
      "pearson": 0.35561150035408473,
      "spearman": 0.36127007938072814
    },
    "evaluation_time": 0.09,
    "manhattan": {
      "pearson": 0.3633610624059341,
      "spearman": 0.3667655241053282
    }
  }
}