{
  "dataset_revision": "b0fddb56ed78048fa8b90373c8a3cfc37b684831",
  "mteb_dataset_name": "STSBenchmark",
  "mteb_version": "1.1.2.dev0",
  "test": {
    "cos_sim": {
      "pearson": 0.5210492270138702,
      "spearman": 0.538119995242361
    },
    "euclidean": {
      "pearson": 0.4789379502161598,
      "spearman": 0.5023588641579281
    },
    "evaluation_time": 0.05,
    "manhattan": {
      "pearson": 0.5048406811386756,
      "spearman": 0.5045306342217524
    }
  }
}