{
  "dataset_revision": null,
  "mteb_dataset_name": "InstructSTSBenchmark",
  "mteb_version": "1.1.2.dev0",
  "test": {
    "cos_sim": {
      "pearson": 0.067551269042534,
      "spearman": 0.08282487837425954
    },
    "euclidean": {
      "pearson": 0.0005469743220141071,
      "spearman": 0.08997116492726728
    },
    "evaluation_time": 0.14,
    "manhattan": {
      "pearson": 0.06274505309008827,
      "spearman": 0.08470754141741789
    }
  }
}