{
  "dataset_revision": null,
  "mteb_dataset_name": "InstructSTSBenchmark",
  "mteb_version": "1.1.2.dev0",
  "test": {
    "cos_sim": {
      "pearson": 0.14022232205678162,
      "spearman": 0.19118684827306764
    },
    "euclidean": {
      "pearson": 0.017890771914181158,
      "spearman": 0.02993088147056335
    },
    "evaluation_time": 0.11,
    "manhattan": {
      "pearson": 0.08781942257039112,
      "spearman": 0.10983886172634788
    }
  }
}