{
  "dataset_revision": "b0fddb56ed78048fa8b90373c8a3cfc37b684831",
  "mteb_dataset_name": "STSBenchmark",
  "mteb_version": "1.1.2.dev0",
  "test": {
    "cos_sim": {
      "pearson": 0.08259120401397842,
      "spearman": 0.4178425539338919
    },
    "euclidean": {
      "pearson": 0.23055876711115522,
      "spearman": 0.4180715030170149
    },
    "evaluation_time": 0.07,
    "manhattan": {
      "pearson": 0.2368681702232112,
      "spearman": 0.4240123911079425
    }
  }
}