{
  "dataset_revision": "b0fddb56ed78048fa8b90373c8a3cfc37b684831",
  "mteb_dataset_name": "STSBenchmark",
  "mteb_version": "1.1.2.dev0",
  "test": {
    "cos_sim": {
      "pearson": 0.3856933825472824,
      "spearman": 0.3937686112722236
    },
    "euclidean": {
      "pearson": 0.41849508267902163,
      "spearman": 0.42052755316067536
    },
    "evaluation_time": 0.06,
    "manhattan": {
      "pearson": 0.4492461951543397,
      "spearman": 0.4440270684971078
    }
  }
}