{
  "dataset_revision": "b0fddb56ed78048fa8b90373c8a3cfc37b684831",
  "mteb_dataset_name": "STSBenchmark",
  "mteb_version": "1.1.2.dev0",
  "test": {
    "cos_sim": {
      "pearson": 0.09405407811596327,
      "spearman": 0.23882907306303683
    },
    "euclidean": {
      "pearson": 0.16237955951120897,
      "spearman": 0.24197498143297522
    },
    "evaluation_time": 0.03,
    "manhattan": {
      "pearson": 0.4243335864075134,
      "spearman": 0.4377839600873574
    }
  }
}