{
  "dataset_revision": "b0fddb56ed78048fa8b90373c8a3cfc37b684831",
  "mteb_dataset_name": "STSBenchmark",
  "mteb_version": "1.1.2.dev0",
  "test": {
    "cos_sim": {
      "pearson": 0.4768440551922039,
      "spearman": 0.46926718739662093
    },
    "euclidean": {
      "pearson": 0.47443219348282084,
      "spearman": 0.47755530275538877
    },
    "evaluation_time": 0.11,
    "manhattan": {
      "pearson": 0.4787353861540594,
      "spearman": 0.4793886210021327
    }
  }
}