{
  "dataset_revision": "a0d554a64d88156834ff5ae9920b964011b16384",
  "mteb_dataset_name": "STS12",
  "mteb_version": "1.1.2.dev0",
  "test": {
    "cos_sim": {
      "pearson": 0.35868448549595394,
      "spearman": 0.44838023734886734
    },
    "euclidean": {
      "pearson": 0.1355473176137741,
      "spearman": 0.2618857726300239
    },
    "evaluation_time": 0.33,
    "manhattan": {
      "pearson": 0.2616533104978626,
      "spearman": 0.4139341115821325
    }
  }
}