{
  "dataset_revision": "b0fddb56ed78048fa8b90373c8a3cfc37b684831",
  "mteb_dataset_name": "STSBenchmark",
  "mteb_version": "1.1.2.dev0",
  "test": {
    "cos_sim": {
      "pearson": 0.3567999573075008,
      "spearman": 0.4133509564552617
    },
    "euclidean": {
      "pearson": 0.07647162097553156,
      "spearman": 0.08804822551874292
    },
    "evaluation_time": 0.06,
    "manhattan": {
      "pearson": 0.23266559546055743,
      "spearman": 0.2901942002529196
    }
  }
}