{
  "dataset_revision": "b0fddb56ed78048fa8b90373c8a3cfc37b684831",
  "mteb_dataset_name": "STSBenchmark",
  "mteb_version": "1.1.2.dev0",
  "test": {
    "cos_sim": {
      "pearson": 0.2211421010080231,
      "spearman": 0.3551127449823832
    },
    "euclidean": {
      "pearson": 0.2811995028682607,
      "spearman": 0.35790217787648304
    },
    "evaluation_time": 0.03,
    "manhattan": {
      "pearson": 0.3050760333843405,
      "spearman": 0.3629171656488836
    }
  }
}