{
  "dataset_revision": "b0fddb56ed78048fa8b90373c8a3cfc37b684831",
  "mteb_dataset_name": "STSBenchmark",
  "mteb_version": "1.1.2.dev0",
  "test": {
    "cos_sim": {
      "pearson": 0.09244848018058412,
      "spearman": 0.1596100453416857
    },
    "euclidean": {
      "pearson": 0.07221178213214634,
      "spearman": 0.13312799533094288
    },
    "evaluation_time": 0.07,
    "manhattan": {
      "pearson": 0.08221044277856737,
      "spearman": 0.16350387655818635
    }
  }
}