{
  "dataset_revision": null,
  "mteb_dataset_name": "InstructSTSBenchmark",
  "mteb_version": "1.1.2.dev0",
  "test": {
    "cos_sim": {
      "pearson": 0.017246584454012375,
      "spearman": 0.010694837733429618
    },
    "euclidean": {
      "pearson": 0.023688822600178683,
      "spearman": 0.01406168049088247
    },
    "evaluation_time": 0.11,
    "manhattan": {
      "pearson": 0.024975633308903036,
      "spearman": 0.015344113766858928
    }
  }
}