{
  "dataset_revision": null,
  "mteb_dataset_name": "InstructSTSBenchmark",
  "mteb_version": "1.1.2.dev0",
  "test": {
    "cos_sim": {
      "pearson": -0.07040447572229115,
      "spearman": -0.06353874478880113
    },
    "euclidean": {
      "pearson": -0.09423041925884167,
      "spearman": -0.07848300379212049
    },
    "evaluation_time": 0.08,
    "manhattan": {
      "pearson": -0.08460102296827217,
      "spearman": -0.07969166072231045
    }
  }
}