{
  "dataset_revision": "b0fddb56ed78048fa8b90373c8a3cfc37b684831",
  "mteb_dataset_name": "STSBenchmark",
  "mteb_version": "1.1.2.dev0",
  "test": {
    "cos_sim": {
      "pearson": 0.34508091820353104,
      "spearman": 0.385601224262769
    },
    "euclidean": {
      "pearson": 0.38034612051309197,
      "spearman": 0.3943800005268033
    },
    "evaluation_time": 0.05,
    "manhattan": {
      "pearson": 0.4210919047805262,
      "spearman": 0.4232907424337905
    }
  }
}