{
  "dataset_revision": null,
  "mteb_dataset_name": "InstructSTSBenchmark",
  "mteb_version": "1.1.2.dev0",
  "test": {
    "cos_sim": {
      "pearson": 0.034577693714435684,
      "spearman": 0.05304975482372995
    },
    "euclidean": {
      "pearson": -0.12563408127092138,
      "spearman": -0.10667649783647395
    },
    "evaluation_time": 0.1,
    "manhattan": {
      "pearson": -0.046337003593762915,
      "spearman": -0.036045210015556
    }
  }
}