{
  "dataset_revision": "b0fddb56ed78048fa8b90373c8a3cfc37b684831",
  "mteb_dataset_name": "STSBenchmark",
  "mteb_version": "1.1.2.dev0",
  "test": {
    "cos_sim": {
      "pearson": 0.2242104279958233,
      "spearman": 0.27349260758515187
    },
    "euclidean": {
      "pearson": 0.2812719345215585,
      "spearman": 0.2903314186903486
    },
    "evaluation_time": 0.08,
    "manhattan": {
      "pearson": 0.2863736900523116,
      "spearman": 0.2954468726498785
    }
  }
}