{
  "dataset_revision": "b0fddb56ed78048fa8b90373c8a3cfc37b684831",
  "mteb_dataset_name": "STSBenchmark",
  "mteb_version": "1.1.2.dev0",
  "test": {
    "cos_sim": {
      "pearson": 0.18284422867183747,
      "spearman": 0.21248308538060345
    },
    "euclidean": {
      "pearson": 0.11071002694134784,
      "spearman": 0.14043507153025542
    },
    "evaluation_time": 0.09,
    "manhattan": {
      "pearson": 0.3436539873380166,
      "spearman": 0.35201520898609634
    }
  }
}