{
  "dataset_revision": "b0fddb56ed78048fa8b90373c8a3cfc37b684831",
  "mteb_dataset_name": "STSBenchmark",
  "mteb_version": "1.1.2.dev0",
  "test": {
    "cos_sim": {
      "pearson": 0.39059884041539467,
      "spearman": 0.4207904678872997
    },
    "euclidean": {
      "pearson": 0.3340035261600287,
      "spearman": 0.36369166341951265
    },
    "evaluation_time": 0.07,
    "manhattan": {
      "pearson": 0.4511504203313103,
      "spearman": 0.4452936302751942
    }
  }
}