{
  "dataset_revision": null,
  "mteb_dataset_name": "InstructSTSBenchmark",
  "mteb_version": "1.1.2.dev0",
  "test": {
    "cos_sim": {
      "pearson": -0.0749790185469383,
      "spearman": -0.07054020824248954
    },
    "euclidean": {
      "pearson": -0.13366878930035325,
      "spearman": -0.12590388880599415
    },
    "evaluation_time": 0.07,
    "manhattan": {
      "pearson": -0.11270474859837463,
      "spearman": -0.1071810916266536
    }
  }
}