{
  "dataset_revision": "b0fddb56ed78048fa8b90373c8a3cfc37b684831",
  "mteb_dataset_name": "STSBenchmark",
  "mteb_version": "1.1.2.dev0",
  "test": {
    "cos_sim": {
      "pearson": 0.43035751754602647,
      "spearman": 0.4475352730459924
    },
    "euclidean": {
      "pearson": 0.34053138293116164,
      "spearman": 0.3843728496708887
    },
    "evaluation_time": 0.05,
    "manhattan": {
      "pearson": 0.4902675180880683,
      "spearman": 0.4815896663276978
    }
  }
}