{
  "dataset_revision": null,
  "mteb_dataset_name": "InstructSTSBenchmark",
  "mteb_version": "1.1.2.dev0",
  "test": {
    "cos_sim": {
      "pearson": 0.13206194846099148,
      "spearman": 0.19541851252888598
    },
    "euclidean": {
      "pearson": 0.07129235752870089,
      "spearman": 0.09562826229682983
    },
    "evaluation_time": 0.15,
    "manhattan": {
      "pearson": 0.10620746904099174,
      "spearman": 0.12810670477107663
    }
  }
}