{
  "dataset_revision": null,
  "mteb_dataset_name": "InstructSTSBenchmark",
  "mteb_version": "1.1.2.dev0",
  "test": {
    "cos_sim": {
      "pearson": -0.011146446152314957,
      "spearman": -0.013235334441799858
    },
    "euclidean": {
      "pearson": -0.1287368451679051,
      "spearman": -0.11027423326633029
    },
    "evaluation_time": 0.18,
    "manhattan": {
      "pearson": -0.13692859153018974,
      "spearman": -0.123042095230518
    }
  }
}