{
  "dataset_revision": "a0d554a64d88156834ff5ae9920b964011b16384",
  "mteb_dataset_name": "STS12",
  "mteb_version": "1.1.2.dev0",
  "test": {
    "cos_sim": {
      "pearson": 0.140285504152043,
      "spearman": 0.22742652204623903
    },
    "euclidean": {
      "pearson": 0.14098696448494158,
      "spearman": 0.2542192135181909
    },
    "evaluation_time": 0.43,
    "manhattan": {
      "pearson": 0.15891767879139515,
      "spearman": 0.2810718111788114
    }
  }
}