{
  "dataset_revision": "b0fddb56ed78048fa8b90373c8a3cfc37b684831",
  "mteb_dataset_name": "STSBenchmark",
  "mteb_version": "1.1.2.dev0",
  "test": {
    "cos_sim": {
      "pearson": 0.09194943330756865,
      "spearman": 0.12863624642656932
    },
    "euclidean": {
      "pearson": 0.09875897275090406,
      "spearman": 0.09930753330361061
    },
    "evaluation_time": 0.06,
    "manhattan": {
      "pearson": 0.12662638573542667,
      "spearman": 0.1418893301110513
    }
  }
}