{
  "dataset_revision": null,
  "mteb_dataset_name": "InstructSTSBenchmark",
  "mteb_version": "1.1.2.dev0",
  "test": {
    "cos_sim": {
      "pearson": 0.11296817614399121,
      "spearman": 0.13463500060580547
    },
    "euclidean": {
      "pearson": 0.10383061570094776,
      "spearman": 0.11124698803687817
    },
    "evaluation_time": 0.16,
    "manhattan": {
      "pearson": 0.1050314557264896,
      "spearman": 0.11250118590539597
    }
  }
}