{
  "dataset_revision": "b0fddb56ed78048fa8b90373c8a3cfc37b684831",
  "mteb_dataset_name": "STSBenchmark",
  "mteb_version": "1.1.2.dev0",
  "test": {
    "cos_sim": {
      "pearson": 0.3207062027931804,
      "spearman": 0.30725718720273804
    },
    "euclidean": {
      "pearson": 0.341905679461225,
      "spearman": 0.3072701091286722
    },
    "evaluation_time": 0.04,
    "manhattan": {
      "pearson": 0.34520506711210575,
      "spearman": 0.3127552089822354
    }
  }
}