{
  "dataset_revision": "b0fddb56ed78048fa8b90373c8a3cfc37b684831",
  "mteb_dataset_name": "STSBenchmark",
  "mteb_version": "1.1.2.dev0",
  "test": {
    "cos_sim": {
      "pearson": 0.3646670619228257,
      "spearman": 0.38698878665268316
    },
    "euclidean": {
      "pearson": 0.41227765871167243,
      "spearman": 0.4150571207582302
    },
    "evaluation_time": 0.03,
    "manhattan": {
      "pearson": 0.4351774461447063,
      "spearman": 0.43201409158703435
    }
  }
}