{
  "dataset_revision": "b0fddb56ed78048fa8b90373c8a3cfc37b684831",
  "mteb_dataset_name": "STSBenchmark",
  "mteb_version": "1.1.2.dev0",
  "test": {
    "cos_sim": {
      "pearson": 0.01783330902396949,
      "spearman": 0.08848491826813866
    },
    "euclidean": {
      "pearson": 0.07204630989524659,
      "spearman": 0.07298882516878323
    },
    "evaluation_time": 0.03,
    "manhattan": {
      "pearson": 0.0770525084876217,
      "spearman": 0.08419038484708936
    }
  }
}