{
  "dataset_revision": "b0fddb56ed78048fa8b90373c8a3cfc37b684831",
  "mteb_dataset_name": "STSBenchmark",
  "mteb_version": "1.1.2.dev0",
  "test": {
    "cos_sim": {
      "pearson": 0.3536408767656633,
      "spearman": 0.37229597008160487
    },
    "euclidean": {
      "pearson": 0.3857950513086628,
      "spearman": 0.38546669608439704
    },
    "evaluation_time": 0.03,
    "manhattan": {
      "pearson": 0.3975711994298236,
      "spearman": 0.3967373872647006
    }
  }
}