{
  "dataset_revision": "b0fddb56ed78048fa8b90373c8a3cfc37b684831",
  "mteb_dataset_name": "STSBenchmark",
  "mteb_version": "1.1.2.dev0",
  "test": {
    "cos_sim": {
      "pearson": 0.2833481276604567,
      "spearman": 0.30072620244666753
    },
    "euclidean": {
      "pearson": 0.29707851252935036,
      "spearman": 0.3064281162216891
    },
    "evaluation_time": 0.04,
    "manhattan": {
      "pearson": 0.30584432269185313,
      "spearman": 0.3153136044960471
    }
  }
}