{
  "dataset_revision": "b0fddb56ed78048fa8b90373c8a3cfc37b684831",
  "mteb_dataset_name": "STSBenchmark",
  "mteb_version": "1.1.2.dev0",
  "test": {
    "cos_sim": {
      "pearson": 0.318999155753812,
      "spearman": 0.36051318346772676
    },
    "euclidean": {
      "pearson": 0.3612002396296803,
      "spearman": 0.391259849062885
    },
    "evaluation_time": 0.03,
    "manhattan": {
      "pearson": 0.4314594189197083,
      "spearman": 0.4408109039852186
    }
  }
}