{
  "dataset_revision": "b0fddb56ed78048fa8b90373c8a3cfc37b684831",
  "mteb_dataset_name": "STSBenchmark",
  "mteb_version": "1.1.2.dev0",
  "test": {
    "cos_sim": {
      "pearson": 0.28882644804436075,
      "spearman": 0.3076399245239457
    },
    "euclidean": {
      "pearson": 0.30556528356634605,
      "spearman": 0.29886229457705954
    },
    "evaluation_time": 0.07,
    "manhattan": {
      "pearson": 0.3053806702810227,
      "spearman": 0.2989054928892854
    }
  }
}