{
  "dataset_revision": "b0fddb56ed78048fa8b90373c8a3cfc37b684831",
  "mteb_dataset_name": "STSBenchmark",
  "mteb_version": "1.1.2.dev0",
  "test": {
    "cos_sim": {
      "pearson": 0.09002867774535739,
      "spearman": 0.07917845852532622
    },
    "euclidean": {
      "pearson": 0.08946592416717962,
      "spearman": 0.07918163574767159
    },
    "evaluation_time": 30.37,
    "manhattan": {
      "pearson": 0.04026725231907334,
      "spearman": 0.027522247635451143
    }
  }
}