{
    "dataset_revision": null,
    "mteb_dataset_name": "IntentEmotion",
    "mteb_version": "1.1.2.dev0",
    "test": {
        "Emotion_success_rate": 0.9597402597402598,
        "Intent_success_rate": 0.036525974025974024,
        "evaluation_time": 0.26,
        "harmonic_mean": 0.07037367295960267
    }
}