{
  "dataset_revision": "b0fddb56ed78048fa8b90373c8a3cfc37b684831",
  "mteb_dataset_name": "STSBenchmark",
  "mteb_version": "1.1.2.dev0",
  "test": {
    "cos_sim": {
      "pearson": 0.11680349377989213,
      "spearman": 0.16049170612505018
    },
    "euclidean": {
      "pearson": 0.13766065784966125,
      "spearman": 0.16047642214801844
    },
    "evaluation_time": 0.03,
    "manhattan": {
      "pearson": 0.1383890130068359,
      "spearman": 0.16085294246702517
    }
  }
}