{
  "dataset_revision": null,
  "mteb_dataset_name": "InstructSTSBenchmark",
  "mteb_version": "1.1.2.dev0",
  "test": {
    "cos_sim": {
      "pearson": -0.1186314690989763,
      "spearman": -0.11605748252042766
    },
    "euclidean": {
      "pearson": -0.1355911968825859,
      "spearman": -0.12607512281262562
    },
    "evaluation_time": 0.08,
    "manhattan": {
      "pearson": -0.138434330125711,
      "spearman": -0.13278785947545593
    }
  }
}