{
  "dataset_revision": null,
  "mteb_dataset_name": "InstructSTSBenchmark",
  "mteb_version": "1.1.2.dev0",
  "test": {
    "cos_sim": {
      "pearson": -0.09953209681953246,
      "spearman": -0.09755145685732525
    },
    "euclidean": {
      "pearson": -0.13379306245122777,
      "spearman": -0.1259439648458799
    },
    "evaluation_time": 0.08,
    "manhattan": {
      "pearson": -0.13565302732168663,
      "spearman": -0.12845327143417934
    }
  }
}