{
  "dataset_revision": "b0fddb56ed78048fa8b90373c8a3cfc37b684831",
  "mteb_dataset_name": "STSBenchmark",
  "mteb_version": "1.1.2.dev0",
  "test": {
    "cos_sim": {
      "pearson": 0.35530778941321345,
      "spearman": 0.3789566954930708
    },
    "euclidean": {
      "pearson": 0.4294829130536992,
      "spearman": 0.4282035688779137
    },
    "evaluation_time": 0.06,
    "manhattan": {
      "pearson": 0.4379435768495962,
      "spearman": 0.4360120933219004
    }
  }
}