{
  "dataset_revision": "b0fddb56ed78048fa8b90373c8a3cfc37b684831",
  "mteb_dataset_name": "STSBenchmark",
  "mteb_version": "1.1.2.dev0",
  "test": {
    "cos_sim": {
      "pearson": 0.17974341798589646,
      "spearman": 0.21294030841651163
    },
    "euclidean": {
      "pearson": 0.20793254301698247,
      "spearman": 0.2132114842143085
    },
    "evaluation_time": 0.09,
    "manhattan": {
      "pearson": 0.20932577682109282,
      "spearman": 0.21291787176034255
    }
  }
}