{
  "dataset_revision": null,
  "mteb_dataset_name": "InstructSTSBenchmark",
  "mteb_version": "1.1.2.dev0",
  "test": {
    "cos_sim": {
      "pearson": 0.029244931732901706,
      "spearman": 0.027367382273614096
    },
    "euclidean": {
      "pearson": 0.024834918100036536,
      "spearman": 0.021267626575809995
    },
    "evaluation_time": 0.04,
    "manhattan": {
      "pearson": 0.025167149803690284,
      "spearman": 0.021009864763349425
    }
  }
}