{
  "dataset_revision": "b0fddb56ed78048fa8b90373c8a3cfc37b684831",
  "mteb_dataset_name": "STSBenchmark",
  "mteb_version": "1.1.2.dev0",
  "test": {
    "cos_sim": {
      "pearson": 0.31632896072343475,
      "spearman": 0.2788748973183586
    },
    "euclidean": {
      "pearson": 0.31013667647011844,
      "spearman": 0.2796222412677637
    },
    "evaluation_time": 0.03,
    "manhattan": {
      "pearson": 0.3131520338844294,
      "spearman": 0.2902295160638681
    }
  }
}