{
  "dataset_revision": null,
  "mteb_dataset_name": "InstructSTSBenchmark",
  "mteb_version": "1.1.2.dev0",
  "test": {
    "cos_sim": {
      "pearson": -0.0980338953509108,
      "spearman": -0.0822660909460089
    },
    "euclidean": {
      "pearson": -0.0859024509665745,
      "spearman": -0.07671874721806023
    },
    "evaluation_time": 0.07,
    "manhattan": {
      "pearson": -0.0855645897228726,
      "spearman": -0.07672512295167841
    }
  }
}