{
  "dataset_revision": null,
  "mteb_dataset_name": "InstructSTSBenchmark",
  "mteb_version": "1.1.2.dev0",
  "test": {
    "cos_sim": {
      "pearson": 0.0023699156345435655,
      "spearman": 0.04635112802779253
    },
    "euclidean": {
      "pearson": 0.016748318148970875,
      "spearman": 0.04281623911291259
    },
    "evaluation_time": 0.15,
    "manhattan": {
      "pearson": 0.016745041247588008,
      "spearman": 0.04262405628527877
    }
  }
}