{
  "dataset_revision": "b0fddb56ed78048fa8b90373c8a3cfc37b684831",
  "mteb_dataset_name": "STSBenchmark",
  "mteb_version": "1.1.2.dev0",
  "test": {
    "cos_sim": {
      "pearson": 0.3652778696401986,
      "spearman": 0.3818112648002049
    },
    "euclidean": {
      "pearson": 0.3755158349596102,
      "spearman": 0.38467694443949113
    },
    "evaluation_time": 0.1,
    "manhattan": {
      "pearson": 0.4346414722370049,
      "spearman": 0.42034096751396116
    }
  }
}