{
  "dataset_revision": null,
  "mteb_dataset_name": "InstructSTSBenchmark",
  "mteb_version": "1.1.2.dev0",
  "test": {
    "cos_sim": {
      "pearson": 0.08950848697764976,
      "spearman": 0.1367189546410594
    },
    "euclidean": {
      "pearson": 0.07527604647809312,
      "spearman": 0.08531596858043651
    },
    "evaluation_time": 0.15,
    "manhattan": {
      "pearson": 0.07467014391268899,
      "spearman": 0.085132893943712
    }
  }
}