{
    "test": {
        "NYTTopicClustering": 0.35406439869966344,
        "NYTLocationClustering": 0.34730402513598796,
        "harmonic_mean": 0.3506516408606637
    }
}