{
  "dataset_revision": "a0d554a64d88156834ff5ae9920b964011b16384",
  "mteb_dataset_name": "STS12",
  "mteb_version": "1.1.2.dev0",
  "test": {
    "cos_sim": {
      "pearson": 0.1913142598217084,
      "spearman": 0.33327567768476785
    },
    "euclidean": {
      "pearson": 0.24497994466585907,
      "spearman": 0.3729793400753603
    },
    "evaluation_time": 0.41,
    "manhattan": {
      "pearson": 0.31014501646268616,
      "spearman": 0.3965568039127544
    }
  }
}