{
  "dataset_revision": null,
  "mteb_dataset_name": "InstructSTSBenchmark",
  "mteb_version": "1.1.2.dev0",
  "test": {
    "cos_sim": {
      "pearson": -0.08149404119992096,
      "spearman": -0.004518445922932337
    },
    "euclidean": {
      "pearson": -0.0657042727888847,
      "spearman": -0.0040035053026752036
    },
    "evaluation_time": 0.04,
    "manhattan": {
      "pearson": -0.06725577108350068,
      "spearman": -0.008925571655913013
    }
  }
}