{
  "dataset_revision": "b0fddb56ed78048fa8b90373c8a3cfc37b684831",
  "mteb_dataset_name": "STSBenchmark",
  "mteb_version": "1.1.2.dev0",
  "test": {
    "cos_sim": {
      "pearson": 0.22143814419085736,
      "spearman": 0.26601883172798846
    },
    "euclidean": {
      "pearson": 0.2332869485065028,
      "spearman": 0.26664538190142884
    },
    "evaluation_time": 0.07,
    "manhattan": {
      "pearson": 0.41687134738777704,
      "spearman": 0.411919653978997
    }
  }
}