{
  "dataset_revision": "b0fddb56ed78048fa8b90373c8a3cfc37b684831",
  "mteb_dataset_name": "STSBenchmark",
  "mteb_version": "1.1.2.dev0",
  "test": {
    "cos_sim": {
      "pearson": 0.23301866448321182,
      "spearman": 0.2580027518894031
    },
    "euclidean": {
      "pearson": 0.25352588151823435,
      "spearman": 0.2579472584218728
    },
    "evaluation_time": 0.04,
    "manhattan": {
      "pearson": 0.25244207852146855,
      "spearman": 0.25741044986986544
    }
  }
}