{
  "dataset_revision": "b0fddb56ed78048fa8b90373c8a3cfc37b684831",
  "mteb_dataset_name": "STSBenchmark",
  "mteb_version": "1.1.2.dev0",
  "test": {
    "cos_sim": {
      "pearson": 0.3285309596217493,
      "spearman": 0.3551377783665253
    },
    "euclidean": {
      "pearson": 0.35754002055958334,
      "spearman": 0.37786496597895086
    },
    "evaluation_time": 0.03,
    "manhattan": {
      "pearson": 0.38152046681480156,
      "spearman": 0.4003122113875521
    }
  }
}