{
  "dataset_revision": null,
  "mteb_dataset_name": "InstructSTSBenchmark",
  "mteb_version": "1.1.2.dev0",
  "test": {
    "cos_sim": {
      "pearson": 0.2063248970645964,
      "spearman": 0.20221823252234808
    },
    "euclidean": {
      "pearson": 0.2123609900467652,
      "spearman": 0.20223371633118434
    },
    "evaluation_time": 0.07,
    "manhattan": {
      "pearson": 0.21302272030349567,
      "spearman": 0.20275971429684533
    }
  }
}