{
  "dataset_revision": "b0fddb56ed78048fa8b90373c8a3cfc37b684831",
  "mteb_dataset_name": "STSBenchmark",
  "mteb_version": "1.1.2.dev0",
  "test": {
    "cos_sim": {
      "pearson": 0.3296118862356162,
      "spearman": 0.35027218034220725
    },
    "euclidean": {
      "pearson": 0.34739469513174215,
      "spearman": 0.34847979553617187
    },
    "evaluation_time": 0.05,
    "manhattan": {
      "pearson": 0.347517482742459,
      "spearman": 0.3487966892787678
    }
  }
}