{
    "dataset_revision": null,
    "mteb_dataset_name": "IntentEmotion",
    "mteb_version": "1.1.2.dev0",
    "test": {
        "Emotion_success_rate": 0.9928571428571429,
        "Intent_success_rate": 0.0063311688311688315,
        "evaluation_time": 0.2,
        "harmonic_mean": 0.01258212488915363
    }
}