{
  "dataset_revision": "b0fddb56ed78048fa8b90373c8a3cfc37b684831",
  "mteb_dataset_name": "STSBenchmark",
  "mteb_version": "1.1.2.dev0",
  "test": {
    "cos_sim": {
      "pearson": 0.18067560878070021,
      "spearman": 0.22492677388382248
    },
    "euclidean": {
      "pearson": 0.21045891736788122,
      "spearman": 0.22491287136530935
    },
    "evaluation_time": 0.03,
    "manhattan": {
      "pearson": 0.20910750197075414,
      "spearman": 0.2230992981899982
    }
  }
}