{
  "dataset_revision": "a0d554a64d88156834ff5ae9920b964011b16384",
  "mteb_dataset_name": "STS12",
  "mteb_version": "1.1.2.dev0",
  "test": {
    "cos_sim": {
      "pearson": 0.7312841415976695,
      "spearman": 0.667184886102047
    },
    "euclidean": {
      "pearson": 0.3135373689317092,
      "spearman": 0.4909570033043177
    },
    "evaluation_time": 0.34,
    "manhattan": {
      "pearson": 0.6882104381885341,
      "spearman": 0.5594127390030641
    }
  }
}