{
  "dataset_revision": "b0fddb56ed78048fa8b90373c8a3cfc37b684831",
  "mteb_dataset_name": "STSBenchmark",
  "mteb_version": "1.1.2.dev0",
  "test": {
    "cos_sim": {
      "pearson": 0.45671942049167236,
      "spearman": 0.5047719330585718
    },
    "euclidean": {
      "pearson": 0.484298968242377,
      "spearman": 0.5045718098322234
    },
    "evaluation_time": 0.03,
    "manhattan": {
      "pearson": 0.48569761485149554,
      "spearman": 0.5060628342372263
    }
  }
}