{
  "dataset_revision": null,
  "mteb_dataset_name": "InstructSTSBenchmark",
  "mteb_version": "1.1.2.dev0",
  "test": {
    "cos_sim": {
      "pearson": -0.012600004380231327,
      "spearman": -0.011810591481259855
    },
    "euclidean": {
      "pearson": -0.07186767428377014,
      "spearman": -0.07023098286205724
    },
    "evaluation_time": 0.16,
    "manhattan": {
      "pearson": -0.08379037504150667,
      "spearman": -0.08080559246731597
    }
  }
}