{
    "dataset_revision": null,
    "mteb_dataset_name": "IntentEmotion",
    "mteb_version": "1.1.2.dev0",
    "test": {
        "Emotion_success_rate": 0.9592532467532467,
        "Intent_success_rate": 0.040746753246753246,
        "evaluation_time": 0.68,
        "harmonic_mean": 0.07817292912974452
    }
}