{
    "dataset_revision": null,
    "mteb_dataset_name": "IntentEmotion",
    "mteb_version": "1.1.2.dev0",
    "test": {
        "Emotion_success_rate": 0.010876623376623377,
        "Intent_success_rate": 0.8503246753246754,
        "evaluation_time": 102.69,
        "harmonic_mean": 0.0214785315640627
    }
}