{
  "dataset_revision": null,
  "mteb_dataset_name": "InstructSTSBenchmark",
  "mteb_version": "1.1.2.dev0",
  "test": {
    "cos_sim": {
      "pearson": 0.01925157459049455,
      "spearman": 0.02601254057970458
    },
    "euclidean": {
      "pearson": -0.1311012367569137,
      "spearman": -0.1134265780989886
    },
    "evaluation_time": 0.11,
    "manhattan": {
      "pearson": -0.07506070690241971,
      "spearman": -0.06845124234366401
    }
  }
}