{
  "dataset_revision": "b0fddb56ed78048fa8b90373c8a3cfc37b684831",
  "mteb_dataset_name": "STSBenchmark",
  "mteb_version": "1.1.2.dev0",
  "test": {
    "cos_sim": {
      "pearson": 0.055503991740035764,
      "spearman": 0.04740385954554956
    },
    "euclidean": {
      "pearson": 0.05507711585053153,
      "spearman": 0.04740385954554956
    },
    "evaluation_time": 30.73,
    "manhattan": {
      "pearson": 0.04405924261765639,
      "spearman": 0.03817680617900276
    }
  }
}