{
  "dataset_revision": "b0fddb56ed78048fa8b90373c8a3cfc37b684831",
  "mteb_dataset_name": "STSBenchmark",
  "mteb_version": "1.1.2.dev0",
  "test": {
    "cos_sim": {
      "pearson": 0.07420826188335286,
      "spearman": 0.16990733757731696
    },
    "euclidean": {
      "pearson": 0.15527346645479934,
      "spearman": 0.20768987060647642
    },
    "evaluation_time": 0.04,
    "manhattan": {
      "pearson": 0.1796609751266542,
      "spearman": 0.23176612621996084
    }
  }
}