{
  "dataset_revision": "b0fddb56ed78048fa8b90373c8a3cfc37b684831",
  "mteb_dataset_name": "STSBenchmark",
  "mteb_version": "1.1.2.dev0",
  "test": {
    "cos_sim": {
      "pearson": 0.5627861956052267,
      "spearman": 0.5802578152648846
    },
    "euclidean": {
      "pearson": 0.5786803341650643,
      "spearman": 0.5834630310546297
    },
    "evaluation_time": 0.03,
    "manhattan": {
      "pearson": 0.5877639080145323,
      "spearman": 0.592351973738073
    }
  }
}