{
  "dataset_revision": "b0fddb56ed78048fa8b90373c8a3cfc37b684831",
  "mteb_dataset_name": "STSBenchmark",
  "mteb_version": "1.1.2.dev0",
  "test": {
    "cos_sim": {
      "pearson": 0.18684812894435665,
      "spearman": 0.23045447540917488
    },
    "euclidean": {
      "pearson": 0.22848805201693387,
      "spearman": 0.23687567013945166
    },
    "evaluation_time": 0.06,
    "manhattan": {
      "pearson": 0.22938250022061446,
      "spearman": 0.23895564436009528
    }
  }
}