{
  "dataset_revision": "b0fddb56ed78048fa8b90373c8a3cfc37b684831",
  "mteb_dataset_name": "STSBenchmark",
  "mteb_version": "1.1.2.dev0",
  "test": {
    "cos_sim": {
      "pearson": 0.004751427424398913,
      "spearman": 0.11513543459076066
    },
    "euclidean": {
      "pearson": 0.020130881852903855,
      "spearman": 0.10735950112924271
    },
    "evaluation_time": 0.04,
    "manhattan": {
      "pearson": 0.10759851603632142,
      "spearman": 0.11399193560240592
    }
  }
}