{
  "dataset_revision": null,
  "mteb_dataset_name": "InstructSTSBenchmark",
  "mteb_version": "1.1.2.dev0",
  "test": {
    "cos_sim": {
      "pearson": -0.11683810321698744,
      "spearman": -0.12646905825350827
    },
    "euclidean": {
      "pearson": -0.12130540569670786,
      "spearman": -0.1256634325666798
    },
    "evaluation_time": 0.15,
    "manhattan": {
      "pearson": -0.12127123288940492,
      "spearman": -0.12576544430457073
    }
  }
}