{
  "dataset_revision": null,
  "mteb_dataset_name": "InstructSTSBenchmark",
  "mteb_version": "1.1.2.dev0",
  "test": {
    "cos_sim": {
      "pearson": 0.07288328217055946,
      "spearman": 0.05972923877231863
    },
    "euclidean": {
      "pearson": 0.05123428349424548,
      "spearman": 0.06454747174094756
    },
    "evaluation_time": 0.08,
    "manhattan": {
      "pearson": 0.07770157419789174,
      "spearman": 0.07157626264545092
    }
  }
}