{
  "dataset_revision": "b0fddb56ed78048fa8b90373c8a3cfc37b684831",
  "mteb_dataset_name": "STSBenchmark",
  "mteb_version": "1.1.2.dev0",
  "test": {
    "cos_sim": {
      "pearson": 0.22883112314561496,
      "spearman": 0.18921993857362399
    },
    "euclidean": {
      "pearson": 0.20097402874189754,
      "spearman": 0.20825518620529224
    },
    "evaluation_time": 0.06,
    "manhattan": {
      "pearson": 0.25975825177578943,
      "spearman": 0.21199840311264054
    }
  }
}