{
  "dataset_revision": "a0d554a64d88156834ff5ae9920b964011b16384",
  "mteb_dataset_name": "STS12",
  "mteb_version": "1.1.2.dev0",
  "test": {
    "cos_sim": {
      "pearson": 0.20157077585378694,
      "spearman": 0.2139709404352578
    },
    "euclidean": {
      "pearson": 0.20548674094440852,
      "spearman": 0.2108143857359918
    },
    "evaluation_time": 344.16,
    "manhattan": {
      "pearson": 0.20692251291172714,
      "spearman": 0.2137020642968881
    }
  }
}