{
  "dataset_revision": "b0fddb56ed78048fa8b90373c8a3cfc37b684831",
  "mteb_dataset_name": "STSBenchmark",
  "mteb_version": "1.1.2.dev0",
  "test": {
    "cos_sim": {
      "pearson": 0.13506420923424,
      "spearman": 0.22336242846667811
    },
    "euclidean": {
      "pearson": 0.17167685230504875,
      "spearman": 0.2246776584109878
    },
    "evaluation_time": 0.04,
    "manhattan": {
      "pearson": 0.2242929629323004,
      "spearman": 0.26654709905958934
    }
  }
}