{
  "dataset_revision": "b0fddb56ed78048fa8b90373c8a3cfc37b684831",
  "mteb_dataset_name": "STSBenchmark",
  "mteb_version": "1.1.2.dev0",
  "test": {
    "cos_sim": {
      "pearson": 0.11381713838181025,
      "spearman": 0.3242701320673357
    },
    "euclidean": {
      "pearson": 0.23916328936731948,
      "spearman": 0.34614510401644677
    },
    "evaluation_time": 0.15,
    "manhattan": {
      "pearson": 0.2534040916449341,
      "spearman": 0.3519109104205296
    }
  }
}