{
  "dataset_revision": "b0fddb56ed78048fa8b90373c8a3cfc37b684831",
  "mteb_dataset_name": "STSBenchmark",
  "mteb_version": "1.1.2.dev0",
  "test": {
    "cos_sim": {
      "pearson": 0.029968864965091675,
      "spearman": 0.1093403837453848
    },
    "euclidean": {
      "pearson": 0.0607177103327965,
      "spearman": 0.05929096518539321
    },
    "evaluation_time": 0.06,
    "manhattan": {
      "pearson": 0.0752646492710504,
      "spearman": 0.08311371421813236
    }
  }
}