{
  "dataset_revision": null,
  "mteb_dataset_name": "InstructSTSBenchmark",
  "mteb_version": "1.1.2.dev0",
  "test": {
    "cos_sim": {
      "pearson": 0.06687836268217032,
      "spearman": 0.11861004954679201
    },
    "euclidean": {
      "pearson": 0.07648903372254218,
      "spearman": 0.08426943744811573
    },
    "evaluation_time": 0.15,
    "manhattan": {
      "pearson": 0.07603210929854777,
      "spearman": 0.08382677937125943
    }
  }
}