{
  "dataset_revision": "b0fddb56ed78048fa8b90373c8a3cfc37b684831",
  "mteb_dataset_name": "STSBenchmark",
  "mteb_version": "1.1.2.dev0",
  "test": {
    "cos_sim": {
      "pearson": 0.00283461913108868,
      "spearman": 0.018873091990330687
    },
    "euclidean": {
      "pearson": -0.00019178610835745246,
      "spearman": 0.0209859556611388
    },
    "evaluation_time": 0.03,
    "manhattan": {
      "pearson": 0.0005267402455585782,
      "spearman": 0.0213504196033065
    }
  }
}