{
  "dataset_revision": "b0fddb56ed78048fa8b90373c8a3cfc37b684831",
  "mteb_dataset_name": "STSBenchmark",
  "mteb_version": "1.1.2.dev0",
  "test": {
    "cos_sim": {
      "pearson": 0.08321747571665293,
      "spearman": 0.11266851050677845
    },
    "euclidean": {
      "pearson": 0.10138633071175665,
      "spearman": 0.11251678356485513
    },
    "evaluation_time": 0.03,
    "manhattan": {
      "pearson": 0.10076011438122276,
      "spearman": 0.11222396140705253
    }
  }
}