{
  "dataset_revision": "b0fddb56ed78048fa8b90373c8a3cfc37b684831",
  "mteb_dataset_name": "STSBenchmark",
  "mteb_version": "1.1.2.dev0",
  "test": {
    "cos_sim": {
      "pearson": 0.37380861740401833,
      "spearman": 0.3803505182470762
    },
    "euclidean": {
      "pearson": 0.3627273853486609,
      "spearman": 0.3591099072092996
    },
    "evaluation_time": 0.03,
    "manhattan": {
      "pearson": 0.36533576841383425,
      "spearman": 0.36156277554918015
    }
  }
}