{
  "dataset_revision": "b0fddb56ed78048fa8b90373c8a3cfc37b684831",
  "mteb_dataset_name": "STSBenchmark",
  "mteb_version": "1.1.2.dev0",
  "test": {
    "cos_sim": {
      "pearson": 0.3892988093920785,
      "spearman": 0.3684579023996439
    },
    "euclidean": {
      "pearson": 0.4054281207425074,
      "spearman": 0.37905989937518375
    },
    "evaluation_time": 0.06,
    "manhattan": {
      "pearson": 0.40549809136067394,
      "spearman": 0.3793611536566104
    }
  }
}