{
  "dataset_revision": null,
  "mteb_dataset_name": "InstructSTSBenchmark",
  "mteb_version": "1.1.2.dev0",
  "test": {
    "cos_sim": {
      "pearson": -0.09831072759660459,
      "spearman": -0.08299383564742648
    },
    "euclidean": {
      "pearson": -0.1150575210421289,
      "spearman": -0.09756238665848667
    },
    "evaluation_time": 0.08,
    "manhattan": {
      "pearson": -0.10910104426649267,
      "spearman": -0.09664109313670766
    }
  }
}