{
  "dataset_revision": "b0fddb56ed78048fa8b90373c8a3cfc37b684831",
  "mteb_dataset_name": "STSBenchmark",
  "mteb_version": "1.1.2.dev0",
  "test": {
    "cos_sim": {
      "pearson": 0.3962375720947557,
      "spearman": 0.40882247641304975
    },
    "euclidean": {
      "pearson": 0.42277993372048683,
      "spearman": 0.4282947118648076
    },
    "evaluation_time": 0.06,
    "manhattan": {
      "pearson": 0.4634550484936121,
      "spearman": 0.45920525066285167
    }
  }
}