{
  "dataset_revision": "b0fddb56ed78048fa8b90373c8a3cfc37b684831",
  "mteb_dataset_name": "STSBenchmark",
  "mteb_version": "1.1.2.dev0",
  "test": {
    "cos_sim": {
      "pearson": 0.399676522998127,
      "spearman": 0.4391284789300846
    },
    "euclidean": {
      "pearson": 0.4348726171684962,
      "spearman": 0.4447707446911646
    },
    "evaluation_time": 0.03,
    "manhattan": {
      "pearson": 0.4446573783155303,
      "spearman": 0.45228097903953557
    }
  }
}