{
  "dataset_revision": "b0fddb56ed78048fa8b90373c8a3cfc37b684831",
  "mteb_dataset_name": "STSBenchmark",
  "mteb_version": "1.1.2.dev0",
  "test": {
    "cos_sim": {
      "pearson": 0.40506186744432976,
      "spearman": 0.4281537620099123
    },
    "euclidean": {
      "pearson": 0.4462580980009034,
      "spearman": 0.4533209821860554
    },
    "evaluation_time": 0.03,
    "manhattan": {
      "pearson": 0.45205413928793303,
      "spearman": 0.45774034041414174
    }
  }
}