{
  "dataset_revision": "b0fddb56ed78048fa8b90373c8a3cfc37b684831",
  "mteb_dataset_name": "STSBenchmark",
  "mteb_version": "1.1.2.dev0",
  "test": {
    "cos_sim": {
      "pearson": 0.265025391300466,
      "spearman": 0.2982837171186618
    },
    "euclidean": {
      "pearson": 0.30235638939439113,
      "spearman": 0.30763438557395295
    },
    "evaluation_time": 0.03,
    "manhattan": {
      "pearson": 0.30235505036049076,
      "spearman": 0.3076154367756322
    }
  }
}