{
  "dataset_revision": null,
  "mteb_dataset_name": "InstructSTSBenchmark",
  "mteb_version": "1.1.2.dev0",
  "test": {
    "cos_sim": {
      "pearson": -0.015040283885516387,
      "spearman": -0.012232755999979144
    },
    "euclidean": {
      "pearson": -0.07986603279671509,
      "spearman": -0.07380640319373712
    },
    "evaluation_time": 0.08,
    "manhattan": {
      "pearson": -0.04863370191614733,
      "spearman": -0.04564205534092728
    }
  }
}