{
  "dataset_revision": "b0fddb56ed78048fa8b90373c8a3cfc37b684831",
  "mteb_dataset_name": "STSBenchmark",
  "mteb_version": "1.1.2.dev0",
  "test": {
    "cos_sim": {
      "pearson": 0.2614305621184566,
      "spearman": 0.23042929383768843
    },
    "euclidean": {
      "pearson": 0.27680316023979706,
      "spearman": 0.23049752711561106
    },
    "evaluation_time": 0.03,
    "manhattan": {
      "pearson": 0.2784903425460104,
      "spearman": 0.23483920947301826
    }
  }
}