{
  "dataset_revision": "b0fddb56ed78048fa8b90373c8a3cfc37b684831",
  "mteb_dataset_name": "STSBenchmark",
  "mteb_version": "1.1.2.dev0",
  "test": {
    "cos_sim": {
      "pearson": 0.06131100456569614,
      "spearman": 0.12360552467305347
    },
    "euclidean": {
      "pearson": 0.05835344088730724,
      "spearman": 0.07958128903885128
    },
    "evaluation_time": 0.05,
    "manhattan": {
      "pearson": 0.06412232433591328,
      "spearman": 0.09838505290966318
    }
  }
}