{
  "dataset_revision": "a0d554a64d88156834ff5ae9920b964011b16384",
  "mteb_dataset_name": "STS12",
  "mteb_version": "1.1.2.dev0",
  "test": {
    "cos_sim": {
      "pearson": 0.7033957215117457,
      "spearman": 0.6537015952513008
    },
    "euclidean": {
      "pearson": 0.6647771042692455,
      "spearman": 0.5863333185782369
    },
    "evaluation_time": 0.34,
    "manhattan": {
      "pearson": 0.7046720139778383,
      "spearman": 0.5837175386856698
    }
  }
}