{
  "dataset_revision": "b0fddb56ed78048fa8b90373c8a3cfc37b684831",
  "mteb_dataset_name": "STSBenchmark",
  "mteb_version": "1.1.2.dev0",
  "test": {
    "cos_sim": {
      "pearson": 0.7770066416556337,
      "spearman": 0.7711473395295319
    },
    "euclidean": {
      "pearson": 0.7465712836281307,
      "spearman": 0.7286433309223067
    },
    "evaluation_time": 0.06,
    "manhattan": {
      "pearson": 0.7654991034047883,
      "spearman": 0.7448842538391096
    }
  }
}