{
  "dataset_revision": null,
  "mteb_dataset_name": "InstructSTSBenchmark",
  "mteb_version": "1.1.2.dev0",
  "test": {
    "cos_sim": {
      "pearson": 0.028196198359113477,
      "spearman": 0.03161043471269079
    },
    "euclidean": {
      "pearson": -0.13063488769475784,
      "spearman": -0.11271978248655959
    },
    "evaluation_time": 0.1,
    "manhattan": {
      "pearson": -0.06141582919649612,
      "spearman": -0.05712247452485993
    }
  }
}