{
    "test": {
        "NYTTopicClustering": 0.2628277905703634,
        "NYTLocationClustering": 0.23198826839261658,
        "harmonic_mean": 0.24644699944198178
    }
}