{
  "dataset_revision": "a0d554a64d88156834ff5ae9920b964011b16384",
  "mteb_dataset_name": "STS12",
  "mteb_version": "1.1.2.dev0",
  "test": {
    "cos_sim": {
      "pearson": 0.1950473628759538,
      "spearman": 0.3297407705419184
    },
    "euclidean": {
      "pearson": 0.25784696334428425,
      "spearman": 0.3703609544436023
    },
    "evaluation_time": 0.4,
    "manhattan": {
      "pearson": 0.289112432203871,
      "spearman": 0.3749671395304442
    }
  }
}