{
    "dataset_revision": null,
    "mteb_dataset_name": "IntentEmotion",
    "mteb_version": "1.1.2.dev0",
    "test": {
        "Emotion_success_rate": 0.972564935064935,
        "Intent_success_rate": 0.027435064935064934,
        "evaluation_time": 0.16,
        "harmonic_mean": 0.053364783226851946
    }
}