{
  "dataset_revision": "b0fddb56ed78048fa8b90373c8a3cfc37b684831",
  "mteb_dataset_name": "STSBenchmark",
  "mteb_version": "1.1.2.dev0",
  "test": {
    "cos_sim": {
      "pearson": 0.35172981931329733,
      "spearman": 0.3702679621211464
    },
    "euclidean": {
      "pearson": 0.3782521536705242,
      "spearman": 0.3815630466287905
    },
    "evaluation_time": 0.03,
    "manhattan": {
      "pearson": 0.38593278180734275,
      "spearman": 0.38784277735119865
    }
  }
}