{
  "dataset_revision": "b0fddb56ed78048fa8b90373c8a3cfc37b684831",
  "mteb_dataset_name": "STSBenchmark",
  "mteb_version": "1.1.2.dev0",
  "test": {
    "cos_sim": {
      "pearson": 0.35809890041636394,
      "spearman": 0.36421989973313285
    },
    "euclidean": {
      "pearson": 0.1559037959244661,
      "spearman": 0.20879928610523665
    },
    "evaluation_time": 0.06,
    "manhattan": {
      "pearson": 0.42778402139973504,
      "spearman": 0.41965037865078963
    }
  }
}