{
  "dataset_revision": null,
  "mteb_dataset_name": "InstructSTSBenchmark",
  "mteb_version": "1.1.2.dev0",
  "test": {
    "cos_sim": {
      "pearson": -0.09256279017620392,
      "spearman": -0.10039366779490927
    },
    "euclidean": {
      "pearson": -0.12290533127262562,
      "spearman": -0.11839054214650885
    },
    "evaluation_time": 0.08,
    "manhattan": {
      "pearson": -0.12251831538294668,
      "spearman": -0.11814598723819204
    }
  }
}