{
  "dataset_revision": "b0fddb56ed78048fa8b90373c8a3cfc37b684831",
  "mteb_dataset_name": "STSBenchmark",
  "mteb_version": "1.1.2.dev0",
  "test": {
    "cos_sim": {
      "pearson": 0.5102715627147169,
      "spearman": 0.5352506891876924
    },
    "euclidean": {
      "pearson": 0.5692106880832216,
      "spearman": 0.5673273779298297
    },
    "evaluation_time": 0.05,
    "manhattan": {
      "pearson": 0.5771081778749403,
      "spearman": 0.5739054308178702
    }
  }
}