{
  "dataset_revision": "b0fddb56ed78048fa8b90373c8a3cfc37b684831",
  "mteb_dataset_name": "STSBenchmark",
  "mteb_version": "1.1.2.dev0",
  "test": {
    "cos_sim": {
      "pearson": 0.01703008529046512,
      "spearman": 0.06890587437462099
    },
    "euclidean": {
      "pearson": 0.03375083079813136,
      "spearman": 0.06857519479626482
    },
    "evaluation_time": 0.04,
    "manhattan": {
      "pearson": 0.04341407339261941,
      "spearman": 0.06538176685916705
    }
  }
}