{
  "dataset_revision": "b0fddb56ed78048fa8b90373c8a3cfc37b684831",
  "mteb_dataset_name": "STSBenchmark",
  "mteb_version": "1.1.2.dev0",
  "test": {
    "cos_sim": {
      "pearson": 0.7720384407027789,
      "spearman": 0.780420416607456
    },
    "euclidean": {
      "pearson": 0.8033075703395206,
      "spearman": 0.7897777143933009
    },
    "evaluation_time": 0.06,
    "manhattan": {
      "pearson": 0.8073233712992451,
      "spearman": 0.7935625719263596
    }
  }
}