{
  "dataset_revision": "b0fddb56ed78048fa8b90373c8a3cfc37b684831",
  "mteb_dataset_name": "STSBenchmark",
  "mteb_version": "1.1.2.dev0",
  "test": {
    "cos_sim": {
      "pearson": 0.34998506651098965,
      "spearman": 0.3607518100938119
    },
    "euclidean": {
      "pearson": 0.4102538864821904,
      "spearman": 0.40867191633298344
    },
    "evaluation_time": 0.06,
    "manhattan": {
      "pearson": 0.4221707901231173,
      "spearman": 0.41852771274602474
    }
  }
}