{
  "dataset_revision": "a0d554a64d88156834ff5ae9920b964011b16384",
  "mteb_dataset_name": "STS12",
  "mteb_version": "1.1.2.dev0",
  "test": {
    "cos_sim": {
      "pearson": 0.19113879625666916,
      "spearman": 0.3213045147185017
    },
    "euclidean": {
      "pearson": 0.2529428033298835,
      "spearman": 0.31878983242187736
    },
    "evaluation_time": 0.42,
    "manhattan": {
      "pearson": 0.25323356555906457,
      "spearman": 0.31809651413710965
    }
  }
}