{
  "dataset_revision": "b0fddb56ed78048fa8b90373c8a3cfc37b684831",
  "mteb_dataset_name": "STSBenchmark",
  "mteb_version": "1.1.2.dev0",
  "test": {
    "cos_sim": {
      "pearson": 0.4193748616492745,
      "spearman": 0.43166716142690986
    },
    "euclidean": {
      "pearson": 0.4475602819050298,
      "spearman": 0.4539244917915666
    },
    "evaluation_time": 0.03,
    "manhattan": {
      "pearson": 0.4516057307982647,
      "spearman": 0.4558228031154082
    }
  }
}