{
  "dataset_revision": null,
  "mteb_dataset_name": "InstructSTSBenchmark",
  "mteb_version": "1.1.2.dev0",
  "test": {
    "cos_sim": {
      "pearson": -0.026085558510956255,
      "spearman": -0.02791979292357055
    },
    "euclidean": {
      "pearson": 0.022906048563390548,
      "spearman": -0.05362492921857376
    },
    "evaluation_time": 0.14,
    "manhattan": {
      "pearson": -0.011636161274313824,
      "spearman": -0.05972787252660369
    }
  }
}