{
  "dataset_revision": "b0fddb56ed78048fa8b90373c8a3cfc37b684831",
  "mteb_dataset_name": "STSBenchmark",
  "mteb_version": "1.1.2.dev0",
  "test": {
    "cos_sim": {
      "pearson": 0.06758763535325382,
      "spearman": 0.15221001710115611
    },
    "euclidean": {
      "pearson": 0.09443927756122696,
      "spearman": 0.158154580444637
    },
    "evaluation_time": 0.03,
    "manhattan": {
      "pearson": 0.17449158056434216,
      "spearman": 0.2039103848055055
    }
  }
}