{
  "dataset_revision": null,
  "mteb_dataset_name": "InstructSTSBenchmark",
  "mteb_version": "1.1.2.dev0",
  "test": {
    "cos_sim": {
      "pearson": 0.01723441968999318,
      "spearman": -0.0005123357370289465
    },
    "euclidean": {
      "pearson": 0.009832427031482186,
      "spearman": -0.02164060612255867
    },
    "evaluation_time": 0.1,
    "manhattan": {
      "pearson": 0.009702734888042415,
      "spearman": -0.020777149633028187
    }
  }
}