{
  "dataset_revision": "b0fddb56ed78048fa8b90373c8a3cfc37b684831",
  "mteb_dataset_name": "STSBenchmark",
  "mteb_version": "1.1.2.dev0",
  "test": {
    "cos_sim": {
      "pearson": 0.045078982885905394,
      "spearman": 0.09057007321826423
    },
    "euclidean": {
      "pearson": 0.07591990829817527,
      "spearman": 0.08609204166237669
    },
    "evaluation_time": 0.04,
    "manhattan": {
      "pearson": 0.07226107167871029,
      "spearman": 0.08168667283867058
    }
  }
}