{
  "dataset_revision": null,
  "mteb_dataset_name": "InstructSTSBenchmark",
  "mteb_version": "1.1.2.dev0",
  "test": {
    "cos_sim": {
      "pearson": -0.028890581587923708,
      "spearman": -0.02770393390625337
    },
    "euclidean": {
      "pearson": -0.10659598983724991,
      "spearman": -0.09714113278840837
    },
    "evaluation_time": 0.11,
    "manhattan": {
      "pearson": -0.0802403615944216,
      "spearman": -0.08200605202571112
    }
  }
}