{
    "dataset_revision": null,
    "mteb_dataset_name": "IntentEmotion",
    "mteb_version": "1.1.2.dev0",
    "test": {
        "Emotion_success_rate": 0.4538961038961039,
        "Intent_success_rate": 0.4316558441558442,
        "evaluation_time": 117.87,
        "harmonic_mean": 0.44249670671015356
    }
}