{
  "dataset_revision": "b0fddb56ed78048fa8b90373c8a3cfc37b684831",
  "mteb_dataset_name": "STSBenchmark",
  "mteb_version": "1.1.2.dev0",
  "test": {
    "cos_sim": {
      "pearson": 0.2942301344144364,
      "spearman": 0.3300317300368797
    },
    "euclidean": {
      "pearson": 0.26103337769543095,
      "spearman": 0.3242485141820759
    },
    "evaluation_time": 0.05,
    "manhattan": {
      "pearson": 0.31110996553356407,
      "spearman": 0.3253053976108522
    }
  }
}