{
  "dataset_revision": "b0fddb56ed78048fa8b90373c8a3cfc37b684831",
  "mteb_dataset_name": "STSBenchmark",
  "mteb_version": "1.1.2.dev0",
  "test": {
    "cos_sim": {
      "pearson": 0.29822012200196707,
      "spearman": 0.3978315516023264
    },
    "euclidean": {
      "pearson": 0.3538535913683368,
      "spearman": 0.40198252780123106
    },
    "evaluation_time": 0.03,
    "manhattan": {
      "pearson": 0.3858855271261554,
      "spearman": 0.4130075741087194
    }
  }
}