{
  "dataset_revision": "b0fddb56ed78048fa8b90373c8a3cfc37b684831",
  "mteb_dataset_name": "STSBenchmark",
  "mteb_version": "1.1.2.dev0",
  "test": {
    "cos_sim": {
      "pearson": 0.2683141428461334,
      "spearman": 0.3646143438263397
    },
    "euclidean": {
      "pearson": 0.36432422961989624,
      "spearman": 0.4020487936181826
    },
    "evaluation_time": 0.04,
    "manhattan": {
      "pearson": 0.3885503165496284,
      "spearman": 0.4214664441266006
    }
  }
}