{
  "dataset_revision": "b0fddb56ed78048fa8b90373c8a3cfc37b684831",
  "mteb_dataset_name": "STSBenchmark",
  "mteb_version": "1.1.2.dev0",
  "test": {
    "cos_sim": {
      "pearson": 0.06657392509864539,
      "spearman": 0.0708348248222396
    },
    "euclidean": {
      "pearson": 0.03340527136467734,
      "spearman": 0.040344323527087986
    },
    "evaluation_time": 0.04,
    "manhattan": {
      "pearson": 0.07504454001600556,
      "spearman": 0.09132920134023818
    }
  }
}