{
  "dataset_revision": "b0fddb56ed78048fa8b90373c8a3cfc37b684831",
  "mteb_dataset_name": "STSBenchmark",
  "mteb_version": "1.1.2.dev0",
  "test": {
    "cos_sim": {
      "pearson": 0.276626772970777,
      "spearman": 0.3033694906366817
    },
    "euclidean": {
      "pearson": 0.30802007585351177,
      "spearman": 0.3116313862661611
    },
    "evaluation_time": 0.07,
    "manhattan": {
      "pearson": 0.3084620886825715,
      "spearman": 0.3117306338043677
    }
  }
}