{
  "dataset_revision": null,
  "mteb_dataset_name": "InstructSTSBenchmark",
  "mteb_version": "1.1.2.dev0",
  "test": {
    "cos_sim": {
      "pearson": 0.08534589649792534,
      "spearman": 0.10488901543591418
    },
    "euclidean": {
      "pearson": 0.0867976478076048,
      "spearman": 0.09536412477489428
    },
    "evaluation_time": 0.15,
    "manhattan": {
      "pearson": 0.08892250918117439,
      "spearman": 0.09786432317231059
    }
  }
}