{
  "dataset_revision": "b0fddb56ed78048fa8b90373c8a3cfc37b684831",
  "mteb_dataset_name": "STSBenchmark",
  "mteb_version": "1.1.2.dev0",
  "test": {
    "cos_sim": {
      "pearson": 0.4841554687541219,
      "spearman": 0.5481640566142506
    },
    "euclidean": {
      "pearson": 0.5240512304798458,
      "spearman": 0.5471618850418822
    },
    "evaluation_time": 0.03,
    "manhattan": {
      "pearson": 0.5255579342032042,
      "spearman": 0.5491490961162212
    }
  }
}