{
  "dataset_revision": "b0fddb56ed78048fa8b90373c8a3cfc37b684831",
  "mteb_dataset_name": "STSBenchmark",
  "mteb_version": "1.1.2.dev0",
  "test": {
    "cos_sim": {
      "pearson": 0.34071505806232466,
      "spearman": 0.38182241288723684
    },
    "euclidean": {
      "pearson": 0.3553697446606774,
      "spearman": 0.37654470753966574
    },
    "evaluation_time": 0.03,
    "manhattan": {
      "pearson": 0.357538989084804,
      "spearman": 0.37738314146961915
    }
  }
}