{
    "dataset_revision": null,
    "mteb_dataset_name": "IntentEmotion",
    "mteb_version": "1.1.2.dev0",
    "test": {
        "Emotion_success_rate": 0.005681818181818182,
        "Intent_success_rate": 0.9896103896103896,
        "evaluation_time": 102.2,
        "harmonic_mean": 0.011298784619265739
    }
}