{
  "dataset_revision": "b0fddb56ed78048fa8b90373c8a3cfc37b684831",
  "mteb_dataset_name": "STSBenchmark",
  "mteb_version": "1.1.2.dev0",
  "test": {
    "cos_sim": {
      "pearson": -0.08078217023636369,
      "spearman": -0.09219000650189732
    },
    "euclidean": {
      "pearson": -0.08053147128590529,
      "spearman": -0.09219000650189732
    },
    "evaluation_time": 31.42,
    "manhattan": {
      "pearson": -0.05425120992204721,
      "spearman": -0.05867736504538897
    }
  }
}