{
  "dataset_revision": "b0fddb56ed78048fa8b90373c8a3cfc37b684831",
  "mteb_dataset_name": "STSBenchmark",
  "mteb_version": "1.1.2.dev0",
  "test": {
    "cos_sim": {
      "pearson": 0.30144481521574773,
      "spearman": 0.25690216703994045
    },
    "euclidean": {
      "pearson": 0.312845730791909,
      "spearman": 0.2572479891875428
    },
    "evaluation_time": 0.03,
    "manhattan": {
      "pearson": 0.314083282197564,
      "spearman": 0.25943338213623346
    }
  }
}