{
  "dataset_revision": "b0fddb56ed78048fa8b90373c8a3cfc37b684831",
  "mteb_dataset_name": "STSBenchmark",
  "mteb_version": "1.1.2.dev0",
  "test": {
    "cos_sim": {
      "pearson": 0.030623044838124308,
      "spearman": 0.12935774469302871
    },
    "euclidean": {
      "pearson": 0.12397022583405568,
      "spearman": 0.11686179662254739
    },
    "evaluation_time": 0.04,
    "manhattan": {
      "pearson": 0.20954311213748011,
      "spearman": 0.127738120519231
    }
  }
}