{
  "dataset_revision": "b0fddb56ed78048fa8b90373c8a3cfc37b684831",
  "mteb_dataset_name": "STSBenchmark",
  "mteb_version": "1.1.2.dev0",
  "test": {
    "cos_sim": {
      "pearson": 0.15076819946574152,
      "spearman": 0.25630319963850656
    },
    "euclidean": {
      "pearson": 0.17799637811531188,
      "spearman": 0.23862188253589645
    },
    "evaluation_time": 0.04,
    "manhattan": {
      "pearson": 0.28031616813592847,
      "spearman": 0.3069027685003591
    }
  }
}