{
  "dataset_revision": "b0fddb56ed78048fa8b90373c8a3cfc37b684831",
  "mteb_dataset_name": "STSBenchmark",
  "mteb_version": "1.1.2.dev0",
  "test": {
    "cos_sim": {
      "pearson": 0.10493775349190984,
      "spearman": 0.1520350785481049
    },
    "euclidean": {
      "pearson": 0.1317784350398006,
      "spearman": 0.1521657787846301
    },
    "evaluation_time": 0.03,
    "manhattan": {
      "pearson": 0.15993137308694838,
      "spearman": 0.1827141142348886
    }
  }
}