{
  "dataset_revision": "b0fddb56ed78048fa8b90373c8a3cfc37b684831",
  "mteb_dataset_name": "STSBenchmark",
  "mteb_version": "1.1.2.dev0",
  "test": {
    "cos_sim": {
      "pearson": 0.07892209962941603,
      "spearman": 0.10512025804141713
    },
    "euclidean": {
      "pearson": 0.10167693682915065,
      "spearman": 0.11107033648278754
    },
    "evaluation_time": 0.03,
    "manhattan": {
      "pearson": 0.10967030389875618,
      "spearman": 0.1183673258378704
    }
  }
}