{
  "dataset_revision": null,
  "mteb_dataset_name": "InstructSTSBenchmark",
  "mteb_version": "1.1.2.dev0",
  "test": {
    "cos_sim": {
      "pearson": -0.03810375654936483,
      "spearman": -0.0289528825468521
    },
    "euclidean": {
      "pearson": -0.12586173921679092,
      "spearman": -0.10616826083081499
    },
    "evaluation_time": 0.1,
    "manhattan": {
      "pearson": -0.1298774881824479,
      "spearman": -0.11328540114032042
    }
  }
}