{
  "dataset_revision": null,
  "mteb_dataset_name": "InstructSTSBenchmark",
  "mteb_version": "1.1.2.dev0",
  "test": {
    "cos_sim": {
      "pearson": 0.1762290634363182,
      "spearman": 0.16846555395963286
    },
    "euclidean": {
      "pearson": 0.19320124497960867,
      "spearman": 0.16995474316880996
    },
    "evaluation_time": 0.13,
    "manhattan": {
      "pearson": 0.1929271624569087,
      "spearman": 0.1688408114239637
    }
  }
}