{
  "dataset_revision": "b0fddb56ed78048fa8b90373c8a3cfc37b684831",
  "mteb_dataset_name": "STSBenchmark",
  "mteb_version": "1.1.2.dev0",
  "test": {
    "cos_sim": {
      "pearson": 0.31279017514772517,
      "spearman": 0.3449973399676841
    },
    "euclidean": {
      "pearson": 0.34390220399533666,
      "spearman": 0.3646926740073991
    },
    "evaluation_time": 0.03,
    "manhattan": {
      "pearson": 0.35766434864220326,
      "spearman": 0.376237518014471
    }
  }
}