{
  "dataset_revision": null,
  "mteb_dataset_name": "InstructSTSBenchmark",
  "mteb_version": "1.1.2.dev0",
  "test": {
    "cos_sim": {
      "pearson": -0.013880569605154837,
      "spearman": -0.009934304512207828
    },
    "euclidean": {
      "pearson": -0.08260981383391415,
      "spearman": -0.08012384439117223
    },
    "evaluation_time": 0.07,
    "manhattan": {
      "pearson": -0.05352029391165776,
      "spearman": -0.05097899978236435
    }
  }
}