{
  "dataset_revision": "b0fddb56ed78048fa8b90373c8a3cfc37b684831",
  "mteb_dataset_name": "STSBenchmark",
  "mteb_version": "1.1.2.dev0",
  "test": {
    "cos_sim": {
      "pearson": 0.29086580082499053,
      "spearman": 0.33353580539753297
    },
    "euclidean": {
      "pearson": 0.2401021777686735,
      "spearman": 0.2930087697925097
    },
    "evaluation_time": 0.05,
    "manhattan": {
      "pearson": 0.4185824355161194,
      "spearman": 0.4184032833727189
    }
  }
}