{
  "dataset_revision": "b0fddb56ed78048fa8b90373c8a3cfc37b684831",
  "mteb_dataset_name": "STSBenchmark",
  "mteb_version": "1.1.2.dev0",
  "test": {
    "cos_sim": {
      "pearson": 0.36400843203355837,
      "spearman": 0.41017726506621566
    },
    "euclidean": {
      "pearson": 0.3988297470240527,
      "spearman": 0.4055661711786202
    },
    "evaluation_time": 0.04,
    "manhattan": {
      "pearson": 0.4084903830407729,
      "spearman": 0.4162479714303386
    }
  }
}