{
  "dataset_revision": "b0fddb56ed78048fa8b90373c8a3cfc37b684831",
  "mteb_dataset_name": "STSBenchmark",
  "mteb_version": "1.1.2.dev0",
  "test": {
    "cos_sim": {
      "pearson": 0.16852459692878358,
      "spearman": 0.2303934910092274
    },
    "euclidean": {
      "pearson": 0.18021061281167314,
      "spearman": 0.2332725396497297
    },
    "evaluation_time": 0.04,
    "manhattan": {
      "pearson": 0.2317605448133796,
      "spearman": 0.2579250797147728
    }
  }
}