{
  "dataset_revision": "b0fddb56ed78048fa8b90373c8a3cfc37b684831",
  "mteb_dataset_name": "STSBenchmark",
  "mteb_version": "1.1.2.dev0",
  "test": {
    "cos_sim": {
      "pearson": 0.1311694822638705,
      "spearman": 0.10779626587339439
    },
    "euclidean": {
      "pearson": 0.1806341780662043,
      "spearman": 0.13549698079657474
    },
    "evaluation_time": 0.09,
    "manhattan": {
      "pearson": 0.18469759890014698,
      "spearman": 0.13500108801379573
    }
  }
}