{
  "dataset_revision": "b0fddb56ed78048fa8b90373c8a3cfc37b684831",
  "mteb_dataset_name": "STSBenchmark",
  "mteb_version": "1.1.2.dev0",
  "test": {
    "cos_sim": {
      "pearson": 0.11835546001298171,
      "spearman": 0.11356740964449684
    },
    "euclidean": {
      "pearson": 0.14683335922718932,
      "spearman": 0.11325456205282108
    },
    "evaluation_time": 0.08,
    "manhattan": {
      "pearson": 0.1492169938933404,
      "spearman": 0.1145596261734455
    }
  }
}