{
  "dataset_revision": "b0fddb56ed78048fa8b90373c8a3cfc37b684831",
  "mteb_dataset_name": "STSBenchmark",
  "mteb_version": "1.1.2.dev0",
  "test": {
    "cos_sim": {
      "pearson": 0.24619341501217334,
      "spearman": 0.2888485498966809
    },
    "euclidean": {
      "pearson": 0.29462805796067404,
      "spearman": 0.2959345865875531
    },
    "evaluation_time": 0.07,
    "manhattan": {
      "pearson": 0.30136609963685107,
      "spearman": 0.3023360390429416
    }
  }
}