{
  "dataset_revision": "b0fddb56ed78048fa8b90373c8a3cfc37b684831",
  "mteb_dataset_name": "STSBenchmark",
  "mteb_version": "1.1.2.dev0",
  "test": {
    "cos_sim": {
      "pearson": 0.297242400192882,
      "spearman": 0.3284165749600126
    },
    "euclidean": {
      "pearson": 0.28764290969471995,
      "spearman": 0.3019213045545199
    },
    "evaluation_time": 0.03,
    "manhattan": {
      "pearson": 0.34210252852979284,
      "spearman": 0.34947447304249374
    }
  }
}