{
  "dataset_revision": "b0fddb56ed78048fa8b90373c8a3cfc37b684831",
  "mteb_dataset_name": "STSBenchmark",
  "mteb_version": "1.1.2.dev0",
  "test": {
    "cos_sim": {
      "pearson": 0.2750512056544851,
      "spearman": 0.23559128572068272
    },
    "euclidean": {
      "pearson": 0.2782302527100625,
      "spearman": 0.2361609823453952
    },
    "evaluation_time": 0.05,
    "manhattan": {
      "pearson": 0.27999751655941585,
      "spearman": 0.24019794516927795
    }
  }
}