{
  "dataset_revision": "b0fddb56ed78048fa8b90373c8a3cfc37b684831",
  "mteb_dataset_name": "STSBenchmark",
  "mteb_version": "1.1.2.dev0",
  "test": {
    "cos_sim": {
      "pearson": 0.39255733082699074,
      "spearman": 0.40243117275616386
    },
    "euclidean": {
      "pearson": 0.20772620046314302,
      "spearman": 0.2607544766866631
    },
    "evaluation_time": 0.07,
    "manhattan": {
      "pearson": 0.445918515292679,
      "spearman": 0.4374948757326628
    }
  }
}