{
  "dataset_revision": null,
  "mteb_dataset_name": "InstructSTSBenchmark",
  "mteb_version": "1.1.2.dev0",
  "test": {
    "cos_sim": {
      "pearson": 0.21042202814103586,
      "spearman": 0.2420588255348559
    },
    "euclidean": {
      "pearson": 0.19117032181459703,
      "spearman": 0.20324700248002775
    },
    "evaluation_time": 0.11,
    "manhattan": {
      "pearson": 0.19055869543466983,
      "spearman": 0.20301292197436507
    }
  }
}