{
    "test": {
        "NYTTopicClustering": 0.5755921900466919,
        "NYTLocationClustering": 0.7007632458446994,
        "harmonic_mean": 0.6320400203277792
    }
}