{
  "dataset_revision": "b0fddb56ed78048fa8b90373c8a3cfc37b684831",
  "mteb_dataset_name": "STSBenchmark",
  "mteb_version": "1.1.2.dev0",
  "test": {
    "cos_sim": {
      "pearson": 0.3422637521195377,
      "spearman": 0.3632203411107537
    },
    "euclidean": {
      "pearson": 0.3576262321822459,
      "spearman": 0.35832078551114627
    },
    "evaluation_time": 0.05,
    "manhattan": {
      "pearson": 0.3567794750667865,
      "spearman": 0.35807248340839254
    }
  }
}