{
  "dataset_revision": "b0fddb56ed78048fa8b90373c8a3cfc37b684831",
  "mteb_dataset_name": "STSBenchmark",
  "mteb_version": "1.1.2.dev0",
  "test": {
    "cos_sim": {
      "pearson": 0.10866719990145307,
      "spearman": 0.08071837093757686
    },
    "euclidean": {
      "pearson": 0.08762092521268135,
      "spearman": 0.06154076389305494
    },
    "evaluation_time": 0.08,
    "manhattan": {
      "pearson": 0.08650418142967313,
      "spearman": 0.06321680444674459
    }
  }
}