{
  "dataset_revision": "b0fddb56ed78048fa8b90373c8a3cfc37b684831",
  "mteb_dataset_name": "STSBenchmark",
  "mteb_version": "1.1.2.dev0",
  "test": {
    "cos_sim": {
      "pearson": 0.19473033637710682,
      "spearman": 0.3921300071113037
    },
    "euclidean": {
      "pearson": 0.2770310400525988,
      "spearman": 0.36360575013602375
    },
    "evaluation_time": 0.14,
    "manhattan": {
      "pearson": 0.44528401196348566,
      "spearman": 0.4468838089331893
    }
  }
}