{
  "dataset_revision": "b0fddb56ed78048fa8b90373c8a3cfc37b684831",
  "mteb_dataset_name": "STSBenchmark",
  "mteb_version": "1.1.2.dev0",
  "test": {
    "cos_sim": {
      "pearson": 0.0591096408005066,
      "spearman": 0.17059848254252113
    },
    "euclidean": {
      "pearson": 0.10372458126222996,
      "spearman": 0.16969126261931158
    },
    "evaluation_time": 0.05,
    "manhattan": {
      "pearson": 0.21823749056710237,
      "spearman": 0.2669961205229585
    }
  }
}