{
  "dataset_revision": "b0fddb56ed78048fa8b90373c8a3cfc37b684831",
  "mteb_dataset_name": "STSBenchmark",
  "mteb_version": "1.1.2.dev0",
  "test": {
    "cos_sim": {
      "pearson": 0.4510461255634474,
      "spearman": 0.4615654603426981
    },
    "euclidean": {
      "pearson": 0.39389199868083496,
      "spearman": 0.41393743325711635
    },
    "evaluation_time": 0.06,
    "manhattan": {
      "pearson": 0.5137595461640033,
      "spearman": 0.5059438430224329
    }
  }
}