{
  "dataset_revision": "b0fddb56ed78048fa8b90373c8a3cfc37b684831",
  "mteb_dataset_name": "STSBenchmark",
  "mteb_version": "1.1.2.dev0",
  "test": {
    "cos_sim": {
      "pearson": 0.2501498262323793,
      "spearman": 0.3608678896763915
    },
    "euclidean": {
      "pearson": 0.3035822759678362,
      "spearman": 0.3644226353056044
    },
    "evaluation_time": 0.03,
    "manhattan": {
      "pearson": 0.32413865539289327,
      "spearman": 0.37049759439122715
    }
  }
}