{
  "dataset_revision": "b0fddb56ed78048fa8b90373c8a3cfc37b684831",
  "mteb_dataset_name": "STSBenchmark",
  "mteb_version": "1.1.2.dev0",
  "test": {
    "cos_sim": {
      "pearson": 0.14701592138583075,
      "spearman": 0.25734339120329014
    },
    "euclidean": {
      "pearson": 0.11704708793724174,
      "spearman": 0.21806560812641654
    },
    "evaluation_time": 0.03,
    "manhattan": {
      "pearson": 0.22447345094016802,
      "spearman": 0.2999553690194564
    }
  }
}