{
  "dataset_revision": "a0d554a64d88156834ff5ae9920b964011b16384",
  "mteb_dataset_name": "STS12",
  "mteb_version": "1.1.2.dev0",
  "test": {
    "cos_sim": {
      "pearson": 0.38236481033937475,
      "spearman": 0.34763093682234797
    },
    "euclidean": {
      "pearson": 0.06348057186263986,
      "spearman": 0.34324695012370704
    },
    "evaluation_time": 0.42,
    "manhattan": {
      "pearson": 0.40931588874702923,
      "spearman": 0.3513329622204776
    }
  }
}