{
  "dataset_revision": "b0fddb56ed78048fa8b90373c8a3cfc37b684831",
  "mteb_dataset_name": "STSBenchmark",
  "mteb_version": "1.1.2.dev0",
  "test": {
    "cos_sim": {
      "pearson": 0.41023735998328736,
      "spearman": 0.4384770499094022
    },
    "euclidean": {
      "pearson": 0.41001850977239473,
      "spearman": 0.43557836024177465
    },
    "evaluation_time": 0.07,
    "manhattan": {
      "pearson": 0.417181659551967,
      "spearman": 0.4407737143565168
    }
  }
}