{
  "dataset_revision": "a0d554a64d88156834ff5ae9920b964011b16384",
  "mteb_dataset_name": "STS12",
  "mteb_version": "1.1.2.dev0",
  "test": {
    "cos_sim": {
      "pearson": 0.36959954525797023,
      "spearman": 0.44745875884512853
    },
    "euclidean": {
      "pearson": 0.39190700363512415,
      "spearman": 0.451040492965626
    },
    "evaluation_time": 1109.89,
    "manhattan": {
      "pearson": 0.4019421234411724,
      "spearman": 0.45738427792146813
    }
  }
}