{
  "dataset_revision": "b0fddb56ed78048fa8b90373c8a3cfc37b684831",
  "mteb_dataset_name": "STSBenchmark",
  "mteb_version": "1.1.2.dev0",
  "test": {
    "cos_sim": {
      "pearson": 0.3952132030070027,
      "spearman": 0.5937033604967588
    },
    "euclidean": {
      "pearson": 0.5046257839453023,
      "spearman": 0.6024616070785673
    },
    "evaluation_time": 472.74,
    "manhattan": {
      "pearson": 0.5160068175335732,
      "spearman": 0.6092394011844798
    }
  }
}