{
  "dataset_revision": "b0fddb56ed78048fa8b90373c8a3cfc37b684831",
  "mteb_dataset_name": "STSBenchmark",
  "mteb_version": "1.1.2.dev0",
  "test": {
    "cos_sim": {
      "pearson": 0.14666324406631281,
      "spearman": 0.24622300935023786
    },
    "euclidean": {
      "pearson": 0.17635371059241922,
      "spearman": 0.23511982528449055
    },
    "evaluation_time": 0.04,
    "manhattan": {
      "pearson": 0.2633062309232336,
      "spearman": 0.2948430289385936
    }
  }
}