{
  "dataset_revision": null,
  "mteb_dataset_name": "InstructSTSBenchmark",
  "mteb_version": "1.1.2.dev0",
  "test": {
    "cos_sim": {
      "pearson": -0.02649540379779961,
      "spearman": -0.027372414156742488
    },
    "euclidean": {
      "pearson": -0.10514697719907634,
      "spearman": -0.09256062359459757
    },
    "evaluation_time": 0.11,
    "manhattan": {
      "pearson": -0.0902975863083144,
      "spearman": -0.08814315101754801
    }
  }
}