{
  "dataset_revision": "b0fddb56ed78048fa8b90373c8a3cfc37b684831",
  "mteb_dataset_name": "STSBenchmark",
  "mteb_version": "1.1.2.dev0",
  "test": {
    "cos_sim": {
      "pearson": 0.2679082302822538,
      "spearman": 0.33235446321144885
    },
    "euclidean": {
      "pearson": 0.3567204114909474,
      "spearman": 0.3703956415180572
    },
    "evaluation_time": 0.07,
    "manhattan": {
      "pearson": 0.3743306302434804,
      "spearman": 0.3839565739845682
    }
  }
}