{
  "dataset_revision": "b0fddb56ed78048fa8b90373c8a3cfc37b684831",
  "mteb_dataset_name": "STSBenchmark",
  "mteb_version": "1.1.2.dev0",
  "test": {
    "cos_sim": {
      "pearson": 0.4287487364592578,
      "spearman": 0.43872597936828767
    },
    "euclidean": {
      "pearson": 0.38769539281512655,
      "spearman": 0.39511190465103474
    },
    "evaluation_time": 0.03,
    "manhattan": {
      "pearson": 0.3883027405346818,
      "spearman": 0.39569134195683137
    }
  }
}