{
  "dataset_revision": "b0fddb56ed78048fa8b90373c8a3cfc37b684831",
  "mteb_dataset_name": "STSBenchmark",
  "mteb_version": "1.1.2.dev0",
  "test": {
    "cos_sim": {
      "pearson": 0.2321108124891701,
      "spearman": 0.28678984201984925
    },
    "euclidean": {
      "pearson": 0.2616379861313863,
      "spearman": 0.2963412267173591
    },
    "evaluation_time": 0.08,
    "manhattan": {
      "pearson": 0.26485196784178927,
      "spearman": 0.2994257743900993
    }
  }
}