{
  "dataset_revision": "b0fddb56ed78048fa8b90373c8a3cfc37b684831",
  "mteb_dataset_name": "STSBenchmark",
  "mteb_version": "1.1.2.dev0",
  "test": {
    "cos_sim": {
      "pearson": 0.30405553780356254,
      "spearman": 0.3121224076410118
    },
    "euclidean": {
      "pearson": 0.37533204649087987,
      "spearman": 0.3512907725128817
    },
    "evaluation_time": 0.07,
    "manhattan": {
      "pearson": 0.38270968409498146,
      "spearman": 0.3594586895780909
    }
  }
}