{
  "dataset_revision": "b0fddb56ed78048fa8b90373c8a3cfc37b684831",
  "mteb_dataset_name": "STSBenchmark",
  "mteb_version": "1.1.2.dev0",
  "test": {
    "cos_sim": {
      "pearson": 0.28558844976981573,
      "spearman": 0.31400007186408846
    },
    "euclidean": {
      "pearson": 0.2912813450339793,
      "spearman": 0.2980150917883087
    },
    "evaluation_time": 0.04,
    "manhattan": {
      "pearson": 0.3913339107748583,
      "spearman": 0.3878343200297044
    }
  }
}