{
  "dataset_revision": "b0fddb56ed78048fa8b90373c8a3cfc37b684831",
  "mteb_dataset_name": "STSBenchmark",
  "mteb_version": "1.1.2.dev0",
  "test": {
    "cos_sim": {
      "pearson": 0.7050968851208363,
      "spearman": 0.7182957989195303
    },
    "euclidean": {
      "pearson": 0.726569028801057,
      "spearman": 0.7208693306935492
    },
    "evaluation_time": 0.06,
    "manhattan": {
      "pearson": 0.7287608593062723,
      "spearman": 0.7225101747601873
    }
  }
}