{
  "dataset_revision": null,
  "mteb_dataset_name": "InstructSTSBenchmark",
  "mteb_version": "1.1.2.dev0",
  "test": {
    "cos_sim": {
      "pearson": -0.026926981136542835,
      "spearman": -0.013129912629521415
    },
    "euclidean": {
      "pearson": -0.06634869438045837,
      "spearman": -0.059422292722518734
    },
    "evaluation_time": 0.1,
    "manhattan": {
      "pearson": -0.06158369505832015,
      "spearman": -0.05348739554392673
    }
  }
}