{
  "dataset_revision": "b0fddb56ed78048fa8b90373c8a3cfc37b684831",
  "mteb_dataset_name": "STSBenchmark",
  "mteb_version": "1.1.2.dev0",
  "test": {
    "cos_sim": {
      "pearson": 0.26226134002274426,
      "spearman": 0.3841595292435432
    },
    "euclidean": {
      "pearson": 0.27312253053666635,
      "spearman": 0.3399514267142489
    },
    "evaluation_time": 0.05,
    "manhattan": {
      "pearson": 0.5240484397355807,
      "spearman": 0.516477304081996
    }
  }
}