{
  "dataset_revision": "b0fddb56ed78048fa8b90373c8a3cfc37b684831",
  "mteb_dataset_name": "STSBenchmark",
  "mteb_version": "1.1.2.dev0",
  "test": {
    "cos_sim": {
      "pearson": -0.061878912260970836,
      "spearman": -0.05430264694354072
    },
    "euclidean": {
      "pearson": -0.06185225813776436,
      "spearman": -0.05430264694354072
    },
    "evaluation_time": 67.6,
    "manhattan": {
      "pearson": -0.027704283323069023,
      "spearman": -0.028330859886132483
    }
  }
}