{
  "dataset_revision": null,
  "mteb_dataset_name": "InstructSTSBenchmark",
  "mteb_version": "1.1.2.dev0",
  "test": {
    "cos_sim": {
      "pearson": 0.1956605069250515,
      "spearman": 0.16660292913872043
    },
    "euclidean": {
      "pearson": 0.18978226576403365,
      "spearman": 0.14213650659788984
    },
    "evaluation_time": 0.11,
    "manhattan": {
      "pearson": 0.18107906340008117,
      "spearman": 0.12988598986009403
    }
  }
}