{
  "dataset_revision": null,
  "mteb_dataset_name": "InstructSTSBenchmark",
  "mteb_version": "1.1.2.dev0",
  "test": {
    "cos_sim": {
      "pearson": -0.034701057850819894,
      "spearman": -0.039904350476166556
    },
    "euclidean": {
      "pearson": 0.008611759411972383,
      "spearman": -0.05663245384731968
    },
    "evaluation_time": 0.12,
    "manhattan": {
      "pearson": -0.03344808703110752,
      "spearman": -0.05862988011580065
    }
  }
}