{
  "dataset_revision": "b0fddb56ed78048fa8b90373c8a3cfc37b684831",
  "mteb_dataset_name": "STSBenchmark",
  "mteb_version": "1.1.2.dev0",
  "test": {
    "cos_sim": {
      "pearson": 0.3474679693828654,
      "spearman": 0.3728349309231912
    },
    "euclidean": {
      "pearson": 0.4786276124295415,
      "spearman": 0.4775167587434314
    },
    "evaluation_time": 0.06,
    "manhattan": {
      "pearson": 0.4986159876834266,
      "spearman": 0.49292118285817793
    }
  }
}