{
  "dataset_revision": null,
  "mteb_dataset_name": "InstructSTSBenchmark",
  "mteb_version": "1.1.2.dev0",
  "test": {
    "cos_sim": {
      "pearson": -0.013057178291947446,
      "spearman": -0.0004740813355341671
    },
    "euclidean": {
      "pearson": 0.0066093241510612665,
      "spearman": 0.01594525436953326
    },
    "evaluation_time": 0.08,
    "manhattan": {
      "pearson": 0.007068770060338226,
      "spearman": 0.016423434390897038
    }
  }
}