{
  "dataset_revision": "b0fddb56ed78048fa8b90373c8a3cfc37b684831",
  "mteb_dataset_name": "STSBenchmark",
  "mteb_version": "1.1.2.dev0",
  "test": {
    "cos_sim": {
      "pearson": 0.16899755665377203,
      "spearman": 0.21232127487590388
    },
    "euclidean": {
      "pearson": 0.20703805963922592,
      "spearman": 0.21974793017984395
    },
    "evaluation_time": 0.08,
    "manhattan": {
      "pearson": 0.20952598722288593,
      "spearman": 0.22241171156466985
    }
  }
}