{
  "dataset_revision": "b0fddb56ed78048fa8b90373c8a3cfc37b684831",
  "mteb_dataset_name": "STSBenchmark",
  "mteb_version": "1.1.2.dev0",
  "test": {
    "cos_sim": {
      "pearson": 0.41985886308991466,
      "spearman": 0.447733561557616
    },
    "euclidean": {
      "pearson": 0.469716895499859,
      "spearman": 0.4722816303779129
    },
    "evaluation_time": 0.04,
    "manhattan": {
      "pearson": 0.4823972534921908,
      "spearman": 0.4821414744851796
    }
  }
}