{
  "dataset_revision": "b0fddb56ed78048fa8b90373c8a3cfc37b684831",
  "mteb_dataset_name": "STSBenchmark",
  "mteb_version": "1.1.2.dev0",
  "test": {
    "cos_sim": {
      "pearson": 0.032397984331057325,
      "spearman": 0.10107893076107267
    },
    "euclidean": {
      "pearson": 0.06052492943807091,
      "spearman": 0.05863922456578091
    },
    "evaluation_time": 0.05,
    "manhattan": {
      "pearson": 0.06765101532412524,
      "spearman": 0.0710133969088357
    }
  }
}