{
  "dataset_revision": "b0fddb56ed78048fa8b90373c8a3cfc37b684831",
  "mteb_dataset_name": "STSBenchmark",
  "mteb_version": "1.1.2.dev0",
  "test": {
    "cos_sim": {
      "pearson": -0.019180550300938334,
      "spearman": -0.020214880193957244
    },
    "euclidean": {
      "pearson": -0.005872307937212813,
      "spearman": -0.020121622876689775
    },
    "evaluation_time": 0.03,
    "manhattan": {
      "pearson": -0.0040179949726121,
      "spearman": -0.01936040209289178
    }
  }
}