{
  "dataset_revision": "b0fddb56ed78048fa8b90373c8a3cfc37b684831",
  "mteb_dataset_name": "STSBenchmark",
  "mteb_version": "1.1.2.dev0",
  "test": {
    "cos_sim": {
      "pearson": 0.23711839429101558,
      "spearman": 0.27834058596401684
    },
    "euclidean": {
      "pearson": 0.29418140437752593,
      "spearman": 0.2999136486778561
    },
    "evaluation_time": 0.07,
    "manhattan": {
      "pearson": 0.29952281850769197,
      "spearman": 0.304594116736606
    }
  }
}