{
  "dataset_revision": null,
  "mteb_dataset_name": "InstructSTSBenchmark",
  "mteb_version": "1.1.2.dev0",
  "test": {
    "cos_sim": {
      "pearson": -0.03570862453075883,
      "spearman": -0.028608217524766992
    },
    "euclidean": {
      "pearson": -0.1250777482511293,
      "spearman": -0.10498875008108673
    },
    "evaluation_time": 0.11,
    "manhattan": {
      "pearson": -0.1336343287885806,
      "spearman": -0.1209658831187109
    }
  }
}