{
  "dataset_revision": "b0fddb56ed78048fa8b90373c8a3cfc37b684831",
  "mteb_dataset_name": "STSBenchmark",
  "mteb_version": "1.1.2.dev0",
  "test": {
    "cos_sim": {
      "pearson": 0.6020629949443906,
      "spearman": 0.6224049932010558
    },
    "euclidean": {
      "pearson": 0.63078245478817,
      "spearman": 0.6298341101879791
    },
    "evaluation_time": 0.03,
    "manhattan": {
      "pearson": 0.6364480652768517,
      "spearman": 0.6345312382825522
    }
  }
}