{
  "dataset_revision": "b0fddb56ed78048fa8b90373c8a3cfc37b684831",
  "mteb_dataset_name": "STSBenchmark",
  "mteb_version": "1.1.2.dev0",
  "test": {
    "cos_sim": {
      "pearson": 0.33047911580155537,
      "spearman": 0.3955924691096788
    },
    "euclidean": {
      "pearson": 0.39811250234205314,
      "spearman": 0.4226894960551579
    },
    "evaluation_time": 0.03,
    "manhattan": {
      "pearson": 0.40233592273286783,
      "spearman": 0.4258924637552573
    }
  }
}