{
  "dataset_revision": "b0fddb56ed78048fa8b90373c8a3cfc37b684831",
  "mteb_dataset_name": "STSBenchmark",
  "mteb_version": "1.1.2.dev0",
  "test": {
    "cos_sim": {
      "pearson": 0.12885657350082236,
      "spearman": 0.11656963736015878
    },
    "euclidean": {
      "pearson": 0.14890803215005385,
      "spearman": 0.10687524249019809
    },
    "evaluation_time": 0.07,
    "manhattan": {
      "pearson": 0.1515432197716892,
      "spearman": 0.10827225134791854
    }
  }
}