{
  "dataset_revision": "b0fddb56ed78048fa8b90373c8a3cfc37b684831",
  "mteb_dataset_name": "STSBenchmark",
  "mteb_version": "1.1.2.dev0",
  "test": {
    "cos_sim": {
      "pearson": -0.02568917592462331,
      "spearman": -0.031626885611253944
    },
    "euclidean": {
      "pearson": -0.01167912047816414,
      "spearman": -0.0315106432550176
    },
    "evaluation_time": 0.07,
    "manhattan": {
      "pearson": -0.016126621709828395,
      "spearman": -0.03859549980332394
    }
  }
}