{
  "dataset_revision": null,
  "mteb_dataset_name": "InstructSTSBenchmark",
  "mteb_version": "1.1.2.dev0",
  "test": {
    "cos_sim": {
      "pearson": 0.1123022991366879,
      "spearman": 0.16978669792110734
    },
    "euclidean": {
      "pearson": -0.0036111445127532003,
      "spearman": 0.012934086461724349
    },
    "evaluation_time": 0.16,
    "manhattan": {
      "pearson": 0.04574889763502231,
      "spearman": 0.0596481758563878
    }
  }
}