{
  "dataset_revision": "b0fddb56ed78048fa8b90373c8a3cfc37b684831",
  "mteb_dataset_name": "STSBenchmark",
  "mteb_version": "1.1.2.dev0",
  "test": {
    "cos_sim": {
      "pearson": 0.1406244902322341,
      "spearman": 0.09768241580500842
    },
    "euclidean": {
      "pearson": 0.20150002629495697,
      "spearman": 0.11998590273218532
    },
    "evaluation_time": 0.08,
    "manhattan": {
      "pearson": 0.20718243931954466,
      "spearman": 0.1277546213957738
    }
  }
}