{
  "dataset_revision": "b0fddb56ed78048fa8b90373c8a3cfc37b684831",
  "mteb_dataset_name": "STSBenchmark",
  "mteb_version": "1.1.2.dev0",
  "test": {
    "cos_sim": {
      "pearson": 0.3842090615060895,
      "spearman": 0.39408519269646086
    },
    "euclidean": {
      "pearson": 0.39867690979439646,
      "spearman": 0.4073970942349328
    },
    "evaluation_time": 0.04,
    "manhattan": {
      "pearson": 0.40461116770277333,
      "spearman": 0.41158018577931493
    }
  }
}