{
  "dataset_revision": "b0fddb56ed78048fa8b90373c8a3cfc37b684831",
  "mteb_dataset_name": "STSBenchmark",
  "mteb_version": "1.1.2.dev0",
  "test": {
    "cos_sim": {
      "pearson": 0.25974092264153403,
      "spearman": 0.3247948367420256
    },
    "euclidean": {
      "pearson": 0.17158878707742736,
      "spearman": 0.22469471419001014
    },
    "evaluation_time": 0.04,
    "manhattan": {
      "pearson": 0.20638754106777119,
      "spearman": 0.2607856604946194
    }
  }
}