{
  "dataset_revision": "a0d554a64d88156834ff5ae9920b964011b16384",
  "mteb_dataset_name": "STS12",
  "mteb_version": "1.1.2.dev0",
  "test": {
    "cos_sim": {
      "pearson": 0.6654822744608185,
      "spearman": 0.6172856058930809
    },
    "euclidean": {
      "pearson": 0.6803259784811503,
      "spearman": 0.6419875184091358
    },
    "evaluation_time": 0.04,
    "manhattan": {
      "pearson": 0.7003148733253548,
      "spearman": 0.654067394151869
    }
  }
}