{
  "dataset_revision": "b0fddb56ed78048fa8b90373c8a3cfc37b684831",
  "mteb_dataset_name": "STSBenchmark",
  "mteb_version": "1.1.2.dev0",
  "test": {
    "cos_sim": {
      "pearson": 0.19043669886833944,
      "spearman": 0.32384737008551834
    },
    "euclidean": {
      "pearson": 0.25372231661124195,
      "spearman": 0.33134847451864263
    },
    "evaluation_time": 0.03,
    "manhattan": {
      "pearson": 0.2851343598811138,
      "spearman": 0.3380985097423125
    }
  }
}