{
  "dataset_revision": "b0fddb56ed78048fa8b90373c8a3cfc37b684831",
  "mteb_dataset_name": "STSBenchmark",
  "mteb_version": "1.1.2.dev0",
  "test": {
    "cos_sim": {
      "pearson": 0.28063161489547467,
      "spearman": 0.357553309683275
    },
    "euclidean": {
      "pearson": 0.28977520894288783,
      "spearman": 0.32907845185601287
    },
    "evaluation_time": 0.04,
    "manhattan": {
      "pearson": 0.40954358220692794,
      "spearman": 0.42188585646510923
    }
  }
}