{
  "dataset_revision": "b0fddb56ed78048fa8b90373c8a3cfc37b684831",
  "mteb_dataset_name": "STSBenchmark",
  "mteb_version": "1.1.2.dev0",
  "test": {
    "cos_sim": {
      "pearson": 0.33379994561167664,
      "spearman": 0.3536627164059552
    },
    "euclidean": {
      "pearson": 0.3502366186723823,
      "spearman": 0.349270874252026
    },
    "evaluation_time": 0.05,
    "manhattan": {
      "pearson": 0.34873086702210343,
      "spearman": 0.348729252906214
    }
  }
}