{
  "dataset_revision": null,
  "mteb_dataset_name": "InstructSTSBenchmark",
  "mteb_version": "1.1.2.dev0",
  "test": {
    "cos_sim": {
      "pearson": -0.17049435781671402,
      "spearman": -0.1522848540340352
    },
    "euclidean": {
      "pearson": -0.19391237784990703,
      "spearman": -0.17797268362752378
    },
    "evaluation_time": 0.11,
    "manhattan": {
      "pearson": -0.19386447534345222,
      "spearman": -0.17758831799765137
    }
  }
}