{
  "dataset_revision": "a0d554a64d88156834ff5ae9920b964011b16384",
  "mteb_dataset_name": "STS12",
  "mteb_version": "1.1.2.dev0",
  "test": {
    "cos_sim": {
      "pearson": 0.26401734223273676,
      "spearman": 0.3697479176018941
    },
    "euclidean": {
      "pearson": 0.31066500482931847,
      "spearman": 0.3769386452278516
    },
    "evaluation_time": 0.35,
    "manhattan": {
      "pearson": 0.3140109355986996,
      "spearman": 0.37915115117572873
    }
  }
}