{
  "dataset_revision": "b0fddb56ed78048fa8b90373c8a3cfc37b684831",
  "mteb_dataset_name": "STSBenchmark",
  "mteb_version": "1.1.2.dev0",
  "test": {
    "cos_sim": {
      "pearson": 0.5853716968547128,
      "spearman": 0.602328100987429
    },
    "euclidean": {
      "pearson": 0.5991927679125578,
      "spearman": 0.6060456813476468
    },
    "evaluation_time": 0.03,
    "manhattan": {
      "pearson": 0.6066072386916254,
      "spearman": 0.6125501633345612
    }
  }
}