{
  "dataset_revision": "b0fddb56ed78048fa8b90373c8a3cfc37b684831",
  "mteb_dataset_name": "STSBenchmark",
  "mteb_version": "1.1.2.dev0",
  "test": {
    "cos_sim": {
      "pearson": 0.25877279085725463,
      "spearman": 0.2758566007410394
    },
    "euclidean": {
      "pearson": 0.31078940984204945,
      "spearman": 0.2971041892495056
    },
    "evaluation_time": 0.08,
    "manhattan": {
      "pearson": 0.3178903710572497,
      "spearman": 0.3026155246546715
    }
  }
}