{
  "dataset_revision": "a0d554a64d88156834ff5ae9920b964011b16384",
  "mteb_dataset_name": "STS12",
  "mteb_version": "1.1.2.dev0",
  "test": {
    "cos_sim": {
      "pearson": 0.15885164550151587,
      "spearman": 0.26290900125078653
    },
    "euclidean": {
      "pearson": 0.21964832972419135,
      "spearman": 0.267795557955708
    },
    "evaluation_time": 0.36,
    "manhattan": {
      "pearson": 0.21908443131481034,
      "spearman": 0.2672204885640313
    }
  }
}