{
  "dataset_revision": "b0fddb56ed78048fa8b90373c8a3cfc37b684831",
  "mteb_dataset_name": "STSBenchmark",
  "mteb_version": "1.1.2.dev0",
  "test": {
    "cos_sim": {
      "pearson": 0.20571245053736859,
      "spearman": 0.21984841495590943
    },
    "euclidean": {
      "pearson": 0.23452854236985402,
      "spearman": 0.24165160942520394
    },
    "evaluation_time": 0.03,
    "manhattan": {
      "pearson": 0.2409257080805238,
      "spearman": 0.2463309317884729
    }
  }
}