{
  "dataset_revision": "b0fddb56ed78048fa8b90373c8a3cfc37b684831",
  "mteb_dataset_name": "STSBenchmark",
  "mteb_version": "1.1.2.dev0",
  "test": {
    "cos_sim": {
      "pearson": 0.12850274562129105,
      "spearman": 0.1956942208278339
    },
    "euclidean": {
      "pearson": 0.1825964708220036,
      "spearman": 0.2108491420013351
    },
    "evaluation_time": 0.07,
    "manhattan": {
      "pearson": 0.2768645937384784,
      "spearman": 0.2827296491616641
    }
  }
}