{
  "dataset_revision": "b0fddb56ed78048fa8b90373c8a3cfc37b684831",
  "mteb_dataset_name": "STSBenchmark",
  "mteb_version": "1.1.2.dev0",
  "test": {
    "cos_sim": {
      "pearson": 0.11258256139819336,
      "spearman": 0.19429287907286785
    },
    "euclidean": {
      "pearson": 0.16050179118276778,
      "spearman": 0.22055329852511335
    },
    "evaluation_time": 0.04,
    "manhattan": {
      "pearson": 0.22498450553793464,
      "spearman": 0.26398615705774786
    }
  }
}