{
  "dataset_revision": "b0fddb56ed78048fa8b90373c8a3cfc37b684831",
  "mteb_dataset_name": "STSBenchmark",
  "mteb_version": "1.1.2.dev0",
  "test": {
    "cos_sim": {
      "pearson": 0.1921547103538521,
      "spearman": 0.22571473058588462
    },
    "euclidean": {
      "pearson": 0.21920996791098055,
      "spearman": 0.2264545363562526
    },
    "evaluation_time": 0.08,
    "manhattan": {
      "pearson": 0.23481174422824494,
      "spearman": 0.23111709983451664
    }
  }
}