{
  "dataset_revision": null,
  "mteb_dataset_name": "InstructSTSBenchmark",
  "mteb_version": "1.1.2.dev0",
  "test": {
    "cos_sim": {
      "pearson": -0.0030759400759574488,
      "spearman": -0.0076048839756856675
    },
    "euclidean": {
      "pearson": 0.023277494028127933,
      "spearman": -0.02627212118530035
    },
    "evaluation_time": 0.11,
    "manhattan": {
      "pearson": -0.0055537245956309295,
      "spearman": -0.032739392124691506
    }
  }
}