{
  "dataset_revision": "b0fddb56ed78048fa8b90373c8a3cfc37b684831",
  "mteb_dataset_name": "STSBenchmark",
  "mteb_version": "1.1.2.dev0",
  "test": {
    "cos_sim": {
      "pearson": 0.17407275550894713,
      "spearman": 0.22602531661354894
    },
    "euclidean": {
      "pearson": 0.22023963056037515,
      "spearman": 0.24544632935290175
    },
    "evaluation_time": 0.04,
    "manhattan": {
      "pearson": 0.22885902145001902,
      "spearman": 0.2522084618372027
    }
  }
}