{
  "dataset_revision": "b0fddb56ed78048fa8b90373c8a3cfc37b684831",
  "mteb_dataset_name": "STSBenchmark",
  "mteb_version": "1.1.2.dev0",
  "test": {
    "cos_sim": {
      "pearson": 0.3855079867497962,
      "spearman": 0.3905631438760628
    },
    "euclidean": {
      "pearson": 0.39204479679908477,
      "spearman": 0.3993317737152507
    },
    "evaluation_time": 0.03,
    "manhattan": {
      "pearson": 0.39702670058878986,
      "spearman": 0.40328733307399406
    }
  }
}