{
  "dataset_revision": "b0fddb56ed78048fa8b90373c8a3cfc37b684831",
  "mteb_dataset_name": "STSBenchmark",
  "mteb_version": "1.1.2.dev0",
  "test": {
    "cos_sim": {
      "pearson": 0.19470878524188923,
      "spearman": 0.32335925496717616
    },
    "euclidean": {
      "pearson": 0.25815757220535107,
      "spearman": 0.3331838850865498
    },
    "evaluation_time": 0.03,
    "manhattan": {
      "pearson": 0.3106947844614771,
      "spearman": 0.34435984831025773
    }
  }
}