{
  "dataset_revision": null,
  "mteb_dataset_name": "InstructSTSBenchmark",
  "mteb_version": "1.1.2.dev0",
  "test": {
    "cos_sim": {
      "pearson": -0.02678679949925483,
      "spearman": -0.024927336554572865
    },
    "euclidean": {
      "pearson": -0.10407877909908125,
      "spearman": -0.09055636621723961
    },
    "evaluation_time": 0.11,
    "manhattan": {
      "pearson": -0.0937299239858912,
      "spearman": -0.08652826878680636
    }
  }
}