{
  "dataset_revision": "b0fddb56ed78048fa8b90373c8a3cfc37b684831",
  "mteb_dataset_name": "STSBenchmark",
  "mteb_version": "1.1.2.dev0",
  "test": {
    "cos_sim": {
      "pearson": 0.321427860304475,
      "spearman": 0.33487235160504514
    },
    "euclidean": {
      "pearson": 0.35471325593183056,
      "spearman": 0.35810599199420445
    },
    "evaluation_time": 0.03,
    "manhattan": {
      "pearson": 0.3562408854288864,
      "spearman": 0.35879889677071036
    }
  }
}