{
  "dataset_revision": "b0fddb56ed78048fa8b90373c8a3cfc37b684831",
  "mteb_dataset_name": "STSBenchmark",
  "mteb_version": "1.1.2.dev0",
  "test": {
    "cos_sim": {
      "pearson": 0.32803701475640196,
      "spearman": 0.3262263683097001
    },
    "euclidean": {
      "pearson": 0.33774299773026895,
      "spearman": 0.32192360520803154
    },
    "evaluation_time": 0.04,
    "manhattan": {
      "pearson": 0.3374136568457477,
      "spearman": 0.321395721282859
    }
  }
}