{
  "dataset_revision": "b0fddb56ed78048fa8b90373c8a3cfc37b684831",
  "mteb_dataset_name": "STSBenchmark",
  "mteb_version": "1.1.2.dev0",
  "test": {
    "cos_sim": {
      "pearson": 0.35256596634109877,
      "spearman": 0.3834493159565261
    },
    "euclidean": {
      "pearson": 0.21820963944866817,
      "spearman": 0.27051816114016913
    },
    "evaluation_time": 0.05,
    "manhattan": {
      "pearson": 0.43540572882311174,
      "spearman": 0.4305946657845838
    }
  }
}