{
  "dataset_revision": "b0fddb56ed78048fa8b90373c8a3cfc37b684831",
  "mteb_dataset_name": "STSBenchmark",
  "mteb_version": "1.1.2.dev0",
  "test": {
    "cos_sim": {
      "pearson": 0.1721350849134656,
      "spearman": 0.22943511910142558
    },
    "euclidean": {
      "pearson": 0.17348701690825286,
      "spearman": 0.20994330835027528
    },
    "evaluation_time": 0.04,
    "manhattan": {
      "pearson": 0.18285677469448253,
      "spearman": 0.22102869897523994
    }
  }
}