{
  "dataset_revision": "b0fddb56ed78048fa8b90373c8a3cfc37b684831",
  "mteb_dataset_name": "STSBenchmark",
  "mteb_version": "1.1.2.dev0",
  "test": {
    "cos_sim": {
      "pearson": 0.05831761651090184,
      "spearman": 0.11550939807890649
    },
    "euclidean": {
      "pearson": 0.07427004774990617,
      "spearman": 0.1155501008776678
    },
    "evaluation_time": 0.03,
    "manhattan": {
      "pearson": 0.07681764521563363,
      "spearman": 0.11640949485411968
    }
  }
}