{
  "dataset_revision": null,
  "mteb_dataset_name": "InstructSTSBenchmark",
  "mteb_version": "1.1.2.dev0",
  "test": {
    "cos_sim": {
      "pearson": -0.08969906023661167,
      "spearman": -0.0645178701298035
    },
    "euclidean": {
      "pearson": -0.07446855455647906,
      "spearman": -0.0540457276527107
    },
    "evaluation_time": 0.08,
    "manhattan": {
      "pearson": -0.074342153848871,
      "spearman": -0.05394280511115918
    }
  }
}