{
  "dataset_revision": "b0fddb56ed78048fa8b90373c8a3cfc37b684831",
  "mteb_dataset_name": "STSBenchmark",
  "mteb_version": "1.1.2.dev0",
  "test": {
    "cos_sim": {
      "pearson": 0.5204243073529548,
      "spearman": 0.5264824413990175
    },
    "euclidean": {
      "pearson": 0.5305765835324707,
      "spearman": 0.5279550369981102
    },
    "evaluation_time": 0.06,
    "manhattan": {
      "pearson": 0.531030959989101,
      "spearman": 0.5284497765612297
    }
  }
}