{
  "dataset_revision": "b0fddb56ed78048fa8b90373c8a3cfc37b684831",
  "mteb_dataset_name": "STSBenchmark",
  "mteb_version": "1.1.2.dev0",
  "test": {
    "cos_sim": {
      "pearson": 0.14212764103820644,
      "spearman": 0.21218582399855215
    },
    "euclidean": {
      "pearson": 0.18345104034109472,
      "spearman": 0.2155404402250514
    },
    "evaluation_time": 0.07,
    "manhattan": {
      "pearson": 0.3004961443833181,
      "spearman": 0.3057485678122537
    }
  }
}