{
  "dataset_revision": "b0fddb56ed78048fa8b90373c8a3cfc37b684831",
  "mteb_dataset_name": "STSBenchmark",
  "mteb_version": "1.1.2.dev0",
  "test": {
    "cos_sim": {
      "pearson": 0.40284843153459376,
      "spearman": 0.4214343809822467
    },
    "euclidean": {
      "pearson": 0.4423518904449795,
      "spearman": 0.4409390786783085
    },
    "evaluation_time": 0.03,
    "manhattan": {
      "pearson": 0.44683498362523705,
      "spearman": 0.4435515457460184
    }
  }
}