{
  "dataset_revision": null,
  "mteb_dataset_name": "InstructSTSBenchmark",
  "mteb_version": "1.1.2.dev0",
  "test": {
    "cos_sim": {
      "pearson": 0.18377797159887324,
      "spearman": 0.18184093226958123
    },
    "euclidean": {
      "pearson": 0.1918173230254257,
      "spearman": 0.17396325797589765
    },
    "evaluation_time": 0.12,
    "manhattan": {
      "pearson": 0.1917341681928642,
      "spearman": 0.17343042880931134
    }
  }
}