{
  "dataset_revision": null,
  "mteb_dataset_name": "InstructSTSBenchmark",
  "mteb_version": "1.1.2.dev0",
  "test": {
    "cos_sim": {
      "pearson": 0.07443572449836716,
      "spearman": 0.07615586101059307
    },
    "euclidean": {
      "pearson": 0.03288467576358877,
      "spearman": 0.08316871258004814
    },
    "evaluation_time": 0.16,
    "manhattan": {
      "pearson": 0.08867961194707738,
      "spearman": 0.08537790426622376
    }
  }
}