{
  "dataset_revision": "b0fddb56ed78048fa8b90373c8a3cfc37b684831",
  "mteb_dataset_name": "STSBenchmark",
  "mteb_version": "1.1.2.dev0",
  "test": {
    "cos_sim": {
      "pearson": 0.021973402493486432,
      "spearman": 0.05394983060552424
    },
    "euclidean": {
      "pearson": 0.0299466201379271,
      "spearman": 0.0540734438670763
    },
    "evaluation_time": 0.03,
    "manhattan": {
      "pearson": 0.03406177397522627,
      "spearman": 0.058475305548585925
    }
  }
}