{
  "dataset_revision": "b0fddb56ed78048fa8b90373c8a3cfc37b684831",
  "mteb_dataset_name": "STSBenchmark",
  "mteb_version": "1.1.2.dev0",
  "test": {
    "cos_sim": {
      "pearson": 0.3794923034118204,
      "spearman": 0.43921154692404196
    },
    "euclidean": {
      "pearson": 0.44121401381280395,
      "spearman": 0.46516884661617697
    },
    "evaluation_time": 0.03,
    "manhattan": {
      "pearson": 0.44675637230241366,
      "spearman": 0.47151254785864144
    }
  }
}