{
  "dataset_revision": null,
  "mteb_dataset_name": "InstructSTSBenchmark",
  "mteb_version": "1.1.2.dev0",
  "test": {
    "cos_sim": {
      "pearson": 0.011674582164774534,
      "spearman": 0.033798708063973164
    },
    "euclidean": {
      "pearson": -0.1252932703662125,
      "spearman": -0.1050397559350114
    },
    "evaluation_time": 0.11,
    "manhattan": {
      "pearson": -0.09746272460747968,
      "spearman": -0.08259170868768502
    }
  }
}