{
    "test": {
        "NYTTopicClustering": 0.034991610659363605,
        "NYTLocationClustering": 0.027047716740716925,
        "harmonic_mean": 0.030511081546549707
    }
}