{
  "dataset_revision": "b0fddb56ed78048fa8b90373c8a3cfc37b684831",
  "mteb_dataset_name": "STSBenchmark",
  "mteb_version": "1.1.2.dev0",
  "test": {
    "cos_sim": {
      "pearson": 0.013233995298949862,
      "spearman": 0.027377571753032934
    },
    "euclidean": {
      "pearson": 0.017009694427355386,
      "spearman": 0.028376272518012634
    },
    "evaluation_time": 31.96,
    "manhattan": {
      "pearson": 0.015566266019556338,
      "spearman": 0.03573443045008755
    }
  }
}