{
  "dataset_revision": "b0fddb56ed78048fa8b90373c8a3cfc37b684831",
  "mteb_dataset_name": "STSBenchmark",
  "mteb_version": "1.1.2.dev0",
  "test": {
    "cos_sim": {
      "pearson": 0.21454740393079214,
      "spearman": 0.2545248231973922
    },
    "euclidean": {
      "pearson": 0.19488753579729143,
      "spearman": 0.22605256785149552
    },
    "evaluation_time": 0.03,
    "manhattan": {
      "pearson": 0.26314785884955505,
      "spearman": 0.27405229986565904
    }
  }
}