{
  "dataset_revision": "a0d554a64d88156834ff5ae9920b964011b16384",
  "mteb_dataset_name": "STS12",
  "mteb_version": "1.1.2.dev0",
  "test": {
    "cos_sim": {
      "pearson": 0.7299839413714403,
      "spearman": 0.6584987735672708
    },
    "euclidean": {
      "pearson": 0.7167909682424248,
      "spearman": 0.6647052660129127
    },
    "evaluation_time": 0.39,
    "manhattan": {
      "pearson": 0.717570837086472,
      "spearman": 0.66561578408716
    }
  }
}