{
  "dataset_revision": "b0fddb56ed78048fa8b90373c8a3cfc37b684831",
  "mteb_dataset_name": "STSBenchmark",
  "mteb_version": "1.1.2.dev0",
  "test": {
    "cos_sim": {
      "pearson": 0.4501893940236852,
      "spearman": 0.47945030267696614
    },
    "euclidean": {
      "pearson": 0.4789396846583998,
      "spearman": 0.48497942583890336
    },
    "evaluation_time": 0.03,
    "manhattan": {
      "pearson": 0.4842391356067412,
      "spearman": 0.48958826746876644
    }
  }
}