{
  "dataset_revision": "b0fddb56ed78048fa8b90373c8a3cfc37b684831",
  "mteb_dataset_name": "STSBenchmark",
  "mteb_version": "1.1.2.dev0",
  "test": {
    "cos_sim": {
      "pearson": 0.5649181926053708,
      "spearman": 0.5829106854342178
    },
    "euclidean": {
      "pearson": 0.5799059491663159,
      "spearman": 0.5801042488886481
    },
    "evaluation_time": 0.03,
    "manhattan": {
      "pearson": 0.5991610092701943,
      "spearman": 0.5963234741857325
    }
  }
}