{
  "dataset_revision": null,
  "mteb_dataset_name": "InstructSTSBenchmark",
  "mteb_version": "1.1.2.dev0",
  "test": {
    "cos_sim": {
      "pearson": -0.07353010661790337,
      "spearman": -0.06920403616074572
    },
    "euclidean": {
      "pearson": -0.13303180744931212,
      "spearman": -0.1245130680581418
    },
    "evaluation_time": 0.07,
    "manhattan": {
      "pearson": -0.11182780932755276,
      "spearman": -0.10615687557702731
    }
  }
}