{
  "dataset_revision": "b0fddb56ed78048fa8b90373c8a3cfc37b684831",
  "mteb_dataset_name": "STSBenchmark",
  "mteb_version": "1.1.2.dev0",
  "test": {
    "cos_sim": {
      "pearson": 0.44191678058016276,
      "spearman": 0.45760348485492336
    },
    "euclidean": {
      "pearson": 0.3672569990704336,
      "spearman": 0.4063502716284757
    },
    "evaluation_time": 0.05,
    "manhattan": {
      "pearson": 0.5033370118788139,
      "spearman": 0.4931884973356859
    }
  }
}