{
  "dataset_revision": "b0fddb56ed78048fa8b90373c8a3cfc37b684831",
  "mteb_dataset_name": "STSBenchmark",
  "mteb_version": "1.1.2.dev0",
  "test": {
    "cos_sim": {
      "pearson": 0.1982543583514285,
      "spearman": 0.23124028394800558
    },
    "euclidean": {
      "pearson": 0.2053135414402874,
      "spearman": 0.22158413333530178
    },
    "evaluation_time": 0.04,
    "manhattan": {
      "pearson": 0.24065914041043993,
      "spearman": 0.24603835931865592
    }
  }
}