{
  "dataset_revision": null,
  "mteb_dataset_name": "InstructSTSBenchmark",
  "mteb_version": "1.1.2.dev0",
  "test": {
    "cos_sim": {
      "pearson": 0.02974859000804371,
      "spearman": 0.032275330076186846
    },
    "euclidean": {
      "pearson": -0.09562231290055553,
      "spearman": -0.07640087134531395
    },
    "evaluation_time": 0.12,
    "manhattan": {
      "pearson": -0.01485787575794455,
      "spearman": -0.01863308149381275
    }
  }
}