{
  "dataset_revision": "b0fddb56ed78048fa8b90373c8a3cfc37b684831",
  "mteb_dataset_name": "STSBenchmark",
  "mteb_version": "1.1.2.dev0",
  "test": {
    "cos_sim": {
      "pearson": 0.27008195589229717,
      "spearman": 0.3362636195602098
    },
    "euclidean": {
      "pearson": 0.36392880744727696,
      "spearman": 0.37763915182991026
    },
    "evaluation_time": 0.07,
    "manhattan": {
      "pearson": 0.38263756970106927,
      "spearman": 0.3924232072371579
    }
  }
}