{
  "dataset_revision": "b0fddb56ed78048fa8b90373c8a3cfc37b684831",
  "mteb_dataset_name": "STSBenchmark",
  "mteb_version": "1.1.2.dev0",
  "test": {
    "cos_sim": {
      "pearson": 0.2941258508791096,
      "spearman": 0.2798819004178996
    },
    "euclidean": {
      "pearson": 0.31836692699456526,
      "spearman": 0.2801740101631928
    },
    "evaluation_time": 0.03,
    "manhattan": {
      "pearson": 0.321833733456599,
      "spearman": 0.2851585016406169
    }
  }
}