{
  "dataset_revision": null,
  "mteb_dataset_name": "InstructSTSBenchmark",
  "mteb_version": "1.1.2.dev0",
  "test": {
    "cos_sim": {
      "pearson": 0.03870050544133143,
      "spearman": 0.08560652493767316
    },
    "euclidean": {
      "pearson": -0.03794144056151555,
      "spearman": -0.010159731519122864
    },
    "evaluation_time": 0.12,
    "manhattan": {
      "pearson": -0.016133729179364273,
      "spearman": 0.0010633812854521443
    }
  }
}