{
  "dataset_revision": "b0fddb56ed78048fa8b90373c8a3cfc37b684831",
  "mteb_dataset_name": "STSBenchmark",
  "mteb_version": "1.1.2.dev0",
  "test": {
    "cos_sim": {
      "pearson": 0.3943424738594606,
      "spearman": 0.4061782909681522
    },
    "euclidean": {
      "pearson": 0.39831876322904197,
      "spearman": 0.41106275438880596
    },
    "evaluation_time": 0.03,
    "manhattan": {
      "pearson": 0.4051412254017342,
      "spearman": 0.4180846906659429
    }
  }
}