{
  "dataset_revision": null,
  "mteb_dataset_name": "InstructSTSBenchmark",
  "mteb_version": "1.1.2.dev0",
  "test": {
    "cos_sim": {
      "pearson": 0.001318541768385882,
      "spearman": 0.04125691687502093
    },
    "euclidean": {
      "pearson": 0.01642706504813788,
      "spearman": 0.042781627993674534
    },
    "evaluation_time": 0.15,
    "manhattan": {
      "pearson": 0.016660366728713353,
      "spearman": 0.04313229333655684
    }
  }
}