{
  "dataset_revision": "b0fddb56ed78048fa8b90373c8a3cfc37b684831",
  "mteb_dataset_name": "STSBenchmark",
  "mteb_version": "1.1.2.dev0",
  "test": {
    "cos_sim": {
      "pearson": 0.649942994416475,
      "spearman": 0.6822669790837468
    },
    "euclidean": {
      "pearson": 0.6793645453140756,
      "spearman": 0.6816832246083998
    },
    "evaluation_time": 0.03,
    "manhattan": {
      "pearson": 0.6805876848013471,
      "spearman": 0.6823418763165678
    }
  }
}