{
  "dataset_revision": "a0d554a64d88156834ff5ae9920b964011b16384",
  "mteb_dataset_name": "STS12",
  "mteb_version": "1.1.2.dev0",
  "test": {
    "cos_sim": {
      "pearson": 0.24161256903331085,
      "spearman": 0.3662376658326216
    },
    "euclidean": {
      "pearson": 0.28632580419801085,
      "spearman": 0.36556846344711125
    },
    "evaluation_time": 0.13,
    "manhattan": {
      "pearson": 0.3087301485023182,
      "spearman": 0.3842854491512355
    }
  }
}