{
  "dataset_revision": "b0fddb56ed78048fa8b90373c8a3cfc37b684831",
  "mteb_dataset_name": "STSBenchmark",
  "mteb_version": "1.1.2.dev0",
  "test": {
    "cos_sim": {
      "pearson": 0.30247255078241286,
      "spearman": 0.3620203056557086
    },
    "euclidean": {
      "pearson": 0.37726504156410545,
      "spearman": 0.3891390313831333
    },
    "evaluation_time": 0.07,
    "manhattan": {
      "pearson": 0.39352739724105656,
      "spearman": 0.40432563880035477
    }
  }
}