{
  "dataset_revision": null,
  "mteb_dataset_name": "InstructSTSBenchmark",
  "mteb_version": "1.1.2.dev0",
  "test": {
    "cos_sim": {
      "pearson": 0.19749683317038746,
      "spearman": 0.16999937330413087
    },
    "euclidean": {
      "pearson": 0.19696899602355783,
      "spearman": 0.15772699690997052
    },
    "evaluation_time": 0.13,
    "manhattan": {
      "pearson": 0.19570277092568292,
      "spearman": 0.1557983375575836
    }
  }
}