{
    "test": {
        "NYTTopicClustering": 0.010813838553926003,
        "NYTLocationClustering": 0.028738648354402603,
        "harmonic_mean": 0.0157145790939532
    }
}