{
  "dataset_revision": "b0fddb56ed78048fa8b90373c8a3cfc37b684831",
  "mteb_dataset_name": "STSBenchmark",
  "mteb_version": "1.1.2.dev0",
  "test": {
    "cos_sim": {
      "pearson": 0.11526343013894522,
      "spearman": 0.1338010737381637
    },
    "euclidean": {
      "pearson": 0.13102759946162615,
      "spearman": 0.13377984361418202
    },
    "evaluation_time": 0.06,
    "manhattan": {
      "pearson": 0.1314996390823207,
      "spearman": 0.13436041857646466
    }
  }
}