{
  "dataset_revision": null,
  "mteb_dataset_name": "InstructSTSBenchmark",
  "mteb_version": "1.1.2.dev0",
  "test": {
    "cos_sim": {
      "pearson": -0.01870844712212095,
      "spearman": -0.02037274595199104
    },
    "euclidean": {
      "pearson": 0.022470294832179164,
      "spearman": -0.05318910229254722
    },
    "evaluation_time": 0.1,
    "manhattan": {
      "pearson": -0.016311006891984472,
      "spearman": -0.05916544173119079
    }
  }
}