{
  "dataset_revision": "b0fddb56ed78048fa8b90373c8a3cfc37b684831",
  "mteb_dataset_name": "STSBenchmark",
  "mteb_version": "1.1.2.dev0",
  "test": {
    "cos_sim": {
      "pearson": 0.47446661607249285,
      "spearman": 0.5009947339360704
    },
    "euclidean": {
      "pearson": 0.5538582451291783,
      "spearman": 0.5584390010531061
    },
    "evaluation_time": 0.05,
    "manhattan": {
      "pearson": 0.5621584840953131,
      "spearman": 0.5666400258476093
    }
  }
}