{
  "dataset_revision": "b0fddb56ed78048fa8b90373c8a3cfc37b684831",
  "mteb_dataset_name": "STSBenchmark",
  "mteb_version": "1.1.2.dev0",
  "test": {
    "cos_sim": {
      "pearson": 0.35999573338601776,
      "spearman": 0.3965071383018557
    },
    "euclidean": {
      "pearson": 0.27648166206575303,
      "spearman": 0.3246904664980359
    },
    "evaluation_time": 0.05,
    "manhattan": {
      "pearson": 0.4458445684011697,
      "spearman": 0.439274379098948
    }
  }
}