{
  "dataset_revision": "b0fddb56ed78048fa8b90373c8a3cfc37b684831",
  "mteb_dataset_name": "STSBenchmark",
  "mteb_version": "1.1.2.dev0",
  "test": {
    "cos_sim": {
      "pearson": 0.3907169994219731,
      "spearman": 0.3982036768369274
    },
    "euclidean": {
      "pearson": 0.3942388152190151,
      "spearman": 0.39299787444425804
    },
    "evaluation_time": 0.06,
    "manhattan": {
      "pearson": 0.437250415038274,
      "spearman": 0.43457290322642383
    }
  }
}