{
  "dataset_revision": "b0fddb56ed78048fa8b90373c8a3cfc37b684831",
  "mteb_dataset_name": "STSBenchmark",
  "mteb_version": "1.1.2.dev0",
  "test": {
    "cos_sim": {
      "pearson": 0.5270202414321968,
      "spearman": 0.5351979615782573
    },
    "euclidean": {
      "pearson": 0.603656089949875,
      "spearman": 0.5929592538612385
    },
    "evaluation_time": 0.05,
    "manhattan": {
      "pearson": 0.6131572331440287,
      "spearman": 0.6029666906010266
    }
  }
}