{
  "dataset_revision": null,
  "mteb_dataset_name": "InstructSTSBenchmark",
  "mteb_version": "1.1.2.dev0",
  "test": {
    "cos_sim": {
      "pearson": 0.2594507421330249,
      "spearman": 0.24824875198890958
    },
    "euclidean": {
      "pearson": 0.24879677062874211,
      "spearman": 0.21722625384544061
    },
    "evaluation_time": 0.1,
    "manhattan": {
      "pearson": 0.24933246508747067,
      "spearman": 0.21877282465717315
    }
  }
}