{
  "dataset_revision": "b0fddb56ed78048fa8b90373c8a3cfc37b684831",
  "mteb_dataset_name": "STSBenchmark",
  "mteb_version": "1.1.2.dev0",
  "test": {
    "cos_sim": {
      "pearson": 0.14390823386913412,
      "spearman": 0.3632319656606685
    },
    "euclidean": {
      "pearson": 0.2195016498606288,
      "spearman": 0.31308894102751506
    },
    "evaluation_time": 0.14,
    "manhattan": {
      "pearson": 0.41926821355397886,
      "spearman": 0.425055683721869
    }
  }
}