{
  "dataset_revision": "b0fddb56ed78048fa8b90373c8a3cfc37b684831",
  "mteb_dataset_name": "STSBenchmark",
  "mteb_version": "1.1.2.dev0",
  "test": {
    "cos_sim": {
      "pearson": 0.0053957903742828175,
      "spearman": 0.11788322786181576
    },
    "euclidean": {
      "pearson": 0.020197433949346796,
      "spearman": 0.10107294052304958
    },
    "evaluation_time": 0.04,
    "manhattan": {
      "pearson": 0.10981283353244868,
      "spearman": 0.11437967456997869
    }
  }
}