{
  "dataset_revision": "b0fddb56ed78048fa8b90373c8a3cfc37b684831",
  "mteb_dataset_name": "STSBenchmark",
  "mteb_version": "1.1.2.dev0",
  "test": {
    "cos_sim": {
      "pearson": 0.7329981746874333,
      "spearman": 0.7482938328901558
    },
    "euclidean": {
      "pearson": 0.7562399079358146,
      "spearman": 0.7482513152097271
    },
    "evaluation_time": 0.03,
    "manhattan": {
      "pearson": 0.7561329333830582,
      "spearman": 0.7482675082773442
    }
  }
}