{
  "dataset_revision": "b0fddb56ed78048fa8b90373c8a3cfc37b684831",
  "mteb_dataset_name": "STSBenchmark",
  "mteb_version": "1.1.2.dev0",
  "test": {
    "cos_sim": {
      "pearson": 0.13801705687259738,
      "spearman": 0.16746592589700446
    },
    "euclidean": {
      "pearson": 0.1643737443250223,
      "spearman": 0.17893896704468326
    },
    "evaluation_time": 0.04,
    "manhattan": {
      "pearson": 0.17103418387918679,
      "spearman": 0.18769608363458654
    }
  }
}