{
  "dataset_revision": "b0fddb56ed78048fa8b90373c8a3cfc37b684831",
  "mteb_dataset_name": "STSBenchmark",
  "mteb_version": "1.1.2.dev0",
  "test": {
    "cos_sim": {
      "pearson": 0.429882445867078,
      "spearman": 0.45351274993022256
    },
    "euclidean": {
      "pearson": 0.45583141899295154,
      "spearman": 0.4600172314106232
    },
    "evaluation_time": 0.03,
    "manhattan": {
      "pearson": 0.4605502943813281,
      "spearman": 0.46329323170115577
    }
  }
}