{
  "dataset_revision": null,
  "mteb_dataset_name": "FewEventClustering",
  "mteb_version": "1.1.2.dev0",
  "test": {
    "correct_instructions": [
      0.38770488728295194,
      0.4481624064385164,
      0.36998249719029935,
      0.4424939454486954,
      0.402668741316168,
      0.49925117836368405,
      0.4641030402870053,
      0.4194380095542701,
      0.4095346451726954,
      0.46356176309682023
    ],
    "dci": -0.185283551891343,
    "dii": -0.15439064449005563,
    "implicit_instructions": [
      0.5307032369373704,
      0.4217560287615377,
      0.44874327461201285,
      0.46611418048764436,
      0.6102046613513397,
      0.529230446743883,
      0.4996112947513219,
      0.5899426494041398,
      0.6006535319473116,
      0.4008754045915867
    ],
    "incorrect_instructions": [
      0.5552660490816423,
      0.4608497629301958,
      0.5141127778537448,
      0.43482770615932265,
      0.2583715321415386,
      0.5085175131579087,
      0.443588017137491,
      0.4895195150849497,
      0.2238140847932803,
      0.36918129011211515
    ]
  }
}