{
  "dataset_revision": null,
  "mteb_dataset_name": "FewNerdClustering",
  "mteb_version": "1.1.2.dev0",
  "test": {
    "correct_instructions": [
      0.41042500934080745,
      0.3282147966964277,
      0.35648522248014103,
      0.4634083191629662,
      0.26677118595895194,
      0.27145373276012846,
      0.3558314130389392,
      0.39583667818763,
      0.3265178185429964,
      0.22090959923656653
    ],
    "dci": -0.18503547729649786,
    "dii": -0.12783066180636693,
    "implicit_instructions": [
      0.31586758122332087,
      0.37348989059614873,
      0.4577562734026332,
      0.46949725704248757,
      0.4190486425838492,
      0.3156704772717925,
      0.36824213653227766,
      0.44007757726872027,
      0.37083710576895057,
      0.27811441472669746
    ],
    "incorrect_instructions": [
      0.18240947793036674,
      0.4059450765330644,
      0.1417636682183386,
      0.13814394723708814,
      0.20961039884569047,
      0.13975385647175448,
      0.14803253983045808,
      0.11316378154371579,
      0.12797761077501127,
      0.13676363494313887
    ]
  }
}