{
  "dataset_revision": null,
  "mteb_dataset_name": "FewRelClustering",
  "mteb_version": "1.1.2.dev0",
  "test": {
    "correct_instructions": [
      0.6659384678008159,
      0.6234323728573942,
      0.6197928897271149,
      0.5591943103027109,
      0.6262725198673761,
      0.6060730949066352,
      0.6092477312827215,
      0.5966624204123221,
      0.6368836472261644,
      0.48191778531034213
    ],
    "dci": -0.067247368140532,
    "dii": -0.10908183183988995,
    "implicit_instructions": [
      0.5994908630163834,
      0.6071461223520187,
      0.5420742943335879,
      0.4400833216109842,
      0.5901724868088347,
      0.6288162344496966,
      0.5929927793394861,
      0.5644800069738954,
      0.5817470742054709,
      0.5391627123843826
    ],
    "incorrect_instructions": [
      0.5491651534508741,
      0.43982189624160184,
      0.14091163785644728,
      0.36222819521890887,
      0.40002639794615186,
      0.4583499402400494,
      0.25652911549829616,
      0.44537890937334296,
      0.44638357561499725,
      0.5415690680443758
    ]
  }
}