{
  "dataset_revision": null,
  "mteb_dataset_name": "NYTTopicClustering",
  "mteb_version": "1.1.2.dev0",
  "test": {
    "correct_instructions": [
      0.3894831874747344,
      0.47223444664376346,
      0.33670666324911486,
      0.45420315544277845,
      0.41152522590264295,
      0.3951551295249828,
      0.45914361924122143,
      0.3647348204085657,
      0.4332462773631565,
      0.4749616876108228
    ],
    "dci": -0.07522657554975787,
    "dii": -0.3054341161306399,
    "implicit_instructions": [
      0.4404639059872439,
      0.4246609647982519,
      0.1064991226682328,
      0.22317424727812127,
      0.3037665034982566,
      0.2614944472624528,
      0.12105885671769238,
      0.24050807829974588,
      0.3296636308571491,
      0.2604828688959285
    ],
    "incorrect_instructions": [
      0.031593037205210506,
      0.16890888185091252,
      0.3852067549581192,
      0.4119332387988727,
      0.19134609334440045,
      0.1394342811447795,
      0.1567658844145708,
      0.24299849290568887,
      0.08683888889597446,
      0.1599709068147153
    ]
  }
}