{
  "dataset_revision": null,
  "mteb_dataset_name": "RateMyProfClustering",
  "mteb_version": "1.1.2.dev0",
  "test": {
    "correct_instructions": [
      0.067809024927585,
      0.08669402410619176,
      0.061496746999064586,
      0.029002929786284284,
      0.054496832243406734,
      0.019272350993060617,
      0.03216293242587142,
      0.016394516994785148,
      0.04994316734211366,
      0.06893462341233093
    ],
    "dci": -0.0019158741678743131,
    "dii": 0.01946476196714438,
    "implicit_instructions": [
      0.044435364623150786,
      0.0704303429107916,
      0.060945610474631796,
      0.05979374971155261,
      0.06300453938769904,
      0.03777515312980384,
      0.04342276521587521,
      0.06445513903423733,
      0.08386480034693425,
      0.04802195062221796
    ],
    "incorrect_instructions": [
      0.0036575391773897557,
      0.005320135681816114,
      0.0028547226413605047,
      0.008593210609651025,
      0.008563134525695371,
      0.01831039116265946,
      0.01260730059612058,
      0.003976803088052339,
      0.0046796296057435615,
      0.01704881290341149
    ]
  }
}