{
  "dataset_revision": "b0fddb56ed78048fa8b90373c8a3cfc37b684831",
  "mteb_dataset_name": "STSBenchmark",
  "mteb_version": "1.1.2.dev0",
  "test": {
    "cos_sim": {
      "pearson": 0.1494463315765678,
      "spearman": 0.30649747396689886
    },
    "euclidean": {
      "pearson": 0.22072528710050104,
      "spearman": 0.3182372759285239
    },
    "evaluation_time": 0.03,
    "manhattan": {
      "pearson": 0.31415336060970805,
      "spearman": 0.33820369710571807
    }
  }
}