{
  "dataset_revision": "b0fddb56ed78048fa8b90373c8a3cfc37b684831",
  "mteb_dataset_name": "STSBenchmark",
  "mteb_version": "1.1.2.dev0",
  "test": {
    "cos_sim": {
      "pearson": 0.7670209628033958,
      "spearman": 0.77251794278854
    },
    "euclidean": {
      "pearson": 0.7936485675611432,
      "spearman": 0.7793479631856688
    },
    "evaluation_time": 0.08,
    "manhattan": {
      "pearson": 0.7984472092208487,
      "spearman": 0.7838863891189307
    }
  }
}