{
  "dataset_revision": null,
  "mteb_dataset_name": "InstructSTSBenchmark",
  "mteb_version": "1.1.2.dev0",
  "test": {
    "cos_sim": {
      "pearson": 0.03295445291556623,
      "spearman": 0.03570137767821853
    },
    "euclidean": {
      "pearson": -0.1309800899635428,
      "spearman": -0.1121414123655642
    },
    "evaluation_time": 0.12,
    "manhattan": {
      "pearson": -0.04645581618420751,
      "spearman": -0.04436645320756397
    }
  }
}