{
    "test": {
        "NYTTopicClustering": 0.17959334476473815,
        "NYTLocationClustering": 0.13024249370191107,
        "harmonic_mean": 0.15098761188290807
    }
}