{
  "dataset_revision": null,
  "mteb_dataset_name": "InstructSTSBenchmark",
  "mteb_version": "1.1.2.dev0",
  "test": {
    "cos_sim": {
      "pearson": -0.09138951011018692,
      "spearman": -0.11341383055657561
    },
    "euclidean": {
      "pearson": -0.06881033702227303,
      "spearman": -0.10317986337169917
    },
    "evaluation_time": 0.07,
    "manhattan": {
      "pearson": -0.0797388124299479,
      "spearman": -0.11256949735310713
    }
  }
}