{
  "dataset_revision": "b0fddb56ed78048fa8b90373c8a3cfc37b684831",
  "mteb_dataset_name": "STSBenchmark",
  "mteb_version": "1.1.2.dev0",
  "test": {
    "cos_sim": {
      "pearson": 0.14506814940656063,
      "spearman": 0.20073122225813142
    },
    "euclidean": {
      "pearson": 0.1320885564718312,
      "spearman": 0.19228896584980978
    },
    "evaluation_time": 0.05,
    "manhattan": {
      "pearson": 0.15174685577347088,
      "spearman": 0.21161547108061848
    }
  }
}