{
    "dataset_revision": null,
    "mteb_dataset_name": "IntentEmotion",
    "mteb_version": "1.1.2.dev0",
    "test": {
        "Emotion_success_rate": 0.006006493506493507,
        "Intent_success_rate": 0.9613636363636363,
        "evaluation_time": 103.44,
        "harmonic_mean": 0.01193841698273156
    }
}