{
  "dataset_revision": "b0fddb56ed78048fa8b90373c8a3cfc37b684831",
  "mteb_dataset_name": "STSBenchmark",
  "mteb_version": "1.1.2.dev0",
  "test": {
    "cos_sim": {
      "pearson": -0.03349669904302724,
      "spearman": -0.030645017352086967
    },
    "euclidean": {
      "pearson": -0.03269088197075158,
      "spearman": -0.030645017352086967
    },
    "evaluation_time": 29.73,
    "manhattan": {
      "pearson": -0.023712501774534146,
      "spearman": -0.017547411882517187
    }
  }
}