{
  "dataset_revision": null,
  "mteb_dataset_name": "InstructSTSBenchmark",
  "mteb_version": "1.1.2.dev0",
  "test": {
    "cos_sim": {
      "pearson": 0.2115823137525135,
      "spearman": 0.24400114724095892
    },
    "euclidean": {
      "pearson": 0.1925563489647882,
      "spearman": 0.20523987467431884
    },
    "evaluation_time": 0.12,
    "manhattan": {
      "pearson": 0.19173250392054514,
      "spearman": 0.20479994902537757
    }
  }
}