{
  "dataset_revision": "b0fddb56ed78048fa8b90373c8a3cfc37b684831",
  "mteb_dataset_name": "STSBenchmark",
  "mteb_version": "1.1.2.dev0",
  "test": {
    "cos_sim": {
      "pearson": 0.22264040196483698,
      "spearman": 0.2901729495010914
    },
    "euclidean": {
      "pearson": 0.23120575834357704,
      "spearman": 0.27845819638576136
    },
    "evaluation_time": 0.04,
    "manhattan": {
      "pearson": 0.32340860272769756,
      "spearman": 0.3197195704168924
    }
  }
}