{
  "dataset_revision": "b0fddb56ed78048fa8b90373c8a3cfc37b684831",
  "mteb_dataset_name": "STSBenchmark",
  "mteb_version": "1.1.2.dev0",
  "test": {
    "cos_sim": {
      "pearson": 0.15222625369960258,
      "spearman": 0.2243332744203907
    },
    "euclidean": {
      "pearson": 0.1803447600376847,
      "spearman": 0.20951083592058245
    },
    "evaluation_time": 0.04,
    "manhattan": {
      "pearson": 0.2238545550890418,
      "spearman": 0.21220681788960594
    }
  }
}