{
    "dataset_revision": null,
    "mteb_dataset_name": "IntentEmotion",
    "mteb_version": "1.1.2.dev0",
    "test": {
        "Emotion_success_rate": 0.9530844155844156,
        "Intent_success_rate": 0.046753246753246755,
        "evaluation_time": 0.15,
        "harmonic_mean": 0.08913406974757383
    }
}