{
  "dataset_revision": "b0fddb56ed78048fa8b90373c8a3cfc37b684831",
  "mteb_dataset_name": "STSBenchmark",
  "mteb_version": "1.1.2.dev0",
  "test": {
    "cos_sim": {
      "pearson": 0.29012242443191005,
      "spearman": 0.34157132645942745
    },
    "euclidean": {
      "pearson": 0.3444759933248143,
      "spearman": 0.35637202805134965
    },
    "evaluation_time": 0.03,
    "manhattan": {
      "pearson": 0.4057653017411146,
      "spearman": 0.39970262909534493
    }
  }
}