{
  "dataset_revision": "b0fddb56ed78048fa8b90373c8a3cfc37b684831",
  "mteb_dataset_name": "STSBenchmark",
  "mteb_version": "1.1.2.dev0",
  "test": {
    "cos_sim": {
      "pearson": 0.28260298358234204,
      "spearman": 0.3565058467376763
    },
    "euclidean": {
      "pearson": 0.17447105278809483,
      "spearman": 0.3482814821729746
    },
    "evaluation_time": 0.05,
    "manhattan": {
      "pearson": 0.3265031474924748,
      "spearman": 0.35044840508287656
    }
  }
}