{
  "dataset_revision": "b0fddb56ed78048fa8b90373c8a3cfc37b684831",
  "mteb_dataset_name": "STSBenchmark",
  "mteb_version": "1.1.2.dev0",
  "test": {
    "cos_sim": {
      "pearson": 0.12796412963289572,
      "spearman": 0.1663910025104299
    },
    "euclidean": {
      "pearson": 0.17436385747916194,
      "spearman": 0.1813305356312956
    },
    "evaluation_time": 0.06,
    "manhattan": {
      "pearson": 0.17666800818741046,
      "spearman": 0.18418378760499143
    }
  }
}