{
  "dataset_revision": "b0fddb56ed78048fa8b90373c8a3cfc37b684831",
  "mteb_dataset_name": "STSBenchmark",
  "mteb_version": "1.1.2.dev0",
  "test": {
    "cos_sim": {
      "pearson": 0.46293790814776925,
      "spearman": 0.46688953493762114
    },
    "euclidean": {
      "pearson": 0.4296571806023805,
      "spearman": 0.4453718353011457
    },
    "evaluation_time": 0.07,
    "manhattan": {
      "pearson": 0.5179064402794942,
      "spearman": 0.5137158786597885
    }
  }
}