{
  "dataset_revision": "b0fddb56ed78048fa8b90373c8a3cfc37b684831",
  "mteb_dataset_name": "STSBenchmark",
  "mteb_version": "1.1.2.dev0",
  "test": {
    "cos_sim": {
      "pearson": 0.10927013062264347,
      "spearman": 0.21276573949145514
    },
    "euclidean": {
      "pearson": 0.16200652961346207,
      "spearman": 0.21041946792026375
    },
    "evaluation_time": 0.08,
    "manhattan": {
      "pearson": 0.16152952653268754,
      "spearman": 0.21100188690849514
    }
  }
}