{
  "dataset_revision": null,
  "mteb_dataset_name": "InstructSTSBenchmark",
  "mteb_version": "1.1.2.dev0",
  "test": {
    "cos_sim": {
      "pearson": -0.0806495569156727,
      "spearman": -0.08063071522542058
    },
    "euclidean": {
      "pearson": -0.16523965883674405,
      "spearman": -0.15971668177909384
    },
    "evaluation_time": 0.07,
    "manhattan": {
      "pearson": -0.16309956738192669,
      "spearman": -0.15757534627539058
    }
  }
}