{
  "dataset_revision": "b0fddb56ed78048fa8b90373c8a3cfc37b684831",
  "mteb_dataset_name": "STSBenchmark",
  "mteb_version": "1.1.2.dev0",
  "test": {
    "cos_sim": {
      "pearson": 0.3342585922546024,
      "spearman": 0.3643367458679315
    },
    "euclidean": {
      "pearson": 0.3840527235329027,
      "spearman": 0.38961819936215825
    },
    "evaluation_time": 0.04,
    "manhattan": {
      "pearson": 0.400888460734322,
      "spearman": 0.4011331678449715
    }
  }
}