{
  "dataset_revision": "b0fddb56ed78048fa8b90373c8a3cfc37b684831",
  "mteb_dataset_name": "STSBenchmark",
  "mteb_version": "1.1.2.dev0",
  "test": {
    "cos_sim": {
      "pearson": 0.35026151801173616,
      "spearman": 0.37002631790456353
    },
    "euclidean": {
      "pearson": 0.3929981162400922,
      "spearman": 0.39579629263049865
    },
    "evaluation_time": 0.03,
    "manhattan": {
      "pearson": 0.40063236029084337,
      "spearman": 0.40045153041137593
    }
  }
}