{
  "dataset_revision": "b0fddb56ed78048fa8b90373c8a3cfc37b684831",
  "mteb_dataset_name": "STSBenchmark",
  "mteb_version": "1.1.2.dev0",
  "test": {
    "cos_sim": {
      "pearson": 0.4382649203466382,
      "spearman": 0.44638170639099134
    },
    "euclidean": {
      "pearson": 0.47071592791004685,
      "spearman": 0.47537398913493384
    },
    "evaluation_time": 0.04,
    "manhattan": {
      "pearson": 0.4815138648518101,
      "spearman": 0.48437693331105813
    }
  }
}