{
  "dataset_revision": null,
  "mteb_dataset_name": "InstructSTSBenchmark",
  "mteb_version": "1.1.2.dev0",
  "test": {
    "cos_sim": {
      "pearson": 0.23951417548191936,
      "spearman": 0.2479245003935169
    },
    "euclidean": {
      "pearson": 0.22034685473280285,
      "spearman": 0.20709976722303636
    },
    "evaluation_time": 0.11,
    "manhattan": {
      "pearson": 0.21892891699692207,
      "spearman": 0.20606507673886196
    }
  }
}