{
    "dataset_revision": null,
    "mteb_dataset_name": "IntentEmotion",
    "mteb_version": "1.1.2.dev0",
    "test": {
        "Emotion_success_rate": 0.9850649350649351,
        "Intent_success_rate": 0.014935064935064935,
        "evaluation_time": 0.77,
        "harmonic_mean": 0.02942403695242012
    }
}