{
  "dataset_revision": "b0fddb56ed78048fa8b90373c8a3cfc37b684831",
  "mteb_dataset_name": "STSBenchmark",
  "mteb_version": "1.1.2.dev0",
  "test": {
    "cos_sim": {
      "pearson": 0.11217262915645493,
      "spearman": 0.1834627094525713
    },
    "euclidean": {
      "pearson": 0.16626396384247077,
      "spearman": 0.1927964509537727
    },
    "evaluation_time": 0.08,
    "manhattan": {
      "pearson": 0.2738967521442335,
      "spearman": 0.27790810543807815
    }
  }
}