{
  "dataset_revision": "b0fddb56ed78048fa8b90373c8a3cfc37b684831",
  "mteb_dataset_name": "STSBenchmark",
  "mteb_version": "1.1.2.dev0",
  "test": {
    "cos_sim": {
      "pearson": 0.4375661412331647,
      "spearman": 0.4394074831317426
    },
    "euclidean": {
      "pearson": 0.44859225513730505,
      "spearman": 0.44951205381489784
    },
    "evaluation_time": 0.03,
    "manhattan": {
      "pearson": 0.45283803061421063,
      "spearman": 0.4521953429326178
    }
  }
}