{
    "dataset_revision": null,
    "mteb_dataset_name": "IntentEmotion",
    "mteb_version": "1.1.2.dev0",
    "test": {
        "Emotion_success_rate": 0.9712662337662338,
        "Intent_success_rate": 0.028896103896103895,
        "evaluation_time": 0.22,
        "harmonic_mean": 0.05612252808415598
    }
}