{
  "dataset_revision": null,
  "mteb_dataset_name": "InstructSTSBenchmark",
  "mteb_version": "1.1.2.dev0",
  "test": {
    "cos_sim": {
      "pearson": 0.09482169688244907,
      "spearman": 0.11377268936876724
    },
    "euclidean": {
      "pearson": 0.09213548988391511,
      "spearman": 0.09564192458315254
    },
    "evaluation_time": 0.13,
    "manhattan": {
      "pearson": 0.09294878582778902,
      "spearman": 0.09519653404903168
    }
  }
}