{
  "dataset_revision": "b0fddb56ed78048fa8b90373c8a3cfc37b684831",
  "mteb_dataset_name": "STSBenchmark",
  "mteb_version": "1.1.2.dev0",
  "test": {
    "cos_sim": {
      "pearson": 0.40832603232496845,
      "spearman": 0.42786476717696137
    },
    "euclidean": {
      "pearson": 0.26423621765307526,
      "spearman": 0.31993372482421967
    },
    "evaluation_time": 0.05,
    "manhattan": {
      "pearson": 0.4672147849746219,
      "spearman": 0.4589489402188347
    }
  }
}