{
  "dataset_revision": "b0fddb56ed78048fa8b90373c8a3cfc37b684831",
  "mteb_dataset_name": "STSBenchmark",
  "mteb_version": "1.1.2.dev0",
  "test": {
    "cos_sim": {
      "pearson": 0.16358151503894655,
      "spearman": 0.20462557183870075
    },
    "euclidean": {
      "pearson": 0.2024060337831374,
      "spearman": 0.20972794444518283
    },
    "evaluation_time": 0.08,
    "manhattan": {
      "pearson": 0.20378368498596375,
      "spearman": 0.21183775065569765
    }
  }
}