{
  "dataset_revision": "b0fddb56ed78048fa8b90373c8a3cfc37b684831",
  "mteb_dataset_name": "STSBenchmark",
  "mteb_version": "1.1.2.dev0",
  "test": {
    "cos_sim": {
      "pearson": 0.14996063369671025,
      "spearman": 0.19820637798519014
    },
    "euclidean": {
      "pearson": 0.23316010056338163,
      "spearman": 0.24507954887566533
    },
    "evaluation_time": 0.12,
    "manhattan": {
      "pearson": 0.3293358653095862,
      "spearman": 0.32027466845434577
    }
  }
}