{
  "dataset_revision": "a0d554a64d88156834ff5ae9920b964011b16384",
  "mteb_dataset_name": "STS12",
  "mteb_version": "1.1.2.dev0",
  "test": {
    "cos_sim": {
      "pearson": 0.04207911885116557,
      "spearman": 0.19128365778656545
    },
    "euclidean": {
      "pearson": 0.09784076647563389,
      "spearman": 0.19796569046897994
    },
    "evaluation_time": 0.53,
    "manhattan": {
      "pearson": 0.10085473480874538,
      "spearman": 0.20503882330864678
    }
  }
}