{
  "dataset_revision": "b0fddb56ed78048fa8b90373c8a3cfc37b684831",
  "mteb_dataset_name": "STSBenchmark",
  "mteb_version": "1.1.2.dev0",
  "test": {
    "cos_sim": {
      "pearson": 0.14045934706443153,
      "spearman": 0.17916988032634745
    },
    "euclidean": {
      "pearson": 0.18576355031695915,
      "spearman": 0.18558400346435455
    },
    "evaluation_time": 0.06,
    "manhattan": {
      "pearson": 0.19789564971527948,
      "spearman": 0.1969225158314672
    }
  }
}