{
  "dataset_revision": "a0d554a64d88156834ff5ae9920b964011b16384",
  "mteb_dataset_name": "STS12",
  "mteb_version": "1.1.2.dev0",
  "test": {
    "cos_sim": {
      "pearson": 0.24477545613305296,
      "spearman": 0.21699411433026414
    },
    "euclidean": {
      "pearson": 0.25158957774582863,
      "spearman": 0.2104057012591175
    },
    "evaluation_time": 0.43,
    "manhattan": {
      "pearson": 0.2587901193670216,
      "spearman": 0.21464908868800148
    }
  }
}