{
  "dataset_revision": "b0fddb56ed78048fa8b90373c8a3cfc37b684831",
  "mteb_dataset_name": "STSBenchmark",
  "mteb_version": "1.1.2.dev0",
  "test": {
    "cos_sim": {
      "pearson": 0.18395573930346887,
      "spearman": 0.2150192114816934
    },
    "euclidean": {
      "pearson": 0.2059822659723468,
      "spearman": 0.2177387397118364
    },
    "evaluation_time": 0.08,
    "manhattan": {
      "pearson": 0.22329281176017074,
      "spearman": 0.22351653572063196
    }
  }
}