{
  "dataset_revision": "b0fddb56ed78048fa8b90373c8a3cfc37b684831",
  "mteb_dataset_name": "STSBenchmark",
  "mteb_version": "1.1.2.dev0",
  "test": {
    "cos_sim": {
      "pearson": 0.06861311151475752,
      "spearman": 0.12043368819267605
    },
    "euclidean": {
      "pearson": 0.0729046451913498,
      "spearman": 0.08811114241034142
    },
    "evaluation_time": 0.04,
    "manhattan": {
      "pearson": 0.07746936708969974,
      "spearman": 0.09946941221128244
    }
  }
}