{
  "dataset_revision": null,
  "mteb_dataset_name": "InstructSTSBenchmark",
  "mteb_version": "1.1.2.dev0",
  "test": {
    "cos_sim": {
      "pearson": 0.20454709476524585,
      "spearman": 0.18543332193569598
    },
    "euclidean": {
      "pearson": 0.18734917776585286,
      "spearman": 0.14184276656456382
    },
    "evaluation_time": 0.12,
    "manhattan": {
      "pearson": 0.18654386905823991,
      "spearman": 0.14266394161866783
    }
  }
}