{
  "dataset_revision": null,
  "mteb_dataset_name": "InstructSTSBenchmark",
  "mteb_version": "1.1.2.dev0",
  "test": {
    "cos_sim": {
      "pearson": 0.010623163478651151,
      "spearman": 0.02528434344161213
    },
    "euclidean": {
      "pearson": -0.13023311849593985,
      "spearman": -0.1117816388417173
    },
    "evaluation_time": 0.1,
    "manhattan": {
      "pearson": -0.0899748870875509,
      "spearman": -0.07909188636396722
    }
  }
}