{
  "dataset_revision": "b0fddb56ed78048fa8b90373c8a3cfc37b684831",
  "mteb_dataset_name": "STSBenchmark",
  "mteb_version": "1.1.2.dev0",
  "test": {
    "cos_sim": {
      "pearson": 0.2039146302350082,
      "spearman": 0.2472222201885586
    },
    "euclidean": {
      "pearson": 0.23262097541836382,
      "spearman": 0.2421572264507057
    },
    "evaluation_time": 0.14,
    "manhattan": {
      "pearson": 0.23470051756832858,
      "spearman": 0.2438745618110109
    }
  }
}