{
  "dataset_revision": "b0fddb56ed78048fa8b90373c8a3cfc37b684831",
  "mteb_dataset_name": "STSBenchmark",
  "mteb_version": "1.1.2.dev0",
  "test": {
    "cos_sim": {
      "pearson": 0.2768535994985053,
      "spearman": 0.26204369593140686
    },
    "euclidean": {
      "pearson": 0.2929740174432726,
      "spearman": 0.2568851375672809
    },
    "evaluation_time": 0.06,
    "manhattan": {
      "pearson": 0.294200902090573,
      "spearman": 0.2577123836429066
    }
  }
}