{
  "dataset_revision": "b0fddb56ed78048fa8b90373c8a3cfc37b684831",
  "mteb_dataset_name": "STSBenchmark",
  "mteb_version": "1.1.2.dev0",
  "test": {
    "cos_sim": {
      "pearson": 0.5595771236643612,
      "spearman": 0.5678680546633774
    },
    "euclidean": {
      "pearson": 0.5778167027485112,
      "spearman": 0.5802953449541115
    },
    "evaluation_time": 0.07,
    "manhattan": {
      "pearson": 0.5841205604997227,
      "spearman": 0.5859557189014264
    }
  }
}