{
  "dataset_revision": "b0fddb56ed78048fa8b90373c8a3cfc37b684831",
  "mteb_dataset_name": "STSBenchmark",
  "mteb_version": "1.1.2.dev0",
  "test": {
    "cos_sim": {
      "pearson": 0.18999997380312922,
      "spearman": 0.2819204272581504
    },
    "euclidean": {
      "pearson": 0.28390772416765037,
      "spearman": 0.3116462515076413
    },
    "evaluation_time": 0.08,
    "manhattan": {
      "pearson": 0.352456951005797,
      "spearman": 0.36460423479300097
    }
  }
}