{
  "dataset_revision": "a0d554a64d88156834ff5ae9920b964011b16384",
  "mteb_dataset_name": "STS12",
  "mteb_version": "1.1.2.dev0",
  "test": {
    "cos_sim": {
      "pearson": 0.6144145850934425,
      "spearman": 0.6106572903328121
    },
    "euclidean": {
      "pearson": 0.6181025974681246,
      "spearman": 0.6232598699388838
    },
    "evaluation_time": 0.05,
    "manhattan": {
      "pearson": 0.6406118453129703,
      "spearman": 0.6339621030654478
    }
  }
}