{
  "dataset_revision": "b0fddb56ed78048fa8b90373c8a3cfc37b684831",
  "mteb_dataset_name": "STSBenchmark",
  "mteb_version": "1.1.2.dev0",
  "test": {
    "cos_sim": {
      "pearson": 0.637102733341461,
      "spearman": 0.6484230371092969
    },
    "euclidean": {
      "pearson": 0.6643765314638455,
      "spearman": 0.6552295705391785
    },
    "evaluation_time": 0.03,
    "manhattan": {
      "pearson": 0.6935131116747347,
      "spearman": 0.6822062316003489
    }
  }
}