{
  "dataset_revision": null,
  "mteb_dataset_name": "InstructSTSBenchmark",
  "mteb_version": "1.1.2.dev0",
  "test": {
    "cos_sim": {
      "pearson": 0.035772341546996766,
      "spearman": 0.0404640488636381
    },
    "euclidean": {
      "pearson": 0.014601749915389442,
      "spearman": 0.01576855546640074
    },
    "evaluation_time": 0.15,
    "manhattan": {
      "pearson": 0.018990501092099744,
      "spearman": 0.02023384605263702
    }
  }
}