{
  "dataset_revision": null,
  "mteb_dataset_name": "InstructSTSBenchmark",
  "mteb_version": "1.1.2.dev0",
  "test": {
    "cos_sim": {
      "pearson": 0.0943508370872288,
      "spearman": 0.10123344300892943
    },
    "euclidean": {
      "pearson": 0.02980641662733291,
      "spearman": 0.07667776035908619
    },
    "evaluation_time": 0.08,
    "manhattan": {
      "pearson": 0.09163996959382217,
      "spearman": 0.08899658852850538
    }
  }
}