{
  "dataset_revision": "b0fddb56ed78048fa8b90373c8a3cfc37b684831",
  "mteb_dataset_name": "STSBenchmark",
  "mteb_version": "1.1.2.dev0",
  "test": {
    "cos_sim": {
      "pearson": 0.13071019969292877,
      "spearman": 0.20278094434302985
    },
    "euclidean": {
      "pearson": 0.11088252391721382,
      "spearman": 0.18853964189503364
    },
    "evaluation_time": 0.06,
    "manhattan": {
      "pearson": 0.23717260276512736,
      "spearman": 0.21769375424342305
    }
  }
}