{
  "dataset_revision": "b0fddb56ed78048fa8b90373c8a3cfc37b684831",
  "mteb_dataset_name": "STSBenchmark",
  "mteb_version": "1.1.2.dev0",
  "test": {
    "cos_sim": {
      "pearson": 0.18051120437330262,
      "spearman": 0.2354462015726888
    },
    "euclidean": {
      "pearson": 0.30483062219175694,
      "spearman": 0.30703972773584226
    },
    "evaluation_time": 0.12,
    "manhattan": {
      "pearson": 0.3402629846626741,
      "spearman": 0.33875675407340544
    }
  }
}