{
  "dataset_revision": "b0fddb56ed78048fa8b90373c8a3cfc37b684831",
  "mteb_dataset_name": "STSBenchmark",
  "mteb_version": "1.1.2.dev0",
  "test": {
    "cos_sim": {
      "pearson": 0.16637674309880512,
      "spearman": 0.23100741843913689
    },
    "euclidean": {
      "pearson": 0.20973169987554885,
      "spearman": 0.22939852888302348
    },
    "evaluation_time": 0.03,
    "manhattan": {
      "pearson": 0.21083758396992236,
      "spearman": 0.22990653627011226
    }
  }
}