{
  "dataset_revision": "b0fddb56ed78048fa8b90373c8a3cfc37b684831",
  "mteb_dataset_name": "STSBenchmark",
  "mteb_version": "1.1.2.dev0",
  "test": {
    "cos_sim": {
      "pearson": 0.11163635356061027,
      "spearman": 0.21268570330359354
    },
    "euclidean": {
      "pearson": 0.0983994017342184,
      "spearman": 0.17130681165644016
    },
    "evaluation_time": 0.05,
    "manhattan": {
      "pearson": 0.11572401385896049,
      "spearman": 0.22692362386037618
    }
  }
}