{
  "dataset_revision": "b0fddb56ed78048fa8b90373c8a3cfc37b684831",
  "mteb_dataset_name": "STSBenchmark",
  "mteb_version": "1.1.2.dev0",
  "test": {
    "cos_sim": {
      "pearson": 0.07620654289228469,
      "spearman": 0.42411642950256934
    },
    "euclidean": {
      "pearson": 0.22657724708704388,
      "spearman": 0.4243778793417039
    },
    "evaluation_time": 0.07,
    "manhattan": {
      "pearson": 0.23969133496780512,
      "spearman": 0.4306297572547815
    }
  }
}