{
  "dataset_revision": "b0fddb56ed78048fa8b90373c8a3cfc37b684831",
  "mteb_dataset_name": "STSBenchmark",
  "mteb_version": "1.1.2.dev0",
  "test": {
    "cos_sim": {
      "pearson": 0.17819970736316945,
      "spearman": 0.23546042096573497
    },
    "euclidean": {
      "pearson": 0.14750101613495828,
      "spearman": 0.1827669793663739
    },
    "evaluation_time": 0.04,
    "manhattan": {
      "pearson": 0.16402921513470314,
      "spearman": 0.20580963899203553
    }
  }
}