{
  "dataset_revision": null,
  "mteb_dataset_name": "InstructSTSBenchmark",
  "mteb_version": "1.1.2.dev0",
  "test": {
    "cos_sim": {
      "pearson": 0.2324201611187757,
      "spearman": 0.2642135889665586
    },
    "euclidean": {
      "pearson": 0.21295560914324577,
      "spearman": 0.2222913187948191
    },
    "evaluation_time": 0.11,
    "manhattan": {
      "pearson": 0.21314488157263567,
      "spearman": 0.22245162295433907
    }
  }
}