{
  "dataset_revision": "b0fddb56ed78048fa8b90373c8a3cfc37b684831",
  "mteb_dataset_name": "STSBenchmark",
  "mteb_version": "1.1.2.dev0",
  "test": {
    "cos_sim": {
      "pearson": 0.13644745567609132,
      "spearman": 0.20508130221571466
    },
    "euclidean": {
      "pearson": 0.1467276212898964,
      "spearman": 0.2258599539286515
    },
    "evaluation_time": 0.03,
    "manhattan": {
      "pearson": 0.20033922734385015,
      "spearman": 0.22101724858114627
    }
  }
}