{
  "dataset_revision": "b0fddb56ed78048fa8b90373c8a3cfc37b684831",
  "mteb_dataset_name": "STSBenchmark",
  "mteb_version": "1.1.2.dev0",
  "test": {
    "cos_sim": {
      "pearson": 0.37012598970323135,
      "spearman": 0.41686172578457337
    },
    "euclidean": {
      "pearson": 0.2011955806973492,
      "spearman": 0.411011701213253
    },
    "evaluation_time": 0.05,
    "manhattan": {
      "pearson": 0.3939424892527599,
      "spearman": 0.41054937756466886
    }
  }
}