{
  "dataset_revision": "b0fddb56ed78048fa8b90373c8a3cfc37b684831",
  "mteb_dataset_name": "STSBenchmark",
  "mteb_version": "1.1.2.dev0",
  "test": {
    "cos_sim": {
      "pearson": 0.4814011465894575,
      "spearman": 0.5412981008484482
    },
    "euclidean": {
      "pearson": 0.519517452173119,
      "spearman": 0.5403717639623453
    },
    "evaluation_time": 0.03,
    "manhattan": {
      "pearson": 0.5215932534729898,
      "spearman": 0.5422610796465587
    }
  }
}