{
  "dataset_revision": "b0fddb56ed78048fa8b90373c8a3cfc37b684831",
  "mteb_dataset_name": "STSBenchmark",
  "mteb_version": "1.1.2.dev0",
  "test": {
    "cos_sim": {
      "pearson": 0.6474980862786337,
      "spearman": 0.6464391354207242
    },
    "euclidean": {
      "pearson": 0.660710277239317,
      "spearman": 0.6501304424970584
    },
    "evaluation_time": 0.03,
    "manhattan": {
      "pearson": 0.664358735397637,
      "spearman": 0.6538732195870377
    }
  }
}