{
  "dataset_revision": "b0fddb56ed78048fa8b90373c8a3cfc37b684831",
  "mteb_dataset_name": "STSBenchmark",
  "mteb_version": "1.1.2.dev0",
  "test": {
    "cos_sim": {
      "pearson": 0.17244343077832922,
      "spearman": 0.356037310667681
    },
    "euclidean": {
      "pearson": 0.22810696304789527,
      "spearman": 0.37770268782729155
    },
    "evaluation_time": 0.03,
    "manhattan": {
      "pearson": 0.23038823471755546,
      "spearman": 0.37966066699428425
    }
  }
}