{
  "dataset_revision": "b0fddb56ed78048fa8b90373c8a3cfc37b684831",
  "mteb_dataset_name": "STSBenchmark",
  "mteb_version": "1.1.2.dev0",
  "test": {
    "cos_sim": {
      "pearson": 0.30831282437937885,
      "spearman": 0.3004828573460905
    },
    "euclidean": {
      "pearson": 0.22002207757614917,
      "spearman": 0.20595083975037423
    },
    "evaluation_time": 172.66,
    "manhattan": {
      "pearson": 0.22794877319171786,
      "spearman": 0.21354000664367506
    }
  }
}