{
  "dataset_revision": "b0fddb56ed78048fa8b90373c8a3cfc37b684831",
  "mteb_dataset_name": "STSBenchmark",
  "mteb_version": "1.1.2.dev0",
  "test": {
    "cos_sim": {
      "pearson": 0.34425131472480947,
      "spearman": 0.35724364986695006
    },
    "euclidean": {
      "pearson": 0.3471786283204897,
      "spearman": 0.34498954308424157
    },
    "evaluation_time": 0.03,
    "manhattan": {
      "pearson": 0.35100146271120486,
      "spearman": 0.3480603685720668
    }
  }
}