{
  "dataset_revision": "b0fddb56ed78048fa8b90373c8a3cfc37b684831",
  "mteb_dataset_name": "STSBenchmark",
  "mteb_version": "1.1.2.dev0",
  "test": {
    "cos_sim": {
      "pearson": 0.4035347934068359,
      "spearman": 0.42579499158752454
    },
    "euclidean": {
      "pearson": 0.42859180974358224,
      "spearman": 0.4307489912854142
    },
    "evaluation_time": 0.04,
    "manhattan": {
      "pearson": 0.46107067964974957,
      "spearman": 0.45304657738058574
    }
  }
}