{
  "dataset_revision": "b0fddb56ed78048fa8b90373c8a3cfc37b684831",
  "mteb_dataset_name": "STSBenchmark",
  "mteb_version": "1.1.2.dev0",
  "test": {
    "cos_sim": {
      "pearson": 0.1636307525711733,
      "spearman": 0.3388213427163596
    },
    "euclidean": {
      "pearson": 0.2300602107094689,
      "spearman": 0.3646978036474645
    },
    "evaluation_time": 0.04,
    "manhattan": {
      "pearson": 0.23474037276380633,
      "spearman": 0.37235011045089295
    }
  }
}