{
  "dataset_revision": null,
  "mteb_dataset_name": "InstructSTSBenchmark",
  "mteb_version": "1.1.2.dev0",
  "test": {
    "cos_sim": {
      "pearson": 0.16768189850269782,
      "spearman": 0.17026123384067807
    },
    "euclidean": {
      "pearson": 0.15671608893901756,
      "spearman": 0.1499914104154922
    },
    "evaluation_time": 0.07,
    "manhattan": {
      "pearson": 0.15650865003034622,
      "spearman": 0.1497336486134999
    }
  }
}