{
  "dataset_revision": "b0fddb56ed78048fa8b90373c8a3cfc37b684831",
  "mteb_dataset_name": "STSBenchmark",
  "mteb_version": "1.1.2.dev0",
  "test": {
    "cos_sim": {
      "pearson": 0.5006781665824698,
      "spearman": 0.49842735502084445
    },
    "euclidean": {
      "pearson": 0.5053282445836875,
      "spearman": 0.5003636555699461
    },
    "evaluation_time": 0.05,
    "manhattan": {
      "pearson": 0.5067808802764716,
      "spearman": 0.5016999696339207
    }
  }
}