{
  "dataset_revision": "b0fddb56ed78048fa8b90373c8a3cfc37b684831",
  "mteb_dataset_name": "STSBenchmark",
  "mteb_version": "1.1.2.dev0",
  "test": {
    "cos_sim": {
      "pearson": 0.36020325118651275,
      "spearman": 0.3815434182560734
    },
    "euclidean": {
      "pearson": 0.3649948296207397,
      "spearman": 0.3644516815776919
    },
    "evaluation_time": 0.04,
    "manhattan": {
      "pearson": 0.3890940343348553,
      "spearman": 0.38715572993413494
    }
  }
}