{
  "dataset_revision": null,
  "mteb_dataset_name": "InstructSTSBenchmark",
  "mteb_version": "1.1.2.dev0",
  "test": {
    "cos_sim": {
      "pearson": 0.004741578888730062,
      "spearman": 0.03319298006857898
    },
    "euclidean": {
      "pearson": 0.012771599302094507,
      "spearman": 0.03455966407736471
    },
    "evaluation_time": 0.12,
    "manhattan": {
      "pearson": 0.01307842283429385,
      "spearman": 0.03485385864288947
    }
  }
}