{
  "dataset_revision": "a0d554a64d88156834ff5ae9920b964011b16384",
  "mteb_dataset_name": "STS12",
  "mteb_version": "1.1.2.dev0",
  "test": {
    "cos_sim": {
      "pearson": 0.18462715949183747,
      "spearman": 0.3133877364234695
    },
    "euclidean": {
      "pearson": 0.2394589229616349,
      "spearman": 0.3078292246822207
    },
    "evaluation_time": 0.38,
    "manhattan": {
      "pearson": 0.24017078797193891,
      "spearman": 0.30724754118907144
    }
  }
}