{
  "dataset_revision": null,
  "mteb_dataset_name": "InstructSTSBenchmark",
  "mteb_version": "1.1.2.dev0",
  "test": {
    "cos_sim": {
      "pearson": -0.037504589800407606,
      "spearman": -0.040789211296036125
    },
    "euclidean": {
      "pearson": -0.04657667346300296,
      "spearman": -0.046391204034537024
    },
    "evaluation_time": 0.12,
    "manhattan": {
      "pearson": -0.04620610179818643,
      "spearman": -0.04609700947560416
    }
  }
}