{
  "dataset_revision": "a0d554a64d88156834ff5ae9920b964011b16384",
  "mteb_dataset_name": "STS12",
  "mteb_version": "1.1.2.dev0",
  "test": {
    "cos_sim": {
      "pearson": 0.2338840819709221,
      "spearman": 0.3379553920148221
    },
    "euclidean": {
      "pearson": 0.2573237110498543,
      "spearman": 0.3642438606511026
    },
    "evaluation_time": 0.42,
    "manhattan": {
      "pearson": 0.3471410037945419,
      "spearman": 0.40004128919806814
    }
  }
}