{
  "dataset_revision": "b0fddb56ed78048fa8b90373c8a3cfc37b684831",
  "mteb_dataset_name": "STSBenchmark",
  "mteb_version": "1.1.2.dev0",
  "test": {
    "cos_sim": {
      "pearson": 0.17274970350901114,
      "spearman": 0.2095339744906449
    },
    "euclidean": {
      "pearson": 0.20689089573808264,
      "spearman": 0.21370952862231615
    },
    "evaluation_time": 0.07,
    "manhattan": {
      "pearson": 0.2074875965922235,
      "spearman": 0.21489931249018526
    }
  }
}