{
  "dataset_revision": "b0fddb56ed78048fa8b90373c8a3cfc37b684831",
  "mteb_dataset_name": "STSBenchmark",
  "mteb_version": "1.1.2.dev0",
  "test": {
    "cos_sim": {
      "pearson": 0.403757152900833,
      "spearman": 0.41028949647692686
    },
    "euclidean": {
      "pearson": 0.4052787555271939,
      "spearman": 0.41522973533132773
    },
    "evaluation_time": 0.03,
    "manhattan": {
      "pearson": 0.4102632579643324,
      "spearman": 0.4201738328129361
    }
  }
}