{
  "dataset_revision": "b0fddb56ed78048fa8b90373c8a3cfc37b684831",
  "mteb_dataset_name": "STSBenchmark",
  "mteb_version": "1.1.2.dev0",
  "test": {
    "cos_sim": {
      "pearson": 0.235093463607691,
      "spearman": 0.2808672938716928
    },
    "euclidean": {
      "pearson": 0.2635679718482712,
      "spearman": 0.27264507670448684
    },
    "evaluation_time": 0.07,
    "manhattan": {
      "pearson": 0.27145292821519823,
      "spearman": 0.28044834395648294
    }
  }
}