{
  "dataset_revision": "b0fddb56ed78048fa8b90373c8a3cfc37b684831",
  "mteb_dataset_name": "STSBenchmark",
  "mteb_version": "1.1.2.dev0",
  "test": {
    "cos_sim": {
      "pearson": 0.6839830110229177,
      "spearman": 0.680214528174215
    },
    "euclidean": {
      "pearson": 0.691832096770398,
      "spearman": 0.683055624677021
    },
    "evaluation_time": 0.07,
    "manhattan": {
      "pearson": 0.6973089814511053,
      "spearman": 0.6874289097399707
    }
  }
}