{
  "dataset_revision": "b0fddb56ed78048fa8b90373c8a3cfc37b684831",
  "mteb_dataset_name": "STSBenchmark",
  "mteb_version": "1.1.2.dev0",
  "test": {
    "cos_sim": {
      "pearson": 0.08320298928690736,
      "spearman": 0.06181856094844317
    },
    "euclidean": {
      "pearson": 0.0415689076793905,
      "spearman": 0.04266462586967915
    },
    "evaluation_time": 0.04,
    "manhattan": {
      "pearson": 0.07802003402151192,
      "spearman": 0.04395039758617823
    }
  }
}