{
  "dataset_revision": null,
  "mteb_dataset_name": "InstructSTSBenchmark",
  "mteb_version": "1.1.2.dev0",
  "test": {
    "cos_sim": {
      "pearson": 0.20957980964502826,
      "spearman": 0.24110838585054517
    },
    "euclidean": {
      "pearson": 0.19303004249525374,
      "spearman": 0.20493201782246936
    },
    "evaluation_time": 0.15,
    "manhattan": {
      "pearson": 0.1921855588186867,
      "spearman": 0.20468882912589006
    }
  }
}