{
  "dataset_revision": "a0d554a64d88156834ff5ae9920b964011b16384",
  "mteb_dataset_name": "STS12",
  "mteb_version": "1.1.2.dev0",
  "test": {
    "cos_sim": {
      "pearson": 0.7265103465448035,
      "spearman": 0.6378382991955626
    },
    "euclidean": {
      "pearson": 0.7106468798237983,
      "spearman": 0.6447512790057073
    },
    "evaluation_time": 0.39,
    "manhattan": {
      "pearson": 0.7117452388764666,
      "spearman": 0.645583076452264
    }
  }
}