{
  "dataset_revision": "b0fddb56ed78048fa8b90373c8a3cfc37b684831",
  "mteb_dataset_name": "STSBenchmark",
  "mteb_version": "1.1.2.dev0",
  "test": {
    "cos_sim": {
      "pearson": 0.7866262193448011,
      "spearman": 0.7746110845648408
    },
    "euclidean": {
      "pearson": 0.7827442450483698,
      "spearman": 0.7713525738906063
    },
    "evaluation_time": 0.06,
    "manhattan": {
      "pearson": 0.7832994022625431,
      "spearman": 0.7719408433654605
    }
  }
}