{
  "dataset_revision": null,
  "mteb_dataset_name": "InstructSTSBenchmark",
  "mteb_version": "1.1.2.dev0",
  "test": {
    "cos_sim": {
      "pearson": -0.002732251051331419,
      "spearman": -0.007211410129647437
    },
    "euclidean": {
      "pearson": 0.023154034601106946,
      "spearman": -0.02385480732902303
    },
    "evaluation_time": 0.11,
    "manhattan": {
      "pearson": -0.004721462563850328,
      "spearman": -0.028422565052189847
    }
  }
}