{
  "dataset_revision": "b0fddb56ed78048fa8b90373c8a3cfc37b684831",
  "mteb_dataset_name": "STSBenchmark",
  "mteb_version": "1.1.2.dev0",
  "test": {
    "cos_sim": {
      "pearson": 0.06579938423564881,
      "spearman": 0.12031442286352835
    },
    "euclidean": {
      "pearson": 0.07302812651348345,
      "spearman": 0.08871100519614727
    },
    "evaluation_time": 0.04,
    "manhattan": {
      "pearson": 0.07933154130188447,
      "spearman": 0.10595773089501692
    }
  }
}