{
  "dataset_revision": "b0fddb56ed78048fa8b90373c8a3cfc37b684831",
  "mteb_dataset_name": "STSBenchmark",
  "mteb_version": "1.1.2.dev0",
  "test": {
    "cos_sim": {
      "pearson": 0.17518144898761756,
      "spearman": 0.1546715061753168
    },
    "euclidean": {
      "pearson": 0.22561342870774515,
      "spearman": 0.1918164675496122
    },
    "evaluation_time": 0.07,
    "manhattan": {
      "pearson": 0.23293324477383617,
      "spearman": 0.19860552051425223
    }
  }
}