{
  "dataset_revision": "b0fddb56ed78048fa8b90373c8a3cfc37b684831",
  "mteb_dataset_name": "STSBenchmark",
  "mteb_version": "1.1.2.dev0",
  "test": {
    "cos_sim": {
      "pearson": 0.36411697438728435,
      "spearman": 0.387410234960693
    },
    "euclidean": {
      "pearson": 0.41072654149255977,
      "spearman": 0.4137186282238491
    },
    "evaluation_time": 0.05,
    "manhattan": {
      "pearson": 0.43312462095471566,
      "spearman": 0.43029184694449496
    }
  }
}