{
  "dataset_revision": null,
  "mteb_dataset_name": "InstructSTSBenchmark",
  "mteb_version": "1.1.2.dev0",
  "test": {
    "cos_sim": {
      "pearson": 0.0024044769458441933,
      "spearman": 0.011725429997842643
    },
    "euclidean": {
      "pearson": -0.07001352717429006,
      "spearman": -0.06412940577941237
    },
    "evaluation_time": 0.14,
    "manhattan": {
      "pearson": -0.06647624678139988,
      "spearman": -0.06073797091276837
    }
  }
}