{
    "test": {
        "NYTTopicClustering": 0.12054601911796574,
        "NYTLocationClustering": 0.08657882010642465,
        "harmonic_mean": 0.1007772240772099
    }
}