{
  "dataset_revision": "b0fddb56ed78048fa8b90373c8a3cfc37b684831",
  "mteb_dataset_name": "STSBenchmark",
  "mteb_version": "1.1.2.dev0",
  "test": {
    "cos_sim": {
      "pearson": 0.5463850816783531,
      "spearman": 0.542337887240558
    },
    "euclidean": {
      "pearson": 0.49516772016274013,
      "spearman": 0.5178318659459104
    },
    "evaluation_time": 43.79,
    "manhattan": {
      "pearson": 0.5471925662106287,
      "spearman": 0.5787539452464936
    }
  }
}