{
  "dataset_revision": "b0fddb56ed78048fa8b90373c8a3cfc37b684831",
  "mteb_dataset_name": "STSBenchmark",
  "mteb_version": "1.1.2.dev0",
  "test": {
    "cos_sim": {
      "pearson": 0.31318475573451193,
      "spearman": 0.3957055223375577
    },
    "euclidean": {
      "pearson": 0.40371274535973745,
      "spearman": 0.4286457663004284
    },
    "evaluation_time": 0.03,
    "manhattan": {
      "pearson": 0.4189127397815543,
      "spearman": 0.44162298323375515
    }
  }
}