{
  "dataset_revision": "b0fddb56ed78048fa8b90373c8a3cfc37b684831",
  "mteb_dataset_name": "STSBenchmark",
  "mteb_version": "1.1.2.dev0",
  "test": {
    "cos_sim": {
      "pearson": 0.04323893149104732,
      "spearman": 0.13448092723640612
    },
    "euclidean": {
      "pearson": 0.1201894609992349,
      "spearman": 0.11289632177276264
    },
    "evaluation_time": 0.04,
    "manhattan": {
      "pearson": 0.1926625449573487,
      "spearman": 0.12001978255112843
    }
  }
}