{
  "dataset_revision": null,
  "mteb_dataset_name": "InstructSTSBenchmark",
  "mteb_version": "1.1.2.dev0",
  "test": {
    "cos_sim": {
      "pearson": 0.2709002390150738,
      "spearman": 0.2730881547913088
    },
    "euclidean": {
      "pearson": 0.247628812925449,
      "spearman": 0.2225381507677163
    },
    "evaluation_time": 0.1,
    "manhattan": {
      "pearson": 0.24854724526214764,
      "spearman": 0.22415940874467974
    }
  }
}