{
  "dataset_revision": null,
  "mteb_dataset_name": "InstructSTSBenchmark",
  "mteb_version": "1.1.2.dev0",
  "test": {
    "cos_sim": {
      "pearson": 0.0047975687138438194,
      "spearman": 0.033256282000035706
    },
    "euclidean": {
      "pearson": 0.012393762678478878,
      "spearman": 0.033458483799595554
    },
    "evaluation_time": 0.12,
    "manhattan": {
      "pearson": 0.012311223415397244,
      "spearman": 0.03317339742969773
    }
  }
}