{
  "dataset_revision": "b0fddb56ed78048fa8b90373c8a3cfc37b684831",
  "mteb_dataset_name": "STSBenchmark",
  "mteb_version": "1.1.2.dev0",
  "test": {
    "cos_sim": {
      "pearson": 0.507719727042196,
      "spearman": 0.5610721539233293
    },
    "euclidean": {
      "pearson": 0.554405715505181,
      "spearman": 0.5648793297544179
    },
    "evaluation_time": 0.21,
    "manhattan": {
      "pearson": 0.5562121623234195,
      "spearman": 0.5658625185748671
    }
  }
}