{
  "dataset_revision": null,
  "mteb_dataset_name": "InstructSTSBenchmark",
  "mteb_version": "1.1.2.dev0",
  "test": {
    "cos_sim": {
      "pearson": 0.22924529227471954,
      "spearman": 0.21544013761351624
    },
    "euclidean": {
      "pearson": 0.2226858148657408,
      "spearman": 0.16830707143828924
    },
    "evaluation_time": 0.11,
    "manhattan": {
      "pearson": 0.2232468430305521,
      "spearman": 0.16938730287687273
    }
  }
}