{
  "dataset_revision": "b0fddb56ed78048fa8b90373c8a3cfc37b684831",
  "mteb_dataset_name": "STSBenchmark",
  "mteb_version": "1.1.2.dev0",
  "test": {
    "cos_sim": {
      "pearson": 0.3387304296234031,
      "spearman": 0.34254064455426053
    },
    "euclidean": {
      "pearson": 0.33159576287118186,
      "spearman": 0.32937610665455536
    },
    "evaluation_time": 0.04,
    "manhattan": {
      "pearson": 0.3309460768907971,
      "spearman": 0.32884040489369887
    }
  }
}