{
  "dataset_revision": "b0fddb56ed78048fa8b90373c8a3cfc37b684831",
  "mteb_dataset_name": "STSBenchmark",
  "mteb_version": "1.1.2.dev0",
  "test": {
    "cos_sim": {
      "pearson": 0.08974851139979496,
      "spearman": 0.21529888184065551
    },
    "euclidean": {
      "pearson": 0.13656016293638618,
      "spearman": 0.2158156912029904
    },
    "evaluation_time": 0.04,
    "manhattan": {
      "pearson": 0.3597039545138547,
      "spearman": 0.3790965767321514
    }
  }
}