{
  "dataset_revision": "b0fddb56ed78048fa8b90373c8a3cfc37b684831",
  "mteb_dataset_name": "STSBenchmark",
  "mteb_version": "1.1.2.dev0",
  "test": {
    "cos_sim": {
      "pearson": 0.3002848614576878,
      "spearman": 0.26216999910996247
    },
    "euclidean": {
      "pearson": 0.3140261984159289,
      "spearman": 0.25066278239510725
    },
    "evaluation_time": 0.04,
    "manhattan": {
      "pearson": 0.3141281447084293,
      "spearman": 0.25039694486547426
    }
  }
}