{
  "dataset_revision": "b0fddb56ed78048fa8b90373c8a3cfc37b684831",
  "mteb_dataset_name": "STSBenchmark",
  "mteb_version": "1.1.2.dev0",
  "test": {
    "cos_sim": {
      "pearson": 0.5226489070529392,
      "spearman": 0.5470059691585625
    },
    "euclidean": {
      "pearson": 0.5878344700488372,
      "spearman": 0.5851555696990279
    },
    "evaluation_time": 0.05,
    "manhattan": {
      "pearson": 0.5954356321724159,
      "spearman": 0.5919705856482738
    }
  }
}