{
  "dataset_revision": "b0fddb56ed78048fa8b90373c8a3cfc37b684831",
  "mteb_dataset_name": "STSBenchmark",
  "mteb_version": "1.1.2.dev0",
  "test": {
    "cos_sim": {
      "pearson": 0.10468846851923283,
      "spearman": 0.1876413295127049
    },
    "euclidean": {
      "pearson": 0.15599118959337613,
      "spearman": 0.21392158792562357
    },
    "evaluation_time": 0.04,
    "manhattan": {
      "pearson": 0.1977426436219904,
      "spearman": 0.24343616468595303
    }
  }
}