{
  "dataset_revision": "b0fddb56ed78048fa8b90373c8a3cfc37b684831",
  "mteb_dataset_name": "STSBenchmark",
  "mteb_version": "1.1.2.dev0",
  "test": {
    "cos_sim": {
      "pearson": 0.29348582555448255,
      "spearman": 0.38566552851544217
    },
    "euclidean": {
      "pearson": 0.37471017091452336,
      "spearman": 0.41599050732846027
    },
    "evaluation_time": 0.09,
    "manhattan": {
      "pearson": 0.46617484199706527,
      "spearman": 0.5138842943210232
    }
  }
}