{
  "dataset_revision": "b0fddb56ed78048fa8b90373c8a3cfc37b684831",
  "mteb_dataset_name": "STSBenchmark",
  "mteb_version": "1.1.2.dev0",
  "test": {
    "cos_sim": {
      "pearson": 0.22710932470086206,
      "spearman": 0.2342836310659043
    },
    "euclidean": {
      "pearson": 0.10435759855043175,
      "spearman": 0.2120528098956333
    },
    "evaluation_time": 0.06,
    "manhattan": {
      "pearson": 0.24175042466706592,
      "spearman": 0.22545119090208154
    }
  }
}