{
  "dataset_revision": "b0fddb56ed78048fa8b90373c8a3cfc37b684831",
  "mteb_dataset_name": "STSBenchmark",
  "mteb_version": "1.1.2.dev0",
  "test": {
    "cos_sim": {
      "pearson": 0.09228830507548358,
      "spearman": 0.12192551006410554
    },
    "euclidean": {
      "pearson": 0.11653060080396761,
      "spearman": 0.1257205118824311
    },
    "evaluation_time": 0.09,
    "manhattan": {
      "pearson": 0.11591224414592444,
      "spearman": 0.12362602140030286
    }
  }
}