{
  "dataset_revision": "b0fddb56ed78048fa8b90373c8a3cfc37b684831",
  "mteb_dataset_name": "STSBenchmark",
  "mteb_version": "1.1.2.dev0",
  "test": {
    "cos_sim": {
      "pearson": 0.1720983997631578,
      "spearman": 0.2355989793580965
    },
    "euclidean": {
      "pearson": 0.21360944929952672,
      "spearman": 0.21403140024342596
    },
    "evaluation_time": 0.05,
    "manhattan": {
      "pearson": 0.2229094558085092,
      "spearman": 0.19972628076967475
    }
  }
}