{
  "dataset_revision": "a0d554a64d88156834ff5ae9920b964011b16384",
  "mteb_dataset_name": "STS12",
  "mteb_version": "1.1.2.dev0",
  "test": {
    "cos_sim": {
      "pearson": 0.46868066914081563,
      "spearman": 0.44539207316945567
    },
    "euclidean": {
      "pearson": 0.4688355430446544,
      "spearman": 0.416104774685362
    },
    "evaluation_time": 184.92,
    "manhattan": {
      "pearson": 0.5301235989265844,
      "spearman": 0.45397377012982926
    }
  }
}