{
  "dataset_revision": "b0fddb56ed78048fa8b90373c8a3cfc37b684831",
  "mteb_dataset_name": "STSBenchmark",
  "mteb_version": "1.1.2.dev0",
  "test": {
    "cos_sim": {
      "pearson": 0.5237108520402232,
      "spearman": 0.554397736742869
    },
    "euclidean": {
      "pearson": 0.5286036720976803,
      "spearman": 0.5324958717942686
    },
    "evaluation_time": 81.29,
    "manhattan": {
      "pearson": 0.5954642723850949,
      "spearman": 0.5863685812254433
    }
  }
}