{
  "dataset_revision": "b0fddb56ed78048fa8b90373c8a3cfc37b684831",
  "mteb_dataset_name": "STSBenchmark",
  "mteb_version": "1.1.2.dev0",
  "test": {
    "cos_sim": {
      "pearson": 0.07072376449167592,
      "spearman": 0.08929573778467541
    },
    "euclidean": {
      "pearson": 0.09093186092855199,
      "spearman": 0.10510104822176977
    },
    "evaluation_time": 0.05,
    "manhattan": {
      "pearson": 0.10386701853992614,
      "spearman": 0.11761247324306319
    }
  }
}