{
  "dataset_revision": null,
  "mteb_dataset_name": "InstructSTSBenchmark",
  "mteb_version": "1.1.2.dev0",
  "test": {
    "cos_sim": {
      "pearson": -0.0532228321225919,
      "spearman": -0.0393977411443507
    },
    "euclidean": {
      "pearson": -0.12978800417596695,
      "spearman": -0.11120326870473703
    },
    "evaluation_time": 0.11,
    "manhattan": {
      "pearson": -0.13192173989329223,
      "spearman": -0.11419348777123757
    }
  }
}