{
  "dataset_revision": "b0fddb56ed78048fa8b90373c8a3cfc37b684831",
  "mteb_dataset_name": "STSBenchmark",
  "mteb_version": "1.1.2.dev0",
  "test": {
    "cos_sim": {
      "pearson": 0.09260608140951326,
      "spearman": 0.05992673594503286
    },
    "euclidean": {
      "pearson": 0.11021773238290346,
      "spearman": 0.08004985804895204
    },
    "evaluation_time": 0.06,
    "manhattan": {
      "pearson": 0.11531736149160189,
      "spearman": 0.0891283528348642
    }
  }
}