{
  "dataset_revision": null,
  "mteb_dataset_name": "FeedbacksClustering",
  "mteb_version": "1.1.2.dev0",
  "test": {
    "correct_instructions": [
      0.21149108199346003,
      0.2957890039310869,
      0.30836230575501306,
      0.21637358252491098,
      0.3814074451111482,
      0.31225792005995856,
      0.20435296152339757,
      0.32837651486223385,
      0.20084964986197898,
      0.20696827231824044
    ],
    "dci": 0.015104133195089464,
    "dii": 0.03358499274948451,
    "implicit_instructions": [
      0.29045325323337134,
      0.25595441864128327,
      0.26251791181743805,
      0.3583819744028261,
      0.3655169277194687,
      0.26904563446502744,
      0.3216172914544556,
      0.2525098210996808,
      0.21933050941637403,
      0.24542304711503
    ],
    "incorrect_instructions": [
      0.10409315685057277,
      0.15323799455715265,
      0.08412982778204622,
      0.1705384605269717,
      0.08621798636658179,
      0.18574551666688952,
      0.07303478810448934,
      0.1725484382811616,
      0.14355824146573207,
      0.08355976149319055
    ]
  }
}