{
  "dataset_revision": null,
  "mteb_dataset_name": "FewNerdClustering",
  "mteb_version": "1.1.2.dev0",
  "test": {
    "correct_instructions": [
      0.43810327273710786,
      0.4345943411719157,
      0.427177572400161,
      0.4074281950156936,
      0.4213818064115006,
      0.4256238437874225,
      0.4417649810921683,
      0.42815026295940106,
      0.41555935566386043,
      0.40293782753842844
    ],
    "dci": -0.0037139795230959893,
    "dii": 0.0022311697860989965,
    "implicit_instructions": [
      0.4133540523890051,
      0.43697924871486077,
      0.4416554171548233,
      0.4472521643130041,
      0.44683722303469786,
      0.42672332838388227,
      0.4088829768476234,
      0.4356174318313253,
      0.4423830353515101,
      0.43320544745846795
    ],
    "incorrect_instructions": [
      0.3811783311562158,
      0.40665180706152443,
      0.3824538627950641,
      0.33964674489969304,
      0.40087436535024246,
      0.3878688214705578,
      0.3797833213477266,
      0.38707093962691963,
      0.3772199402621709,
      0.31446753193775684
    ]
  }
}