{
  "dataset_revision": null,
  "mteb_dataset_name": "FewRelClustering",
  "mteb_version": "1.1.2.dev0",
  "test": {
    "correct_instructions": [
      0.5891839573809596,
      0.5559304422532327,
      0.5739236175598765,
      0.5599197330587349,
      0.5602367083342883,
      0.5677329464204411,
      0.5657131102509946,
      0.554236998333316,
      0.5875317158865798,
      0.548532302255995
    ],
    "dci": -0.0011641734950663674,
    "dii": -0.019309653665774862,
    "implicit_instructions": [
      0.5379049067557057,
      0.5605352021206751,
      0.5450602648171703,
      0.5303868220852865,
      0.5554324410224477,
      0.5656118084672228,
      0.5520421959487044,
      0.5442636349757893,
      0.5434310254423442,
      0.5310528495059476
    ],
    "incorrect_instructions": [
      0.5306567048411326,
      0.5118029959810352,
      0.4741554488286144,
      0.5100608614464311,
      0.5458136380476841,
      0.5387747173962917,
      0.4667242528142902,
      0.5221741961154407,
      0.5220763540538709,
      0.5496964757510614
    ]
  }
}