{
  "dataset_revision": null,
  "mteb_dataset_name": "NYTTopicClustering",
  "mteb_version": "1.1.2.dev0",
  "test": {
    "correct_instructions": [
      0.3381331466682695,
      0.37420287759789256,
      0.3603169903746148,
      0.3765555182505082,
      0.389226509102544,
      0.38757746426379347,
      0.40245959977380175,
      0.39406917158895216,
      0.3725191022162527,
      0.3228705182176567
    ],
    "dci": -0.0671090972119236,
    "dii": -0.06522048372950295,
    "implicit_instructions": [
      0.3844037834311224,
      0.38719599508060754,
      0.3835056964516551,
      0.4312860673024649,
      0.32475913170007736,
      0.35005905824520606,
      0.3873441134310178,
      0.34817954474827045,
      0.3635365683557006,
      0.35575750081699414
    ],
    "incorrect_instructions": [
      0.3521172913614945,
      0.3255338060050802,
      0.3899796154295803,
      0.30569594109361825,
      0.33577131391703635,
      0.37416665356387147,
      0.31910224420255534,
      0.37718627049173487,
      0.3463899721185181,
      0.34484709868747315
    ]
  }
}