{
  "dataset_revision": null,
  "mteb_dataset_name": "RateMyProfClustering",
  "mteb_version": "1.1.2.dev0",
  "test": {
    "correct_instructions": [
      0.05522850489028313,
      0.02587508238845828,
      0.02001300541220188,
      0.052536942907286416,
      0.028688854928362068,
      0.047275430426053734,
      0.04385682938365115,
      0.05776998177050749,
      0.04156555009526129,
      0.023697962594960348
    ],
    "dci": -0.027271218838041133,
    "dii": -0.025507356473870715,
    "implicit_instructions": [
      0.04922870472939981,
      0.06030832128458971,
      0.0497271236404239,
      0.03707646583425701,
      0.03272707088665117,
      0.04509498426247946,
      0.021776867776372298,
      0.06091825937901684,
      0.04770438294927817,
      0.056441453608805994
    ],
    "incorrect_instructions": [
      0.014836605099239505,
      0.014012328142156355,
      0.04031311323497547,
      0.015210169643429512,
      0.014076538702202813,
      0.047284224250243014,
      0.03339190194331713,
      0.03183030356045576,
      0.00813483515516228,
      0.023536498332536192
    ]
  }
}