{
    "test": {
        "NYTTopicClustering": 0.015011702346758807,
        "NYTLocationClustering": 0.06492955873526372,
        "harmonic_mean": 0.024385498842651843
    }
}