{
  "dataset_revision": null,
  "mteb_dataset_name": "InstructSTSBenchmark",
  "mteb_version": "1.1.2.dev0",
  "test": {
    "cos_sim": {
      "pearson": -0.08816243228542225,
      "spearman": -0.07375539799979762
    },
    "euclidean": {
      "pearson": -0.10854662310602274,
      "spearman": -0.08737624137039843
    },
    "evaluation_time": 0.08,
    "manhattan": {
      "pearson": -0.097302572227766,
      "spearman": -0.08587065741741876
    }
  }
}