{
  "dataset_revision": "b0fddb56ed78048fa8b90373c8a3cfc37b684831",
  "mteb_dataset_name": "STSBenchmark",
  "mteb_version": "1.1.2.dev0",
  "test": {
    "cos_sim": {
      "pearson": 0.368993390300297,
      "spearman": 0.3954570309238853
    },
    "euclidean": {
      "pearson": 0.37956632942217555,
      "spearman": 0.3935016829499008
    },
    "evaluation_time": 0.06,
    "manhattan": {
      "pearson": 0.44010953395993174,
      "spearman": 0.43897458858470306
    }
  }
}