{
  "dataset_revision": null,
  "mteb_dataset_name": "InstructSTSBenchmark",
  "mteb_version": "1.1.2.dev0",
  "test": {
    "cos_sim": {
      "pearson": 0.056650946157840866,
      "spearman": 0.06363620156560534
    },
    "euclidean": {
      "pearson": -0.1235810400875469,
      "spearman": -0.10326183707488072
    },
    "evaluation_time": 0.1,
    "manhattan": {
      "pearson": -0.015255044130079668,
      "spearman": -0.012134387302300808
    }
  }
}