{
  "dataset_revision": "b0fddb56ed78048fa8b90373c8a3cfc37b684831",
  "mteb_dataset_name": "STSBenchmark",
  "mteb_version": "1.1.2.dev0",
  "test": {
    "cos_sim": {
      "pearson": 0.4702787393125156,
      "spearman": 0.4799828473541815
    },
    "euclidean": {
      "pearson": 0.4907417945573997,
      "spearman": 0.49681025650883237
    },
    "evaluation_time": 0.03,
    "manhattan": {
      "pearson": 0.49916350276616706,
      "spearman": 0.5026753425343304
    }
  }
}