{
  "dataset_revision": "b0fddb56ed78048fa8b90373c8a3cfc37b684831",
  "mteb_dataset_name": "STSBenchmark",
  "mteb_version": "1.1.2.dev0",
  "test": {
    "cos_sim": {
      "pearson": 0.08090474604368303,
      "spearman": 0.1991678815347821
    },
    "euclidean": {
      "pearson": 0.11755001357701311,
      "spearman": 0.20273596156345722
    },
    "evaluation_time": 0.05,
    "manhattan": {
      "pearson": 0.2099776520436302,
      "spearman": 0.25891727936069375
    }
  }
}