{
  "dataset_revision": null,
  "mteb_dataset_name": "InstructSTSBenchmark",
  "mteb_version": "1.1.2.dev0",
  "test": {
    "cos_sim": {
      "pearson": -0.02906828996165645,
      "spearman": -0.03375659094350668
    },
    "euclidean": {
      "pearson": -0.10399839903694186,
      "spearman": -0.09124631165053931
    },
    "evaluation_time": 0.11,
    "manhattan": {
      "pearson": -0.09737308780842316,
      "spearman": -0.082532505435151
    }
  }
}