{
  "dataset_revision": "b0fddb56ed78048fa8b90373c8a3cfc37b684831",
  "mteb_dataset_name": "STSBenchmark",
  "mteb_version": "1.1.2.dev0",
  "test": {
    "cos_sim": {
      "pearson": 0.40756547901200574,
      "spearman": 0.42659747179649443
    },
    "euclidean": {
      "pearson": 0.27132865344978047,
      "spearman": 0.3059800056677592
    },
    "evaluation_time": 0.08,
    "manhattan": {
      "pearson": 0.4696916725336314,
      "spearman": 0.462221387609682
    }
  }
}