{
  "dataset_revision": "b0fddb56ed78048fa8b90373c8a3cfc37b684831",
  "mteb_dataset_name": "STSBenchmark",
  "mteb_version": "1.1.2.dev0",
  "test": {
    "cos_sim": {
      "pearson": 0.18972955632723784,
      "spearman": 0.2534899923378833
    },
    "euclidean": {
      "pearson": 0.21196350787136106,
      "spearman": 0.25481507841463474
    },
    "evaluation_time": 0.04,
    "manhattan": {
      "pearson": 0.22514948593306824,
      "spearman": 0.2551435441046862
    }
  }
}