{
  "dataset_revision": "b0fddb56ed78048fa8b90373c8a3cfc37b684831",
  "mteb_dataset_name": "STSBenchmark",
  "mteb_version": "1.1.2.dev0",
  "test": {
    "cos_sim": {
      "pearson": 0.7124533241738973,
      "spearman": 0.7209272110722973
    },
    "euclidean": {
      "pearson": 0.7293158421208122,
      "spearman": 0.7207716817540584
    },
    "evaluation_time": 0.03,
    "manhattan": {
      "pearson": 0.732129133677913,
      "spearman": 0.7234532986494895
    }
  }
}