{
  "dataset_revision": "b0fddb56ed78048fa8b90373c8a3cfc37b684831",
  "mteb_dataset_name": "STSBenchmark",
  "mteb_version": "1.1.2.dev0",
  "test": {
    "cos_sim": {
      "pearson": 0.3398554881508399,
      "spearman": 0.36816163264843027
    },
    "euclidean": {
      "pearson": 0.3890804293630666,
      "spearman": 0.394247568088001
    },
    "evaluation_time": 0.03,
    "manhattan": {
      "pearson": 0.4095614418697831,
      "spearman": 0.4085944878595743
    }
  }
}