{
  "dataset_revision": "b0fddb56ed78048fa8b90373c8a3cfc37b684831",
  "mteb_dataset_name": "STSBenchmark",
  "mteb_version": "1.1.2.dev0",
  "test": {
    "cos_sim": {
      "pearson": 0.324405620215994,
      "spearman": 0.4593702624456352
    },
    "euclidean": {
      "pearson": 0.4264143677908112,
      "spearman": 0.4859518552034346
    },
    "evaluation_time": 0.26,
    "manhattan": {
      "pearson": 0.44256945624688443,
      "spearman": 0.4943979338468383
    }
  }
}