{
  "dataset_revision": "b0fddb56ed78048fa8b90373c8a3cfc37b684831",
  "mteb_dataset_name": "STSBenchmark",
  "mteb_version": "1.1.2.dev0",
  "test": {
    "cos_sim": {
      "pearson": 0.33167467258214284,
      "spearman": 0.4147474158310458
    },
    "euclidean": {
      "pearson": 0.38694643670855,
      "spearman": 0.41442271856396723
    },
    "evaluation_time": 0.03,
    "manhattan": {
      "pearson": 0.3880299204174256,
      "spearman": 0.41636790021692405
    }
  }
}