{
  "dataset_revision": "b0fddb56ed78048fa8b90373c8a3cfc37b684831",
  "mteb_dataset_name": "STSBenchmark",
  "mteb_version": "1.1.2.dev0",
  "test": {
    "cos_sim": {
      "pearson": 0.3278152088520635,
      "spearman": 0.2969844465542129
    },
    "euclidean": {
      "pearson": 0.3456865457137068,
      "spearman": 0.2920201886267327
    },
    "evaluation_time": 0.06,
    "manhattan": {
      "pearson": 0.34591662964811576,
      "spearman": 0.29187975779446346
    }
  }
}