{
  "dataset_revision": "b0fddb56ed78048fa8b90373c8a3cfc37b684831",
  "mteb_dataset_name": "STSBenchmark",
  "mteb_version": "1.1.2.dev0",
  "test": {
    "cos_sim": {
      "pearson": 0.1777363808074738,
      "spearman": 0.2694058886946122
    },
    "euclidean": {
      "pearson": 0.0998345735408679,
      "spearman": 0.10350072094438768
    },
    "evaluation_time": 0.06,
    "manhattan": {
      "pearson": 0.2647285300222932,
      "spearman": 0.29709952340199935
    }
  }
}