{
  "dataset_revision": "b0fddb56ed78048fa8b90373c8a3cfc37b684831",
  "mteb_dataset_name": "STSBenchmark",
  "mteb_version": "1.1.2.dev0",
  "test": {
    "cos_sim": {
      "pearson": 0.11843289442341637,
      "spearman": 0.2223457026843928
    },
    "euclidean": {
      "pearson": 0.16109280700930248,
      "spearman": 0.23171834418614548
    },
    "evaluation_time": 0.04,
    "manhattan": {
      "pearson": 0.2500096119620109,
      "spearman": 0.29237355291442185
    }
  }
}