{
  "dataset_revision": "b0fddb56ed78048fa8b90373c8a3cfc37b684831",
  "mteb_dataset_name": "STSBenchmark",
  "mteb_version": "1.1.2.dev0",
  "test": {
    "cos_sim": {
      "pearson": 0.04102962086693965,
      "spearman": 0.1574388223968493
    },
    "euclidean": {
      "pearson": 0.1041841978457631,
      "spearman": 0.18519712245162404
    },
    "evaluation_time": 0.03,
    "manhattan": {
      "pearson": 0.16419507165096847,
      "spearman": 0.23720870351613374
    }
  }
}