{
  "dataset_revision": "b0fddb56ed78048fa8b90373c8a3cfc37b684831",
  "mteb_dataset_name": "STSBenchmark",
  "mteb_version": "1.1.2.dev0",
  "test": {
    "cos_sim": {
      "pearson": 0.17486306883424318,
      "spearman": 0.25993384450131507
    },
    "euclidean": {
      "pearson": 0.2100348527005506,
      "spearman": 0.2558674193534415
    },
    "evaluation_time": 0.04,
    "manhattan": {
      "pearson": 0.26238304525605777,
      "spearman": 0.27354270157668026
    }
  }
}