{
  "dataset_revision": "b0fddb56ed78048fa8b90373c8a3cfc37b684831",
  "mteb_dataset_name": "STSBenchmark",
  "mteb_version": "1.1.2.dev0",
  "test": {
    "cos_sim": {
      "pearson": 0.023611839597448444,
      "spearman": 0.07166447970803404
    },
    "euclidean": {
      "pearson": 0.039341856680884545,
      "spearman": 0.051195370570134846
    },
    "evaluation_time": 0.04,
    "manhattan": {
      "pearson": 0.04740070142872741,
      "spearman": 0.06388275243862453
    }
  }
}