{
  "dataset_revision": "b0fddb56ed78048fa8b90373c8a3cfc37b684831",
  "mteb_dataset_name": "STSBenchmark",
  "mteb_version": "1.1.2.dev0",
  "test": {
    "cos_sim": {
      "pearson": 0.1395488511464289,
      "spearman": 0.19845252725103618
    },
    "euclidean": {
      "pearson": 0.16811279467957047,
      "spearman": 0.1983938783308438
    },
    "evaluation_time": 0.03,
    "manhattan": {
      "pearson": 0.17080520277756606,
      "spearman": 0.2005446585688687
    }
  }
}