{
  "dataset_revision": "b0fddb56ed78048fa8b90373c8a3cfc37b684831",
  "mteb_dataset_name": "STSBenchmark",
  "mteb_version": "1.1.2.dev0",
  "test": {
    "cos_sim": {
      "pearson": 0.5060154523716834,
      "spearman": 0.5492683068340842
    },
    "euclidean": {
      "pearson": 0.5354743848695884,
      "spearman": 0.548989616505596
    },
    "evaluation_time": 0.03,
    "manhattan": {
      "pearson": 0.5371806854110888,
      "spearman": 0.5505184697857766
    }
  }
}