{
  "dataset_revision": null,
  "mteb_dataset_name": "NYTTopicClustering",
  "mteb_version": "1.1.2.dev0",
  "test": {
    "correct_instructions": [
      0.10774296944639684,
      0.3059696130104592,
      0.09625407352435633,
      0.06099937867090433,
      0.2609414997329437,
      0.09413643319355554,
      0.09300467881362688,
      0.07349228823183947,
      0.11353082876510351,
      0.17664760784612896
    ],
    "dci": -0.09084443546416643,
    "dii": -0.12006988407799232,
    "implicit_instructions": [
      0.07042113453837061,
      0.03820938090807565,
      0.031773930057078424,
      0.06969611639778221,
      0.12624093947192416,
      0.06740812805941758,
      0.03193112749580614,
      0.12633332667440517,
      0.07694525253647357,
      0.03445772326868537
    ],
    "incorrect_instructions": [
      0.08210965711930175,
      0.1006058817456003,
      0.018530206945462025,
      0.06688684089969715,
      0.025254937946205962,
      0.03840997634301412,
      0.15184381413507075,
      0.0891788809475711,
      0.04895142590273557,
      0.021873849609193908
    ]
  }
}