{
  "dataset_revision": "b0fddb56ed78048fa8b90373c8a3cfc37b684831",
  "mteb_dataset_name": "STSBenchmark",
  "mteb_version": "1.1.2.dev0",
  "test": {
    "cos_sim": {
      "pearson": 0.5830817256198294,
      "spearman": 0.6121903833153496
    },
    "euclidean": {
      "pearson": 0.612267348150961,
      "spearman": 0.6125432148937964
    },
    "evaluation_time": 0.03,
    "manhattan": {
      "pearson": 0.6207088752701628,
      "spearman": 0.6192912297064267
    }
  }
}