{
  "dataset_revision": "b0fddb56ed78048fa8b90373c8a3cfc37b684831",
  "mteb_dataset_name": "STSBenchmark",
  "mteb_version": "1.1.2.dev0",
  "test": {
    "cos_sim": {
      "pearson": 0.13122917719984664,
      "spearman": 0.11598307446899453
    },
    "euclidean": {
      "pearson": 0.17785103231665383,
      "spearman": 0.13981801234418462
    },
    "evaluation_time": 0.08,
    "manhattan": {
      "pearson": 0.18228459795061977,
      "spearman": 0.14067531489545604
    }
  }
}