{
  "dataset_revision": "b0fddb56ed78048fa8b90373c8a3cfc37b684831",
  "mteb_dataset_name": "STSBenchmark",
  "mteb_version": "1.1.2.dev0",
  "test": {
    "cos_sim": {
      "pearson": 0.07341391691747211,
      "spearman": 0.11873791374760334
    },
    "euclidean": {
      "pearson": 0.09772566703416057,
      "spearman": 0.11847216272180994
    },
    "evaluation_time": 0.03,
    "manhattan": {
      "pearson": 0.13789952031402003,
      "spearman": 0.15172201010487799
    }
  }
}