{
  "dataset_revision": null,
  "mteb_dataset_name": "InstructSTSBenchmark",
  "mteb_version": "1.1.2.dev0",
  "test": {
    "cos_sim": {
      "pearson": -0.028688637012555664,
      "spearman": -0.02657041456202371
    },
    "euclidean": {
      "pearson": -0.024570932194522235,
      "spearman": -0.02347818364277469
    },
    "evaluation_time": 0.15,
    "manhattan": {
      "pearson": -0.02457207711141304,
      "spearman": -0.023429454818192603
    }
  }
}