{
    "test": {
        "NYTTopicClustering": 0.2301086568384067,
        "NYTLocationClustering": 0.20401562050251235,
        "harmonic_mean": 0.21627798783288768
    }
}