{
  "dataset_revision": "b0fddb56ed78048fa8b90373c8a3cfc37b684831",
  "mteb_dataset_name": "STSBenchmark",
  "mteb_version": "1.1.2.dev0",
  "test": {
    "cos_sim": {
      "pearson": 0.2124577530817582,
      "spearman": 0.2619504202884157
    },
    "euclidean": {
      "pearson": 0.2690063232524154,
      "spearman": 0.27753729409192623
    },
    "evaluation_time": 0.08,
    "manhattan": {
      "pearson": 0.2742862124417043,
      "spearman": 0.28317781668612174
    }
  }
}