{
  "dataset_revision": null,
  "mteb_dataset_name": "InstructSTSBenchmark",
  "mteb_version": "1.1.2.dev0",
  "test": {
    "cos_sim": {
      "pearson": 0.1837611985971595,
      "spearman": 0.18183728899322849
    },
    "euclidean": {
      "pearson": 0.1894531344093599,
      "spearman": 0.17634960398693372
    },
    "evaluation_time": 0.12,
    "manhattan": {
      "pearson": 0.18902171142741006,
      "spearman": 0.1755134720639829
    }
  }
}