{
  "dataset_revision": "b0fddb56ed78048fa8b90373c8a3cfc37b684831",
  "mteb_dataset_name": "STSBenchmark",
  "mteb_version": "1.1.2.dev0",
  "test": {
    "cos_sim": {
      "pearson": 0.24724583295067895,
      "spearman": 0.29270135822766913
    },
    "euclidean": {
      "pearson": 0.2795682237253858,
      "spearman": 0.29333834877065257
    },
    "evaluation_time": 0.04,
    "manhattan": {
      "pearson": 0.27043467968850804,
      "spearman": 0.2835657863249634
    }
  }
}