{
  "dataset_revision": "b0fddb56ed78048fa8b90373c8a3cfc37b684831",
  "mteb_dataset_name": "STSBenchmark",
  "mteb_version": "1.1.2.dev0",
  "test": {
    "cos_sim": {
      "pearson": 0.20301725241480498,
      "spearman": 0.25908304996556025
    },
    "euclidean": {
      "pearson": 0.10369745771399802,
      "spearman": 0.11785280911314092
    },
    "evaluation_time": 0.07,
    "manhattan": {
      "pearson": 0.40228356505382395,
      "spearman": 0.4138835645170966
    }
  }
}