{
    "dataset_revision": null,
    "mteb_dataset_name": "IntentEmotion",
    "mteb_version": "1.1.2.dev0",
    "test": {
        "Emotion_success_rate": 0.9918831168831169,
        "Intent_success_rate": 0.058766233766233765,
        "evaluation_time": 0.54,
        "harmonic_mean": 0.11095851242170722
    }
}