{
  "dataset_revision": "b0fddb56ed78048fa8b90373c8a3cfc37b684831",
  "mteb_dataset_name": "STSBenchmark",
  "mteb_version": "1.1.2.dev0",
  "test": {
    "cos_sim": {
      "pearson": 0.3533847535424036,
      "spearman": 0.46358761146081123
    },
    "euclidean": {
      "pearson": 0.4288574298650433,
      "spearman": 0.4681322810723199
    },
    "evaluation_time": 0.08,
    "manhattan": {
      "pearson": 0.4308200799813664,
      "spearman": 0.46976839542134086
    }
  }
}