{
  "dataset_revision": "b0fddb56ed78048fa8b90373c8a3cfc37b684831",
  "mteb_dataset_name": "STSBenchmark",
  "mteb_version": "1.1.2.dev0",
  "test": {
    "cos_sim": {
      "pearson": 0.20281148104585128,
      "spearman": 0.25249269352283554
    },
    "euclidean": {
      "pearson": 0.32537025369753125,
      "spearman": 0.3262099259530822
    },
    "evaluation_time": 0.26,
    "manhattan": {
      "pearson": 0.3606100484920275,
      "spearman": 0.3572591583385872
    }
  }
}