{
  "dataset_revision": "b0fddb56ed78048fa8b90373c8a3cfc37b684831",
  "mteb_dataset_name": "STSBenchmark",
  "mteb_version": "1.1.2.dev0",
  "test": {
    "cos_sim": {
      "pearson": 0.17574897641669127,
      "spearman": 0.3665470704444068
    },
    "euclidean": {
      "pearson": 0.23194884300305502,
      "spearman": 0.3865248859241586
    },
    "evaluation_time": 0.03,
    "manhattan": {
      "pearson": 0.23415239957723405,
      "spearman": 0.38903316825866574
    }
  }
}