{
  "dataset_revision": null,
  "mteb_dataset_name": "FeedbacksClustering",
  "mteb_version": "1.1.2.dev0",
  "test": {
    "correct_instructions": [
      0.008979066195223418,
      0.06590184252646357,
      0.05906551895912925,
      0.0335432880912783,
      0.004398937941219297,
      0.07618353694079087,
      0.009084917785512354,
      0.0017226978883944778,
      0.04959701338059595,
      0.02559640239202692
    ],
    "dci": -0.04159638326173184,
    "dii": -0.003082464369773219,
    "implicit_instructions": [
      0.0402366167803531,
      0.10471553552898098,
      0.17525077023862734,
      0.05930284215477552,
      0.17698808498868346,
      0.12565245168704048,
      0.04371774237741343,
      0.10914791820708288,
      0.04525679241367756,
      0.06604526588536336
    ],
    "incorrect_instructions": [
      0.0037691519858440623,
      0.01798166137785869,
      0.043319081150126316,
      0.009928769467021061,
      0.018769907752743665,
      0.013874189210595257,
      0.0032153098737075854,
      0.02952500492062151,
      0.009456563819758665,
      0.01720361126546258
    ]
  }
}