{
  "dataset_revision": null,
  "mteb_dataset_name": "FewEventClustering",
  "mteb_version": "1.1.2.dev0",
  "test": {
    "correct_instructions": [
      0.44042500227560016,
      0.42457985119011765,
      0.4133711421640189,
      0.46146153073106894,
      0.3677685337626637,
      0.43390322332777737,
      0.4798513968652822,
      0.46578349131537156,
      0.40749848055952004,
      0.4424596793619797
    ],
    "dci": -0.10259694644270151,
    "dii": -0.061965533353542324,
    "implicit_instructions": [
      0.45436060194869543,
      0.4234286220067293,
      0.43609132974429404,
      0.4307550881679992,
      0.4179608368902792,
      0.43217751228838364,
      0.4769362467722374,
      0.4083999468518229,
      0.43455792486090916,
      0.4450077194013102
    ],
    "incorrect_instructions": [
      0.4703654802053652,
      0.3525414233927618,
      0.30234085073295125,
      0.26635257321175543,
      0.058720693030583415,
      0.43175559146440273,
      0.37744519258871634,
      0.4629802180318383,
      0.38182572734841047,
      0.3255838600276127
    ]
  }
}