{
  "dataset_revision": null,
  "mteb_dataset_name": "FewNerdClustering",
  "mteb_version": "1.1.2.dev0",
  "test": {
    "correct_instructions": [
      0.43095717303694775,
      0.44351368580420364,
      0.4082021085384465,
      0.3910114177482451,
      0.41875314378814343,
      0.3380645370219122,
      0.4062094100333745,
      0.40166595187213616,
      0.3386608819018342,
      0.42818925607702146
    ],
    "dci": -0.04342394865302912,
    "dii": -0.03006632815828475,
    "implicit_instructions": [
      0.3696791819105224,
      0.36407840844063566,
      0.4029359621259078,
      0.43651768672151214,
      0.35142215751665656,
      0.3958464490792066,
      0.3833769920372414,
      0.38923977493559336,
      0.42068743471498454,
      0.39050330885301204
    ],
    "incorrect_instructions": [
      0.3114909184873555,
      0.3814884856749413,
      0.17129355905451182,
      0.18434786632504543,
      0.1500679153018123,
      0.2327331805717946,
      0.25395165490127053,
      0.3042240364507187,
      0.297492296674413,
      0.16250073056433512
    ]
  }
}