{
  "dataset_revision": null,
  "mteb_dataset_name": "FewRelClustering",
  "mteb_version": "1.1.2.dev0",
  "test": {
    "correct_instructions": [
      0.49122311887636455,
      0.4842144644101287,
      0.4694457074946406,
      0.44674384728285926,
      0.4724796325296122,
      0.4723266597055013,
      0.49945100384099167,
      0.4463942161121013,
      0.47818635117687,
      0.4246939064264011
    ],
    "dci": -0.05653885729915997,
    "dii": -0.08044617855109859,
    "implicit_instructions": [
      0.48894129179836243,
      0.49755193452968194,
      0.4007865851744625,
      0.4512737795611218,
      0.4710428322778617,
      0.4551832320835362,
      0.4509340553020315,
      0.487130454799892,
      0.46889544453370685,
      0.41395115571060886
    ],
    "incorrect_instructions": [
      0.48123276372556106,
      0.4502357541574755,
      0.14278705237382305,
      0.21717201641020523,
      0.4187172151287715,
      0.20986591627065845,
      0.4714995901210704,
      0.33820676100499786,
      0.41057873651839694,
      0.42685901133050286
    ]
  }
}