{
  "dataset_revision": null,
  "mteb_dataset_name": "NYTTopicClustering",
  "mteb_version": "1.1.2.dev0",
  "test": {
    "correct_instructions": [
      0.32110676701599483,
      0.3079994496384656,
      0.3199588535049004,
      0.26249932750914945,
      0.3061870014663974,
      0.27436342982319645,
      0.2875562528114139,
      0.3457522826277323,
      0.2942387349007583,
      0.27976884876308206
    ],
    "dci": 0.056341865525902035,
    "dii": -0.15671635593953692,
    "implicit_instructions": [
      0.21913283734853894,
      0.25645920698903435,
      0.21910340964151984,
      0.228413605042747,
      0.27994854420867993,
      0.27588301538997106,
      0.24226224790545964,
      0.2128445190666062,
      0.2729000167540463,
      0.0494411060437105
    ],
    "incorrect_instructions": [
      0.021944548653128112,
      0.1426647922004017,
      0.20615746198324741,
      0.15274505014366926,
      0.07563254148525204,
      0.023569723098988464,
      0.13110575208895345,
      0.1975969389166627,
      0.08758833298205998,
      0.08984003753891825
    ]
  }
}