{
  "dataset_revision": null,
  "mteb_dataset_name": "RateMyProfClustering",
  "mteb_version": "1.1.2.dev0",
  "test": {
    "correct_instructions": [
      0.033048380098012226,
      0.014358496737367873,
      0.02105341045312842,
      0.030063898919058956,
      0.02766611418838827,
      0.018641159649209982,
      0.025266738029973913,
      0.013313211187790802,
      0.015233715058244182,
      0.020068811905905336
    ],
    "dci": -0.0027020990862533373,
    "dii": -0.008845132129786108,
    "implicit_instructions": [
      0.02769052375566972,
      0.025981887906554486,
      0.04751163249928136,
      0.033119924793380925,
      0.024254318068494336,
      0.023703379473617288,
      0.007170178144258033,
      0.02753883587289256,
      0.03921575190955212,
      0.029319871964655585
    ],
    "incorrect_instructions": [
      0.010623309020789937,
      0.004371712151964157,
      0.00715230956155331,
      0.01601531027404414,
      0.003994276078143665,
      0.006858020222376226,
      0.007463098843730794,
      0.005697742228617151,
      0.006006941210345831,
      0.0076935265271977395
    ]
  }
}