{
  "dataset_revision": null,
  "mteb_dataset_name": "InstructSTSBenchmark",
  "mteb_version": "1.1.2.dev0",
  "test": {
    "cos_sim": {
      "pearson": -0.021809207597276517,
      "spearman": -0.03356960372836962
    },
    "euclidean": {
      "pearson": -0.0344022474270999,
      "spearman": -0.03985880952176398
    },
    "evaluation_time": 0.11,
    "manhattan": {
      "pearson": -0.027377745462886863,
      "spearman": -0.033004895884176745
    }
  }
}