{
  "dataset_revision": "b0fddb56ed78048fa8b90373c8a3cfc37b684831",
  "mteb_dataset_name": "STSBenchmark",
  "mteb_version": "1.1.2.dev0",
  "test": {
    "cos_sim": {
      "pearson": 0.37678556809736347,
      "spearman": 0.40501370122304986
    },
    "euclidean": {
      "pearson": 0.47500562453374273,
      "spearman": 0.4633086139407997
    },
    "evaluation_time": 0.08,
    "manhattan": {
      "pearson": 0.4966520443954926,
      "spearman": 0.48335428466433233
    }
  }
}