{
  "dataset_revision": "b0fddb56ed78048fa8b90373c8a3cfc37b684831",
  "mteb_dataset_name": "STSBenchmark",
  "mteb_version": "1.1.2.dev0",
  "test": {
    "cos_sim": {
      "pearson": 0.6906970699219201,
      "spearman": 0.6899493106595711
    },
    "euclidean": {
      "pearson": 0.7085151588765276,
      "spearman": 0.6985489703307662
    },
    "evaluation_time": 0.03,
    "manhattan": {
      "pearson": 0.7097990657519725,
      "spearman": 0.6992770169723772
    }
  }
}