{
  "dataset_revision": "a0d554a64d88156834ff5ae9920b964011b16384",
  "mteb_dataset_name": "STS12",
  "mteb_version": "1.1.2.dev0",
  "test": {
    "cos_sim": {
      "pearson": 0.2191358056160092,
      "spearman": 0.3209674734050789
    },
    "euclidean": {
      "pearson": 0.22890532436346606,
      "spearman": 0.3489292634702146
    },
    "evaluation_time": 0.38,
    "manhattan": {
      "pearson": 0.3301393189596983,
      "spearman": 0.3888446649998329
    }
  }
}