{
  "dataset_revision": null,
  "mteb_dataset_name": "FeedbacksClustering",
  "mteb_version": "1.1.2.dev0",
  "test": {
    "correct_instructions": [
      0.2672262383968992,
      0.3243452224357251,
      0.3047687349967377,
      0.3803234477767381,
      0.16040012857315264,
      0.3427627899948887,
      0.2593017193757631,
      0.336693560362766,
      0.1948624836476881,
      0.32840506530858954
    ],
    "dci": -0.1946859139453743,
    "dii": -0.18723555392724298,
    "implicit_instructions": [
      0.20037388444462692,
      0.28964765430897793,
      0.313361656374492,
      0.26564133030081055,
      0.23872251069220726,
      0.16785048859128396,
      0.33136689749713094,
      0.2543295421980787,
      0.2223962830182704,
      0.26281422742124194
    ],
    "incorrect_instructions": [
      0.19086313030450588,
      0.27472056083152724,
      0.21520810285617437,
      0.22071376235757015,
      0.35508604251852693,
      0.1772297024227126,
      0.21308636949826393,
      0.2505940907260154,
      0.16028624924475213,
      0.239741906636394
    ]
  }
}