{
  "dataset_revision": null,
  "mteb_dataset_name": "NYTTopicClustering",
  "mteb_version": "1.1.2.dev0",
  "test": {
    "correct_instructions": [
      0.492493362973069,
      0.5963033846055,
      0.4452660674802256,
      0.4470689945617716,
      0.5548548848172631,
      0.3790380854983906,
      0.47487069587408864,
      0.4819538701578226,
      0.4071435055221897,
      0.5682636353446517
    ],
    "dci": -0.1118675586215993,
    "dii": -0.2247996493560222,
    "implicit_instructions": [
      0.6048834079795246,
      0.4186061115428053,
      0.42857116192066136,
      0.5210365597408714,
      0.539199498201891,
      0.5354126962693724,
      0.5844033989941753,
      0.5715701723997073,
      0.41065920724203514,
      0.2661059947639677
    ],
    "incorrect_instructions": [
      0.40018897803664466,
      0.36949206881989666,
      0.4909056441199899,
      0.4472387340180746,
      0.46226481770150796,
      0.2015820672779421,
      0.31365382246223467,
      0.4665077537045294,
      0.3606980934251533,
      0.24502711755225137
    ]
  }
}