{
  "dataset_revision": "b0fddb56ed78048fa8b90373c8a3cfc37b684831",
  "mteb_dataset_name": "STSBenchmark",
  "mteb_version": "1.1.2.dev0",
  "test": {
    "cos_sim": {
      "pearson": 0.30742424224001474,
      "spearman": 0.3105134528202075
    },
    "euclidean": {
      "pearson": 0.31456190537297124,
      "spearman": 0.31051846964641233
    },
    "evaluation_time": 0.03,
    "manhattan": {
      "pearson": 0.3384114678722715,
      "spearman": 0.33249998053110313
    }
  }
}