{
  "dataset_revision": "b0fddb56ed78048fa8b90373c8a3cfc37b684831",
  "mteb_dataset_name": "STSBenchmark",
  "mteb_version": "1.1.2.dev0",
  "test": {
    "cos_sim": {
      "pearson": 0.3632753790331388,
      "spearman": 0.3744068858790224
    },
    "euclidean": {
      "pearson": 0.3893008172915694,
      "spearman": 0.383747541617019
    },
    "evaluation_time": 0.05,
    "manhattan": {
      "pearson": 0.38937939503504637,
      "spearman": 0.38395916020232734
    }
  }
}