{
  "dataset_revision": null,
  "mteb_dataset_name": "InstructSTSBenchmark",
  "mteb_version": "1.1.2.dev0",
  "test": {
    "cos_sim": {
      "pearson": -0.03571580315244644,
      "spearman": -0.06816251268296311
    },
    "euclidean": {
      "pearson": 0.024266964576131714,
      "spearman": -0.040613878551566465
    },
    "evaluation_time": 0.12,
    "manhattan": {
      "pearson": 0.02005031918823886,
      "spearman": -0.03391343792935772
    }
  }
}