{
  "dataset_revision": "a0d554a64d88156834ff5ae9920b964011b16384",
  "mteb_dataset_name": "STS12",
  "mteb_version": "1.1.2.dev0",
  "test": {
    "cos_sim": {
      "pearson": 0.11072837147712374,
      "spearman": 0.0916389207156869
    },
    "euclidean": {
      "pearson": 0.04099996662451442,
      "spearman": 0.0690182818786751
    },
    "evaluation_time": 0.35,
    "manhattan": {
      "pearson": 0.10217952462543575,
      "spearman": 0.07015579847329478
    }
  }
}