{
  "dataset_revision": null,
  "mteb_dataset_name": "InstructSTSBenchmark",
  "mteb_version": "1.1.2.dev0",
  "test": {
    "cos_sim": {
      "pearson": -0.02484162960488695,
      "spearman": -0.04251657963285796
    },
    "euclidean": {
      "pearson": -0.028260011031814254,
      "spearman": -0.02936253035105895
    },
    "evaluation_time": 0.11,
    "manhattan": {
      "pearson": -0.0230665259719413,
      "spearman": -0.02543325680884193
    }
  }
}