{
  "dataset_revision": "a0d554a64d88156834ff5ae9920b964011b16384",
  "mteb_dataset_name": "STS12",
  "mteb_version": "1.1.2.dev0",
  "test": {
    "cos_sim": {
      "pearson": 0.6361716567624727,
      "spearman": 0.5750133960531345
    },
    "euclidean": {
      "pearson": 0.6144570591219075,
      "spearman": 0.5391451909038807
    },
    "evaluation_time": 0.28,
    "manhattan": {
      "pearson": 0.6723043763753802,
      "spearman": 0.5748706476711151
    }
  }
}