{
  "dataset_revision": "b0fddb56ed78048fa8b90373c8a3cfc37b684831",
  "mteb_dataset_name": "STSBenchmark",
  "mteb_version": "1.1.2.dev0",
  "test": {
    "cos_sim": {
      "pearson": 0.3371883143188197,
      "spearman": 0.4194756980379347
    },
    "euclidean": {
      "pearson": 0.4245968048526206,
      "spearman": 0.45823237015778256
    },
    "evaluation_time": 0.08,
    "manhattan": {
      "pearson": 0.4829688067023943,
      "spearman": 0.5172876354764298
    }
  }
}