{
  "dataset_revision": null,
  "mteb_dataset_name": "InstructSTSBenchmark",
  "mteb_version": "1.1.2.dev0",
  "test": {
    "cos_sim": {
      "pearson": -0.008817542130267968,
      "spearman": -0.007105300154989631
    },
    "euclidean": {
      "pearson": -0.09113468508495567,
      "spearman": -0.08304985070091662
    },
    "evaluation_time": 0.07,
    "manhattan": {
      "pearson": -0.047904657628529426,
      "spearman": -0.045964940701207026
    }
  }
}