{
  "dataset_revision": "b0fddb56ed78048fa8b90373c8a3cfc37b684831",
  "mteb_dataset_name": "STSBenchmark",
  "mteb_version": "1.1.2.dev0",
  "test": {
    "cos_sim": {
      "pearson": 0.38703499618398407,
      "spearman": 0.41373020041895103
    },
    "euclidean": {
      "pearson": 0.26938942256150716,
      "spearman": 0.31820633752546296
    },
    "evaluation_time": 0.05,
    "manhattan": {
      "pearson": 0.45920076748506905,
      "spearman": 0.4538829290501821
    }
  }
}