{
  "dataset_revision": "b0fddb56ed78048fa8b90373c8a3cfc37b684831",
  "mteb_dataset_name": "STSBenchmark",
  "mteb_version": "1.1.2.dev0",
  "test": {
    "cos_sim": {
      "pearson": 0.5110446665896241,
      "spearman": 0.529623985854657
    },
    "euclidean": {
      "pearson": 0.5261864884715869,
      "spearman": 0.5256387800563745
    },
    "evaluation_time": 0.03,
    "manhattan": {
      "pearson": 0.5708135488890266,
      "spearman": 0.5612191943071128
    }
  }
}