{
  "dataset_revision": "b0fddb56ed78048fa8b90373c8a3cfc37b684831",
  "mteb_dataset_name": "STSBenchmark",
  "mteb_version": "1.1.2.dev0",
  "test": {
    "cos_sim": {
      "pearson": 0.23560616995106332,
      "spearman": 0.3548900015766905
    },
    "euclidean": {
      "pearson": 0.31645181032670683,
      "spearman": 0.383494453503023
    },
    "evaluation_time": 0.03,
    "manhattan": {
      "pearson": 0.31899765036156613,
      "spearman": 0.385675712416938
    }
  }
}