{
  "dataset_revision": "b0fddb56ed78048fa8b90373c8a3cfc37b684831",
  "mteb_dataset_name": "STSBenchmark",
  "mteb_version": "1.1.2.dev0",
  "test": {
    "cos_sim": {
      "pearson": 0.29966394908576477,
      "spearman": 0.27155845291683745
    },
    "euclidean": {
      "pearson": 0.29079259143818276,
      "spearman": 0.24916375881170288
    },
    "evaluation_time": 0.04,
    "manhattan": {
      "pearson": 0.2923647235236796,
      "spearman": 0.25042154485884544
    }
  }
}