{
  "dataset_revision": "a0d554a64d88156834ff5ae9920b964011b16384",
  "mteb_dataset_name": "STS12",
  "mteb_version": "1.1.2.dev0",
  "test": {
    "cos_sim": {
      "pearson": 0.714474422603008,
      "spearman": 0.6274280372095234
    },
    "euclidean": {
      "pearson": 0.7027897990279984,
      "spearman": 0.6350430202816904
    },
    "evaluation_time": 0.42,
    "manhattan": {
      "pearson": 0.7041630117555192,
      "spearman": 0.6364229172501439
    }
  }
}