{
  "dataset_revision": "b0fddb56ed78048fa8b90373c8a3cfc37b684831",
  "mteb_dataset_name": "STSBenchmark",
  "mteb_version": "1.1.2.dev0",
  "test": {
    "cos_sim": {
      "pearson": 0.7697496987956343,
      "spearman": 0.7598520125866075
    },
    "euclidean": {
      "pearson": 0.7691232892748396,
      "spearman": 0.7567559170711378
    },
    "evaluation_time": 0.06,
    "manhattan": {
      "pearson": 0.7699274091773414,
      "spearman": 0.7576335302530349
    }
  }
}