{
  "dataset_revision": "a0d554a64d88156834ff5ae9920b964011b16384",
  "mteb_dataset_name": "STS12",
  "mteb_version": "1.1.2.dev0",
  "test": {
    "cos_sim": {
      "pearson": 0.6506087818802733,
      "spearman": 0.5020361582145676
    },
    "euclidean": {
      "pearson": 0.5774948453724164,
      "spearman": 0.46587566191683744
    },
    "evaluation_time": 0.4,
    "manhattan": {
      "pearson": 0.6200108450678329,
      "spearman": 0.47282729193295175
    }
  }
}