{
  "dataset_revision": "b0fddb56ed78048fa8b90373c8a3cfc37b684831",
  "mteb_dataset_name": "STSBenchmark",
  "mteb_version": "1.1.2.dev0",
  "test": {
    "cos_sim": {
      "pearson": 0.6595848372323727,
      "spearman": 0.6469770249282328
    },
    "euclidean": {
      "pearson": 0.6259008120930435,
      "spearman": 0.6075563476996959
    },
    "evaluation_time": 0.06,
    "manhattan": {
      "pearson": 0.6296416697097217,
      "spearman": 0.6107549126373546
    }
  }
}