{
  "dataset_revision": "b0fddb56ed78048fa8b90373c8a3cfc37b684831",
  "mteb_dataset_name": "STSBenchmark",
  "mteb_version": "1.1.2.dev0",
  "test": {
    "cos_sim": {
      "pearson": 0.23933398694180325,
      "spearman": 0.2841707802079705
    },
    "euclidean": {
      "pearson": 0.2728145850832432,
      "spearman": 0.28285365933403994
    },
    "evaluation_time": 0.04,
    "manhattan": {
      "pearson": 0.29137909397400263,
      "spearman": 0.2987062395860535
    }
  }
}