{
  "dataset_revision": null,
  "mteb_dataset_name": "InstructSTSBenchmark",
  "mteb_version": "1.1.2.dev0",
  "test": {
    "cos_sim": {
      "pearson": 0.05802667912879961,
      "spearman": 0.06605669915920372
    },
    "euclidean": {
      "pearson": -0.01564660365164371,
      "spearman": -0.008628644633123315
    },
    "evaluation_time": 0.12,
    "manhattan": {
      "pearson": 0.015872833038109567,
      "spearman": 0.01680597840798806
    }
  }
}