{
  "dataset_revision": "b0fddb56ed78048fa8b90373c8a3cfc37b684831",
  "mteb_dataset_name": "STSBenchmark",
  "mteb_version": "1.1.2.dev0",
  "test": {
    "cos_sim": {
      "pearson": 0.753532040093663,
      "spearman": 0.7519876851685526
    },
    "euclidean": {
      "pearson": 0.7719273237995229,
      "spearman": 0.7576973553126594
    },
    "evaluation_time": 0.05,
    "manhattan": {
      "pearson": 0.7736132129353064,
      "spearman": 0.7592450955418432
    }
  }
}