{
  "dataset_revision": "b0fddb56ed78048fa8b90373c8a3cfc37b684831",
  "mteb_dataset_name": "STSBenchmark",
  "mteb_version": "1.1.2.dev0",
  "test": {
    "cos_sim": {
      "pearson": 0.04026435864176514,
      "spearman": 0.05304578832192165
    },
    "euclidean": {
      "pearson": -0.024304259585549697,
      "spearman": -0.022436032330736468
    },
    "evaluation_time": 0.05,
    "manhattan": {
      "pearson": -0.024017816766713482,
      "spearman": -0.02195412764691478
    }
  }
}