{
  "dataset_revision": null,
  "mteb_dataset_name": "InstructSTSBenchmark",
  "mteb_version": "1.1.2.dev0",
  "test": {
    "cos_sim": {
      "pearson": -0.0425545006547912,
      "spearman": -0.04570763430222267
    },
    "euclidean": {
      "pearson": -0.0252755801122952,
      "spearman": -0.05407031975263092
    },
    "evaluation_time": 0.12,
    "manhattan": {
      "pearson": -0.04032470185521701,
      "spearman": -0.05837621699974205
    }
  }
}