{
  "dataset_revision": null,
  "mteb_dataset_name": "InstructSTSBenchmark",
  "mteb_version": "1.1.2.dev0",
  "test": {
    "cos_sim": {
      "pearson": -0.0469708909974538,
      "spearman": -0.0505887143094186
    },
    "euclidean": {
      "pearson": -0.04990854298872768,
      "spearman": -0.04922612845394736
    },
    "evaluation_time": 0.12,
    "manhattan": {
      "pearson": -0.050348012505927214,
      "spearman": -0.04938597719690673
    }
  }
}