{
  "dataset_revision": "b0fddb56ed78048fa8b90373c8a3cfc37b684831",
  "mteb_dataset_name": "STSBenchmark",
  "mteb_version": "1.1.2.dev0",
  "test": {
    "cos_sim": {
      "pearson": 0.05866663940677437,
      "spearman": 0.12468249853984593
    },
    "euclidean": {
      "pearson": 0.0715247964216343,
      "spearman": 0.08791972001872397
    },
    "evaluation_time": 0.04,
    "manhattan": {
      "pearson": 0.08160544154225263,
      "spearman": 0.10918301372102825
    }
  }
}