{
  "dataset_revision": "b0fddb56ed78048fa8b90373c8a3cfc37b684831",
  "mteb_dataset_name": "STSBenchmark",
  "mteb_version": "1.1.2.dev0",
  "test": {
    "cos_sim": {
      "pearson": 0.10405759328293829,
      "spearman": 0.1538495752633231
    },
    "euclidean": {
      "pearson": 0.09849290377822535,
      "spearman": 0.10013688546394
    },
    "evaluation_time": 0.06,
    "manhattan": {
      "pearson": 0.14315045640421611,
      "spearman": 0.16337331589804016
    }
  }
}