{
  "dataset_revision": null,
  "mteb_dataset_name": "InstructSTSBenchmark",
  "mteb_version": "1.1.2.dev0",
  "test": {
    "cos_sim": {
      "pearson": 0.08832686659245498,
      "spearman": 0.08418473140533818
    },
    "euclidean": {
      "pearson": 0.027342083883195534,
      "spearman": 0.07835731075793344
    },
    "evaluation_time": 0.08,
    "manhattan": {
      "pearson": 0.08702051777684469,
      "spearman": 0.08389827869367673
    }
  }
}