{
  "dataset_revision": "b0fddb56ed78048fa8b90373c8a3cfc37b684831",
  "mteb_dataset_name": "STSBenchmark",
  "mteb_version": "1.1.2.dev0",
  "test": {
    "cos_sim": {
      "pearson": 0.12582085283224687,
      "spearman": 0.10594642380229456
    },
    "euclidean": {
      "pearson": 0.14241141861069512,
      "spearman": 0.0961757824682788
    },
    "evaluation_time": 0.06,
    "manhattan": {
      "pearson": 0.14351214463096806,
      "spearman": 0.09582638651145363
    }
  }
}