{
  "dataset_revision": "b0fddb56ed78048fa8b90373c8a3cfc37b684831",
  "mteb_dataset_name": "STSBenchmark",
  "mteb_version": "1.1.2.dev0",
  "test": {
    "cos_sim": {
      "pearson": 0.2888520055079076,
      "spearman": 0.31891905470001963
    },
    "euclidean": {
      "pearson": 0.38767320184013104,
      "spearman": 0.38733196841909695
    },
    "evaluation_time": 0.05,
    "manhattan": {
      "pearson": 0.3936229804272658,
      "spearman": 0.392732426336254
    }
  }
}