{
  "dataset_revision": "a0d554a64d88156834ff5ae9920b964011b16384",
  "mteb_dataset_name": "STS12",
  "mteb_version": "1.1.2.dev0",
  "test": {
    "cos_sim": {
      "pearson": 0.718906201429388,
      "spearman": 0.6448940425353974
    },
    "euclidean": {
      "pearson": 0.699422025023061,
      "spearman": 0.6536361937193954
    },
    "evaluation_time": 0.21,
    "manhattan": {
      "pearson": 0.7160031807588643,
      "spearman": 0.6676542206861283
    }
  }
}