{
  "dataset_revision": "b0fddb56ed78048fa8b90373c8a3cfc37b684831",
  "mteb_dataset_name": "STSBenchmark",
  "mteb_version": "1.1.2.dev0",
  "test": {
    "cos_sim": {
      "pearson": 0.7905853590602862,
      "spearman": 0.7871395134280651
    },
    "euclidean": {
      "pearson": 0.7966683231877504,
      "spearman": 0.7918709681333225
    },
    "evaluation_time": 0.12,
    "manhattan": {
      "pearson": 0.8028991545731966,
      "spearman": 0.7975883602727187
    }
  }
}