{
  "dataset_revision": "b0fddb56ed78048fa8b90373c8a3cfc37b684831",
  "mteb_dataset_name": "STSBenchmark",
  "mteb_version": "1.1.2.dev0",
  "test": {
    "cos_sim": {
      "pearson": 0.2684298090916193,
      "spearman": 0.2914173341658442
    },
    "euclidean": {
      "pearson": 0.2907057532824925,
      "spearman": 0.28541840392648193
    },
    "evaluation_time": 0.06,
    "manhattan": {
      "pearson": 0.2904436670379286,
      "spearman": 0.2849450962972465
    }
  }
}