{
  "dataset_revision": null,
  "mteb_dataset_name": "InstructSTSBenchmark",
  "mteb_version": "1.1.2.dev0",
  "test": {
    "cos_sim": {
      "pearson": 0.08532708750978227,
      "spearman": 0.11239143222134215
    },
    "euclidean": {
      "pearson": 0.08937412536230449,
      "spearman": 0.08758208647183262
    },
    "evaluation_time": 0.15,
    "manhattan": {
      "pearson": 0.09093824200659419,
      "spearman": 0.08915780349438697
    }
  }
}