{
  "dataset_revision": null,
  "mteb_dataset_name": "InstructSTSBenchmark",
  "mteb_version": "1.1.2.dev0",
  "test": {
    "cos_sim": {
      "pearson": -0.12668563655028584,
      "spearman": -0.10963392752554413
    },
    "euclidean": {
      "pearson": -0.15057805702443897,
      "spearman": -0.14245210541198994
    },
    "evaluation_time": 0.1,
    "manhattan": {
      "pearson": -0.15051128248927426,
      "spearman": -0.14226584288808602
    }
  }
}