{
  "dataset_revision": null,
  "mteb_dataset_name": "InstructSTSBenchmark",
  "mteb_version": "1.1.2.dev0",
  "test": {
    "cos_sim": {
      "pearson": 0.19402443251879892,
      "spearman": 0.17403612372693794
    },
    "euclidean": {
      "pearson": 0.19789126197249995,
      "spearman": 0.16830433900509234
    },
    "evaluation_time": 0.13,
    "manhattan": {
      "pearson": 0.19307752730940247,
      "spearman": 0.1562888135697316
    }
  }
}