{
  "dataset_revision": "b0fddb56ed78048fa8b90373c8a3cfc37b684831",
  "mteb_dataset_name": "STSBenchmark",
  "mteb_version": "1.1.2.dev0",
  "test": {
    "cos_sim": {
      "pearson": 0.5014690259257746,
      "spearman": 0.6580188942248272
    },
    "euclidean": {
      "pearson": 0.6390017277568302,
      "spearman": 0.6716833463826213
    },
    "evaluation_time": 0.07,
    "manhattan": {
      "pearson": 0.6550074860351293,
      "spearman": 0.6778237282878553
    }
  }
}