{
  "dataset_revision": "b0fddb56ed78048fa8b90373c8a3cfc37b684831",
  "mteb_dataset_name": "STSBenchmark",
  "mteb_version": "1.1.2.dev0",
  "test": {
    "cos_sim": {
      "pearson": 0.26423939324011064,
      "spearman": 0.48455443800733833
    },
    "euclidean": {
      "pearson": 0.4082186498473587,
      "spearman": 0.5117620312046693
    },
    "evaluation_time": 0.07,
    "manhattan": {
      "pearson": 0.42725036591250787,
      "spearman": 0.5186536057330232
    }
  }
}