{
  "dataset_revision": null,
  "mteb_dataset_name": "InstructSTSBenchmark",
  "mteb_version": "1.1.2.dev0",
  "test": {
    "cos_sim": {
      "pearson": -0.10822928618206346,
      "spearman": -0.12203519078393218
    },
    "euclidean": {
      "pearson": -0.12047502509125935,
      "spearman": -0.12530821312223817
    },
    "evaluation_time": 0.15,
    "manhattan": {
      "pearson": -0.11972609859091675,
      "spearman": -0.12533280527346796
    }
  }
}