{
  "dataset_revision": null,
  "mteb_dataset_name": "InstructSTSBenchmark",
  "mteb_version": "1.1.2.dev0",
  "test": {
    "cos_sim": {
      "pearson": 0.041102281880998424,
      "spearman": 0.03858366280952693
    },
    "euclidean": {
      "pearson": 0.015714211992130196,
      "spearman": 0.031906448073111986
    },
    "evaluation_time": 0.08,
    "manhattan": {
      "pearson": 0.028015475440185823,
      "spearman": 0.03289468679333838
    }
  }
}