{
  "dataset_revision": null,
  "mteb_dataset_name": "InstructSTSBenchmark",
  "mteb_version": "1.1.2.dev0",
  "test": {
    "cos_sim": {
      "pearson": 0.057593105194739744,
      "spearman": 0.041824357131721786
    },
    "euclidean": {
      "pearson": 0.03716742248320254,
      "spearman": 0.035661299774877205
    },
    "evaluation_time": 0.08,
    "manhattan": {
      "pearson": 0.053607157597269035,
      "spearman": 0.04104833926249908
    }
  }
}