{
  "dataset_revision": "b0fddb56ed78048fa8b90373c8a3cfc37b684831",
  "mteb_dataset_name": "STSBenchmark",
  "mteb_version": "1.1.2.dev0",
  "test": {
    "cos_sim": {
      "pearson": 0.30884018511016526,
      "spearman": 0.34285001291077394
    },
    "euclidean": {
      "pearson": 0.3274167440563073,
      "spearman": 0.3468820355939683
    },
    "evaluation_time": 0.07,
    "manhattan": {
      "pearson": 0.33299287582540105,
      "spearman": 0.3534117528285786
    }
  }
}