{
  "dataset_revision": "b0fddb56ed78048fa8b90373c8a3cfc37b684831",
  "mteb_dataset_name": "STSBenchmark",
  "mteb_version": "1.1.2.dev0",
  "test": {
    "cos_sim": {
      "pearson": 0.7492245143638231,
      "spearman": 0.7573071211258795
    },
    "euclidean": {
      "pearson": 0.7617150441645294,
      "spearman": 0.757840240980461
    },
    "evaluation_time": 0.04,
    "manhattan": {
      "pearson": 0.7612458344403124,
      "spearman": 0.7572515339782802
    }
  }
}