{
  "dataset_revision": "b0fddb56ed78048fa8b90373c8a3cfc37b684831",
  "mteb_dataset_name": "STSBenchmark",
  "mteb_version": "1.1.2.dev0",
  "test": {
    "cos_sim": {
      "pearson": 0.39565126751626056,
      "spearman": 0.4258119521499273
    },
    "euclidean": {
      "pearson": 0.4696614538643395,
      "spearman": 0.4789915116996273
    },
    "evaluation_time": 0.06,
    "manhattan": {
      "pearson": 0.5546929760030831,
      "spearman": 0.5473320546886765
    }
  }
}