{
  "dataset_revision": "b0fddb56ed78048fa8b90373c8a3cfc37b684831",
  "mteb_dataset_name": "STSBenchmark",
  "mteb_version": "1.1.2.dev0",
  "test": {
    "cos_sim": {
      "pearson": 0.4972403406464252,
      "spearman": 0.5147969703370867
    },
    "euclidean": {
      "pearson": 0.4812262173327423,
      "spearman": 0.4939825103076209
    },
    "evaluation_time": 0.06,
    "manhattan": {
      "pearson": 0.48917703051411016,
      "spearman": 0.4998112587003726
    }
  }
}