{
  "dataset_revision": "b0fddb56ed78048fa8b90373c8a3cfc37b684831",
  "mteb_dataset_name": "STSBenchmark",
  "mteb_version": "1.1.2.dev0",
  "test": {
    "cos_sim": {
      "pearson": 0.6992084516297071,
      "spearman": 0.7130648078088005
    },
    "euclidean": {
      "pearson": 0.7220702588366089,
      "spearman": 0.7130144830807651
    },
    "evaluation_time": 0.03,
    "manhattan": {
      "pearson": 0.7223287888378594,
      "spearman": 0.7135331926905032
    }
  }
}