{
  "dataset_revision": "b0fddb56ed78048fa8b90373c8a3cfc37b684831",
  "mteb_dataset_name": "STSBenchmark",
  "mteb_version": "1.1.2.dev0",
  "test": {
    "cos_sim": {
      "pearson": 0.04840852114695646,
      "spearman": 0.12675993936143257
    },
    "euclidean": {
      "pearson": 0.09347814260068858,
      "spearman": 0.13711557988037382
    },
    "evaluation_time": 0.04,
    "manhattan": {
      "pearson": 0.12779412185847674,
      "spearman": 0.1912061387043013
    }
  }
}