{
  "dataset_revision": null,
  "mteb_dataset_name": "FeedbacksClustering",
  "mteb_version": "1.1.2.dev0",
  "test": {
    "correct_instructions": [
      0.043022222565678205,
      0.019295312431897412,
      0.021912545821481378,
      0.007334138995017504,
      0.010209593408080364,
      0.04098424488523041,
      0.020428095074603643,
      0.027148266769951482,
      0.0038615937047334556,
      0.003088149048013437
    ],
    "dci": -0.06553583618532137,
    "dii": -0.06605878970452216,
    "implicit_instructions": [
      0.0033550084573967798,
      0.0025651955288126496,
      0.04056835756719788,
      0.008115746867392196,
      0.008766060446674028,
      0.02426047483833217,
      0.043117551312364784,
      0.021394424328808188,
      0.024421417376716,
      0.016865027422823867
    ],
    "incorrect_instructions": [
      0.006386393673799986,
      0.06862398523333481,
      0.0051212989485548135,
      0.015270394252446792,
      0.011270387301177822,
      0.002883104499750674,
      0.0036730074613776902,
      0.007457155655585236,
      0.010056850742585124,
      0.015961224196095615
    ]
  }
}