{
  "dataset_revision": null,
  "mteb_dataset_name": "FewEventClustering",
  "mteb_version": "1.1.2.dev0",
  "test": {
    "correct_instructions": [
      0.21393077856058965,
      0.30922824109831065,
      0.20838611628383175,
      0.28366252493210026,
      0.2284173506160114,
      0.27359005879817416,
      0.2617133434507784,
      0.2724691689486496,
      0.22652283262953463,
      0.2372326492103874
    ],
    "dci": 0.08371789234542741,
    "dii": -0.053457557491693744,
    "implicit_instructions": [
      0.12916232722558113,
      0.07121066644671059,
      0.24325615229912712,
      0.16533312653175736,
      0.16364826636562146,
      0.12141874415472183,
      0.2437336889182845,
      0.19808200990930397,
      0.12076744766005457,
      0.22542229352223553
    ],
    "incorrect_instructions": [
      0.12466822393840434,
      0.1016129594818047,
      0.06964126038859415,
      0.07181014861123282,
      0.07809589375996429,
      0.06370249383720994,
      0.0783738407961275,
      0.06804875072509838,
      0.0759569401946817,
      0.06867825784767023
    ]
  }
}