{
  "dataset_revision": null,
  "mteb_dataset_name": "FewNerdClustering",
  "mteb_version": "1.1.2.dev0",
  "test": {
    "correct_instructions": [
      0.39228494080941634,
      0.37095073845940135,
      0.32381822029281615,
      0.40540938360328943,
      0.3130235227705306,
      0.3172310158580222,
      0.42049534822969264,
      0.40291421327105453,
      0.36866856425488026,
      0.1987273392760824
    ],
    "dci": 0.06153244354915882,
    "dii": -0.020701098102820392,
    "implicit_instructions": [
      0.3518885469846358,
      0.2750346656589727,
      0.24308118805155413,
      0.3291790668948237,
      0.41864132102608975,
      0.14399163732389342,
      0.34248874601315954,
      0.19333823529576352,
      0.2560505838552805,
      0.1164937976241032
    ],
    "incorrect_instructions": [
      0.1371948957269236,
      0.12007015407476218,
      0.10911892615631974,
      0.11354167080793437,
      0.10740635886974126,
      0.11554955049783885,
      0.11320576609648067,
      0.11513000851730028,
      0.11123565415230087,
      0.10935301762979047
    ]
  }
}