{
  "dataset_revision": null,
  "mteb_dataset_name": "FewRelClustering",
  "mteb_version": "1.1.2.dev0",
  "test": {
    "correct_instructions": [
      0.17833731225302202,
      0.24375476328622417,
      0.19929925105759377,
      0.2018149430463311,
      0.20728292022619374,
      0.16195589948041808,
      0.18821251809007472,
      0.1936321643369755,
      0.2069775208184151,
      0.21028727573513167
    ],
    "dci": -0.01425880871603688,
    "dii": -0.04270906286166126,
    "implicit_instructions": [
      0.2429837425913877,
      0.2079204496381052,
      0.15904250984241786,
      0.14822194695160548,
      0.1335056453347937,
      0.20421301821167906,
      0.2026101010566937,
      0.2078008174167296,
      0.16958046528718584,
      0.18807634336428844
    ],
    "incorrect_instructions": [
      0.15413029000555498,
      0.1300402839889118,
      0.11903565070844453,
      0.1261759960949817,
      0.1360359599987243,
      0.1235943887086526,
      0.13082560205695012,
      0.12461662368024112,
      0.13323293302088343,
      0.17621470819645496
    ]
  }
}