{
  "dataset_revision": null,
  "mteb_dataset_name": "NYTTopicClustering",
  "mteb_version": "1.1.2.dev0",
  "test": {
    "correct_instructions": [
      0.015874334206950214,
      0.0430399350728526,
      0.01768240522628694,
      0.01726843990077789,
      0.011296119812082998,
      0.009822722825516132,
      0.010104414893234182,
      0.011004863475109618,
      0.024482838150270036,
      0.013540984322629835
    ],
    "dci": -0.02482174721268906,
    "dii": -0.02461782031252193,
    "implicit_instructions": [
      0.01625951803319806,
      0.010702978304561234,
      0.012216018419796535,
      0.010397158786778684,
      0.013405350503686731,
      0.010026649725683262,
      0.016727427708622882,
      0.014338308457118308,
      0.010701809360052206,
      0.01015332003393288
    ],
    "incorrect_instructions": [
      0.02179830342900356,
      0.007287233758586219,
      0.01845597452449281,
      0.014334082282674764,
      0.01599831970283908,
      0.01609151432114653,
      0.03464447003820519,
      0.014341919113442883,
      0.010155319619321503,
      0.009370290385182122
    ]
  }
}