{
  "dataset_revision": null,
  "mteb_dataset_name": "RateMyProfClustering",
  "mteb_version": "1.1.2.dev0",
  "test": {
    "correct_instructions": [
      0.001473658700761211,
      0.00429346352161265,
      0.0016813548419312477,
      0.0035890909387869996,
      0.0023384768186817404,
      0.00412914086565704,
      0.002823190594276355,
      0.0018154303398086817,
      0.0032229335962809763,
      0.006817317409984331
    ],
    "dci": -0.005263321745012273,
    "dii": -0.005853913048529586,
    "implicit_instructions": [
      0.003960947866261897,
      0.0032311714690919182,
      0.005362319424215266,
      0.0016765455763658786,
      0.0008830673972438977,
      0.004723294960285922,
      0.0023331314641216734,
      0.0015523601159498422,
      0.00372456882294428,
      0.002008948887779949
    ],
    "incorrect_instructions": [
      0.002703670103798646,
      0.0010184813086768045,
      0.0013781999744946277,
      0.004560413223978787,
      0.001087376677141346,
      0.004846704721760282,
      0.0024150024515382355,
      0.0025277113642503245,
      0.006736980445773484,
      0.0030585764199782734
    ]
  }
}