{
  "dataset_revision": "b0fddb56ed78048fa8b90373c8a3cfc37b684831",
  "mteb_dataset_name": "STSBenchmark",
  "mteb_version": "1.1.2.dev0",
  "test": {
    "cos_sim": {
      "pearson": 0.6418303554079402,
      "spearman": 0.6454478539804983
    },
    "euclidean": {
      "pearson": 0.6630596787680791,
      "spearman": 0.6571331005064407
    },
    "evaluation_time": 6.82,
    "manhattan": {
      "pearson": 0.7123168431467596,
      "spearman": 0.7000097275106681
    }
  }
}