{
  "dataset_revision": "b0fddb56ed78048fa8b90373c8a3cfc37b684831",
  "mteb_dataset_name": "STSBenchmark",
  "mteb_version": "1.1.2.dev0",
  "test": {
    "cos_sim": {
      "pearson": 0.004696020902306959,
      "spearman": 0.11696640422625551
    },
    "euclidean": {
      "pearson": 0.019357388694838214,
      "spearman": 0.11213996417876064
    },
    "evaluation_time": 0.03,
    "manhattan": {
      "pearson": 0.10772114152140541,
      "spearman": 0.11152978630123081
    }
  }
}