{
  "dataset_revision": "b0fddb56ed78048fa8b90373c8a3cfc37b684831",
  "mteb_dataset_name": "STSBenchmark",
  "mteb_version": "1.1.2.dev0",
  "test": {
    "cos_sim": {
      "pearson": 0.38715144593962025,
      "spearman": 0.43414169016974097
    },
    "euclidean": {
      "pearson": 0.42055838911149895,
      "spearman": 0.430465870307603
    },
    "evaluation_time": 0.03,
    "manhattan": {
      "pearson": 0.4278510499800758,
      "spearman": 0.4365940747834781
    }
  }
}