{
  "dataset_revision": "b0fddb56ed78048fa8b90373c8a3cfc37b684831",
  "mteb_dataset_name": "STSBenchmark",
  "mteb_version": "1.1.2.dev0",
  "test": {
    "cos_sim": {
      "pearson": 0.16793348690590496,
      "spearman": 0.2097724225038309
    },
    "euclidean": {
      "pearson": 0.18930564028465216,
      "spearman": 0.20984022386366594
    },
    "evaluation_time": 0.03,
    "manhattan": {
      "pearson": 0.18805329300254084,
      "spearman": 0.2085291397398153
    }
  }
}