{
  "dataset_revision": "b0fddb56ed78048fa8b90373c8a3cfc37b684831",
  "mteb_dataset_name": "STSBenchmark",
  "mteb_version": "1.1.2.dev0",
  "test": {
    "cos_sim": {
      "pearson": 0.13618940851950515,
      "spearman": 0.217038481371778
    },
    "euclidean": {
      "pearson": 0.14906801472925055,
      "spearman": 0.24312387831920748
    },
    "evaluation_time": 0.03,
    "manhattan": {
      "pearson": 0.21020695534281708,
      "spearman": 0.2287494830284639
    }
  }
}