{
  "dataset_revision": null,
  "mteb_dataset_name": "InstructSTSBenchmark",
  "mteb_version": "1.1.2.dev0",
  "test": {
    "cos_sim": {
      "pearson": 0.24929595423300915,
      "spearman": 0.2446482841333273
    },
    "euclidean": {
      "pearson": 0.2639198257643413,
      "spearman": 0.23644180418262148
    },
    "evaluation_time": 0.1,
    "manhattan": {
      "pearson": 0.26491592701622346,
      "spearman": 0.23839551109295987
    }
  }
}