{
  "dataset_revision": "b0fddb56ed78048fa8b90373c8a3cfc37b684831",
  "mteb_dataset_name": "STSBenchmark",
  "mteb_version": "1.1.2.dev0",
  "test": {
    "cos_sim": {
      "pearson": -0.02179359709869895,
      "spearman": -0.01619237696648496
    },
    "euclidean": {
      "pearson": -0.021240693204976766,
      "spearman": -0.016190445874826563
    },
    "evaluation_time": 72.78,
    "manhattan": {
      "pearson": 0.034317298994890756,
      "spearman": 0.023080151712858276
    }
  }
}