{
  "dataset_revision": "b0fddb56ed78048fa8b90373c8a3cfc37b684831",
  "mteb_dataset_name": "STSBenchmark",
  "mteb_version": "1.1.2.dev0",
  "test": {
    "cos_sim": {
      "pearson": 0.7660472451161985,
      "spearman": 0.765235928102039
    },
    "euclidean": {
      "pearson": 0.7853340960009293,
      "spearman": 0.768718017190749
    },
    "evaluation_time": 0.03,
    "manhattan": {
      "pearson": 0.7897865807380428,
      "spearman": 0.7735588853899918
    }
  }
}