{
  "dataset_revision": "a0d554a64d88156834ff5ae9920b964011b16384",
  "mteb_dataset_name": "STS12",
  "mteb_version": "1.1.2.dev0",
  "test": {
    "cos_sim": {
      "pearson": 0.1368470209180261,
      "spearman": 0.12149107208835477
    },
    "euclidean": {
      "pearson": 0.1109937341272952,
      "spearman": 0.08433356126920824
    },
    "evaluation_time": 0.42,
    "manhattan": {
      "pearson": 0.11567892812487125,
      "spearman": 0.08623431463990644
    }
  }
}