{
  "dataset_revision": "b0fddb56ed78048fa8b90373c8a3cfc37b684831",
  "mteb_dataset_name": "STSBenchmark",
  "mteb_version": "1.1.2.dev0",
  "test": {
    "cos_sim": {
      "pearson": 0.12394225986087737,
      "spearman": 0.09682632275149934
    },
    "euclidean": {
      "pearson": 0.12236776091608913,
      "spearman": 0.10481500965776022
    },
    "evaluation_time": 0.06,
    "manhattan": {
      "pearson": 0.12818915316431334,
      "spearman": 0.11082762919898023
    }
  }
}