{
    "dataset_revision": null,
    "mteb_dataset_name": "IntentEmotion",
    "mteb_version": "1.1.2.dev0",
    "test": {
        "Emotion_success_rate": 0.015097402597402597,
        "Intent_success_rate": 0.984577922077922,
        "evaluation_time": 104.83,
        "harmonic_mean": 0.029738813413879985
    }
}