{
  "dataset_revision": "b0fddb56ed78048fa8b90373c8a3cfc37b684831",
  "mteb_dataset_name": "STSBenchmark",
  "mteb_version": "1.1.2.dev0",
  "test": {
    "cos_sim": {
      "pearson": 0.047994807818223316,
      "spearman": 0.04508965977476157
    },
    "euclidean": {
      "pearson": 0.048121720488363565,
      "spearman": 0.04508965977476157
    },
    "evaluation_time": 30.93,
    "manhattan": {
      "pearson": 0.05618295925116551,
      "spearman": 0.047118541933972705
    }
  }
}