{
  "dataset_revision": "b0fddb56ed78048fa8b90373c8a3cfc37b684831",
  "mteb_dataset_name": "STSBenchmark",
  "mteb_version": "1.1.2.dev0",
  "test": {
    "cos_sim": {
      "pearson": 0.4932503429895498,
      "spearman": 0.5362932177258132
    },
    "euclidean": {
      "pearson": 0.5149607420718008,
      "spearman": 0.5364104182563392
    },
    "evaluation_time": 0.07,
    "manhattan": {
      "pearson": 0.518233350557451,
      "spearman": 0.5395255118205122
    }
  }
}