{
  "dataset_revision": "b0fddb56ed78048fa8b90373c8a3cfc37b684831",
  "mteb_dataset_name": "STSBenchmark",
  "mteb_version": "1.1.2.dev0",
  "test": {
    "cos_sim": {
      "pearson": 0.37164576809364336,
      "spearman": 0.3981744822402693
    },
    "euclidean": {
      "pearson": 0.3766322273520397,
      "spearman": 0.3920611486529673
    },
    "evaluation_time": 0.07,
    "manhattan": {
      "pearson": 0.4420681423528983,
      "spearman": 0.43947010176704865
    }
  }
}