{
  "dataset_revision": "b0fddb56ed78048fa8b90373c8a3cfc37b684831",
  "mteb_dataset_name": "STSBenchmark",
  "mteb_version": "1.1.2.dev0",
  "test": {
    "cos_sim": {
      "pearson": 0.03888765474096321,
      "spearman": 0.03490535177711981
    },
    "euclidean": {
      "pearson": 0.03923196939087756,
      "spearman": 0.03490535177711981
    },
    "evaluation_time": 33.05,
    "manhattan": {
      "pearson": 0.0799147093660254,
      "spearman": 0.07497158698275372
    }
  }
}