{
  "dataset_revision": "b0fddb56ed78048fa8b90373c8a3cfc37b684831",
  "mteb_dataset_name": "STSBenchmark",
  "mteb_version": "1.1.2.dev0",
  "test": {
    "cos_sim": {
      "pearson": 0.27009997643055583,
      "spearman": 0.3420021637793501
    },
    "euclidean": {
      "pearson": 0.23057137444742837,
      "spearman": 0.33138181130079475
    },
    "evaluation_time": 0.05,
    "manhattan": {
      "pearson": 0.3221544625477398,
      "spearman": 0.3421641906655716
    }
  }
}