{
  "dataset_revision": "b0fddb56ed78048fa8b90373c8a3cfc37b684831",
  "mteb_dataset_name": "STSBenchmark",
  "mteb_version": "1.1.2.dev0",
  "test": {
    "cos_sim": {
      "pearson": -0.03633991920831967,
      "spearman": -0.034421976454524696
    },
    "euclidean": {
      "pearson": -0.03616651544312021,
      "spearman": -0.03442282864005543
    },
    "evaluation_time": 29.54,
    "manhattan": {
      "pearson": -0.02809270415801726,
      "spearman": -0.022001682874729346
    }
  }
}