{
  "dataset_revision": null,
  "mteb_dataset_name": "InstructSTSBenchmark",
  "mteb_version": "1.1.2.dev0",
  "test": {
    "cos_sim": {
      "pearson": 0.09439267013388954,
      "spearman": 0.13748859677057293
    },
    "euclidean": {
      "pearson": 0.0718338114819591,
      "spearman": 0.08018987875214986
    },
    "evaluation_time": 0.15,
    "manhattan": {
      "pearson": 0.07160466660362613,
      "spearman": 0.0800732939088626
    }
  }
}