{
  "dataset_revision": "b0fddb56ed78048fa8b90373c8a3cfc37b684831",
  "mteb_dataset_name": "STSBenchmark",
  "mteb_version": "1.1.2.dev0",
  "test": {
    "cos_sim": {
      "pearson": 0.41838881676651574,
      "spearman": 0.4100122758004679
    },
    "euclidean": {
      "pearson": 0.4326295530706628,
      "spearman": 0.4213947493139987
    },
    "evaluation_time": 0.04,
    "manhattan": {
      "pearson": 0.4329501425288263,
      "spearman": 0.42136896043930155
    }
  }
}