{
  "dataset_revision": null,
  "mteb_dataset_name": "InstructSTSBenchmark",
  "mteb_version": "1.1.2.dev0",
  "test": {
    "cos_sim": {
      "pearson": 0.17824652158589976,
      "spearman": 0.2131826725644285
    },
    "euclidean": {
      "pearson": 0.1897709107671363,
      "spearman": 0.20056190783674863
    },
    "evaluation_time": 0.13,
    "manhattan": {
      "pearson": 0.19149446486904936,
      "spearman": 0.20227424772277505
    }
  }
}