{
  "dataset_revision": "a0d554a64d88156834ff5ae9920b964011b16384",
  "mteb_dataset_name": "STS12",
  "mteb_version": "1.1.2.dev0",
  "test": {
    "cos_sim": {
      "pearson": 0.30762007565831323,
      "spearman": 0.42008785141150534
    },
    "euclidean": {
      "pearson": 0.37218356909685946,
      "spearman": 0.42164646943415185
    },
    "evaluation_time": 0.35,
    "manhattan": {
      "pearson": 0.3753434267079781,
      "spearman": 0.42294527399413867
    }
  }
}