{
  "dataset_revision": "b0fddb56ed78048fa8b90373c8a3cfc37b684831",
  "mteb_dataset_name": "STSBenchmark",
  "mteb_version": "1.1.2.dev0",
  "test": {
    "cos_sim": {
      "pearson": -0.034135616212020964,
      "spearman": -0.0320320066219762
    },
    "euclidean": {
      "pearson": -0.0340770614125281,
      "spearman": -0.0320320066219762
    },
    "evaluation_time": 31.47,
    "manhattan": {
      "pearson": -0.04543977982470908,
      "spearman": -0.04109852212176733
    }
  }
}