{
  "dataset_revision": null,
  "mteb_dataset_name": "InstructSTSBenchmark",
  "mteb_version": "1.1.2.dev0",
  "test": {
    "cos_sim": {
      "pearson": 0.0012279361778908993,
      "spearman": 0.007958281787539838
    },
    "euclidean": {
      "pearson": 0.004201071730027465,
      "spearman": 0.0033176585291763007
    },
    "evaluation_time": 0.04,
    "manhattan": {
      "pearson": -0.005404711462494583,
      "spearman": -0.00612024886391219
    }
  }
}