{
    "test": {
        "NYTTopicClustering": 0.015559040042104557,
        "NYTLocationClustering": 0.016309733620077396,
        "harmonic_mean": 0.015925555253120012
    }
}