{
  "dataset_revision": "b0fddb56ed78048fa8b90373c8a3cfc37b684831",
  "mteb_dataset_name": "STSBenchmark",
  "mteb_version": "1.1.2.dev0",
  "test": {
    "cos_sim": {
      "pearson": 0.27235571843427797,
      "spearman": 0.3465803518037372
    },
    "euclidean": {
      "pearson": 0.2359067063951819,
      "spearman": 0.30923951817996514
    },
    "evaluation_time": 0.04,
    "manhattan": {
      "pearson": 0.35399787274177463,
      "spearman": 0.38404387156620634
    }
  }
}