{
  "dataset_revision": null,
  "mteb_dataset_name": "InstructSTSBenchmark",
  "mteb_version": "1.1.2.dev0",
  "test": {
    "cos_sim": {
      "pearson": 0.03514321232316498,
      "spearman": 0.06490724598624675
    },
    "euclidean": {
      "pearson": 0.02352086118860727,
      "spearman": 0.03778942855911499
    },
    "evaluation_time": 0.12,
    "manhattan": {
      "pearson": 0.0408446898765864,
      "spearman": 0.049739375003171764
    }
  }
}