{
  "dataset_revision": "b0fddb56ed78048fa8b90373c8a3cfc37b684831",
  "mteb_dataset_name": "STSBenchmark",
  "mteb_version": "1.1.2.dev0",
  "test": {
    "cos_sim": {
      "pearson": 0.04448887239673742,
      "spearman": 0.08149318054051997
    },
    "euclidean": {
      "pearson": 0.06386692550521893,
      "spearman": 0.06629258052564625
    },
    "evaluation_time": 0.03,
    "manhattan": {
      "pearson": 0.06633476759791271,
      "spearman": 0.07161420805153002
    }
  }
}