{
  "dataset_revision": "b0fddb56ed78048fa8b90373c8a3cfc37b684831",
  "mteb_dataset_name": "STSBenchmark",
  "mteb_version": "1.1.2.dev0",
  "test": {
    "cos_sim": {
      "pearson": 0.2677189304102048,
      "spearman": 0.23353131631580942
    },
    "euclidean": {
      "pearson": 0.2809752069316116,
      "spearman": 0.23375805591389762
    },
    "evaluation_time": 0.03,
    "manhattan": {
      "pearson": 0.28181055121338805,
      "spearman": 0.23598964343064147
    }
  }
}