{
  "dataset_revision": "b0fddb56ed78048fa8b90373c8a3cfc37b684831",
  "mteb_dataset_name": "STSBenchmark",
  "mteb_version": "1.1.2.dev0",
  "test": {
    "cos_sim": {
      "pearson": 0.46693176580981083,
      "spearman": 0.468708990915518
    },
    "euclidean": {
      "pearson": 0.4783611367677129,
      "spearman": 0.47792983146325035
    },
    "evaluation_time": 0.04,
    "manhattan": {
      "pearson": 0.481932177598946,
      "spearman": 0.4807738692479626
    }
  }
}