{
  "dataset_revision": "b0fddb56ed78048fa8b90373c8a3cfc37b684831",
  "mteb_dataset_name": "STSBenchmark",
  "mteb_version": "1.1.2.dev0",
  "test": {
    "cos_sim": {
      "pearson": 0.12055584102302669,
      "spearman": 0.1497099500375504
    },
    "euclidean": {
      "pearson": 0.1418705790706614,
      "spearman": 0.14962691927693483
    },
    "evaluation_time": 0.03,
    "manhattan": {
      "pearson": 0.14167168311611264,
      "spearman": 0.1495172031690563
    }
  }
}