{
  "dataset_revision": null,
  "mteb_dataset_name": "InstructSTSBenchmark",
  "mteb_version": "1.1.2.dev0",
  "test": {
    "cos_sim": {
      "pearson": 0.2973573160043868,
      "spearman": 0.301105860766873
    },
    "euclidean": {
      "pearson": 0.31080204272353157,
      "spearman": 0.29976012552102616
    },
    "evaluation_time": 0.16,
    "manhattan": {
      "pearson": 0.31084113032388344,
      "spearman": 0.2991885866287605
    }
  }
}