{
    "test": {
        "NYTTopicClustering": 0.03098694565891808,
        "NYTLocationClustering": 0.07593880303157145,
        "harmonic_mean": 0.044013948387157525
    }
}