{
    "test": {
        "NYTTopicClustering": 0.014816625003665351,
        "NYTLocationClustering": 0.05777646470919519,
        "harmonic_mean": 0.02358496394356804
    }
}