{
  "dataset_revision": "b0fddb56ed78048fa8b90373c8a3cfc37b684831",
  "mteb_dataset_name": "STSBenchmark",
  "mteb_version": "1.1.2.dev0",
  "test": {
    "cos_sim": {
      "pearson": 0.3778852351534381,
      "spearman": 0.4109677534775953
    },
    "euclidean": {
      "pearson": 0.25899876778019765,
      "spearman": 0.3057081985336262
    },
    "evaluation_time": 0.05,
    "manhattan": {
      "pearson": 0.4391086544893078,
      "spearman": 0.436063435127602
    }
  }
}