{
  "dataset_revision": null,
  "mteb_dataset_name": "InstructSTSBenchmark",
  "mteb_version": "1.1.2.dev0",
  "test": {
    "cos_sim": {
      "pearson": 0.00955288301830192,
      "spearman": 0.0018740102742018498
    },
    "euclidean": {
      "pearson": 0.004413670425667403,
      "spearman": 0.0040490462570908015
    },
    "evaluation_time": 0.03,
    "manhattan": {
      "pearson": 0.011683602478391423,
      "spearman": 0.011377496641648801
    }
  }
}