{
  "dataset_revision": null,
  "mteb_dataset_name": "InstructSTSBenchmark",
  "mteb_version": "1.1.2.dev0",
  "test": {
    "cos_sim": {
      "pearson": -0.01933136566539737,
      "spearman": -0.006570193506691897
    },
    "euclidean": {
      "pearson": -0.028440849380324183,
      "spearman": -0.018151258201424818
    },
    "evaluation_time": 0.15,
    "manhattan": {
      "pearson": -0.028243519487768185,
      "spearman": -0.017967272745585804
    }
  }
}