{
  "dataset_revision": "b0fddb56ed78048fa8b90373c8a3cfc37b684831",
  "mteb_dataset_name": "STSBenchmark",
  "mteb_version": "1.1.2.dev0",
  "test": {
    "cos_sim": {
      "pearson": 0.06569032108024801,
      "spearman": 0.07858150970938324
    },
    "euclidean": {
      "pearson": 0.08126469016100905,
      "spearman": 0.08470485663321843
    },
    "evaluation_time": 0.03,
    "manhattan": {
      "pearson": 0.08414846902601042,
      "spearman": 0.08768202621928546
    }
  }
}