{
  "dataset_revision": null,
  "mteb_dataset_name": "InstructSTSBenchmark",
  "mteb_version": "1.1.2.dev0",
  "test": {
    "cos_sim": {
      "pearson": 0.014455762585559173,
      "spearman": 0.025646843903358134
    },
    "euclidean": {
      "pearson": -0.029099886821196675,
      "spearman": -0.023546950480584843
    },
    "evaluation_time": 0.07,
    "manhattan": {
      "pearson": -0.02760017183796587,
      "spearman": -0.021806375202820697
    }
  }
}