{
  "dataset_revision": "b0fddb56ed78048fa8b90373c8a3cfc37b684831",
  "mteb_dataset_name": "STSBenchmark",
  "mteb_version": "1.1.2.dev0",
  "test": {
    "cos_sim": {
      "pearson": 0.6386982259228081,
      "spearman": 0.636491215666693
    },
    "euclidean": {
      "pearson": 0.6609991704335342,
      "spearman": 0.657437375847972
    },
    "evaluation_time": 0.05,
    "manhattan": {
      "pearson": 0.6656481762791583,
      "spearman": 0.6618173039907712
    }
  }
}