{
  "dataset_revision": null,
  "mteb_dataset_name": "InstructSTSBenchmark",
  "mteb_version": "1.1.2.dev0",
  "test": {
    "cos_sim": {
      "pearson": -0.009475290831733776,
      "spearman": -0.002461033177322765
    },
    "euclidean": {
      "pearson": 0.01490242114948821,
      "spearman": 0.02103855471137372
    },
    "evaluation_time": 0.08,
    "manhattan": {
      "pearson": 0.014943835049622222,
      "spearman": 0.020976619013368506
    }
  }
}