{
  "dataset_revision": null,
  "mteb_dataset_name": "InstructSTSBenchmark",
  "mteb_version": "1.1.2.dev0",
  "test": {
    "cos_sim": {
      "pearson": 0.04251708174707167,
      "spearman": 0.08985276174801841
    },
    "euclidean": {
      "pearson": -0.037705725093051604,
      "spearman": -0.008905533634696651
    },
    "evaluation_time": 0.12,
    "manhattan": {
      "pearson": -0.009314490239546985,
      "spearman": 0.008676462635259693
    }
  }
}