{
    "test": {
        "NYTTopicClustering": 0.1554024606025572,
        "NYTLocationClustering": 0.07828308812614038,
        "harmonic_mean": 0.10411757064338281
    }
}