{
  "dataset_revision": null,
  "mteb_dataset_name": "InstructSTSBenchmark",
  "mteb_version": "1.1.2.dev0",
  "test": {
    "cos_sim": {
      "pearson": 0.05504249420088096,
      "spearman": 0.062498584407348824
    },
    "euclidean": {
      "pearson": -0.014031830117156816,
      "spearman": -0.00798378471859845
    },
    "evaluation_time": 0.11,
    "manhattan": {
      "pearson": 0.013863686182472124,
      "spearman": 0.014290296086070436
    }
  }
}