{
  "dataset_revision": "a0d554a64d88156834ff5ae9920b964011b16384",
  "mteb_dataset_name": "STS12",
  "mteb_version": "1.1.2.dev0",
  "test": {
    "cos_sim": {
      "pearson": 0.1878294170257788,
      "spearman": 0.3270216563467348
    },
    "euclidean": {
      "pearson": 0.23681932190152843,
      "spearman": 0.367826626576523
    },
    "evaluation_time": 0.39,
    "manhattan": {
      "pearson": 0.30590330015263884,
      "spearman": 0.3931330561475025
    }
  }
}