{
  "dataset_revision": "b0fddb56ed78048fa8b90373c8a3cfc37b684831",
  "mteb_dataset_name": "STSBenchmark",
  "mteb_version": "1.1.2.dev0",
  "test": {
    "cos_sim": {
      "pearson": 0.24677905981412956,
      "spearman": 0.2731849954321976
    },
    "euclidean": {
      "pearson": 0.24182387367474456,
      "spearman": 0.24998671666797945
    },
    "evaluation_time": 0.03,
    "manhattan": {
      "pearson": 0.30863334548069205,
      "spearman": 0.31240127282656055
    }
  }
}