{
  "dataset_revision": "b0fddb56ed78048fa8b90373c8a3cfc37b684831",
  "mteb_dataset_name": "STSBenchmark",
  "mteb_version": "1.1.2.dev0",
  "test": {
    "cos_sim": {
      "pearson": 0.32677818397419706,
      "spearman": 0.39843485552877805
    },
    "euclidean": {
      "pearson": 0.40817214250915584,
      "spearman": 0.4287298905351396
    },
    "evaluation_time": 0.03,
    "manhattan": {
      "pearson": 0.4216467981723625,
      "spearman": 0.44020574556817155
    }
  }
}