{
  "dataset_revision": "b0fddb56ed78048fa8b90373c8a3cfc37b684831",
  "mteb_dataset_name": "STSBenchmark",
  "mteb_version": "1.1.2.dev0",
  "test": {
    "cos_sim": {
      "pearson": 0.16856734800776194,
      "spearman": 0.18377069175896749
    },
    "euclidean": {
      "pearson": 0.1932348627593983,
      "spearman": 0.1868782249109335
    },
    "evaluation_time": 0.07,
    "manhattan": {
      "pearson": 0.19383729308990008,
      "spearman": 0.18763186800797557
    }
  }
}