{
  "dataset_revision": null,
  "mteb_dataset_name": "InstructSTSBenchmark",
  "mteb_version": "1.1.2.dev0",
  "test": {
    "cos_sim": {
      "pearson": -0.10392408132667316,
      "spearman": -0.10184278103743881
    },
    "euclidean": {
      "pearson": -0.13994578736940413,
      "spearman": -0.1325109704726091
    },
    "evaluation_time": 0.08,
    "manhattan": {
      "pearson": -0.1417026269799214,
      "spearman": -0.13480532379462146
    }
  }
}