{
  "dataset_revision": "b0fddb56ed78048fa8b90373c8a3cfc37b684831",
  "mteb_dataset_name": "STSBenchmark",
  "mteb_version": "1.1.2.dev0",
  "test": {
    "cos_sim": {
      "pearson": 0.3327968738535967,
      "spearman": 0.3517910931246272
    },
    "euclidean": {
      "pearson": 0.39759356910327476,
      "spearman": 0.39618685732644787
    },
    "evaluation_time": 0.06,
    "manhattan": {
      "pearson": 0.40515674273922775,
      "spearman": 0.40327586575237967
    }
  }
}