{
  "dataset_revision": "b0fddb56ed78048fa8b90373c8a3cfc37b684831",
  "mteb_dataset_name": "STSBenchmark",
  "mteb_version": "1.1.2.dev0",
  "test": {
    "cos_sim": {
      "pearson": 0.10030092753738619,
      "spearman": 0.2113236731143842
    },
    "euclidean": {
      "pearson": 0.1484607703612527,
      "spearman": 0.23236138149743854
    },
    "evaluation_time": 0.04,
    "manhattan": {
      "pearson": 0.27713572712348994,
      "spearman": 0.30462764514195717
    }
  }
}