{
  "dataset_revision": "b0fddb56ed78048fa8b90373c8a3cfc37b684831",
  "mteb_dataset_name": "STSBenchmark",
  "mteb_version": "1.1.2.dev0",
  "test": {
    "cos_sim": {
      "pearson": 0.11780185585104634,
      "spearman": 0.09812295715148776
    },
    "euclidean": {
      "pearson": 0.17894420171659378,
      "spearman": 0.11068705040859948
    },
    "evaluation_time": 0.19,
    "manhattan": {
      "pearson": 0.1826393254885199,
      "spearman": 0.11029399328849772
    }
  }
}