{
  "dataset_revision": null,
  "mteb_dataset_name": "InstructSTSBenchmark",
  "mteb_version": "1.1.2.dev0",
  "test": {
    "cos_sim": {
      "pearson": 0.07491323641219087,
      "spearman": 0.09392411980970428
    },
    "euclidean": {
      "pearson": 0.07790955871658255,
      "spearman": 0.07654113749583939
    },
    "evaluation_time": 0.12,
    "manhattan": {
      "pearson": 0.07718948348847395,
      "spearman": 0.07525597176223121
    }
  }
}