{
  "dataset_revision": "b0fddb56ed78048fa8b90373c8a3cfc37b684831",
  "mteb_dataset_name": "STSBenchmark",
  "mteb_version": "1.1.2.dev0",
  "test": {
    "cos_sim": {
      "pearson": 0.7008769372345175,
      "spearman": 0.7269900375413612
    },
    "euclidean": {
      "pearson": 0.7321551872609741,
      "spearman": 0.7273045388259881
    },
    "evaluation_time": 0.03,
    "manhattan": {
      "pearson": 0.7325556633603917,
      "spearman": 0.7284120516479566
    }
  }
}