{
  "dataset_revision": "b0fddb56ed78048fa8b90373c8a3cfc37b684831",
  "mteb_dataset_name": "STSBenchmark",
  "mteb_version": "1.1.2.dev0",
  "test": {
    "cos_sim": {
      "pearson": 0.7341930729183671,
      "spearman": 0.7285537919580262
    },
    "euclidean": {
      "pearson": 0.7482771488497707,
      "spearman": 0.7336656907388598
    },
    "evaluation_time": 0.03,
    "manhattan": {
      "pearson": 0.7499998357508063,
      "spearman": 0.7352462431763543
    }
  }
}