{
  "dataset_revision": "a0d554a64d88156834ff5ae9920b964011b16384",
  "mteb_dataset_name": "STS12",
  "mteb_version": "1.1.2.dev0",
  "test": {
    "cos_sim": {
      "pearson": 0.5284163029772967,
      "spearman": 0.4596428263405446
    },
    "euclidean": {
      "pearson": 0.4973592724449423,
      "spearman": 0.4239563206739288
    },
    "evaluation_time": 8.61,
    "manhattan": {
      "pearson": 0.5439882277598497,
      "spearman": 0.4543700329265754
    }
  }
}