{
  "dataset_revision": "b0fddb56ed78048fa8b90373c8a3cfc37b684831",
  "mteb_dataset_name": "STSBenchmark",
  "mteb_version": "1.1.2.dev0",
  "test": {
    "cos_sim": {
      "pearson": 0.5625786761482554,
      "spearman": 0.575592455051664
    },
    "euclidean": {
      "pearson": 0.5502119079983041,
      "spearman": 0.5437675777357329
    },
    "evaluation_time": 8.44,
    "manhattan": {
      "pearson": 0.6008845398340208,
      "spearman": 0.5874502662280767
    }
  }
}