{
  "dataset_revision": "b0fddb56ed78048fa8b90373c8a3cfc37b684831",
  "mteb_dataset_name": "STSBenchmark",
  "mteb_version": "1.1.2.dev0",
  "test": {
    "cos_sim": {
      "pearson": -0.00810878265470474,
      "spearman": -0.009350281335074498
    },
    "euclidean": {
      "pearson": -0.007007999530882232,
      "spearman": -0.009352062377048862
    },
    "evaluation_time": 30.1,
    "manhattan": {
      "pearson": -0.059880259923348805,
      "spearman": -0.06390769253013136
    }
  }
}