{
  "dataset_revision": "b0fddb56ed78048fa8b90373c8a3cfc37b684831",
  "mteb_dataset_name": "STSBenchmark",
  "mteb_version": "1.1.2.dev0",
  "test": {
    "cos_sim": {
      "pearson": 0.045350934022240934,
      "spearman": 0.04722983160140874
    },
    "euclidean": {
      "pearson": 0.04634519902504991,
      "spearman": 0.04723057270189186
    },
    "evaluation_time": 53.43,
    "manhattan": {
      "pearson": 0.07800529659362603,
      "spearman": 0.07764336066772154
    }
  }
}