{
    "dataset_revision": null,
    "mteb_dataset_name": "IntentEmotion",
    "mteb_version": "1.1.2.dev0",
    "test": {
        "Emotion_success_rate": 0.9689935064935065,
        "Intent_success_rate": 0.03198051948051948,
        "evaluation_time": 0.56,
        "harmonic_mean": 0.061917540909860805
    }
}