{
  "dataset_revision": "b0fddb56ed78048fa8b90373c8a3cfc37b684831",
  "mteb_dataset_name": "STSBenchmark",
  "mteb_version": "1.1.2.dev0",
  "test": {
    "cos_sim": {
      "pearson": 0.43640941134962524,
      "spearman": 0.4401799743676694
    },
    "euclidean": {
      "pearson": 0.41154541046705156,
      "spearman": 0.4334361453359765
    },
    "evaluation_time": 0.08,
    "manhattan": {
      "pearson": 0.4881602250072794,
      "spearman": 0.48613253535218887
    }
  }
}