{
  "dataset_revision": "b0fddb56ed78048fa8b90373c8a3cfc37b684831",
  "mteb_dataset_name": "STSBenchmark",
  "mteb_version": "1.1.2.dev0",
  "test": {
    "cos_sim": {
      "pearson": 0.2112562543664324,
      "spearman": 0.19947825561557136
    },
    "euclidean": {
      "pearson": 0.2200738294344714,
      "spearman": 0.20239883536012582
    },
    "evaluation_time": 0.06,
    "manhattan": {
      "pearson": 0.23805729767210415,
      "spearman": 0.22654781199903032
    }
  }
}