{
  "dataset_revision": "b0fddb56ed78048fa8b90373c8a3cfc37b684831",
  "mteb_dataset_name": "STSBenchmark",
  "mteb_version": "1.1.2.dev0",
  "test": {
    "cos_sim": {
      "pearson": 0.1443854618473927,
      "spearman": 0.20169469008616253
    },
    "euclidean": {
      "pearson": 0.13525096687772184,
      "spearman": 0.15864424818166822
    },
    "evaluation_time": 0.07,
    "manhattan": {
      "pearson": 0.3492861842816617,
      "spearman": 0.3531851689996604
    }
  }
}