{
  "dataset_revision": "b0fddb56ed78048fa8b90373c8a3cfc37b684831",
  "mteb_dataset_name": "STSBenchmark",
  "mteb_version": "1.1.2.dev0",
  "test": {
    "cos_sim": {
      "pearson": 0.45279554461953486,
      "spearman": 0.46219750214554606
    },
    "euclidean": {
      "pearson": 0.41034415239400907,
      "spearman": 0.4284856652507452
    },
    "evaluation_time": 0.06,
    "manhattan": {
      "pearson": 0.5142807709850371,
      "spearman": 0.508646280230719
    }
  }
}