{
  "dataset_revision": "b0fddb56ed78048fa8b90373c8a3cfc37b684831",
  "mteb_dataset_name": "STSBenchmark",
  "mteb_version": "1.1.2.dev0",
  "test": {
    "cos_sim": {
      "pearson": 0.13731098848954162,
      "spearman": 0.22746425744665172
    },
    "euclidean": {
      "pearson": 0.07549631177727285,
      "spearman": 0.09565432411060593
    },
    "evaluation_time": 0.07,
    "manhattan": {
      "pearson": 0.2988236931796367,
      "spearman": 0.31541988223989215
    }
  }
}