{
  "dataset_revision": "b0fddb56ed78048fa8b90373c8a3cfc37b684831",
  "mteb_dataset_name": "STSBenchmark",
  "mteb_version": "1.1.2.dev0",
  "test": {
    "cos_sim": {
      "pearson": 0.3239789650644839,
      "spearman": 0.3598201591623799
    },
    "euclidean": {
      "pearson": 0.43345633360192265,
      "spearman": 0.4258615369767542
    },
    "evaluation_time": 0.08,
    "manhattan": {
      "pearson": 0.45876854348593793,
      "spearman": 0.44857114026623823
    }
  }
}