{
    "dataset_revision": null,
    "mteb_dataset_name": "IntentEmotion",
    "mteb_version": "1.1.2.dev0",
    "test": {
        "Emotion_success_rate": 0.9712662337662338,
        "Intent_success_rate": 0.030357142857142857,
        "evaluation_time": 0.39,
        "harmonic_mean": 0.058874179509768844
    }
}