{
  "dataset_revision": "b0fddb56ed78048fa8b90373c8a3cfc37b684831",
  "mteb_dataset_name": "STSBenchmark",
  "mteb_version": "1.1.2.dev0",
  "test": {
    "cos_sim": {
      "pearson": 0.34210511783565245,
      "spearman": 0.35545416020116655
    },
    "euclidean": {
      "pearson": 0.3935284406718699,
      "spearman": 0.3930862227582856
    },
    "evaluation_time": 0.06,
    "manhattan": {
      "pearson": 0.40204745399111647,
      "spearman": 0.40023604967979476
    }
  }
}