{
  "dataset_revision": "b0fddb56ed78048fa8b90373c8a3cfc37b684831",
  "mteb_dataset_name": "STSBenchmark",
  "mteb_version": "1.1.2.dev0",
  "test": {
    "cos_sim": {
      "pearson": 0.3998622321678358,
      "spearman": 0.4149215121054241
    },
    "euclidean": {
      "pearson": 0.41286291547132264,
      "spearman": 0.4213555689166972
    },
    "evaluation_time": 0.03,
    "manhattan": {
      "pearson": 0.41825968578380196,
      "spearman": 0.4263914938284415
    }
  }
}