{
  "dataset_revision": "b0fddb56ed78048fa8b90373c8a3cfc37b684831",
  "mteb_dataset_name": "STSBenchmark",
  "mteb_version": "1.1.2.dev0",
  "test": {
    "cos_sim": {
      "pearson": 0.03247071420520755,
      "spearman": 0.09893816038016304
    },
    "euclidean": {
      "pearson": 0.06051984688893002,
      "spearman": 0.05858700999748746
    },
    "evaluation_time": 0.05,
    "manhattan": {
      "pearson": 0.06694199477974849,
      "spearman": 0.06991801571596622
    }
  }
}