{
    "dataset_revision": null,
    "mteb_dataset_name": "IntentEmotion",
    "mteb_version": "1.1.2.dev0",
    "test": {
        "Emotion_success_rate": 0.9772727272727273,
        "Intent_success_rate": 0.019642857142857142,
        "evaluation_time": 0.91,
        "harmonic_mean": 0.038511662282260946
    }
}