{
  "dataset_revision": "b0fddb56ed78048fa8b90373c8a3cfc37b684831",
  "mteb_dataset_name": "STSBenchmark",
  "mteb_version": "1.1.2.dev0",
  "test": {
    "cos_sim": {
      "pearson": 0.18919862052809955,
      "spearman": 0.21244786248592198
    },
    "euclidean": {
      "pearson": 0.21957748300297403,
      "spearman": 0.2169816759294377
    },
    "evaluation_time": 0.07,
    "manhattan": {
      "pearson": 0.21963564253079967,
      "spearman": 0.2168025903331772
    }
  }
}