{
  "dataset_revision": "a0d554a64d88156834ff5ae9920b964011b16384",
  "mteb_dataset_name": "STS12",
  "mteb_version": "1.1.2.dev0",
  "test": {
    "cos_sim": {
      "pearson": 0.6700143007361623,
      "spearman": 0.6407959302392133
    },
    "euclidean": {
      "pearson": 0.6569172843526369,
      "spearman": 0.6490613649235142
    },
    "evaluation_time": 0.51,
    "manhattan": {
      "pearson": 0.6677752417303192,
      "spearman": 0.653977710206604
    }
  }
}