{
  "dataset_revision": "b0fddb56ed78048fa8b90373c8a3cfc37b684831",
  "mteb_dataset_name": "STSBenchmark",
  "mteb_version": "1.1.2.dev0",
  "test": {
    "cos_sim": {
      "pearson": 0.7083426200149149,
      "spearman": 0.7083892602096613
    },
    "euclidean": {
      "pearson": 0.7331541716278879,
      "spearman": 0.7217239802775963
    },
    "evaluation_time": 0.05,
    "manhattan": {
      "pearson": 0.7412272098145298,
      "spearman": 0.7292686876029894
    }
  }
}