{
  "dataset_revision": "b0fddb56ed78048fa8b90373c8a3cfc37b684831",
  "mteb_dataset_name": "STSBenchmark",
  "mteb_version": "1.1.2.dev0",
  "test": {
    "cos_sim": {
      "pearson": 0.16267325284049744,
      "spearman": 0.22422474641212317
    },
    "euclidean": {
      "pearson": 0.15434568798213683,
      "spearman": 0.23021928395300864
    },
    "evaluation_time": 0.03,
    "manhattan": {
      "pearson": 0.20164332953868058,
      "spearman": 0.23744718990285008
    }
  }
}