{
  "dataset_revision": "b0fddb56ed78048fa8b90373c8a3cfc37b684831",
  "mteb_dataset_name": "STSBenchmark",
  "mteb_version": "1.1.2.dev0",
  "test": {
    "cos_sim": {
      "pearson": 0.03229921222296068,
      "spearman": 0.08733295691760268
    },
    "euclidean": {
      "pearson": 0.06045091484169523,
      "spearman": 0.058390661321464254
    },
    "evaluation_time": 0.05,
    "manhattan": {
      "pearson": 0.06452761465227427,
      "spearman": 0.065832032181547
    }
  }
}