{
  "dataset_revision": "b0fddb56ed78048fa8b90373c8a3cfc37b684831",
  "mteb_dataset_name": "STSBenchmark",
  "mteb_version": "1.1.2.dev0",
  "test": {
    "cos_sim": {
      "pearson": -0.009642224437118364,
      "spearman": -0.009453243246895145
    },
    "euclidean": {
      "pearson": -0.010083667313946703,
      "spearman": -0.00945527855839976
    },
    "evaluation_time": 54.88,
    "manhattan": {
      "pearson": 0.003669072424366708,
      "spearman": 0.009315043237733777
    }
  }
}