{
  "dataset_revision": "b0fddb56ed78048fa8b90373c8a3cfc37b684831",
  "mteb_dataset_name": "STSBenchmark",
  "mteb_version": "1.1.2.dev0",
  "test": {
    "cos_sim": {
      "pearson": 0.16678766169340947,
      "spearman": 0.22325732230617296
    },
    "euclidean": {
      "pearson": 0.1880485491282103,
      "spearman": 0.20531526823410579
    },
    "evaluation_time": 0.04,
    "manhattan": {
      "pearson": 0.20247331129515933,
      "spearman": 0.21467617847823786
    }
  }
}