{
  "dataset_revision": "b0fddb56ed78048fa8b90373c8a3cfc37b684831",
  "mteb_dataset_name": "STSBenchmark",
  "mteb_version": "1.1.2.dev0",
  "test": {
    "cos_sim": {
      "pearson": 0.14190226546666418,
      "spearman": 0.1733137431790827
    },
    "euclidean": {
      "pearson": 0.16859864821791448,
      "spearman": 0.18523922257765166
    },
    "evaluation_time": 0.03,
    "manhattan": {
      "pearson": 0.1774094218292931,
      "spearman": 0.19678391539750295
    }
  }
}