{
  "dataset_revision": "b0fddb56ed78048fa8b90373c8a3cfc37b684831",
  "mteb_dataset_name": "STSBenchmark",
  "mteb_version": "1.1.2.dev0",
  "test": {
    "cos_sim": {
      "pearson": 0.3939413319436981,
      "spearman": 0.400238999660768
    },
    "euclidean": {
      "pearson": 0.39585363949382285,
      "spearman": 0.40541841086831043
    },
    "evaluation_time": 0.03,
    "manhattan": {
      "pearson": 0.40098154031891814,
      "spearman": 0.41005685770483424
    }
  }
}