{
  "dataset_revision": null,
  "mteb_dataset_name": "InstructSTSBenchmark",
  "mteb_version": "1.1.2.dev0",
  "test": {
    "cos_sim": {
      "pearson": -0.013197126045136832,
      "spearman": -0.03501552903106484
    },
    "euclidean": {
      "pearson": 0.02448325530419189,
      "spearman": -0.02067149461287192
    },
    "evaluation_time": 0.12,
    "manhattan": {
      "pearson": 0.023601497904703683,
      "spearman": -0.022200759861710318
    }
  }
}