{
  "dataset_revision": "b0fddb56ed78048fa8b90373c8a3cfc37b684831",
  "mteb_dataset_name": "STSBenchmark",
  "mteb_version": "1.1.2.dev0",
  "test": {
    "cos_sim": {
      "pearson": 0.4318196050818144,
      "spearman": 0.4533399833465033
    },
    "euclidean": {
      "pearson": 0.44060120300614175,
      "spearman": 0.45186448802596135
    },
    "evaluation_time": 0.03,
    "manhattan": {
      "pearson": 0.4535114285463616,
      "spearman": 0.46372323335453836
    }
  }
}