{
  "dataset_revision": null,
  "mteb_dataset_name": "InstructSTSBenchmark",
  "mteb_version": "1.1.2.dev0",
  "test": {
    "cos_sim": {
      "pearson": 0.08116373931167638,
      "spearman": 0.07767966133401283
    },
    "euclidean": {
      "pearson": 0.05388016294606598,
      "spearman": 0.06751036621591826
    },
    "evaluation_time": 0.15,
    "manhattan": {
      "pearson": 0.07320943817159803,
      "spearman": 0.06685366565343316
    }
  }
}