{
  "dataset_revision": "b0fddb56ed78048fa8b90373c8a3cfc37b684831",
  "mteb_dataset_name": "STSBenchmark",
  "mteb_version": "1.1.2.dev0",
  "test": {
    "cos_sim": {
      "pearson": 0.24913369357773554,
      "spearman": 0.28603022146606566
    },
    "euclidean": {
      "pearson": 0.2597813828793785,
      "spearman": 0.2683494995772298
    },
    "evaluation_time": 0.07,
    "manhattan": {
      "pearson": 0.28020804328937055,
      "spearman": 0.28707713390134243
    }
  }
}