{
  "dataset_revision": null,
  "mteb_dataset_name": "InstructSTSBenchmark",
  "mteb_version": "1.1.2.dev0",
  "test": {
    "cos_sim": {
      "pearson": 0.11885498912853873,
      "spearman": 0.17984988187140938
    },
    "euclidean": {
      "pearson": 0.09105866166798302,
      "spearman": 0.11478187691861687
    },
    "evaluation_time": 0.16,
    "manhattan": {
      "pearson": 0.10412135523700684,
      "spearman": 0.12861175393715404
    }
  }
}