{
  "dataset_revision": "b0fddb56ed78048fa8b90373c8a3cfc37b684831",
  "mteb_dataset_name": "STSBenchmark",
  "mteb_version": "1.1.2.dev0",
  "test": {
    "cos_sim": {
      "pearson": 0.4134945445360083,
      "spearman": 0.39147170359188616
    },
    "euclidean": {
      "pearson": 0.4440465219417324,
      "spearman": 0.45509050771640475
    },
    "evaluation_time": 0.04,
    "manhattan": {
      "pearson": 0.44509920703691125,
      "spearman": 0.45666510148235
    }
  }
}