{
  "dataset_revision": "b0fddb56ed78048fa8b90373c8a3cfc37b684831",
  "mteb_dataset_name": "STSBenchmark",
  "mteb_version": "1.1.2.dev0",
  "test": {
    "cos_sim": {
      "pearson": 0.19547888205368993,
      "spearman": 0.3702048206367733
    },
    "euclidean": {
      "pearson": 0.30013533509343004,
      "spearman": 0.40124381581489166
    },
    "evaluation_time": 0.06,
    "manhattan": {
      "pearson": 0.3090477850306461,
      "spearman": 0.41149589223550864
    }
  }
}