{
  "dataset_revision": null,
  "mteb_dataset_name": "InstructSTSBenchmark",
  "mteb_version": "1.1.2.dev0",
  "test": {
    "cos_sim": {
      "pearson": 0.18291679469523575,
      "spearman": 0.19415566216780827
    },
    "euclidean": {
      "pearson": 0.2047441947450324,
      "spearman": 0.20177694050055675
    },
    "evaluation_time": 0.07,
    "manhattan": {
      "pearson": 0.20416471831885075,
      "spearman": 0.19870383689659218
    }
  }
}