{
    "test": {
        "NYTTopicClustering": 0.06985818318683881,
        "NYTLocationClustering": 0.3951919357542489,
        "harmonic_mean": 0.11872868312756414
    }
}