{
  "dataset_revision": "b0fddb56ed78048fa8b90373c8a3cfc37b684831",
  "mteb_dataset_name": "STSBenchmark",
  "mteb_version": "1.1.2.dev0",
  "test": {
    "cos_sim": {
      "pearson": 0.39153292415877544,
      "spearman": 0.41808598334745345
    },
    "euclidean": {
      "pearson": 0.3978396749908602,
      "spearman": 0.4083002866910623
    },
    "evaluation_time": 0.04,
    "manhattan": {
      "pearson": 0.45177995859843273,
      "spearman": 0.44478220743134816
    }
  }
}