{
  "dataset_revision": null,
  "mteb_dataset_name": "InstructSTSBenchmark",
  "mteb_version": "1.1.2.dev0",
  "test": {
    "cos_sim": {
      "pearson": -0.03651402020535904,
      "spearman": -0.06923545756868774
    },
    "euclidean": {
      "pearson": 0.02409067824316301,
      "spearman": -0.04816183633532828
    },
    "evaluation_time": 0.12,
    "manhattan": {
      "pearson": 0.01677960542207516,
      "spearman": -0.04129243876635698
    }
  }
}