{
  "dataset_revision": "b0fddb56ed78048fa8b90373c8a3cfc37b684831",
  "mteb_dataset_name": "STSBenchmark",
  "mteb_version": "1.1.2.dev0",
  "test": {
    "cos_sim": {
      "pearson": 0.06603262533023217,
      "spearman": 0.10185382556620041
    },
    "euclidean": {
      "pearson": 0.07636862619023735,
      "spearman": 0.10155120296928717
    },
    "evaluation_time": 0.04,
    "manhattan": {
      "pearson": 0.07222993882352113,
      "spearman": 0.07895850631741042
    }
  }
}