{
  "dataset_revision": null,
  "mteb_dataset_name": "InstructSTSBenchmark",
  "mteb_version": "1.1.2.dev0",
  "test": {
    "cos_sim": {
      "pearson": 0.010796174842922186,
      "spearman": 0.017854331365017552
    },
    "euclidean": {
      "pearson": -0.07264801598424005,
      "spearman": -0.06686823877796641
    },
    "evaluation_time": 0.15,
    "manhattan": {
      "pearson": -0.059128277019179484,
      "spearman": -0.055234346562957795
    }
  }
}