{
  "dataset_revision": null,
  "mteb_dataset_name": "InstructSTSBenchmark",
  "mteb_version": "1.1.2.dev0",
  "test": {
    "cos_sim": {
      "pearson": 0.3055598696749346,
      "spearman": 0.2868406122057311
    },
    "euclidean": {
      "pearson": 0.31420228941235206,
      "spearman": 0.2716226468782149
    },
    "evaluation_time": 0.15,
    "manhattan": {
      "pearson": 0.3129620602810236,
      "spearman": 0.26814149632268663
    }
  }
}