{
    "test": {
        "NYTTopicClustering": 0.0798152500664007,
        "NYTLocationClustering": 0.08228373046634774,
        "harmonic_mean": 0.08103070497625861
    }
}