{
  "dataset_revision": "b0fddb56ed78048fa8b90373c8a3cfc37b684831",
  "mteb_dataset_name": "STSBenchmark",
  "mteb_version": "1.1.2.dev0",
  "test": {
    "cos_sim": {
      "pearson": 0.5047359082729898,
      "spearman": 0.5302133371544511
    },
    "euclidean": {
      "pearson": 0.5680233970512918,
      "spearman": 0.5668072412043573
    },
    "evaluation_time": 0.05,
    "manhattan": {
      "pearson": 0.5750705469712298,
      "spearman": 0.5724851757764216
    }
  }
}