{
  "dataset_revision": "b0fddb56ed78048fa8b90373c8a3cfc37b684831",
  "mteb_dataset_name": "STSBenchmark",
  "mteb_version": "1.1.2.dev0",
  "test": {
    "cos_sim": {
      "pearson": 0.39098246110849866,
      "spearman": 0.4202804791784644
    },
    "euclidean": {
      "pearson": 0.44981202110227725,
      "spearman": 0.4540495419487632
    },
    "evaluation_time": 0.03,
    "manhattan": {
      "pearson": 0.4668331626328071,
      "spearman": 0.4664468321922838
    }
  }
}