{
  "dataset_revision": "b0fddb56ed78048fa8b90373c8a3cfc37b684831",
  "mteb_dataset_name": "STSBenchmark",
  "mteb_version": "1.1.2.dev0",
  "test": {
    "cos_sim": {
      "pearson": 0.2459775639371195,
      "spearman": 0.3433883734550492
    },
    "euclidean": {
      "pearson": 0.32052667496123033,
      "spearman": 0.3708857034401986
    },
    "evaluation_time": 0.03,
    "manhattan": {
      "pearson": 0.32689580187008127,
      "spearman": 0.3802158425034986
    }
  }
}