{
  "dataset_revision": null,
  "mteb_dataset_name": "InstructSTSBenchmark",
  "mteb_version": "1.1.2.dev0",
  "test": {
    "cos_sim": {
      "pearson": 0.00441042864644862,
      "spearman": -0.00029328374639451003
    },
    "euclidean": {
      "pearson": 0.0010952358873783162,
      "spearman": -0.01588787276696961
    },
    "evaluation_time": 0.11,
    "manhattan": {
      "pearson": -0.002308261592921756,
      "spearman": -0.017375240333213682
    }
  }
}