{
  "dataset_revision": "b0fddb56ed78048fa8b90373c8a3cfc37b684831",
  "mteb_dataset_name": "STSBenchmark",
  "mteb_version": "1.1.2.dev0",
  "test": {
    "cos_sim": {
      "pearson": 0.02440901301787988,
      "spearman": 0.07440127561867424
    },
    "euclidean": {
      "pearson": 0.02263096829541338,
      "spearman": 0.04104386679620919
    },
    "evaluation_time": 0.04,
    "manhattan": {
      "pearson": 0.05443884348741728,
      "spearman": 0.07285188267891061
    }
  }
}