{
  "dataset_revision": "b0fddb56ed78048fa8b90373c8a3cfc37b684831",
  "mteb_dataset_name": "STSBenchmark",
  "mteb_version": "1.1.2.dev0",
  "test": {
    "cos_sim": {
      "pearson": 0.41921862122476494,
      "spearman": 0.43985550478668684
    },
    "euclidean": {
      "pearson": 0.44802863966800743,
      "spearman": 0.44859812299787116
    },
    "evaluation_time": 0.04,
    "manhattan": {
      "pearson": 0.47473284051016007,
      "spearman": 0.4678679783220481
    }
  }
}