{
  "dataset_revision": null,
  "mteb_dataset_name": "InstructSTSBenchmark",
  "mteb_version": "1.1.2.dev0",
  "test": {
    "cos_sim": {
      "pearson": -0.07842578944519597,
      "spearman": -0.08784667965563019
    },
    "euclidean": {
      "pearson": -0.0826792167447546,
      "spearman": -0.08392241539952044
    },
    "evaluation_time": 0.15,
    "manhattan": {
      "pearson": -0.08221847671905823,
      "spearman": -0.08336954821283603
    }
  }
}