{
  "dataset_revision": "b0fddb56ed78048fa8b90373c8a3cfc37b684831",
  "mteb_dataset_name": "STSBenchmark",
  "mteb_version": "1.1.2.dev0",
  "test": {
    "cos_sim": {
      "pearson": 0.14512992338027433,
      "spearman": 0.10247614794117411
    },
    "euclidean": {
      "pearson": 0.15974930131191034,
      "spearman": 0.1119519352534451
    },
    "evaluation_time": 0.06,
    "manhattan": {
      "pearson": 0.15998601046945116,
      "spearman": 0.11109525348606308
    }
  }
}