{
  "dataset_revision": "b0fddb56ed78048fa8b90373c8a3cfc37b684831",
  "mteb_dataset_name": "STSBenchmark",
  "mteb_version": "1.1.2.dev0",
  "test": {
    "cos_sim": {
      "pearson": 0.31192798102666514,
      "spearman": 0.3862641507019407
    },
    "euclidean": {
      "pearson": 0.3863924821496585,
      "spearman": 0.4151827321407155
    },
    "evaluation_time": 0.03,
    "manhattan": {
      "pearson": 0.39014171417585214,
      "spearman": 0.4167968687576324
    }
  }
}