{
  "dataset_revision": null,
  "mteb_dataset_name": "InstructSTSBenchmark",
  "mteb_version": "1.1.2.dev0",
  "test": {
    "cos_sim": {
      "pearson": 0.20493351714157967,
      "spearman": 0.172098355942066
    },
    "euclidean": {
      "pearson": 0.18758109478051657,
      "spearman": 0.13716070191844162
    },
    "evaluation_time": 0.12,
    "manhattan": {
      "pearson": 0.18371722930117065,
      "spearman": 0.13385716108513418
    }
  }
}