{
    "test": {
        "NYTTopicClustering": 0.04069840318693232,
        "NYTLocationClustering": 0.3112019831814076,
        "harmonic_mean": 0.0719830217521074
    }
}