{
  "dataset_revision": "a0d554a64d88156834ff5ae9920b964011b16384",
  "mteb_dataset_name": "STS12",
  "mteb_version": "1.1.2.dev0",
  "test": {
    "cos_sim": {
      "pearson": 0.16625167437375862,
      "spearman": 0.20964831789808844
    },
    "euclidean": {
      "pearson": 0.1810779694307087,
      "spearman": 0.20767786779209435
    },
    "evaluation_time": 0.41,
    "manhattan": {
      "pearson": 0.18357409594486554,
      "spearman": 0.21138354980621296
    }
  }
}