{
  "dataset_revision": "b0fddb56ed78048fa8b90373c8a3cfc37b684831",
  "mteb_dataset_name": "STSBenchmark",
  "mteb_version": "1.1.2.dev0",
  "test": {
    "cos_sim": {
      "pearson": 0.2990277226728736,
      "spearman": 0.3881377831916103
    },
    "euclidean": {
      "pearson": 0.3938440859604779,
      "spearman": 0.42200596717704736
    },
    "evaluation_time": 0.03,
    "manhattan": {
      "pearson": 0.40951822085365647,
      "spearman": 0.4357023954632722
    }
  }
}