{
  "dataset_revision": null,
  "mteb_dataset_name": "InstructSTSBenchmark",
  "mteb_version": "1.1.2.dev0",
  "test": {
    "cos_sim": {
      "pearson": 0.2107439888002838,
      "spearman": 0.1998104820888912
    },
    "euclidean": {
      "pearson": 0.20880108624746116,
      "spearman": 0.1958579827111772
    },
    "evaluation_time": 0.07,
    "manhattan": {
      "pearson": 0.20947648797698487,
      "spearman": 0.19706800581398393
    }
  }
}