{
  "dataset_revision": "b0fddb56ed78048fa8b90373c8a3cfc37b684831",
  "mteb_dataset_name": "STSBenchmark",
  "mteb_version": "1.1.2.dev0",
  "test": {
    "cos_sim": {
      "pearson": 0.03489804011859028,
      "spearman": 0.10334779326057472
    },
    "euclidean": {
      "pearson": 0.07241751355847002,
      "spearman": 0.07432303635596153
    },
    "evaluation_time": 0.03,
    "manhattan": {
      "pearson": 0.08578476314471274,
      "spearman": 0.10082224817433698
    }
  }
}