{
  "dataset_revision": "b0fddb56ed78048fa8b90373c8a3cfc37b684831",
  "mteb_dataset_name": "STSBenchmark",
  "mteb_version": "1.1.2.dev0",
  "test": {
    "cos_sim": {
      "pearson": 0.43613581429839543,
      "spearman": 0.463883878966112
    },
    "euclidean": {
      "pearson": 0.448158155358407,
      "spearman": 0.46452297939101506
    },
    "evaluation_time": 0.03,
    "manhattan": {
      "pearson": 0.461137192860645,
      "spearman": 0.4755754455626113
    }
  }
}