{
  "dataset_revision": null,
  "mteb_dataset_name": "InstructSTSBenchmark",
  "mteb_version": "1.1.2.dev0",
  "test": {
    "cos_sim": {
      "pearson": -0.009514470417827155,
      "spearman": -0.04103285539080736
    },
    "euclidean": {
      "pearson": -0.02059007087273321,
      "spearman": -0.04076143124968082
    },
    "evaluation_time": 0.14,
    "manhattan": {
      "pearson": -0.02042590288357321,
      "spearman": -0.04092628950466528
    }
  }
}