{
  "dataset_revision": null,
  "mteb_dataset_name": "InstructSTSBenchmark",
  "mteb_version": "1.1.2.dev0",
  "test": {
    "cos_sim": {
      "pearson": 0.04197480784205507,
      "spearman": 0.09111196606957528
    },
    "euclidean": {
      "pearson": -0.0033386638605684676,
      "spearman": 0.025514775120882828
    },
    "evaluation_time": 0.12,
    "manhattan": {
      "pearson": 0.029680619814357843,
      "spearman": 0.04948798892772084
    }
  }
}