{
    "test": {
        "NYTTopicClustering": 0.3021751097265447,
        "NYTLocationClustering": 0.368873843650018,
        "harmonic_mean": 0.33220973524427766
    }
}