{
  "dataset_revision": "b0fddb56ed78048fa8b90373c8a3cfc37b684831",
  "mteb_dataset_name": "STSBenchmark",
  "mteb_version": "1.1.2.dev0",
  "test": {
    "cos_sim": {
      "pearson": 0.643458728566118,
      "spearman": 0.6614816755602158
    },
    "euclidean": {
      "pearson": 0.6622411159050059,
      "spearman": 0.664395886795333
    },
    "evaluation_time": 0.03,
    "manhattan": {
      "pearson": 0.6677710446583015,
      "spearman": 0.6691655710115225
    }
  }
}