{
  "dataset_revision": "b0fddb56ed78048fa8b90373c8a3cfc37b684831",
  "mteb_dataset_name": "STSBenchmark",
  "mteb_version": "1.1.2.dev0",
  "test": {
    "cos_sim": {
      "pearson": 0.05280882716352286,
      "spearman": 0.1388178596842283
    },
    "euclidean": {
      "pearson": 0.052635532252732126,
      "spearman": 0.10172472363652611
    },
    "evaluation_time": 0.05,
    "manhattan": {
      "pearson": 0.04764677109271847,
      "spearman": 0.16096743604602137
    }
  }
}