{
  "dataset_revision": "b0fddb56ed78048fa8b90373c8a3cfc37b684831",
  "mteb_dataset_name": "STSBenchmark",
  "mteb_version": "1.1.2.dev0",
  "test": {
    "cos_sim": {
      "pearson": 0.7117995522463132,
      "spearman": 0.7022339546140834
    },
    "euclidean": {
      "pearson": 0.7169300125126208,
      "spearman": 0.7022868590296684
    },
    "evaluation_time": 0.03,
    "manhattan": {
      "pearson": 0.7179285559406824,
      "spearman": 0.703373856202695
    }
  }
}