{
  "dataset_revision": "b0fddb56ed78048fa8b90373c8a3cfc37b684831",
  "mteb_dataset_name": "STSBenchmark",
  "mteb_version": "1.1.2.dev0",
  "test": {
    "cos_sim": {
      "pearson": 0.5600862423535924,
      "spearman": 0.6010643986991536
    },
    "euclidean": {
      "pearson": 0.590062303589625,
      "spearman": 0.6025189294862087
    },
    "evaluation_time": 0.07,
    "manhattan": {
      "pearson": 0.5907185531503633,
      "spearman": 0.6031084336573712
    }
  }
}