{
  "dataset_revision": "b0fddb56ed78048fa8b90373c8a3cfc37b684831",
  "mteb_dataset_name": "STSBenchmark",
  "mteb_version": "1.1.2.dev0",
  "test": {
    "cos_sim": {
      "pearson": 0.015351802876868003,
      "spearman": 0.06972383947223836
    },
    "euclidean": {
      "pearson": 0.03940994655207595,
      "spearman": 0.051425255320555543
    },
    "evaluation_time": 0.04,
    "manhattan": {
      "pearson": 0.05219342361082612,
      "spearman": 0.07131025072585544
    }
  }
}