{
  "dataset_revision": null,
  "mteb_dataset_name": "InstructSTSBenchmark",
  "mteb_version": "1.1.2.dev0",
  "test": {
    "cos_sim": {
      "pearson": 0.07746199178698232,
      "spearman": 0.06457616277309047
    },
    "euclidean": {
      "pearson": -0.013285348811870908,
      "spearman": 0.06247809077230279
    },
    "evaluation_time": 0.08,
    "manhattan": {
      "pearson": 0.07240890662223046,
      "spearman": 0.06563134645603878
    }
  }
}