{
  "dataset_revision": "b0fddb56ed78048fa8b90373c8a3cfc37b684831",
  "mteb_dataset_name": "STSBenchmark",
  "mteb_version": "1.1.2.dev0",
  "test": {
    "cos_sim": {
      "pearson": 0.35437641793740576,
      "spearman": 0.4120819461828241
    },
    "euclidean": {
      "pearson": 0.11317692386236293,
      "spearman": 0.40558335841674886
    },
    "evaluation_time": 0.05,
    "manhattan": {
      "pearson": 0.3823819516178188,
      "spearman": 0.4058379141727202
    }
  }
}