{
  "dataset_revision": "b0fddb56ed78048fa8b90373c8a3cfc37b684831",
  "mteb_dataset_name": "STSBenchmark",
  "mteb_version": "1.1.2.dev0",
  "test": {
    "cos_sim": {
      "pearson": 0.02352205134928365,
      "spearman": 0.05061892681018572
    },
    "euclidean": {
      "pearson": 0.02960061187150822,
      "spearman": 0.05057518684675887
    },
    "evaluation_time": 0.03,
    "manhattan": {
      "pearson": 0.034740580657220944,
      "spearman": 0.05653100811179833
    }
  }
}