{
  "dataset_revision": "b0fddb56ed78048fa8b90373c8a3cfc37b684831",
  "mteb_dataset_name": "STSBenchmark",
  "mteb_version": "1.1.2.dev0",
  "test": {
    "cos_sim": {
      "pearson": 0.25608559441652734,
      "spearman": 0.26884385888158224
    },
    "euclidean": {
      "pearson": 0.303162806968669,
      "spearman": 0.269094919005755
    },
    "evaluation_time": 0.03,
    "manhattan": {
      "pearson": 0.306150203522476,
      "spearman": 0.27066181419765134
    }
  }
}