{
  "dataset_revision": "b0fddb56ed78048fa8b90373c8a3cfc37b684831",
  "mteb_dataset_name": "STSBenchmark",
  "mteb_version": "1.1.2.dev0",
  "test": {
    "cos_sim": {
      "pearson": 0.16687367066457448,
      "spearman": 0.23376571630409726
    },
    "euclidean": {
      "pearson": 0.1594679617734375,
      "spearman": 0.2458620025805796
    },
    "evaluation_time": 0.04,
    "manhattan": {
      "pearson": 0.223095927954303,
      "spearman": 0.2507191600519327
    }
  }
}