{
  "dataset_revision": "b0fddb56ed78048fa8b90373c8a3cfc37b684831",
  "mteb_dataset_name": "STSBenchmark",
  "mteb_version": "1.1.2.dev0",
  "test": {
    "cos_sim": {
      "pearson": 0.0469682557182663,
      "spearman": 0.024096140224181883
    },
    "euclidean": {
      "pearson": 0.043951119124096924,
      "spearman": 0.021921549091618652
    },
    "evaluation_time": 0.04,
    "manhattan": {
      "pearson": 0.042924424398264736,
      "spearman": -0.0032391953614617623
    }
  }
}