{
  "dataset_revision": "a0d554a64d88156834ff5ae9920b964011b16384",
  "mteb_dataset_name": "STS12",
  "mteb_version": "1.1.2.dev0",
  "test": {
    "cos_sim": {
      "pearson": 0.3080845623350407,
      "spearman": 0.4384335736017784
    },
    "euclidean": {
      "pearson": 0.3756982974713637,
      "spearman": 0.4652160711878879
    },
    "evaluation_time": 0.06,
    "manhattan": {
      "pearson": 0.3730908529854909,
      "spearman": 0.4640021055403778
    }
  }
}