{
  "dataset_revision": "b0fddb56ed78048fa8b90373c8a3cfc37b684831",
  "mteb_dataset_name": "STSBenchmark",
  "mteb_version": "1.1.2.dev0",
  "test": {
    "cos_sim": {
      "pearson": 0.42639482127209016,
      "spearman": 0.470967796721161
    },
    "euclidean": {
      "pearson": 0.5467372587800747,
      "spearman": 0.5595204844752536
    },
    "evaluation_time": 0.03,
    "manhattan": {
      "pearson": 0.5454886643199311,
      "spearman": 0.5587759011578729
    }
  }
}