{
  "dataset_revision": "b0fddb56ed78048fa8b90373c8a3cfc37b684831",
  "mteb_dataset_name": "STSBenchmark",
  "mteb_version": "1.1.2.dev0",
  "test": {
    "cos_sim": {
      "pearson": 0.4619575671590423,
      "spearman": 0.44995768794121194
    },
    "euclidean": {
      "pearson": 0.5020960280467006,
      "spearman": 0.4808501913509682
    },
    "evaluation_time": 0.08,
    "manhattan": {
      "pearson": 0.5057909798104133,
      "spearman": 0.4847066955827802
    }
  }
}