{
  "dataset_revision": "b0fddb56ed78048fa8b90373c8a3cfc37b684831",
  "mteb_dataset_name": "STSBenchmark",
  "mteb_version": "1.1.2.dev0",
  "test": {
    "cos_sim": {
      "pearson": 0.05671255775507341,
      "spearman": 0.04667662959823101
    },
    "euclidean": {
      "pearson": 0.05667240683884076,
      "spearman": 0.04667371002798003
    },
    "evaluation_time": 32.48,
    "manhattan": {
      "pearson": 0.05265502666626281,
      "spearman": 0.050389145187321786
    }
  }
}