{
  "dataset_revision": null,
  "mteb_dataset_name": "InstructSTSBenchmark",
  "mteb_version": "1.1.2.dev0",
  "test": {
    "cos_sim": {
      "pearson": 0.18189079991027218,
      "spearman": 0.17778778732717265
    },
    "euclidean": {
      "pearson": 0.1908563910950481,
      "spearman": 0.17304378613112362
    },
    "evaluation_time": 0.13,
    "manhattan": {
      "pearson": 0.1905743898633726,
      "spearman": 0.17231740788355326
    }
  }
}