{
  "dataset_revision": "b0fddb56ed78048fa8b90373c8a3cfc37b684831",
  "mteb_dataset_name": "STSBenchmark",
  "mteb_version": "1.1.2.dev0",
  "test": {
    "cos_sim": {
      "pearson": 0.4545100191781025,
      "spearman": 0.4815116587921438
    },
    "euclidean": {
      "pearson": 0.07726149169647842,
      "spearman": 0.08934021652624244
    },
    "evaluation_time": 0.06,
    "manhattan": {
      "pearson": 0.29686479207480126,
      "spearman": 0.35221897041689587
    }
  }
}