{
  "dataset_revision": "b0fddb56ed78048fa8b90373c8a3cfc37b684831",
  "mteb_dataset_name": "STSBenchmark",
  "mteb_version": "1.1.2.dev0",
  "test": {
    "cos_sim": {
      "pearson": 0.46166114474902165,
      "spearman": 0.5110486669524836
    },
    "euclidean": {
      "pearson": 0.4944590706997048,
      "spearman": 0.5108013074552147
    },
    "evaluation_time": 0.03,
    "manhattan": {
      "pearson": 0.4955383191530082,
      "spearman": 0.5114588871085456
    }
  }
}