{
  "dataset_revision": "b0fddb56ed78048fa8b90373c8a3cfc37b684831",
  "mteb_dataset_name": "STSBenchmark",
  "mteb_version": "1.1.2.dev0",
  "test": {
    "cos_sim": {
      "pearson": 0.38541698883340525,
      "spearman": 0.40646515433256275
    },
    "euclidean": {
      "pearson": 0.39848751336773985,
      "spearman": 0.4098188432052308
    },
    "evaluation_time": 0.03,
    "manhattan": {
      "pearson": 0.4217442617011229,
      "spearman": 0.43159316345760573
    }
  }
}