{
  "dataset_revision": null,
  "mteb_dataset_name": "InstructSTSBenchmark",
  "mteb_version": "1.1.2.dev0",
  "test": {
    "cos_sim": {
      "pearson": -0.1528405566179301,
      "spearman": -0.13312213080425622
    },
    "euclidean": {
      "pearson": -0.1685056627646941,
      "spearman": -0.1521373001875551
    },
    "evaluation_time": 0.12,
    "manhattan": {
      "pearson": -0.1691326772374959,
      "spearman": -0.15282997814792598
    }
  }
}