{
  "dataset_revision": "b0fddb56ed78048fa8b90373c8a3cfc37b684831",
  "mteb_dataset_name": "STSBenchmark",
  "mteb_version": "1.1.2.dev0",
  "test": {
    "cos_sim": {
      "pearson": 0.8067706859812837,
      "spearman": 0.8036378921837763
    },
    "euclidean": {
      "pearson": 0.8039711308434747,
      "spearman": 0.7973462634852467
    },
    "evaluation_time": 0.07,
    "manhattan": {
      "pearson": 0.8038138308398521,
      "spearman": 0.7969666071763386
    }
  }
}