{
  "dataset_revision": null,
  "mteb_dataset_name": "InstructSTSBenchmark",
  "mteb_version": "1.1.2.dev0",
  "test": {
    "cos_sim": {
      "pearson": 0.29158246710268476,
      "spearman": 0.27119911623484
    },
    "euclidean": {
      "pearson": 0.2930479626983848,
      "spearman": 0.26233456918763964
    },
    "evaluation_time": 0.11,
    "manhattan": {
      "pearson": 0.2943719346708317,
      "spearman": 0.266218301817716
    }
  }
}