{
  "dataset_revision": null,
  "mteb_dataset_name": "InstructSTSBenchmark",
  "mteb_version": "1.1.2.dev0",
  "test": {
    "cos_sim": {
      "pearson": 0.08800060323342261,
      "spearman": 0.12199738573622416
    },
    "euclidean": {
      "pearson": 0.08361187474909672,
      "spearman": 0.09852739945451221
    },
    "evaluation_time": 0.12,
    "manhattan": {
      "pearson": 0.08316248495187051,
      "spearman": 0.09810204694033134
    }
  }
}