{
  "dataset_revision": null,
  "mteb_dataset_name": "InstructSTSBenchmark",
  "mteb_version": "1.1.2.dev0",
  "test": {
    "cos_sim": {
      "pearson": -0.008633275238989088,
      "spearman": 0.00390195175363924
    },
    "euclidean": {
      "pearson": -0.11125454741915997,
      "spearman": -0.10028345864218592
    },
    "evaluation_time": 0.12,
    "manhattan": {
      "pearson": -0.10734159354703678,
      "spearman": -0.09964406364237377
    }
  }
}