{
  "dataset_revision": null,
  "mteb_dataset_name": "InstructSTSBenchmark",
  "mteb_version": "1.1.2.dev0",
  "test": {
    "cos_sim": {
      "pearson": 0.04778180486251206,
      "spearman": 0.05158970600985436
    },
    "euclidean": {
      "pearson": -0.12671681422534978,
      "spearman": -0.1068386236494483
    },
    "evaluation_time": 0.13,
    "manhattan": {
      "pearson": -0.020909443617759153,
      "spearman": -0.018751487980622396
    }
  }
}