{
  "dataset_revision": "a0d554a64d88156834ff5ae9920b964011b16384",
  "mteb_dataset_name": "STS12",
  "mteb_version": "1.1.2.dev0",
  "test": {
    "cos_sim": {
      "pearson": 0.2987999577119398,
      "spearman": 0.4996478436898641
    },
    "euclidean": {
      "pearson": 0.16653154379853846,
      "spearman": 0.29820941054223554
    },
    "evaluation_time": 0.34,
    "manhattan": {
      "pearson": 0.568556584755649,
      "spearman": 0.6081648880444478
    }
  }
}