{
  "dataset_revision": "b0fddb56ed78048fa8b90373c8a3cfc37b684831",
  "mteb_dataset_name": "STSBenchmark",
  "mteb_version": "1.1.2.dev0",
  "test": {
    "cos_sim": {
      "pearson": 0.41793360806085494,
      "spearman": 0.5141024851834466
    },
    "euclidean": {
      "pearson": 0.14676088098502865,
      "spearman": 0.18114677100088578
    },
    "evaluation_time": 0.06,
    "manhattan": {
      "pearson": 0.715376499983712,
      "spearman": 0.7124091274889464
    }
  }
}