{
  "dataset_revision": "b0fddb56ed78048fa8b90373c8a3cfc37b684831",
  "mteb_dataset_name": "STSBenchmark",
  "mteb_version": "1.1.2.dev0",
  "test": {
    "cos_sim": {
      "pearson": 0.4112962440646534,
      "spearman": 0.4256492117953173
    },
    "euclidean": {
      "pearson": 0.4232128311902136,
      "spearman": 0.43143348913616614
    },
    "evaluation_time": 0.03,
    "manhattan": {
      "pearson": 0.4286955472733525,
      "spearman": 0.4364080274548978
    }
  }
}