{
  "dataset_revision": "b0fddb56ed78048fa8b90373c8a3cfc37b684831",
  "mteb_dataset_name": "STSBenchmark",
  "mteb_version": "1.1.2.dev0",
  "test": {
    "cos_sim": {
      "pearson": 0.26965060798967755,
      "spearman": 0.3027962012942775
    },
    "euclidean": {
      "pearson": 0.3072210895783881,
      "spearman": 0.31174158342428715
    },
    "evaluation_time": 0.03,
    "manhattan": {
      "pearson": 0.30726975619724634,
      "spearman": 0.3118297668068012
    }
  }
}