{
  "dataset_revision": null,
  "mteb_dataset_name": "InstructSTSBenchmark",
  "mteb_version": "1.1.2.dev0",
  "test": {
    "cos_sim": {
      "pearson": 0.09301137790236236,
      "spearman": 0.11492806343159535
    },
    "euclidean": {
      "pearson": 0.11002404731183853,
      "spearman": 0.10422001875564788
    },
    "evaluation_time": 0.16,
    "manhattan": {
      "pearson": 0.11125144489055104,
      "spearman": 0.10771392077791292
    }
  }
}