{
  "dataset_revision": "b0fddb56ed78048fa8b90373c8a3cfc37b684831",
  "mteb_dataset_name": "STSBenchmark",
  "mteb_version": "1.1.2.dev0",
  "test": {
    "cos_sim": {
      "pearson": 0.3792487842752995,
      "spearman": 0.3873790177922889
    },
    "euclidean": {
      "pearson": 0.3927833358393512,
      "spearman": 0.3998789637903565
    },
    "evaluation_time": 0.03,
    "manhattan": {
      "pearson": 0.3981101384429839,
      "spearman": 0.4037000398256212
    }
  }
}