{
  "dataset_revision": "b0fddb56ed78048fa8b90373c8a3cfc37b684831",
  "mteb_dataset_name": "STSBenchmark",
  "mteb_version": "1.1.2.dev0",
  "test": {
    "cos_sim": {
      "pearson": 0.21905563484122278,
      "spearman": 0.23534216185796888
    },
    "euclidean": {
      "pearson": 0.3006694536471286,
      "spearman": 0.27103930401494625
    },
    "evaluation_time": 0.07,
    "manhattan": {
      "pearson": 0.3107099314966995,
      "spearman": 0.28067406468936107
    }
  }
}