{
  "dataset_revision": "b0fddb56ed78048fa8b90373c8a3cfc37b684831",
  "mteb_dataset_name": "STSBenchmark",
  "mteb_version": "1.1.2.dev0",
  "test": {
    "cos_sim": {
      "pearson": 0.7560909466282394,
      "spearman": 0.762938120637806
    },
    "euclidean": {
      "pearson": 0.7742058661711407,
      "spearman": 0.7639231855001922
    },
    "evaluation_time": 0.04,
    "manhattan": {
      "pearson": 0.7754809609266446,
      "spearman": 0.7644883737267011
    }
  }
}