{
  "dataset_revision": "b0fddb56ed78048fa8b90373c8a3cfc37b684831",
  "mteb_dataset_name": "STSBenchmark",
  "mteb_version": "1.1.2.dev0",
  "test": {
    "cos_sim": {
      "pearson": 0.21645800456739678,
      "spearman": 0.2266276021999006
    },
    "euclidean": {
      "pearson": 0.2959043216121938,
      "spearman": 0.2656587501367694
    },
    "evaluation_time": 0.07,
    "manhattan": {
      "pearson": 0.30434384190719355,
      "spearman": 0.272645123040338
    }
  }
}