{
  "dataset_revision": null,
  "mteb_dataset_name": "InstructSTSBenchmark",
  "mteb_version": "1.1.2.dev0",
  "test": {
    "cos_sim": {
      "pearson": 0.21727485685640113,
      "spearman": 0.24954029345595125
    },
    "euclidean": {
      "pearson": 0.19876140611031912,
      "spearman": 0.21023844980091053
    },
    "evaluation_time": 0.12,
    "manhattan": {
      "pearson": 0.1982069847868724,
      "spearman": 0.21022023341914692
    }
  }
}