{
  "dataset_revision": "b0fddb56ed78048fa8b90373c8a3cfc37b684831",
  "mteb_dataset_name": "STSBenchmark",
  "mteb_version": "1.1.2.dev0",
  "test": {
    "cos_sim": {
      "pearson": 0.0656034180940516,
      "spearman": 0.12763838212900266
    },
    "euclidean": {
      "pearson": 0.0876150266135791,
      "spearman": 0.12764243504357137
    },
    "evaluation_time": 0.03,
    "manhattan": {
      "pearson": 0.08733862675617765,
      "spearman": 0.1267288793906814
    }
  }
}