{
  "dataset_revision": "b0fddb56ed78048fa8b90373c8a3cfc37b684831",
  "mteb_dataset_name": "STSBenchmark",
  "mteb_version": "1.1.2.dev0",
  "test": {
    "cos_sim": {
      "pearson": 0.36845961131452026,
      "spearman": 0.37401422746913887
    },
    "euclidean": {
      "pearson": 0.39563418527035166,
      "spearman": 0.3954017581246499
    },
    "evaluation_time": 0.04,
    "manhattan": {
      "pearson": 0.39624729815226895,
      "spearman": 0.3951387748264854
    }
  }
}