{
  "dataset_revision": null,
  "mteb_dataset_name": "InstructSTSBenchmark",
  "mteb_version": "1.1.2.dev0",
  "test": {
    "cos_sim": {
      "pearson": 0.028997292614102815,
      "spearman": 0.03441803197983157
    },
    "euclidean": {
      "pearson": -0.0966943696956144,
      "spearman": -0.07965704957417254
    },
    "evaluation_time": 0.12,
    "manhattan": {
      "pearson": -0.01712776209928491,
      "spearman": -0.01731148299705008
    }
  }
}