{
  "dataset_revision": "a0d554a64d88156834ff5ae9920b964011b16384",
  "mteb_dataset_name": "STS12",
  "mteb_version": "1.1.2.dev0",
  "test": {
    "cos_sim": {
      "pearson": 0.735684789323939,
      "spearman": 0.6876631341396662
    },
    "euclidean": {
      "pearson": 0.38765131931011915,
      "spearman": 0.547057242136008
    },
    "evaluation_time": 0.34,
    "manhattan": {
      "pearson": 0.6997825318983951,
      "spearman": 0.5818055552192695
    }
  }
}