{
  "dataset_revision": null,
  "mteb_dataset_name": "InstructSTSBenchmark",
  "mteb_version": "1.1.2.dev0",
  "test": {
    "cos_sim": {
      "pearson": 0.08661069476117145,
      "spearman": 0.08445023520619015
    },
    "euclidean": {
      "pearson": 0.01701815196227596,
      "spearman": 0.07755761159839553
    },
    "evaluation_time": 0.08,
    "manhattan": {
      "pearson": 0.0847060365249598,
      "spearman": 0.0824086340745295
    }
  }
}