{
  "dataset_revision": "b0fddb56ed78048fa8b90373c8a3cfc37b684831",
  "mteb_dataset_name": "STSBenchmark",
  "mteb_version": "1.1.2.dev0",
  "test": {
    "cos_sim": {
      "pearson": 0.2368497836786672,
      "spearman": 0.23382632610688037
    },
    "euclidean": {
      "pearson": 0.11788988758852831,
      "spearman": 0.22111201687810778
    },
    "evaluation_time": 0.06,
    "manhattan": {
      "pearson": 0.24653369309163958,
      "spearman": 0.22473244456442273
    }
  }
}