{
  "dataset_revision": "b0fddb56ed78048fa8b90373c8a3cfc37b684831",
  "mteb_dataset_name": "STSBenchmark",
  "mteb_version": "1.1.2.dev0",
  "test": {
    "cos_sim": {
      "pearson": 0.08461738381529672,
      "spearman": 0.18783683951074198
    },
    "euclidean": {
      "pearson": 0.11563964102232564,
      "spearman": 0.19047269284634713
    },
    "evaluation_time": 0.03,
    "manhattan": {
      "pearson": 0.2698432080642535,
      "spearman": 0.29155477790551976
    }
  }
}