{
  "dataset_revision": "b0fddb56ed78048fa8b90373c8a3cfc37b684831",
  "mteb_dataset_name": "STSBenchmark",
  "mteb_version": "1.1.2.dev0",
  "test": {
    "cos_sim": {
      "pearson": 0.11694487059339134,
      "spearman": 0.14360325470878044
    },
    "euclidean": {
      "pearson": 0.1485009329296201,
      "spearman": 0.1472492582249123
    },
    "evaluation_time": 0.09,
    "manhattan": {
      "pearson": 0.15028355845987248,
      "spearman": 0.1483904353987332
    }
  }
}