{
  "dataset_revision": "b0fddb56ed78048fa8b90373c8a3cfc37b684831",
  "mteb_dataset_name": "STSBenchmark",
  "mteb_version": "1.1.2.dev0",
  "test": {
    "cos_sim": {
      "pearson": 0.039543452086890925,
      "spearman": 0.07973469836477454
    },
    "euclidean": {
      "pearson": 0.05836799579637767,
      "spearman": 0.069504637784708
    },
    "evaluation_time": 0.05,
    "manhattan": {
      "pearson": 0.051702872594850326,
      "spearman": 0.06389151778825637
    }
  }
}