{
  "dataset_revision": null,
  "mteb_dataset_name": "InstructSTSBenchmark",
  "mteb_version": "1.1.2.dev0",
  "test": {
    "cos_sim": {
      "pearson": 0.0051702592652145135,
      "spearman": 0.007398132861611983
    },
    "euclidean": {
      "pearson": -0.06621415845623714,
      "spearman": -0.0655111183363816
    },
    "evaluation_time": 0.12,
    "manhattan": {
      "pearson": -0.08642496479460876,
      "spearman": -0.0825907978804074
    }
  }
}