{
  "dataset_revision": null,
  "mteb_dataset_name": "InstructSTSBenchmark",
  "mteb_version": "1.1.2.dev0",
  "test": {
    "cos_sim": {
      "pearson": 0.17023075618223366,
      "spearman": 0.1705599825016871
    },
    "euclidean": {
      "pearson": 0.16267254305740972,
      "spearman": 0.15472766967471432
    },
    "evaluation_time": 0.07,
    "manhattan": {
      "pearson": 0.1630120695741812,
      "spearman": 0.1551575763065852
    }
  }
}