{
  "dataset_revision": null,
  "mteb_dataset_name": "InstructSTSBenchmark",
  "mteb_version": "1.1.2.dev0",
  "test": {
    "cos_sim": {
      "pearson": 0.08390287851016962,
      "spearman": 0.1098853134998518
    },
    "euclidean": {
      "pearson": 0.05874123166331415,
      "spearman": 0.06746664691898738
    },
    "evaluation_time": 0.11,
    "manhattan": {
      "pearson": 0.05816482564513946,
      "spearman": 0.06666968021671442
    }
  }
}