{
  "dataset_revision": "a0d554a64d88156834ff5ae9920b964011b16384",
  "mteb_dataset_name": "STS12",
  "mteb_version": "1.1.2.dev0",
  "test": {
    "cos_sim": {
      "pearson": 0.0852987403621879,
      "spearman": 0.193306625331157
    },
    "euclidean": {
      "pearson": 0.11202116217533438,
      "spearman": 0.20593013490969433
    },
    "evaluation_time": 0.45,
    "manhattan": {
      "pearson": 0.11527824785566376,
      "spearman": 0.21373750965497787
    }
  }
}