{
  "dataset_revision": "b0fddb56ed78048fa8b90373c8a3cfc37b684831",
  "mteb_dataset_name": "STSBenchmark",
  "mteb_version": "1.1.2.dev0",
  "test": {
    "cos_sim": {
      "pearson": 0.7433395098924901,
      "spearman": 0.7450747594589312
    },
    "euclidean": {
      "pearson": 0.7670166482173431,
      "spearman": 0.7572276372345564
    },
    "evaluation_time": 0.05,
    "manhattan": {
      "pearson": 0.7741739374863221,
      "spearman": 0.764184739391907
    }
  }
}