{
  "dataset_revision": "b0fddb56ed78048fa8b90373c8a3cfc37b684831",
  "mteb_dataset_name": "STSBenchmark",
  "mteb_version": "1.1.2.dev0",
  "test": {
    "cos_sim": {
      "pearson": 0.23359856397209164,
      "spearman": 0.26042959596593757
    },
    "euclidean": {
      "pearson": 0.27591934416763936,
      "spearman": 0.28255091150613054
    },
    "evaluation_time": 0.03,
    "manhattan": {
      "pearson": 0.27992263325123634,
      "spearman": 0.28631001910665477
    }
  }
}