{
  "dataset_revision": "b0fddb56ed78048fa8b90373c8a3cfc37b684831",
  "mteb_dataset_name": "STSBenchmark",
  "mteb_version": "1.1.2.dev0",
  "test": {
    "cos_sim": {
      "pearson": 0.21330407892179598,
      "spearman": 0.3114794965848922
    },
    "euclidean": {
      "pearson": 0.29535660635062727,
      "spearman": 0.31882476046926683
    },
    "evaluation_time": 0.07,
    "manhattan": {
      "pearson": 0.3232291176552536,
      "spearman": 0.3432055983807695
    }
  }
}