{
  "dataset_revision": null,
  "mteb_dataset_name": "InstructSTSBenchmark",
  "mteb_version": "1.1.2.dev0",
  "test": {
    "cos_sim": {
      "pearson": 0.11414379599110384,
      "spearman": 0.12714579070563528
    },
    "euclidean": {
      "pearson": 0.1237054096029986,
      "spearman": 0.11796245715813349
    },
    "evaluation_time": 0.15,
    "manhattan": {
      "pearson": 0.12720343688761238,
      "spearman": 0.12054827254948138
    }
  }
}