{
  "dataset_revision": "b0fddb56ed78048fa8b90373c8a3cfc37b684831",
  "mteb_dataset_name": "STSBenchmark",
  "mteb_version": "1.1.2.dev0",
  "test": {
    "cos_sim": {
      "pearson": 0.04989045354188192,
      "spearman": 0.21860434925268396
    },
    "euclidean": {
      "pearson": 0.1253470866900782,
      "spearman": 0.23308806146145358
    },
    "evaluation_time": 0.06,
    "manhattan": {
      "pearson": 0.31561630010034575,
      "spearman": 0.3716693320026684
    }
  }
}