{
  "dataset_revision": null,
  "mteb_dataset_name": "InstructSTSBenchmark",
  "mteb_version": "1.1.2.dev0",
  "test": {
    "cos_sim": {
      "pearson": 0.05308629049453679,
      "spearman": 0.056748583289161325
    },
    "euclidean": {
      "pearson": 0.02289403549093229,
      "spearman": 0.07251076300932079
    },
    "evaluation_time": 0.18,
    "manhattan": {
      "pearson": 0.08011858434579061,
      "spearman": 0.07589718837869612
    }
  }
}