{
  "dataset_revision": "a0d554a64d88156834ff5ae9920b964011b16384",
  "mteb_dataset_name": "STS12",
  "mteb_version": "1.1.2.dev0",
  "test": {
    "cos_sim": {
      "pearson": 0.32543518736855137,
      "spearman": 0.3108212510950699
    },
    "euclidean": {
      "pearson": 0.07262956707196813,
      "spearman": 0.3039372396391045
    },
    "evaluation_time": 0.46,
    "manhattan": {
      "pearson": 0.3348430907882026,
      "spearman": 0.31210297637062423
    }
  }
}