{
  "dataset_revision": null,
  "mteb_dataset_name": "InstructSTSBenchmark",
  "mteb_version": "1.1.2.dev0",
  "test": {
    "cos_sim": {
      "pearson": -0.01257516772204136,
      "spearman": -0.01928295295091387
    },
    "euclidean": {
      "pearson": -0.01464383944179224,
      "spearman": -0.021391952517638757
    },
    "evaluation_time": 0.07,
    "manhattan": {
      "pearson": -0.010605781210872528,
      "spearman": -0.01613288310172552
    }
  }
}