{
  "dataset_revision": null,
  "mteb_dataset_name": "InstructSTSBenchmark",
  "mteb_version": "1.1.2.dev0",
  "test": {
    "cos_sim": {
      "pearson": -0.008433575677040513,
      "spearman": 0.001825736888890585
    },
    "euclidean": {
      "pearson": -0.07605018284808814,
      "spearman": -0.06964532617822956
    },
    "evaluation_time": 0.12,
    "manhattan": {
      "pearson": -0.07039917147533671,
      "spearman": -0.06492819411986195
    }
  }
}