{
  "dataset_revision": "b0fddb56ed78048fa8b90373c8a3cfc37b684831",
  "mteb_dataset_name": "STSBenchmark",
  "mteb_version": "1.1.2.dev0",
  "test": {
    "cos_sim": {
      "pearson": 0.04804026072214449,
      "spearman": 0.193559893250515
    },
    "euclidean": {
      "pearson": 0.11534464312084357,
      "spearman": 0.2120120933310697
    },
    "evaluation_time": 0.05,
    "manhattan": {
      "pearson": 0.2503119646087149,
      "spearman": 0.31158393946565244
    }
  }
}