{
  "dataset_revision": "b0fddb56ed78048fa8b90373c8a3cfc37b684831",
  "mteb_dataset_name": "STSBenchmark",
  "mteb_version": "1.1.2.dev0",
  "test": {
    "cos_sim": {
      "pearson": 0.2477504639623808,
      "spearman": 0.1872882649700108
    },
    "euclidean": {
      "pearson": 0.2613879953948458,
      "spearman": 0.23512425313725718
    },
    "evaluation_time": 0.06,
    "manhattan": {
      "pearson": 0.26389223623818847,
      "spearman": 0.22567014805242458
    }
  }
}