{
  "dataset_revision": null,
  "mteb_dataset_name": "InstructSTSBenchmark",
  "mteb_version": "1.1.2.dev0",
  "test": {
    "cos_sim": {
      "pearson": 0.17822385210687963,
      "spearman": 0.2132559934705523
    },
    "euclidean": {
      "pearson": 0.18974810364915148,
      "spearman": 0.20055188882677716
    },
    "evaluation_time": 0.13,
    "manhattan": {
      "pearson": 0.19149059611860003,
      "spearman": 0.20226422871280364
    }
  }
}