{
  "dataset_revision": "b0fddb56ed78048fa8b90373c8a3cfc37b684831",
  "mteb_dataset_name": "STSBenchmark",
  "mteb_version": "1.1.2.dev0",
  "test": {
    "cos_sim": {
      "pearson": 0.41035543372711697,
      "spearman": 0.4042964812795727
    },
    "euclidean": {
      "pearson": 0.4215126030367766,
      "spearman": 0.42439606303358723
    },
    "evaluation_time": 60.73,
    "manhattan": {
      "pearson": 0.43604012047127644,
      "spearman": 0.4394958428915686
    }
  }
}