{
  "dataset_revision": "b0fddb56ed78048fa8b90373c8a3cfc37b684831",
  "mteb_dataset_name": "STSBenchmark",
  "mteb_version": "1.1.2.dev0",
  "test": {
    "cos_sim": {
      "pearson": 0.41390023122202785,
      "spearman": 0.44055092390690803
    },
    "euclidean": {
      "pearson": 0.42655762873056635,
      "spearman": 0.4407694168374444
    },
    "evaluation_time": 0.03,
    "manhattan": {
      "pearson": 0.44275732743604057,
      "spearman": 0.45505421080924613
    }
  }
}