{
  "dataset_revision": null,
  "mteb_dataset_name": "InstructSTSBenchmark",
  "mteb_version": "1.1.2.dev0",
  "test": {
    "cos_sim": {
      "pearson": -0.011699719020389606,
      "spearman": -0.028278655636277714
    },
    "euclidean": {
      "pearson": 0.019948802937244006,
      "spearman": -0.046766916901777984
    },
    "evaluation_time": 0.24,
    "manhattan": {
      "pearson": -0.011671778120167429,
      "spearman": -0.03680847640114328
    }
  }
}