{
  "dataset_revision": "b0fddb56ed78048fa8b90373c8a3cfc37b684831",
  "mteb_dataset_name": "STSBenchmark",
  "mteb_version": "1.1.2.dev0",
  "test": {
    "cos_sim": {
      "pearson": 0.12237954379011802,
      "spearman": 0.09369124041135786
    },
    "euclidean": {
      "pearson": 0.1318428721622239,
      "spearman": 0.11751396877315112
    },
    "evaluation_time": 0.06,
    "manhattan": {
      "pearson": 0.13705002520577633,
      "spearman": 0.1226420606098687
    }
  }
}