{
  "dataset_revision": "b0fddb56ed78048fa8b90373c8a3cfc37b684831",
  "mteb_dataset_name": "STSBenchmark",
  "mteb_version": "1.1.2.dev0",
  "test": {
    "cos_sim": {
      "pearson": 0.019924389380724217,
      "spearman": 0.05973058839038369
    },
    "euclidean": {
      "pearson": 0.03628922774914363,
      "spearman": 0.05955654844560969
    },
    "evaluation_time": 0.03,
    "manhattan": {
      "pearson": 0.04763570138783183,
      "spearman": 0.07175474344526533
    }
  }
}