{
  "dataset_revision": null,
  "mteb_dataset_name": "InstructSTSBenchmark",
  "mteb_version": "1.1.2.dev0",
  "test": {
    "cos_sim": {
      "pearson": -0.02125545333296757,
      "spearman": -0.007270629998408623
    },
    "euclidean": {
      "pearson": -0.12978261288823945,
      "spearman": -0.10968721034814395
    },
    "evaluation_time": 0.1,
    "manhattan": {
      "pearson": -0.13765532214360124,
      "spearman": -0.12684385408699334
    }
  }
}