{
  "dataset_revision": "b0fddb56ed78048fa8b90373c8a3cfc37b684831",
  "mteb_dataset_name": "STSBenchmark",
  "mteb_version": "1.1.2.dev0",
  "test": {
    "cos_sim": {
      "pearson": 0.4554094407921214,
      "spearman": 0.4841954197497694
    },
    "euclidean": {
      "pearson": 0.4836618539863703,
      "spearman": 0.489670671376164
    },
    "evaluation_time": 0.03,
    "manhattan": {
      "pearson": 0.48990939194237454,
      "spearman": 0.4956998138617851
    }
  }
}