{
  "dataset_revision": "b0fddb56ed78048fa8b90373c8a3cfc37b684831",
  "mteb_dataset_name": "STSBenchmark",
  "mteb_version": "1.1.2.dev0",
  "test": {
    "cos_sim": {
      "pearson": 0.49003948801498676,
      "spearman": 0.6299194935955634
    },
    "euclidean": {
      "pearson": 0.6140568538162752,
      "spearman": 0.6461787678586343
    },
    "evaluation_time": 0.07,
    "manhattan": {
      "pearson": 0.6288445121559997,
      "spearman": 0.6552912499898126
    }
  }
}