{
  "dataset_revision": "b0fddb56ed78048fa8b90373c8a3cfc37b684831",
  "mteb_dataset_name": "STSBenchmark",
  "mteb_version": "1.1.2.dev0",
  "test": {
    "cos_sim": {
      "pearson": 0.016167400389053097,
      "spearman": 0.08664706517099585
    },
    "euclidean": {
      "pearson": 0.0720262816478961,
      "spearman": 0.07299898220115197
    },
    "evaluation_time": 0.04,
    "manhattan": {
      "pearson": 0.07672715771652046,
      "spearman": 0.08374434589474106
    }
  }
}