{
  "dataset_revision": null,
  "mteb_dataset_name": "InstructSTSBenchmark",
  "mteb_version": "1.1.2.dev0",
  "test": {
    "cos_sim": {
      "pearson": -0.0877265790322454,
      "spearman": -0.06224218865513203
    },
    "euclidean": {
      "pearson": -0.11168541492639548,
      "spearman": -0.09013966649722693
    },
    "evaluation_time": 0.08,
    "manhattan": {
      "pearson": -0.11198408564473107,
      "spearman": -0.09143758369825708
    }
  }
}