{
  "dataset_revision": "b0fddb56ed78048fa8b90373c8a3cfc37b684831",
  "mteb_dataset_name": "STSBenchmark",
  "mteb_version": "1.1.2.dev0",
  "test": {
    "cos_sim": {
      "pearson": 0.3700352647274351,
      "spearman": 0.3857338026703973
    },
    "euclidean": {
      "pearson": 0.45571331087495975,
      "spearman": 0.45032153081066695
    },
    "evaluation_time": 0.06,
    "manhattan": {
      "pearson": 0.47745482599663125,
      "spearman": 0.47127463927109076
    }
  }
}