{
  "dataset_revision": null,
  "mteb_dataset_name": "InstructSTSBenchmark",
  "mteb_version": "1.1.2.dev0",
  "test": {
    "cos_sim": {
      "pearson": -0.006558326056538574,
      "spearman": -0.0064057921174159255
    },
    "euclidean": {
      "pearson": -0.06768086071701758,
      "spearman": -0.06517274905439346
    },
    "evaluation_time": 0.12,
    "manhattan": {
      "pearson": -0.09567076744053936,
      "spearman": -0.09091932762393193
    }
  }
}