{
    "test": {
        "NYTTopicClustering": 0.09340881513439032,
        "NYTLocationClustering": 0.10156136174702012,
        "harmonic_mean": 0.09731465183570044
    }
}