{
  "dataset_revision": "b0fddb56ed78048fa8b90373c8a3cfc37b684831",
  "mteb_dataset_name": "STSBenchmark",
  "mteb_version": "1.1.2.dev0",
  "test": {
    "cos_sim": {
      "pearson": 0.3558522881568339,
      "spearman": 0.3832034194181118
    },
    "euclidean": {
      "pearson": 0.4050370920934515,
      "spearman": 0.40929645241574153
    },
    "evaluation_time": 0.03,
    "manhattan": {
      "pearson": 0.41886046890979667,
      "spearman": 0.418106926640955
    }
  }
}