{
  "dataset_revision": "b0fddb56ed78048fa8b90373c8a3cfc37b684831",
  "mteb_dataset_name": "STSBenchmark",
  "mteb_version": "1.1.2.dev0",
  "test": {
    "cos_sim": {
      "pearson": 0.5237497338252215,
      "spearman": 0.549962874785366
    },
    "euclidean": {
      "pearson": 0.5424649030284389,
      "spearman": 0.5501205014974467
    },
    "evaluation_time": 0.03,
    "manhattan": {
      "pearson": 0.5446973614654114,
      "spearman": 0.5511489937987584
    }
  }
}