{
  "dataset_revision": "b0fddb56ed78048fa8b90373c8a3cfc37b684831",
  "mteb_dataset_name": "STSBenchmark",
  "mteb_version": "1.1.2.dev0",
  "test": {
    "cos_sim": {
      "pearson": 0.4135724983304875,
      "spearman": 0.42217588190728883
    },
    "euclidean": {
      "pearson": 0.4248298429297118,
      "spearman": 0.422337523042636
    },
    "evaluation_time": 0.03,
    "manhattan": {
      "pearson": 0.44469266154246617,
      "spearman": 0.4440533521663453
    }
  }
}