{
  "dataset_revision": "b0fddb56ed78048fa8b90373c8a3cfc37b684831",
  "mteb_dataset_name": "STSBenchmark",
  "mteb_version": "1.1.2.dev0",
  "test": {
    "cos_sim": {
      "pearson": 0.23295657163171468,
      "spearman": 0.19331599438393976
    },
    "euclidean": {
      "pearson": 0.18319484043832956,
      "spearman": 0.21521702098079207
    },
    "evaluation_time": 0.05,
    "manhattan": {
      "pearson": 0.2616197133016567,
      "spearman": 0.2179958512590974
    }
  }
}