{
  "dataset_revision": "b0fddb56ed78048fa8b90373c8a3cfc37b684831",
  "mteb_dataset_name": "STSBenchmark",
  "mteb_version": "1.1.2.dev0",
  "test": {
    "cos_sim": {
      "pearson": 0.40046472610842865,
      "spearman": 0.42353758076936243
    },
    "euclidean": {
      "pearson": 0.37260740275319604,
      "spearman": 0.3957770666556068
    },
    "evaluation_time": 0.03,
    "manhattan": {
      "pearson": 0.37396048226661316,
      "spearman": 0.39717889792695144
    }
  }
}