{
  "dataset_revision": null,
  "mteb_dataset_name": "InstructSTSBenchmark",
  "mteb_version": "1.1.2.dev0",
  "test": {
    "cos_sim": {
      "pearson": -0.0060987705593207415,
      "spearman": 0.0093418231062387
    },
    "euclidean": {
      "pearson": -0.13023922741871552,
      "spearman": -0.11065950974074135
    },
    "evaluation_time": 0.12,
    "manhattan": {
      "pearson": -0.12470125878615844,
      "spearman": -0.11273754349102223
    }
  }
}