{
  "dataset_revision": null,
  "mteb_dataset_name": "InstructSTSBenchmark",
  "mteb_version": "1.1.2.dev0",
  "test": {
    "cos_sim": {
      "pearson": 0.18397068877573405,
      "spearman": 0.18652072106473022
    },
    "euclidean": {
      "pearson": 0.19142647004819963,
      "spearman": 0.18363706753773582
    },
    "evaluation_time": 0.07,
    "manhattan": {
      "pearson": 0.19305270737043734,
      "spearman": 0.18457703283687377
    }
  }
}