{
    "test": {
        "NYTTopicClustering": 0.08478206801003897,
        "NYTLocationClustering": 0.36957979880496483,
        "harmonic_mean": 0.1379241749376551
    }
}