{
  "dataset_revision": null,
  "mteb_dataset_name": "InstructSTSBenchmark",
  "mteb_version": "1.1.2.dev0",
  "test": {
    "cos_sim": {
      "pearson": -0.016691246934779476,
      "spearman": -0.0073375586153136396
    },
    "euclidean": {
      "pearson": -0.06992959889427332,
      "spearman": -0.06328780894181213
    },
    "evaluation_time": 0.11,
    "manhattan": {
      "pearson": -0.05890657031367658,
      "spearman": -0.054998444419085
    }
  }
}