{
  "dataset_revision": "b0fddb56ed78048fa8b90373c8a3cfc37b684831",
  "mteb_dataset_name": "STSBenchmark",
  "mteb_version": "1.1.2.dev0",
  "test": {
    "cos_sim": {
      "pearson": 0.4324188986775192,
      "spearman": 0.45119352367323806
    },
    "euclidean": {
      "pearson": 0.4457289109506068,
      "spearman": 0.4526328398069997
    },
    "evaluation_time": 0.03,
    "manhattan": {
      "pearson": 0.4553964407069691,
      "spearman": 0.46124707407515647
    }
  }
}