{
  "dataset_revision": null,
  "mteb_dataset_name": "InstructSTSBenchmark",
  "mteb_version": "1.1.2.dev0",
  "test": {
    "cos_sim": {
      "pearson": 0.24911209125308784,
      "spearman": 0.24363818583421468
    },
    "euclidean": {
      "pearson": 0.26096983416582553,
      "spearman": 0.23099419518239528
    },
    "evaluation_time": 0.1,
    "manhattan": {
      "pearson": 0.2618937745288618,
      "spearman": 0.2328167441778469
    }
  }
}