{
  "dataset_revision": "b0fddb56ed78048fa8b90373c8a3cfc37b684831",
  "mteb_dataset_name": "STSBenchmark",
  "mteb_version": "1.1.2.dev0",
  "test": {
    "cos_sim": {
      "pearson": 0.19319395765717212,
      "spearman": 0.247507529127259
    },
    "euclidean": {
      "pearson": 0.2272874914689818,
      "spearman": 0.2613664215528667
    },
    "evaluation_time": 0.04,
    "manhattan": {
      "pearson": 0.2412513387131084,
      "spearman": 0.26845973651575666
    }
  }
}