{
  "dataset_revision": null,
  "mteb_dataset_name": "InstructSTSBenchmark",
  "mteb_version": "1.1.2.dev0",
  "test": {
    "cos_sim": {
      "pearson": 0.19058862474053037,
      "spearman": 0.17495240753068134
    },
    "euclidean": {
      "pearson": 0.2011570259110676,
      "spearman": 0.18309649643500558
    },
    "evaluation_time": 0.07,
    "manhattan": {
      "pearson": 0.2019158607963055,
      "spearman": 0.18443949915453864
    }
  }
}