{
  "dataset_revision": "b0fddb56ed78048fa8b90373c8a3cfc37b684831",
  "mteb_dataset_name": "STSBenchmark",
  "mteb_version": "1.1.2.dev0",
  "test": {
    "cos_sim": {
      "pearson": 0.6652966024123474,
      "spearman": 0.6733971310544408
    },
    "euclidean": {
      "pearson": 0.6848385372838323,
      "spearman": 0.6733323686968071
    },
    "evaluation_time": 0.03,
    "manhattan": {
      "pearson": 0.6840347750139477,
      "spearman": 0.6724277445435125
    }
  }
}