{
  "dataset_revision": "b0fddb56ed78048fa8b90373c8a3cfc37b684831",
  "mteb_dataset_name": "STSBenchmark",
  "mteb_version": "1.1.2.dev0",
  "test": {
    "cos_sim": {
      "pearson": 0.014207106495459353,
      "spearman": 0.0775177054683821
    },
    "euclidean": {
      "pearson": 0.03950064631942079,
      "spearman": 0.05209085705944237
    },
    "evaluation_time": 0.04,
    "manhattan": {
      "pearson": 0.05968586886153591,
      "spearman": 0.08242017491344282
    }
  }
}