{
  "dataset_revision": "b0fddb56ed78048fa8b90373c8a3cfc37b684831",
  "mteb_dataset_name": "STSBenchmark",
  "mteb_version": "1.1.2.dev0",
  "test": {
    "cos_sim": {
      "pearson": 0.3162891953739705,
      "spearman": 0.3369388655887282
    },
    "euclidean": {
      "pearson": 0.3485409475600261,
      "spearman": 0.3535534179491813
    },
    "evaluation_time": 0.03,
    "manhattan": {
      "pearson": 0.3551290416828804,
      "spearman": 0.35785301110511486
    }
  }
}