{
  "dataset_revision": "b0fddb56ed78048fa8b90373c8a3cfc37b684831",
  "mteb_dataset_name": "STSBenchmark",
  "mteb_version": "1.1.2.dev0",
  "test": {
    "cos_sim": {
      "pearson": 0.448185276688218,
      "spearman": 0.468682707417341
    },
    "euclidean": {
      "pearson": 0.45945187887708044,
      "spearman": 0.4701461612820514
    },
    "evaluation_time": 0.03,
    "manhattan": {
      "pearson": 0.4699858949473578,
      "spearman": 0.47965341443234777
    }
  }
}