{
  "dataset_revision": null,
  "mteb_dataset_name": "InstructSTSBenchmark",
  "mteb_version": "1.1.2.dev0",
  "test": {
    "cos_sim": {
      "pearson": 0.05172279747858121,
      "spearman": 0.05428618387649912
    },
    "euclidean": {
      "pearson": 0.020808419362415932,
      "spearman": 0.06904236392202083
    },
    "evaluation_time": 0.17,
    "manhattan": {
      "pearson": 0.0768868853095305,
      "spearman": 0.07313011998919577
    }
  }
}