{
  "dataset_revision": "a0d554a64d88156834ff5ae9920b964011b16384",
  "mteb_dataset_name": "STS12",
  "mteb_version": "1.1.2.dev0",
  "test": {
    "cos_sim": {
      "pearson": 0.32961834718534133,
      "spearman": 0.3171172042028292
    },
    "euclidean": {
      "pearson": 0.06707000540687308,
      "spearman": 0.31748486793942676
    },
    "evaluation_time": 0.4,
    "manhattan": {
      "pearson": 0.35297963285304274,
      "spearman": 0.32695247818639356
    }
  }
}