{
  "dataset_revision": "b0fddb56ed78048fa8b90373c8a3cfc37b684831",
  "mteb_dataset_name": "STSBenchmark",
  "mteb_version": "1.1.2.dev0",
  "test": {
    "cos_sim": {
      "pearson": 0.3534166156924416,
      "spearman": 0.39736551084405575
    },
    "euclidean": {
      "pearson": 0.3617898408450248,
      "spearman": 0.40252207398321405
    },
    "evaluation_time": 0.06,
    "manhattan": {
      "pearson": 0.36706180546913314,
      "spearman": 0.40805740921424466
    }
  }
}