{
  "dataset_revision": "b0fddb56ed78048fa8b90373c8a3cfc37b684831",
  "mteb_dataset_name": "STSBenchmark",
  "mteb_version": "1.1.2.dev0",
  "test": {
    "cos_sim": {
      "pearson": 0.301194996653854,
      "spearman": 0.4568428970311015
    },
    "euclidean": {
      "pearson": 0.36604156081812067,
      "spearman": 0.47743066683702745
    },
    "evaluation_time": 0.03,
    "manhattan": {
      "pearson": 0.36966108741165954,
      "spearman": 0.4832513221387211
    }
  }
}