{
  "dataset_revision": null,
  "mteb_dataset_name": "InstructSTSBenchmark",
  "mteb_version": "1.1.2.dev0",
  "test": {
    "cos_sim": {
      "pearson": -0.0598507662144259,
      "spearman": -0.11566856697597354
    },
    "euclidean": {
      "pearson": -0.04063794094213858,
      "spearman": -0.10009173126709069
    },
    "evaluation_time": 0.08,
    "manhattan": {
      "pearson": -0.03995701007725824,
      "spearman": -0.09473839208831929
    }
  }
}