{
  "dataset_revision": "b0fddb56ed78048fa8b90373c8a3cfc37b684831",
  "mteb_dataset_name": "STSBenchmark",
  "mteb_version": "1.1.2.dev0",
  "test": {
    "cos_sim": {
      "pearson": 0.0837099282772785,
      "spearman": 0.19024176533020612
    },
    "euclidean": {
      "pearson": 0.07360388360422901,
      "spearman": 0.16532594828994487
    },
    "evaluation_time": 0.08,
    "manhattan": {
      "pearson": 0.09408877270354905,
      "spearman": 0.2236611940241243
    }
  }
}