{
  "dataset_revision": "a0d554a64d88156834ff5ae9920b964011b16384",
  "mteb_dataset_name": "STS12",
  "mteb_version": "1.1.2.dev0",
  "test": {
    "cos_sim": {
      "pearson": 0.2928266852475685,
      "spearman": 0.3695834864915808
    },
    "euclidean": {
      "pearson": 0.3694279348023449,
      "spearman": 0.37555774194358843
    },
    "evaluation_time": 0.41,
    "manhattan": {
      "pearson": 0.36912679613991445,
      "spearman": 0.3752375222967278
    }
  }
}