{
  "dataset_revision": "b0fddb56ed78048fa8b90373c8a3cfc37b684831",
  "mteb_dataset_name": "STSBenchmark",
  "mteb_version": "1.1.2.dev0",
  "test": {
    "cos_sim": {
      "pearson": 0.013177404886871691,
      "spearman": 0.09110897934904445
    },
    "euclidean": {
      "pearson": 0.028614983158903148,
      "spearman": 0.09783214624219555
    },
    "evaluation_time": 0.05,
    "manhattan": {
      "pearson": 0.10637393139302012,
      "spearman": 0.10116330466658224
    }
  }
}