{
  "dataset_revision": "b0fddb56ed78048fa8b90373c8a3cfc37b684831",
  "mteb_dataset_name": "STSBenchmark",
  "mteb_version": "1.1.2.dev0",
  "test": {
    "cos_sim": {
      "pearson": 0.4083807215270072,
      "spearman": 0.43566627187721063
    },
    "euclidean": {
      "pearson": 0.4576467173318745,
      "spearman": 0.46236235594864006
    },
    "evaluation_time": 0.04,
    "manhattan": {
      "pearson": 0.46692335262911505,
      "spearman": 0.46975051348848695
    }
  }
}