{
  "dataset_revision": "b0fddb56ed78048fa8b90373c8a3cfc37b684831",
  "mteb_dataset_name": "STSBenchmark",
  "mteb_version": "1.1.2.dev0",
  "test": {
    "cos_sim": {
      "pearson": 0.3712867995397583,
      "spearman": 0.4058875894829215
    },
    "euclidean": {
      "pearson": 0.43857950162246495,
      "spearman": 0.4543734056975676
    },
    "evaluation_time": 0.07,
    "manhattan": {
      "pearson": 0.5523514981008242,
      "spearman": 0.5446344967105016
    }
  }
}