{
  "dataset_revision": "b0fddb56ed78048fa8b90373c8a3cfc37b684831",
  "mteb_dataset_name": "STSBenchmark",
  "mteb_version": "1.1.2.dev0",
  "test": {
    "cos_sim": {
      "pearson": 0.17381098496845496,
      "spearman": 0.1923920017014613
    },
    "euclidean": {
      "pearson": 0.19763039215953962,
      "spearman": 0.19101303504547446
    },
    "evaluation_time": 0.09,
    "manhattan": {
      "pearson": 0.19696035783509916,
      "spearman": 0.1910018128304148
    }
  }
}