{
  "dataset_revision": "b0fddb56ed78048fa8b90373c8a3cfc37b684831",
  "mteb_dataset_name": "STSBenchmark",
  "mteb_version": "1.1.2.dev0",
  "test": {
    "cos_sim": {
      "pearson": 0.10055284796300816,
      "spearman": 0.21246143537981668
    },
    "euclidean": {
      "pearson": 0.06583675629222828,
      "spearman": 0.09585762178141932
    },
    "evaluation_time": 0.07,
    "manhattan": {
      "pearson": 0.23056679918036502,
      "spearman": 0.2664297382985779
    }
  }
}