{
  "dataset_revision": "b0fddb56ed78048fa8b90373c8a3cfc37b684831",
  "mteb_dataset_name": "STSBenchmark",
  "mteb_version": "1.1.2.dev0",
  "test": {
    "cos_sim": {
      "pearson": -0.05162036130381078,
      "spearman": -0.05591409546613926
    },
    "euclidean": {
      "pearson": -0.050581868512417284,
      "spearman": -0.05591409546613926
    },
    "evaluation_time": 29.71,
    "manhattan": {
      "pearson": -0.0665066576554502,
      "spearman": -0.050935239154453166
    }
  }
}