{
  "dataset_revision": null,
  "mteb_dataset_name": "InstructSTSBenchmark",
  "mteb_version": "1.1.2.dev0",
  "test": {
    "cos_sim": {
      "pearson": 0.06753326579771612,
      "spearman": 0.05968688577859407
    },
    "euclidean": {
      "pearson": -0.010278206762521407,
      "spearman": 0.04432091224680394
    },
    "evaluation_time": 0.09,
    "manhattan": {
      "pearson": 0.059970374008434156,
      "spearman": 0.06017462929796185
    }
  }
}