{
  "dataset_revision": "b0fddb56ed78048fa8b90373c8a3cfc37b684831",
  "mteb_dataset_name": "STSBenchmark",
  "mteb_version": "1.1.2.dev0",
  "test": {
    "cos_sim": {
      "pearson": 0.2987173905411881,
      "spearman": 0.3705952702011947
    },
    "euclidean": {
      "pearson": 0.1340222203399824,
      "spearman": 0.35879128472322247
    },
    "evaluation_time": 0.05,
    "manhattan": {
      "pearson": 0.3732540710805436,
      "spearman": 0.3939475455171584
    }
  }
}