{
  "dataset_revision": null,
  "mteb_dataset_name": "InstructSTSBenchmark",
  "mteb_version": "1.1.2.dev0",
  "test": {
    "cos_sim": {
      "pearson": 0.3189344034812063,
      "spearman": 0.2927950924142699
    },
    "euclidean": {
      "pearson": 0.3196299317308977,
      "spearman": 0.2720807888796358
    },
    "evaluation_time": 0.15,
    "manhattan": {
      "pearson": 0.3114082383605822,
      "spearman": 0.2618600324801432
    }
  }
}