{
  "dataset_revision": "a0d554a64d88156834ff5ae9920b964011b16384",
  "mteb_dataset_name": "STS12",
  "mteb_version": "1.1.2.dev0",
  "test": {
    "cos_sim": {
      "pearson": 0.1790683328344296,
      "spearman": 0.30499667951054144
    },
    "euclidean": {
      "pearson": 0.2335814652880092,
      "spearman": 0.30343941972868643
    },
    "evaluation_time": 0.39,
    "manhattan": {
      "pearson": 0.2349444270868929,
      "spearman": 0.30284262892320885
    }
  }
}