{
  "dataset_revision": "b0fddb56ed78048fa8b90373c8a3cfc37b684831",
  "mteb_dataset_name": "STSBenchmark",
  "mteb_version": "1.1.2.dev0",
  "test": {
    "cos_sim": {
      "pearson": 0.25773981002380325,
      "spearman": 0.29833530174020256
    },
    "euclidean": {
      "pearson": 0.29075089903447954,
      "spearman": 0.2933662290685687
    },
    "evaluation_time": 0.07,
    "manhattan": {
      "pearson": 0.2916638649342424,
      "spearman": 0.29463056656193914
    }
  }
}