{
  "dataset_revision": "b0fddb56ed78048fa8b90373c8a3cfc37b684831",
  "mteb_dataset_name": "STSBenchmark",
  "mteb_version": "1.1.2.dev0",
  "test": {
    "cos_sim": {
      "pearson": 0.06971807439777185,
      "spearman": 0.03721367881008175
    },
    "euclidean": {
      "pearson": 0.01485575749875207,
      "spearman": -0.009891341433585246
    },
    "evaluation_time": 0.04,
    "manhattan": {
      "pearson": 0.07043298688675814,
      "spearman": 0.00814665923506889
    }
  }
}