{
  "dataset_revision": null,
  "mteb_dataset_name": "InstructSTSBenchmark",
  "mteb_version": "1.1.2.dev0",
  "test": {
    "cos_sim": {
      "pearson": -0.011739262808985282,
      "spearman": 0.0075165345241446765
    },
    "euclidean": {
      "pearson": -0.014693398241916598,
      "spearman": 0.02738240965363508
    },
    "evaluation_time": 0.11,
    "manhattan": {
      "pearson": 0.03436054556237879,
      "spearman": 0.03470448430248077
    }
  }
}