{
    "test": {
        "NYTTopicClustering": 0.03980347611318742,
        "NYTLocationClustering": 0.09783419929931934,
        "harmonic_mean": 0.05658540822801773
    }
}