{
  "dataset_revision": "b0fddb56ed78048fa8b90373c8a3cfc37b684831",
  "mteb_dataset_name": "STSBenchmark",
  "mteb_version": "1.1.2.dev0",
  "test": {
    "cos_sim": {
      "pearson": 0.3799196323108994,
      "spearman": 0.4117477058012198
    },
    "euclidean": {
      "pearson": 0.47589200325568715,
      "spearman": 0.4654702361301713
    },
    "evaluation_time": 0.08,
    "manhattan": {
      "pearson": 0.5003037799494281,
      "spearman": 0.4871609543813323
    }
  }
}