{
  "dataset_revision": "b0fddb56ed78048fa8b90373c8a3cfc37b684831",
  "mteb_dataset_name": "STSBenchmark",
  "mteb_version": "1.1.2.dev0",
  "test": {
    "cos_sim": {
      "pearson": 0.05520623706377648,
      "spearman": 0.14119134526247107
    },
    "euclidean": {
      "pearson": 0.037767131355763095,
      "spearman": 0.09698772793001226
    },
    "evaluation_time": 0.07,
    "manhattan": {
      "pearson": 0.0458220175916955,
      "spearman": 0.1415192182304476
    }
  }
}