{
  "dataset_revision": "b0fddb56ed78048fa8b90373c8a3cfc37b684831",
  "mteb_dataset_name": "STSBenchmark",
  "mteb_version": "1.1.2.dev0",
  "test": {
    "cos_sim": {
      "pearson": 0.28877292189338727,
      "spearman": 0.25897006202642237
    },
    "euclidean": {
      "pearson": 0.30504415297696486,
      "spearman": 0.25381432124231745
    },
    "evaluation_time": 0.07,
    "manhattan": {
      "pearson": 0.30537259885708345,
      "spearman": 0.2543566641635008
    }
  }
}