{
  "dataset_revision": "b0fddb56ed78048fa8b90373c8a3cfc37b684831",
  "mteb_dataset_name": "STSBenchmark",
  "mteb_version": "1.1.2.dev0",
  "test": {
    "cos_sim": {
      "pearson": 0.2582232714355403,
      "spearman": 0.2685447349655374
    },
    "euclidean": {
      "pearson": 0.29275478188166953,
      "spearman": 0.29197904279556275
    },
    "evaluation_time": 0.03,
    "manhattan": {
      "pearson": 0.2980826863592349,
      "spearman": 0.29844738644787117
    }
  }
}