{
  "dataset_revision": "b0fddb56ed78048fa8b90373c8a3cfc37b684831",
  "mteb_dataset_name": "STSBenchmark",
  "mteb_version": "1.1.2.dev0",
  "test": {
    "cos_sim": {
      "pearson": 0.21461972175456828,
      "spearman": 0.4571306087024688
    },
    "euclidean": {
      "pearson": 0.3480285932316345,
      "spearman": 0.48418057321900343
    },
    "evaluation_time": 0.07,
    "manhattan": {
      "pearson": 0.37308329394163753,
      "spearman": 0.49262698630686425
    }
  }
}