{
  "dataset_revision": "b0fddb56ed78048fa8b90373c8a3cfc37b684831",
  "mteb_dataset_name": "STSBenchmark",
  "mteb_version": "1.1.2.dev0",
  "test": {
    "cos_sim": {
      "pearson": 0.32832568649000565,
      "spearman": 0.35626139532705875
    },
    "euclidean": {
      "pearson": 0.3758022970031037,
      "spearman": 0.3819636858913516
    },
    "evaluation_time": 0.03,
    "manhattan": {
      "pearson": 0.3841723732894981,
      "spearman": 0.3878471640713128
    }
  }
}