{
  "dataset_revision": "b0fddb56ed78048fa8b90373c8a3cfc37b684831",
  "mteb_dataset_name": "STSBenchmark",
  "mteb_version": "1.1.2.dev0",
  "test": {
    "cos_sim": {
      "pearson": 0.7215487991510523,
      "spearman": 0.7141773464604977
    },
    "euclidean": {
      "pearson": 0.7308614863327263,
      "spearman": 0.7139448159337156
    },
    "evaluation_time": 0.03,
    "manhattan": {
      "pearson": 0.7308486401060827,
      "spearman": 0.7143730193754588
    }
  }
}