{
  "dataset_revision": null,
  "mteb_dataset_name": "InstructSTSBenchmark",
  "mteb_version": "1.1.2.dev0",
  "test": {
    "cos_sim": {
      "pearson": 0.22750973429927437,
      "spearman": 0.27827481500495244
    },
    "euclidean": {
      "pearson": 0.24048311059709926,
      "spearman": 0.28749958981612483
    },
    "evaluation_time": 794.52,
    "manhattan": {
      "pearson": 0.33673088939571283,
      "spearman": 0.3393188202074569
    }
  }
}