{
  "dataset_revision": null,
  "mteb_dataset_name": "InstructSTSBenchmark",
  "mteb_version": "1.1.2.dev0",
  "test": {
    "cos_sim": {
      "pearson": 0.21275607726651416,
      "spearman": 0.18004525248872422
    },
    "euclidean": {
      "pearson": 0.20379714382628317,
      "spearman": 0.16254614070553994
    },
    "evaluation_time": 0.13,
    "manhattan": {
      "pearson": 0.20186735483442936,
      "spearman": 0.16121179074135372
    }
  }
}