{
  "dataset_revision": "b0fddb56ed78048fa8b90373c8a3cfc37b684831",
  "mteb_dataset_name": "STSBenchmark",
  "mteb_version": "1.1.2.dev0",
  "test": {
    "cos_sim": {
      "pearson": 0.21514742081027968,
      "spearman": 0.2860221252594499
    },
    "euclidean": {
      "pearson": 0.267100737433428,
      "spearman": 0.28939549830130523
    },
    "evaluation_time": 0.03,
    "manhattan": {
      "pearson": 0.2665085970941047,
      "spearman": 0.2882893782343391
    }
  }
}