{
  "dataset_revision": "b0fddb56ed78048fa8b90373c8a3cfc37b684831",
  "mteb_dataset_name": "STSBenchmark",
  "mteb_version": "1.1.2.dev0",
  "test": {
    "cos_sim": {
      "pearson": 0.1478163618713099,
      "spearman": 0.1521403671256459
    },
    "euclidean": {
      "pearson": 0.17098866742193425,
      "spearman": 0.16924464411646173
    },
    "evaluation_time": 0.04,
    "manhattan": {
      "pearson": 0.23018153608103936,
      "spearman": 0.22555019880249114
    }
  }
}