{
  "dataset_revision": "b0fddb56ed78048fa8b90373c8a3cfc37b684831",
  "mteb_dataset_name": "STSBenchmark",
  "mteb_version": "1.1.2.dev0",
  "test": {
    "cos_sim": {
      "pearson": 0.06497439486600624,
      "spearman": 0.12060821986532123
    },
    "euclidean": {
      "pearson": 0.07305587626832297,
      "spearman": 0.08887058788878577
    },
    "evaluation_time": 0.04,
    "manhattan": {
      "pearson": 0.08019724873004896,
      "spearman": 0.10894749941271731
    }
  }
}