{
  "dataset_revision": "b0fddb56ed78048fa8b90373c8a3cfc37b684831",
  "mteb_dataset_name": "STSBenchmark",
  "mteb_version": "1.1.2.dev0",
  "test": {
    "cos_sim": {
      "pearson": 0.4138716441981229,
      "spearman": 0.42876343150959173
    },
    "euclidean": {
      "pearson": 0.4227809542342292,
      "spearman": 0.43437260077550915
    },
    "evaluation_time": 0.04,
    "manhattan": {
      "pearson": 0.4277250250805461,
      "spearman": 0.43881929182051566
    }
  }
}