{
  "dataset_revision": null,
  "mteb_dataset_name": "InstructSTSBenchmark",
  "mteb_version": "1.1.2.dev0",
  "test": {
    "cos_sim": {
      "pearson": 0.014026683167592344,
      "spearman": 0.02487629793724719
    },
    "euclidean": {
      "pearson": -0.10870380357393729,
      "spearman": -0.09377292380079408
    },
    "evaluation_time": 0.12,
    "manhattan": {
      "pearson": -0.07383171005622442,
      "spearman": -0.06800903968607715
    }
  }
}