{
  "dataset_revision": null,
  "mteb_dataset_name": "InstructSTSBenchmark",
  "mteb_version": "1.1.2.dev0",
  "test": {
    "cos_sim": {
      "pearson": -0.03928313554831451,
      "spearman": -0.039384833134224174
    },
    "euclidean": {
      "pearson": -0.12975538620487276,
      "spearman": -0.11072599961336717
    },
    "evaluation_time": 0.12,
    "manhattan": {
      "pearson": -0.13287856649071053,
      "spearman": -0.11463432422631036
    }
  }
}