{
  "dataset_revision": null,
  "mteb_dataset_name": "InstructSTSBenchmark",
  "mteb_version": "1.1.2.dev0",
  "test": {
    "cos_sim": {
      "pearson": -0.019761466538767796,
      "spearman": -0.027563207246554856
    },
    "euclidean": {
      "pearson": 0.013651748309572656,
      "spearman": -0.053915480507662164
    },
    "evaluation_time": 0.11,
    "manhattan": {
      "pearson": -0.027603459541064603,
      "spearman": -0.05566243151854487
    }
  }
}