{
  "dataset_revision": "b0fddb56ed78048fa8b90373c8a3cfc37b684831",
  "mteb_dataset_name": "STSBenchmark",
  "mteb_version": "1.1.2.dev0",
  "test": {
    "cos_sim": {
      "pearson": 0.17777323753771715,
      "spearman": 0.20164902739194415
    },
    "euclidean": {
      "pearson": 0.21335417028661002,
      "spearman": 0.21120746258640857
    },
    "evaluation_time": 0.08,
    "manhattan": {
      "pearson": 0.21419057040317108,
      "spearman": 0.21203348541997644
    }
  }
}