{
  "dataset_revision": null,
  "mteb_dataset_name": "InstructSTSBenchmark",
  "mteb_version": "1.1.2.dev0",
  "test": {
    "cos_sim": {
      "pearson": 0.2353406510276599,
      "spearman": 0.21737744981407878
    },
    "euclidean": {
      "pearson": 0.25274441032454176,
      "spearman": 0.20725005237258637
    },
    "evaluation_time": 0.11,
    "manhattan": {
      "pearson": 0.25565253939237037,
      "spearman": 0.21036323201599144
    }
  }
}