{
  "dataset_revision": null,
  "mteb_dataset_name": "InstructSTSBenchmark",
  "mteb_version": "1.1.2.dev0",
  "test": {
    "cos_sim": {
      "pearson": -0.00610306497786936,
      "spearman": -0.022189830086597487
    },
    "euclidean": {
      "pearson": -0.018549537946405893,
      "spearman": -0.027639260644370466
    },
    "evaluation_time": 0.12,
    "manhattan": {
      "pearson": -0.018900643663214096,
      "spearman": -0.02824768779940229
    }
  }
}