{
  "dataset_revision": "b0fddb56ed78048fa8b90373c8a3cfc37b684831",
  "mteb_dataset_name": "STSBenchmark",
  "mteb_version": "1.1.2.dev0",
  "test": {
    "cos_sim": {
      "pearson": 0.01881786205377534,
      "spearman": 0.1683757171463565
    },
    "euclidean": {
      "pearson": 0.047521643406247,
      "spearman": 0.14844148187184117
    },
    "evaluation_time": 0.04,
    "manhattan": {
      "pearson": 0.19335626889337737,
      "spearman": 0.17716617641738686
    }
  }
}