{
  "dataset_revision": "b0fddb56ed78048fa8b90373c8a3cfc37b684831",
  "mteb_dataset_name": "STSBenchmark",
  "mteb_version": "1.1.2.dev0",
  "test": {
    "cos_sim": {
      "pearson": 0.2532036393376587,
      "spearman": 0.3218653060905395
    },
    "euclidean": {
      "pearson": 0.35128005090246234,
      "spearman": 0.36613913983405605
    },
    "evaluation_time": 0.07,
    "manhattan": {
      "pearson": 0.36984394031128054,
      "spearman": 0.38135244512114835
    }
  }
}