{
  "dataset_revision": "b0fddb56ed78048fa8b90373c8a3cfc37b684831",
  "mteb_dataset_name": "STSBenchmark",
  "mteb_version": "1.1.2.dev0",
  "test": {
    "cos_sim": {
      "pearson": 0.5439889115113626,
      "spearman": 0.5622350028378731
    },
    "euclidean": {
      "pearson": 0.5602010087120453,
      "spearman": 0.5652138607602627
    },
    "evaluation_time": 0.03,
    "manhattan": {
      "pearson": 0.5698204651864857,
      "spearman": 0.5748037967365164
    }
  }
}