{
  "dataset_revision": "b0fddb56ed78048fa8b90373c8a3cfc37b684831",
  "mteb_dataset_name": "STSBenchmark",
  "mteb_version": "1.1.2.dev0",
  "test": {
    "cos_sim": {
      "pearson": 0.0401557330354782,
      "spearman": 0.07345029966867529
    },
    "euclidean": {
      "pearson": 0.03936635307618323,
      "spearman": 0.050876729758334065
    },
    "evaluation_time": 0.05,
    "manhattan": {
      "pearson": 0.043037900021098044,
      "spearman": 0.0559034528660582
    }
  }
}