{
    "test": {
        "NYTTopicClustering": 0.396095277978539,
        "NYTLocationClustering": 0.27861429088399564,
        "harmonic_mean": 0.32712685150846393
    }
}