{
  "dataset_revision": "b0fddb56ed78048fa8b90373c8a3cfc37b684831",
  "mteb_dataset_name": "STSBenchmark",
  "mteb_version": "1.1.2.dev0",
  "test": {
    "cos_sim": {
      "pearson": -0.03247101979648328,
      "spearman": -0.03307529461543994
    },
    "euclidean": {
      "pearson": -0.029909670250747842,
      "spearman": -0.03307398787578116
    },
    "evaluation_time": 73.82,
    "manhattan": {
      "pearson": 0.0028595587430150678,
      "spearman": -0.00486569267159686
    }
  }
}