{
  "dataset_revision": "b0fddb56ed78048fa8b90373c8a3cfc37b684831",
  "mteb_dataset_name": "STSBenchmark",
  "mteb_version": "1.1.2.dev0",
  "test": {
    "cos_sim": {
      "pearson": 0.18485737430228358,
      "spearman": 0.2123258714376568
    },
    "euclidean": {
      "pearson": 0.1862698923643805,
      "spearman": 0.216322804312585
    },
    "evaluation_time": 0.04,
    "manhattan": {
      "pearson": 0.2310167621706225,
      "spearman": 0.2526296800306657
    }
  }
}