{
  "dataset_revision": "b0fddb56ed78048fa8b90373c8a3cfc37b684831",
  "mteb_dataset_name": "STSBenchmark",
  "mteb_version": "1.1.2.dev0",
  "test": {
    "cos_sim": {
      "pearson": 0.3384383429130724,
      "spearman": 0.3972220843312246
    },
    "euclidean": {
      "pearson": 0.40031368141906326,
      "spearman": 0.41811840541614653
    },
    "evaluation_time": 0.03,
    "manhattan": {
      "pearson": 0.4120382461662672,
      "spearman": 0.4278435760705512
    }
  }
}