{
  "dataset_revision": "b0fddb56ed78048fa8b90373c8a3cfc37b684831",
  "mteb_dataset_name": "STSBenchmark",
  "mteb_version": "1.1.2.dev0",
  "test": {
    "cos_sim": {
      "pearson": 0.3516419131005629,
      "spearman": 0.3867636082013485
    },
    "euclidean": {
      "pearson": 0.37214580574482153,
      "spearman": 0.3810499859233874
    },
    "evaluation_time": 0.05,
    "manhattan": {
      "pearson": 0.3764375072797231,
      "spearman": 0.3853640056008476
    }
  }
}