{
  "dataset_revision": "b0fddb56ed78048fa8b90373c8a3cfc37b684831",
  "mteb_dataset_name": "STSBenchmark",
  "mteb_version": "1.1.2.dev0",
  "test": {
    "cos_sim": {
      "pearson": 0.7003538063500756,
      "spearman": 0.6962472613767315
    },
    "euclidean": {
      "pearson": 0.706484066188182,
      "spearman": 0.696550389463408
    },
    "evaluation_time": 0.07,
    "manhattan": {
      "pearson": 0.7103870059526651,
      "spearman": 0.6995918456882654
    }
  }
}