{
  "dataset_revision": "b0fddb56ed78048fa8b90373c8a3cfc37b684831",
  "mteb_dataset_name": "STSBenchmark",
  "mteb_version": "1.1.2.dev0",
  "test": {
    "cos_sim": {
      "pearson": 0.01922235468417652,
      "spearman": 0.00701867199154146
    },
    "euclidean": {
      "pearson": 0.019393168961490476,
      "spearman": 0.007018355880837159
    },
    "evaluation_time": 55.61,
    "manhattan": {
      "pearson": 0.055846368368269825,
      "spearman": 0.05706279083469116
    }
  }
}