{
  "dataset_revision": null,
  "mteb_dataset_name": "InstructSTSBenchmark",
  "mteb_version": "1.1.2.dev0",
  "test": {
    "cos_sim": {
      "pearson": 0.08170551451373828,
      "spearman": 0.1302689892867292
    },
    "euclidean": {
      "pearson": 0.07558211961373064,
      "spearman": 0.08327755546108585
    },
    "evaluation_time": 0.15,
    "manhattan": {
      "pearson": 0.07517437291435701,
      "spearman": 0.082952393046605
    }
  }
}