{
  "dataset_revision": null,
  "mteb_dataset_name": "InstructSTSBenchmark",
  "mteb_version": "1.1.2.dev0",
  "test": {
    "cos_sim": {
      "pearson": -0.06818323145909275,
      "spearman": -0.06190245322356695
    },
    "euclidean": {
      "pearson": -0.11958184241943595,
      "spearman": -0.11271431758814873
    },
    "evaluation_time": 0.07,
    "manhattan": {
      "pearson": -0.11620094881327031,
      "spearman": -0.11019408117078955
    }
  }
}