{
    "test": {
        "NYTTopicClustering": 0.16109583985390746,
        "NYTLocationClustering": 0.11272920320106176,
        "harmonic_mean": 0.13264095113413182
    }
}