{
  "dataset_revision": null,
  "mteb_dataset_name": "InstructSTSBenchmark",
  "mteb_version": "1.1.2.dev0",
  "test": {
    "cos_sim": {
      "pearson": 0.18197608492751982,
      "spearman": 0.16284488936646355
    },
    "euclidean": {
      "pearson": 0.195451697325998,
      "spearman": 0.16684247434449304
    },
    "evaluation_time": 0.13,
    "manhattan": {
      "pearson": 0.19511000267346112,
      "spearman": 0.1669790972077203
    }
  }
}