{
  "dataset_revision": null,
  "mteb_dataset_name": "InstructSTSBenchmark",
  "mteb_version": "1.1.2.dev0",
  "test": {
    "cos_sim": {
      "pearson": -0.04591347427232815,
      "spearman": -0.07045185647085513
    },
    "euclidean": {
      "pearson": 0.023650227638100835,
      "spearman": -0.05513051318689023
    },
    "evaluation_time": 0.11,
    "manhattan": {
      "pearson": 0.00929178646053232,
      "spearman": -0.048564418372304595
    }
  }
}