{
  "dataset_revision": "b0fddb56ed78048fa8b90373c8a3cfc37b684831",
  "mteb_dataset_name": "STSBenchmark",
  "mteb_version": "1.1.2.dev0",
  "test": {
    "cos_sim": {
      "pearson": 0.08585521095955428,
      "spearman": 0.05460341559260081
    },
    "euclidean": {
      "pearson": 0.11471973236817122,
      "spearman": 0.08577254402523336
    },
    "evaluation_time": 0.06,
    "manhattan": {
      "pearson": 0.12054427115247432,
      "spearman": 0.0934775991247834
    }
  }
}