{
  "dataset_revision": "b0fddb56ed78048fa8b90373c8a3cfc37b684831",
  "mteb_dataset_name": "STSBenchmark",
  "mteb_version": "1.1.2.dev0",
  "test": {
    "cos_sim": {
      "pearson": 0.39594833306063953,
      "spearman": 0.41983854404135357
    },
    "euclidean": {
      "pearson": 0.4354487354509693,
      "spearman": 0.43704469810284596
    },
    "evaluation_time": 0.05,
    "manhattan": {
      "pearson": 0.44247984698178905,
      "spearman": 0.4413938206991059
    }
  }
}