{
  "dataset_revision": "b0fddb56ed78048fa8b90373c8a3cfc37b684831",
  "mteb_dataset_name": "STSBenchmark",
  "mteb_version": "1.1.2.dev0",
  "test": {
    "cos_sim": {
      "pearson": 0.429634077714612,
      "spearman": 0.4610804481252632
    },
    "euclidean": {
      "pearson": 0.4570715459278509,
      "spearman": 0.4615092247882676
    },
    "evaluation_time": 0.03,
    "manhattan": {
      "pearson": 0.4623849753534617,
      "spearman": 0.4662944904510454
    }
  }
}