{
  "dataset_revision": "b0fddb56ed78048fa8b90373c8a3cfc37b684831",
  "mteb_dataset_name": "STSBenchmark",
  "mteb_version": "1.1.2.dev0",
  "test": {
    "cos_sim": {
      "pearson": 0.07891795133231827,
      "spearman": 0.4429443980886656
    },
    "euclidean": {
      "pearson": 0.2371381521709993,
      "spearman": 0.4425315909412422
    },
    "evaluation_time": 0.07,
    "manhattan": {
      "pearson": 0.25034507627047936,
      "spearman": 0.44702483390591446
    }
  }
}