{
  "dataset_revision": null,
  "mteb_dataset_name": "InstructSTSBenchmark",
  "mteb_version": "1.1.2.dev0",
  "test": {
    "cos_sim": {
      "pearson": -0.044216839703816686,
      "spearman": -0.03142136393348404
    },
    "euclidean": {
      "pearson": -0.12933273420642344,
      "spearman": -0.1099089947961479
    },
    "evaluation_time": 0.12,
    "manhattan": {
      "pearson": -0.147634221477667,
      "spearman": -0.13834294509507053
    }
  }
}