{
  "dataset_revision": "b0fddb56ed78048fa8b90373c8a3cfc37b684831",
  "mteb_dataset_name": "STSBenchmark",
  "mteb_version": "1.1.2.dev0",
  "test": {
    "cos_sim": {
      "pearson": 0.18160766138428114,
      "spearman": 0.2420198005728458
    },
    "euclidean": {
      "pearson": 0.1514294645526652,
      "spearman": 0.19016607965399376
    },
    "evaluation_time": 0.04,
    "manhattan": {
      "pearson": 0.17019492833178607,
      "spearman": 0.21358867963728112
    }
  }
}