{
  "dataset_revision": "b0fddb56ed78048fa8b90373c8a3cfc37b684831",
  "mteb_dataset_name": "STSBenchmark",
  "mteb_version": "1.1.2.dev0",
  "test": {
    "cos_sim": {
      "pearson": 0.17986679186755686,
      "spearman": 0.23158755772703152
    },
    "euclidean": {
      "pearson": 0.2253385618600823,
      "spearman": 0.23858196681897653
    },
    "evaluation_time": 0.06,
    "manhattan": {
      "pearson": 0.22506573996341853,
      "spearman": 0.23843381708720734
    }
  }
}