{
  "dataset_revision": "b0fddb56ed78048fa8b90373c8a3cfc37b684831",
  "mteb_dataset_name": "STSBenchmark",
  "mteb_version": "1.1.2.dev0",
  "test": {
    "cos_sim": {
      "pearson": 0.4317068397274368,
      "spearman": 0.4501014933839505
    },
    "euclidean": {
      "pearson": 0.4443866325114315,
      "spearman": 0.4513558987971446
    },
    "evaluation_time": 0.03,
    "manhattan": {
      "pearson": 0.45351789771838197,
      "spearman": 0.4593100692210674
    }
  }
}