{
  "dataset_revision": "b0fddb56ed78048fa8b90373c8a3cfc37b684831",
  "mteb_dataset_name": "STSBenchmark",
  "mteb_version": "1.1.2.dev0",
  "test": {
    "cos_sim": {
      "pearson": 0.18983434274027022,
      "spearman": 0.22145298440152522
    },
    "euclidean": {
      "pearson": 0.19949199008821525,
      "spearman": 0.1939565150792079
    },
    "evaluation_time": 0.04,
    "manhattan": {
      "pearson": 0.22054117141446544,
      "spearman": 0.20373910022600988
    }
  }
}