{
    "dataset_revision": null,
    "mteb_dataset_name": "IntentEmotion",
    "mteb_version": "1.1.2.dev0",
    "test": {
        "Emotion_success_rate": 0.9800324675324675,
        "Intent_success_rate": 0.019642857142857142,
        "evaluation_time": 0.83,
        "harmonic_mean": 0.03851379921369898
    }
}