{
  "dataset_revision": "b0fddb56ed78048fa8b90373c8a3cfc37b684831",
  "mteb_dataset_name": "STSBenchmark",
  "mteb_version": "1.1.2.dev0",
  "test": {
    "cos_sim": {
      "pearson": 0.14730607710175422,
      "spearman": 0.2243584863301325
    },
    "euclidean": {
      "pearson": 0.16222708428149338,
      "spearman": 0.20416573223694462
    },
    "evaluation_time": 0.07,
    "manhattan": {
      "pearson": 0.325003928537251,
      "spearman": 0.32859587064168816
    }
  }
}