{
  "dataset_revision": "b0fddb56ed78048fa8b90373c8a3cfc37b684831",
  "mteb_dataset_name": "STSBenchmark",
  "mteb_version": "1.1.2.dev0",
  "test": {
    "cos_sim": {
      "pearson": 0.48415563485888674,
      "spearman": 0.5481627250814577
    },
    "euclidean": {
      "pearson": 0.5240513175664764,
      "spearman": 0.5471618850418822
    },
    "evaluation_time": 0.03,
    "manhattan": {
      "pearson": 0.5255580120130522,
      "spearman": 0.5491480561314004
    }
  }
}