{
  "dataset_revision": "b0fddb56ed78048fa8b90373c8a3cfc37b684831",
  "mteb_dataset_name": "STSBenchmark",
  "mteb_version": "1.1.2.dev0",
  "test": {
    "cos_sim": {
      "pearson": 0.3392388265321632,
      "spearman": 0.36756990853626753
    },
    "euclidean": {
      "pearson": 0.4717964909686616,
      "spearman": 0.4722068854127285
    },
    "evaluation_time": 0.04,
    "manhattan": {
      "pearson": 0.4929038770542389,
      "spearman": 0.48799689424969034
    }
  }
}