{
  "dataset_revision": "b0fddb56ed78048fa8b90373c8a3cfc37b684831",
  "mteb_dataset_name": "STSBenchmark",
  "mteb_version": "1.1.2.dev0",
  "test": {
    "cos_sim": {
      "pearson": -0.003991068788355968,
      "spearman": 0.0011063227940191053
    },
    "euclidean": {
      "pearson": -0.004310554120626434,
      "spearman": 0.0011063227940191053
    },
    "evaluation_time": 38.56,
    "manhattan": {
      "pearson": 0.012037883514496521,
      "spearman": 0.014611687069346657
    }
  }
}