{
    "test": {
        "NYTTopicClustering": 0.2586014406691836,
        "NYTLocationClustering": 0.19760836302209864,
        "harmonic_mean": 0.22402767005066745
    }
}