{
  "dataset_revision": "a0d554a64d88156834ff5ae9920b964011b16384",
  "mteb_dataset_name": "STS12",
  "mteb_version": "1.1.2.dev0",
  "test": {
    "cos_sim": {
      "pearson": 0.1471717245263461,
      "spearman": 0.2731688689980702
    },
    "euclidean": {
      "pearson": 0.15663001579069702,
      "spearman": 0.28745440746398054
    },
    "evaluation_time": 0.41,
    "manhattan": {
      "pearson": 0.2390834066557404,
      "spearman": 0.335420935815448
    }
  }
}