{
  "dataset_revision": "b0fddb56ed78048fa8b90373c8a3cfc37b684831",
  "mteb_dataset_name": "STSBenchmark",
  "mteb_version": "1.1.2.dev0",
  "test": {
    "cos_sim": {
      "pearson": 0.029670645447731347,
      "spearman": 0.05018297989139462
    },
    "euclidean": {
      "pearson": 0.027786131794731307,
      "spearman": 0.04796402548686361
    },
    "evaluation_time": 0.04,
    "manhattan": {
      "pearson": 0.041747609052808096,
      "spearman": 0.09279512075359134
    }
  }
}