{
  "dataset_revision": "b0fddb56ed78048fa8b90373c8a3cfc37b684831",
  "mteb_dataset_name": "STSBenchmark",
  "mteb_version": "1.1.2.dev0",
  "test": {
    "cos_sim": {
      "pearson": 0.3633991699972152,
      "spearman": 0.37953088800682694
    },
    "euclidean": {
      "pearson": 0.3822461163426232,
      "spearman": 0.3886897419055411
    },
    "evaluation_time": 0.07,
    "manhattan": {
      "pearson": 0.4323182225554208,
      "spearman": 0.419047375293396
    }
  }
}