{
  "dataset_revision": null,
  "mteb_dataset_name": "InstructSTSBenchmark",
  "mteb_version": "1.1.2.dev0",
  "test": {
    "cos_sim": {
      "pearson": 0.17287139076307373,
      "spearman": 0.18064593762588685
    },
    "euclidean": {
      "pearson": 0.18070785150948807,
      "spearman": 0.17471832700000026
    },
    "evaluation_time": 0.13,
    "manhattan": {
      "pearson": 0.18080669361133586,
      "spearman": 0.17437676984193212
    }
  }
}