{
  "dataset_revision": null,
  "mteb_dataset_name": "InstructSTSBenchmark",
  "mteb_version": "1.1.2.dev0",
  "test": {
    "cos_sim": {
      "pearson": 0.18412355471015981,
      "spearman": 0.17237661112428512
    },
    "euclidean": {
      "pearson": 0.1955957553029757,
      "spearman": 0.17307794182218503
    },
    "evaluation_time": 0.13,
    "manhattan": {
      "pearson": 0.1951482206496882,
      "spearman": 0.17249000812542994
    }
  }
}