{
  "dataset_revision": "b0fddb56ed78048fa8b90373c8a3cfc37b684831",
  "mteb_dataset_name": "STSBenchmark",
  "mteb_version": "1.1.2.dev0",
  "test": {
    "cos_sim": {
      "pearson": 0.07989649537475024,
      "spearman": 0.19304962540831905
    },
    "euclidean": {
      "pearson": 0.11041248878306179,
      "spearman": 0.19642451130401478
    },
    "evaluation_time": 0.05,
    "manhattan": {
      "pearson": 0.20089379014422515,
      "spearman": 0.25602533584347636
    }
  }
}