{
  "dataset_revision": "b0fddb56ed78048fa8b90373c8a3cfc37b684831",
  "mteb_dataset_name": "STSBenchmark",
  "mteb_version": "1.1.2.dev0",
  "test": {
    "cos_sim": {
      "pearson": 0.3586839158459094,
      "spearman": 0.40049370706450477
    },
    "euclidean": {
      "pearson": 0.36640647004117716,
      "spearman": 0.38850821874000296
    },
    "evaluation_time": 0.03,
    "manhattan": {
      "pearson": 0.36898297478413944,
      "spearman": 0.3897344959959339
    }
  }
}