{
  "dataset_revision": "b0fddb56ed78048fa8b90373c8a3cfc37b684831",
  "mteb_dataset_name": "STSBenchmark",
  "mteb_version": "1.1.2.dev0",
  "test": {
    "cos_sim": {
      "pearson": 0.3671078249829956,
      "spearman": 0.3724438589661967
    },
    "euclidean": {
      "pearson": 0.3801921512653446,
      "spearman": 0.371833954269511
    },
    "evaluation_time": 0.03,
    "manhattan": {
      "pearson": 0.3812177129266512,
      "spearman": 0.37286890180700105
    }
  }
}