{
  "dataset_revision": null,
  "mteb_dataset_name": "InstructSTSBenchmark",
  "mteb_version": "1.1.2.dev0",
  "test": {
    "cos_sim": {
      "pearson": 0.005127405610785469,
      "spearman": 0.035337048214717996
    },
    "euclidean": {
      "pearson": 0.01516345118756639,
      "spearman": 0.0392139496186388
    },
    "evaluation_time": 0.12,
    "manhattan": {
      "pearson": 0.014831132480682511,
      "spearman": 0.03897167174114782
    }
  }
}