{
  "dataset_revision": "b0fddb56ed78048fa8b90373c8a3cfc37b684831",
  "mteb_dataset_name": "STSBenchmark",
  "mteb_version": "1.1.2.dev0",
  "test": {
    "cos_sim": {
      "pearson": 0.03244448720434665,
      "spearman": 0.10197123699796191
    },
    "euclidean": {
      "pearson": 0.045443363598443615,
      "spearman": 0.10200166426401461
    },
    "evaluation_time": 0.04,
    "manhattan": {
      "pearson": 0.04824180478893289,
      "spearman": 0.10508440159247162
    }
  }
}