{
  "dataset_revision": "b0fddb56ed78048fa8b90373c8a3cfc37b684831",
  "mteb_dataset_name": "STSBenchmark",
  "mteb_version": "1.1.2.dev0",
  "test": {
    "cos_sim": {
      "pearson": 0.35540689123854946,
      "spearman": 0.36523452713330384
    },
    "euclidean": {
      "pearson": 0.35482081783931113,
      "spearman": 0.35138391266206104
    },
    "evaluation_time": 0.03,
    "manhattan": {
      "pearson": 0.35857022081073014,
      "spearman": 0.3544267524790588
    }
  }
}