{
  "dataset_revision": "b0fddb56ed78048fa8b90373c8a3cfc37b684831",
  "mteb_dataset_name": "STSBenchmark",
  "mteb_version": "1.1.2.dev0",
  "test": {
    "cos_sim": {
      "pearson": 0.04970467632364678,
      "spearman": 0.09780339206881034
    },
    "euclidean": {
      "pearson": 0.06532298205145978,
      "spearman": 0.09781678367085482
    },
    "evaluation_time": 0.03,
    "manhattan": {
      "pearson": 0.06635960396950773,
      "spearman": 0.09921598245575555
    }
  }
}