{
  "dataset_revision": null,
  "mteb_dataset_name": "InstructSTSBenchmark",
  "mteb_version": "1.1.2.dev0",
  "test": {
    "cos_sim": {
      "pearson": 0.1698036851928973,
      "spearman": 0.16766236373588053
    },
    "euclidean": {
      "pearson": 0.18204035284649495,
      "spearman": 0.18236374032109345
    },
    "evaluation_time": 0.03,
    "manhattan": {
      "pearson": 0.18230655908107113,
      "spearman": 0.18246524546260062
    }
  }
}