{
    "test": {
        "NYTTopicClustering": 0.15693337413053718,
        "NYTLocationClustering": 0.32258979704080853,
        "harmonic_mean": 0.2111477027055463
    }
}