{
  "dataset_revision": "a0d554a64d88156834ff5ae9920b964011b16384",
  "mteb_dataset_name": "STS12",
  "mteb_version": "1.1.2.dev0",
  "test": {
    "cos_sim": {
      "pearson": 0.5996901900338031,
      "spearman": 0.6219852063599755
    },
    "euclidean": {
      "pearson": 0.5933702837667107,
      "spearman": 0.6215307346556314
    },
    "evaluation_time": 0.05,
    "manhattan": {
      "pearson": 0.5986208052330009,
      "spearman": 0.6252366996266913
    }
  }
}