{
  "dataset_revision": null,
  "mteb_dataset_name": "InstructSTSBenchmark",
  "mteb_version": "1.1.2.dev0",
  "test": {
    "cos_sim": {
      "pearson": 0.1792159313918997,
      "spearman": 0.1794568633319281
    },
    "euclidean": {
      "pearson": 0.1877279901924921,
      "spearman": 0.17865397628003343
    },
    "evaluation_time": 0.12,
    "manhattan": {
      "pearson": 0.1878259392402303,
      "spearman": 0.17858384323578108
    }
  }
}