{
  "dataset_revision": "b0fddb56ed78048fa8b90373c8a3cfc37b684831",
  "mteb_dataset_name": "STSBenchmark",
  "mteb_version": "1.1.2.dev0",
  "test": {
    "cos_sim": {
      "pearson": 0.16060322909998032,
      "spearman": 0.20646310067381565
    },
    "euclidean": {
      "pearson": 0.15210043729053213,
      "spearman": 0.18181953715962043
    },
    "evaluation_time": 0.03,
    "manhattan": {
      "pearson": 0.19647936589988663,
      "spearman": 0.22064016385319213
    }
  }
}