{
  "dataset_revision": null,
  "mteb_dataset_name": "InstructSTSBenchmark",
  "mteb_version": "1.1.2.dev0",
  "test": {
    "cos_sim": {
      "pearson": 0.20953988056270256,
      "spearman": 0.1805794479099186
    },
    "euclidean": {
      "pearson": 0.1913686755458517,
      "spearman": 0.14220481802951326
    },
    "evaluation_time": 0.12,
    "manhattan": {
      "pearson": 0.18801188912286004,
      "spearman": 0.13719166976744426
    }
  }
}