{
  "dataset_revision": null,
  "mteb_dataset_name": "InstructSTSBenchmark",
  "mteb_version": "1.1.2.dev0",
  "test": {
    "cos_sim": {
      "pearson": 0.06944510717449297,
      "spearman": 0.09074718284219481
    },
    "euclidean": {
      "pearson": 0.06511130488637266,
      "spearman": 0.06979743296597767
    },
    "evaluation_time": 0.12,
    "manhattan": {
      "pearson": 0.0653271597486314,
      "spearman": 0.06891120599305015
    }
  }
}