{
  "dataset_revision": "b0fddb56ed78048fa8b90373c8a3cfc37b684831",
  "mteb_dataset_name": "STSBenchmark",
  "mteb_version": "1.1.2.dev0",
  "test": {
    "cos_sim": {
      "pearson": 0.14528448985829912,
      "spearman": 0.18015095481754795
    },
    "euclidean": {
      "pearson": 0.18984022171147394,
      "spearman": 0.19198212980089652
    },
    "evaluation_time": 0.06,
    "manhattan": {
      "pearson": 0.1935960976570529,
      "spearman": 0.19571231481943369
    }
  }
}