{
  "dataset_revision": null,
  "mteb_dataset_name": "InstructSTSBenchmark",
  "mteb_version": "1.1.2.dev0",
  "test": {
    "cos_sim": {
      "pearson": 0.14538974285187614,
      "spearman": 0.17115520275150878
    },
    "euclidean": {
      "pearson": 0.10750354078187557,
      "spearman": 0.10667649785172878
    },
    "evaluation_time": 0.21,
    "manhattan": {
      "pearson": 0.10808715074634068,
      "spearman": 0.10740059901157839
    }
  }
}