{
  "dataset_revision": "a0d554a64d88156834ff5ae9920b964011b16384",
  "mteb_dataset_name": "STS12",
  "mteb_version": "1.1.2.dev0",
  "test": {
    "cos_sim": {
      "pearson": 0.5532762765186362,
      "spearman": 0.5569704333455412
    },
    "euclidean": {
      "pearson": 0.5653869671256424,
      "spearman": 0.5566562471587801
    },
    "evaluation_time": 1213.39,
    "manhattan": {
      "pearson": 0.5671477518210766,
      "spearman": 0.558164934326278
    }
  }
}