{
  "dataset_revision": null,
  "mteb_dataset_name": "InstructSTSBenchmark",
  "mteb_version": "1.1.2.dev0",
  "test": {
    "cos_sim": {
      "pearson": -0.024504396806868625,
      "spearman": -0.012724142676454967
    },
    "euclidean": {
      "pearson": -0.07258755979911224,
      "spearman": -0.06640463186201565
    },
    "evaluation_time": 0.07,
    "manhattan": {
      "pearson": -0.07094164491558466,
      "spearman": -0.06447551703297091
    }
  }
}