{
  "dataset_revision": "b0fddb56ed78048fa8b90373c8a3cfc37b684831",
  "mteb_dataset_name": "STSBenchmark",
  "mteb_version": "1.1.2.dev0",
  "test": {
    "cos_sim": {
      "pearson": 0.5166859591761682,
      "spearman": 0.5215247748442068
    },
    "euclidean": {
      "pearson": 0.550153355223282,
      "spearman": 0.554676647508769
    },
    "evaluation_time": 0.05,
    "manhattan": {
      "pearson": 0.5558789101035537,
      "spearman": 0.5597673571715577
    }
  }
}