{
  "dataset_revision": null,
  "mteb_dataset_name": "InstructSTSBenchmark",
  "mteb_version": "1.1.2.dev0",
  "test": {
    "cos_sim": {
      "pearson": 0.19990215848147513,
      "spearman": 0.19792372063048555
    },
    "euclidean": {
      "pearson": 0.19983256726122464,
      "spearman": 0.1892049046245868
    },
    "evaluation_time": 0.07,
    "manhattan": {
      "pearson": 0.20120621518157647,
      "spearman": 0.19086623864166782
    }
  }
}