{
  "dataset_revision": "b0fddb56ed78048fa8b90373c8a3cfc37b684831",
  "mteb_dataset_name": "STSBenchmark",
  "mteb_version": "1.1.2.dev0",
  "test": {
    "cos_sim": {
      "pearson": 0.23285431982910382,
      "spearman": 0.23000473924206716
    },
    "euclidean": {
      "pearson": 0.242628942976676,
      "spearman": 0.23229149176862252
    },
    "evaluation_time": 0.05,
    "manhattan": {
      "pearson": 0.2423733857025583,
      "spearman": 0.2317291531921512
    }
  }
}