{
  "dataset_revision": "b0fddb56ed78048fa8b90373c8a3cfc37b684831",
  "mteb_dataset_name": "STSBenchmark",
  "mteb_version": "1.1.2.dev0",
  "test": {
    "cos_sim": {
      "pearson": 0.06391649583113715,
      "spearman": 0.12022156563377757
    },
    "euclidean": {
      "pearson": 0.0734622073986475,
      "spearman": 0.09068512087387538
    },
    "evaluation_time": 0.21,
    "manhattan": {
      "pearson": 0.088047675453741,
      "spearman": 0.12656833788864347
    }
  }
}