{
  "dataset_revision": null,
  "mteb_dataset_name": "InstructSTSBenchmark",
  "mteb_version": "1.1.2.dev0",
  "test": {
    "cos_sim": {
      "pearson": 0.07724787121543049,
      "spearman": 0.069658533094855
    },
    "euclidean": {
      "pearson": 0.039106209169092826,
      "spearman": 0.07241421620669791
    },
    "evaluation_time": 0.08,
    "manhattan": {
      "pearson": 0.08003108109237975,
      "spearman": 0.07808497585052815
    }
  }
}