{
  "dataset_revision": "b0fddb56ed78048fa8b90373c8a3cfc37b684831",
  "mteb_dataset_name": "STSBenchmark",
  "mteb_version": "1.1.2.dev0",
  "test": {
    "cos_sim": {
      "pearson": 0.2303306543993695,
      "spearman": 0.248312130360675
    },
    "euclidean": {
      "pearson": 0.22397486431785435,
      "spearman": 0.223799392632216
    },
    "evaluation_time": 0.07,
    "manhattan": {
      "pearson": 0.25793989534121053,
      "spearman": 0.25185551441377896
    }
  }
}