{
  "dataset_revision": "b0fddb56ed78048fa8b90373c8a3cfc37b684831",
  "mteb_dataset_name": "STSBenchmark",
  "mteb_version": "1.1.2.dev0",
  "test": {
    "cos_sim": {
      "pearson": 0.0898836058057334,
      "spearman": 0.21149161667689423
    },
    "euclidean": {
      "pearson": 0.11669543527966922,
      "spearman": 0.2239397401872833
    },
    "evaluation_time": 0.15,
    "manhattan": {
      "pearson": 0.21210645307788908,
      "spearman": 0.274317949556624
    }
  }
}