{
  "dataset_revision": "b0fddb56ed78048fa8b90373c8a3cfc37b684831",
  "mteb_dataset_name": "STSBenchmark",
  "mteb_version": "1.1.2.dev0",
  "test": {
    "cos_sim": {
      "pearson": 0.09095639351355887,
      "spearman": 0.1037392976184349
    },
    "euclidean": {
      "pearson": 0.102041681057187,
      "spearman": 0.1037274640969546
    },
    "evaluation_time": 0.03,
    "manhattan": {
      "pearson": 0.1018892431449253,
      "spearman": 0.10332524424072306
    }
  }
}