{
    "dataset_revision": null,
    "mteb_dataset_name": "IntentEmotion",
    "mteb_version": "1.1.2.dev0",
    "test": {
        "Emotion_success_rate": 0.9782467532467533,
        "Intent_success_rate": 0.02142857142857143,
        "evaluation_time": 0.15,
        "harmonic_mean": 0.041938496403105124
    }
}