{
  "dataset_revision": null,
  "mteb_dataset_name": "InstructSTSBenchmark",
  "mteb_version": "1.1.2.dev0",
  "test": {
    "cos_sim": {
      "pearson": 0.050631337978970424,
      "spearman": 0.07784269795077403
    },
    "euclidean": {
      "pearson": 0.009911952519211786,
      "spearman": 0.08619217653094177
    },
    "evaluation_time": 0.23,
    "manhattan": {
      "pearson": 0.058410418621176276,
      "spearman": 0.09004311963522335
    }
  }
}