{
  "dataset_revision": "b0fddb56ed78048fa8b90373c8a3cfc37b684831",
  "mteb_dataset_name": "STSBenchmark",
  "mteb_version": "1.1.2.dev0",
  "test": {
    "cos_sim": {
      "pearson": 0.3969473143000292,
      "spearman": 0.4483246936435745
    },
    "euclidean": {
      "pearson": 0.3594967658535628,
      "spearman": 0.41852211213448776
    },
    "evaluation_time": 0.07,
    "manhattan": {
      "pearson": 0.37295571217185663,
      "spearman": 0.4303034770677246
    }
  }
}