{
    "test": {
        "NYTTopicClustering": 0.2540235354771914,
        "NYTLocationClustering": 0.06437088829258553,
        "harmonic_mean": 0.10271362537756962
    }
}