{
  "dataset_revision": "b0fddb56ed78048fa8b90373c8a3cfc37b684831",
  "mteb_dataset_name": "STSBenchmark",
  "mteb_version": "1.1.2.dev0",
  "test": {
    "cos_sim": {
      "pearson": 0.016979356714277586,
      "spearman": 0.045582790162414434
    },
    "euclidean": {
      "pearson": 0.021685492026378615,
      "spearman": 0.04576533951633362
    },
    "evaluation_time": 0.03,
    "manhattan": {
      "pearson": 0.020586193213754177,
      "spearman": 0.05072830514053965
    }
  }
}