{
  "dataset_revision": "b0fddb56ed78048fa8b90373c8a3cfc37b684831",
  "mteb_dataset_name": "STSBenchmark",
  "mteb_version": "1.1.2.dev0",
  "test": {
    "cos_sim": {
      "pearson": 0.6229260639173964,
      "spearman": 0.6438317399881036
    },
    "euclidean": {
      "pearson": 0.6434435352932402,
      "spearman": 0.642267357792143
    },
    "evaluation_time": 0.03,
    "manhattan": {
      "pearson": 0.6434779467759382,
      "spearman": 0.642425046063275
    }
  }
}