{
  "dataset_revision": "b0fddb56ed78048fa8b90373c8a3cfc37b684831",
  "mteb_dataset_name": "STSBenchmark",
  "mteb_version": "1.1.2.dev0",
  "test": {
    "cos_sim": {
      "pearson": 0.05724122434164662,
      "spearman": 0.15036207581799402
    },
    "euclidean": {
      "pearson": 0.055160124375846206,
      "spearman": 0.11326099349561515
    },
    "evaluation_time": 0.04,
    "manhattan": {
      "pearson": 0.053303423947750166,
      "spearman": 0.17597209193391286
    }
  }
}