{
  "dataset_revision": "b0fddb56ed78048fa8b90373c8a3cfc37b684831",
  "mteb_dataset_name": "STSBenchmark",
  "mteb_version": "1.1.2.dev0",
  "test": {
    "cos_sim": {
      "pearson": 0.7011759160184066,
      "spearman": 0.7041220328462626
    },
    "euclidean": {
      "pearson": 0.7017327206546745,
      "spearman": 0.6884770506519783
    },
    "evaluation_time": 0.08,
    "manhattan": {
      "pearson": 0.7414284918528593,
      "spearman": 0.7218900451888446
    }
  }
}