{
  "dataset_revision": "a0d554a64d88156834ff5ae9920b964011b16384",
  "mteb_dataset_name": "STS12",
  "mteb_version": "1.1.2.dev0",
  "test": {
    "cos_sim": {
      "pearson": 0.08342189378355228,
      "spearman": 0.055966264944838404
    },
    "euclidean": {
      "pearson": 0.06811276638810283,
      "spearman": 0.014089413237711668
    },
    "evaluation_time": 0.36,
    "manhattan": {
      "pearson": 0.06620771480092447,
      "spearman": 0.01490082958873692
    }
  }
}