{
  "dataset_revision": "b0fddb56ed78048fa8b90373c8a3cfc37b684831",
  "mteb_dataset_name": "STSBenchmark",
  "mteb_version": "1.1.2.dev0",
  "test": {
    "cos_sim": {
      "pearson": 0.34621158530539536,
      "spearman": 0.32238375267692454
    },
    "euclidean": {
      "pearson": 0.36280842059974877,
      "spearman": 0.3558969428269139
    },
    "evaluation_time": 0.04,
    "manhattan": {
      "pearson": 0.3721391677605693,
      "spearman": 0.3592820819650279
    }
  }
}