{
  "dataset_revision": null,
  "mteb_dataset_name": "NYTTopicClustering",
  "mteb_version": "1.1.2.dev0",
  "test": {
    "correct_instructions": [
      0.13533292996164883,
      0.2824495700374902,
      0.1084436709093732,
      0.08477442592732316,
      0.29701994987570984,
      0.07195888429314735,
      0.10278497677070626,
      0.09830974055661407,
      0.12036855232818505,
      0.18959402231510336
    ],
    "dci": -0.07540549656448799,
    "dii": -0.13708940551630752,
    "implicit_instructions": [
      0.07646133283358274,
      0.08426829592987058,
      0.061451109870730325,
      0.09036412732408144,
      0.17410525796587487,
      0.1625587932566063,
      0.04126138284425162,
      0.1748681512160437,
      0.11060336707742342,
      0.010274975341327814
    ],
    "incorrect_instructions": [
      0.061096573613486825,
      0.10723321433412993,
      0.02455508954178091,
      0.01770650393992829,
      0.01795241317365121,
      0.020496577897155446,
      0.14736438085763534,
      0.024667670732736346,
      0.012772428058631638,
      0.024674528797055274
    ]
  }
}