{
  "dataset_revision": "b0fddb56ed78048fa8b90373c8a3cfc37b684831",
  "mteb_dataset_name": "STSBenchmark",
  "mteb_version": "1.1.2.dev0",
  "test": {
    "cos_sim": {
      "pearson": 0.21977526236038958,
      "spearman": 0.27185750289297633
    },
    "euclidean": {
      "pearson": 0.25449450331593587,
      "spearman": 0.27189820267164183
    },
    "evaluation_time": 0.03,
    "manhattan": {
      "pearson": 0.2551850191094992,
      "spearman": 0.27270115112833765
    }
  }
}