{
  "dataset_revision": "a0d554a64d88156834ff5ae9920b964011b16384",
  "mteb_dataset_name": "STS12",
  "mteb_version": "1.1.2.dev0",
  "test": {
    "cos_sim": {
      "pearson": 0.19826176733273915,
      "spearman": 0.26497704702010716
    },
    "euclidean": {
      "pearson": 0.23198432383326892,
      "spearman": 0.26979277998652745
    },
    "evaluation_time": 0.37,
    "manhattan": {
      "pearson": 0.2314502755700984,
      "spearman": 0.2686668431532985
    }
  }
}