{
  "dataset_revision": null,
  "mteb_dataset_name": "InstructSTSBenchmark",
  "mteb_version": "1.1.2.dev0",
  "test": {
    "cos_sim": {
      "pearson": 0.022513531752137807,
      "spearman": 0.026296713345803153
    },
    "euclidean": {
      "pearson": 0.014704134561875097,
      "spearman": 0.015441571418113063
    },
    "evaluation_time": 0.15,
    "manhattan": {
      "pearson": 0.018012420987407546,
      "spearman": 0.01872325258888473
    }
  }
}