{
  "dataset_revision": null,
  "mteb_dataset_name": "InstructSTSBenchmark",
  "mteb_version": "1.1.2.dev0",
  "test": {
    "cos_sim": {
      "pearson": 0.013301026963322955,
      "spearman": 0.02838158157809131
    },
    "euclidean": {
      "pearson": -0.11133208976726897,
      "spearman": -0.10015867642712285
    },
    "evaluation_time": 0.12,
    "manhattan": {
      "pearson": -0.05960493521269707,
      "spearman": -0.05399107849197044
    }
  }
}