{
  "dataset_revision": "b0fddb56ed78048fa8b90373c8a3cfc37b684831",
  "mteb_dataset_name": "STSBenchmark",
  "mteb_version": "1.1.2.dev0",
  "test": {
    "cos_sim": {
      "pearson": 0.5451287982448105,
      "spearman": 0.5715974108587049
    },
    "euclidean": {
      "pearson": 0.11424061956193642,
      "spearman": 0.15320518026780494
    },
    "evaluation_time": 0.06,
    "manhattan": {
      "pearson": 0.5914081762237582,
      "spearman": 0.5955958327825519
    }
  }
}