{
  "dataset_revision": null,
  "mteb_dataset_name": "InstructSTSBenchmark",
  "mteb_version": "1.1.2.dev0",
  "test": {
    "cos_sim": {
      "pearson": -0.04189788575406803,
      "spearman": -0.051491790943810706
    },
    "euclidean": {
      "pearson": -0.02506315989255807,
      "spearman": -0.05229240089275446
    },
    "evaluation_time": 0.17,
    "manhattan": {
      "pearson": -0.0325642822734737,
      "spearman": -0.05027766906998463
    }
  }
}