{
  "dataset_revision": null,
  "mteb_dataset_name": "InstructSTSBenchmark",
  "mteb_version": "1.1.2.dev0",
  "test": {
    "cos_sim": {
      "pearson": -0.0768819971172734,
      "spearman": -0.06416811634310526
    },
    "euclidean": {
      "pearson": -0.10541488393030186,
      "spearman": -0.08124369646041192
    },
    "evaluation_time": 0.08,
    "manhattan": {
      "pearson": -0.0862235823844426,
      "spearman": -0.07639449562262116
    }
  }
}