{
  "dataset_revision": "b0fddb56ed78048fa8b90373c8a3cfc37b684831",
  "mteb_dataset_name": "STSBenchmark",
  "mteb_version": "1.1.2.dev0",
  "test": {
    "cos_sim": {
      "pearson": 0.39116169624292146,
      "spearman": 0.41634259561338277
    },
    "euclidean": {
      "pearson": 0.3737122817206344,
      "spearman": 0.39636254145826755
    },
    "evaluation_time": 0.07,
    "manhattan": {
      "pearson": 0.456182286755483,
      "spearman": 0.4521560113480957
    }
  }
}