{
  "dataset_revision": null,
  "mteb_dataset_name": "NYTTopicClustering",
  "mteb_version": "1.1.2.dev0",
  "test": {
    "correct_instructions": [
      0.46938327057905566,
      0.5724753433829655,
      0.44404806577276407,
      0.4438280795115969,
      0.565862310091135,
      0.40895053894930333,
      0.4736170271016773,
      0.4336808839669725,
      0.4626972246032044,
      0.555442530523747
    ],
    "dci": -0.06520545070633593,
    "dii": -0.17534662728568978,
    "implicit_instructions": [
      0.5571932860615353,
      0.4779260052813945,
      0.46236239093450604,
      0.5030150904958258,
      0.5601666901281755,
      0.5588442480524621,
      0.5326868808829137,
      0.5574498821172882,
      0.48720278946754464,
      0.2988093623699495
    ],
    "incorrect_instructions": [
      0.42492146802606845,
      0.38477014955621786,
      0.47415598965563927,
      0.43884719160896335,
      0.46755491513716124,
      0.22380599297541695,
      0.31541668552526,
      0.42220731566120556,
      0.36150794436230993,
      0.2594093750392483
    ]
  }
}