{
  "dataset_revision": "b0fddb56ed78048fa8b90373c8a3cfc37b684831",
  "mteb_dataset_name": "STSBenchmark",
  "mteb_version": "1.1.2.dev0",
  "test": {
    "cos_sim": {
      "pearson": 0.38735209151674743,
      "spearman": 0.41092412795588007
    },
    "euclidean": {
      "pearson": 0.40222288524800326,
      "spearman": 0.4104859865956251
    },
    "evaluation_time": 0.03,
    "manhattan": {
      "pearson": 0.41857047583097395,
      "spearman": 0.42520686177965156
    }
  }
}