{
  "dataset_revision": null,
  "mteb_dataset_name": "InstructSTSBenchmark",
  "mteb_version": "1.1.2.dev0",
  "test": {
    "cos_sim": {
      "pearson": 0.03409923835452353,
      "spearman": 0.0348556802760817
    },
    "euclidean": {
      "pearson": 0.026575893756742977,
      "spearman": 0.006467270935634219
    },
    "evaluation_time": 0.12,
    "manhattan": {
      "pearson": 0.04296778214891207,
      "spearman": 0.03698244284169747
    }
  }
}