{
  "dataset_revision": "b0fddb56ed78048fa8b90373c8a3cfc37b684831",
  "mteb_dataset_name": "STSBenchmark",
  "mteb_version": "1.1.2.dev0",
  "test": {
    "cos_sim": {
      "pearson": 0.15244678283589652,
      "spearman": 0.20907559406745113
    },
    "euclidean": {
      "pearson": 0.19829243669347402,
      "spearman": 0.23416464962342226
    },
    "evaluation_time": 0.05,
    "manhattan": {
      "pearson": 0.20551439574202748,
      "spearman": 0.2399501332799171
    }
  }
}