{
  "dataset_revision": "b0fddb56ed78048fa8b90373c8a3cfc37b684831",
  "mteb_dataset_name": "STSBenchmark",
  "mteb_version": "1.1.2.dev0",
  "test": {
    "cos_sim": {
      "pearson": 0.34034908818805043,
      "spearman": 0.38917387933735176
    },
    "euclidean": {
      "pearson": 0.43833421235009096,
      "spearman": 0.44599273614338203
    },
    "evaluation_time": 0.07,
    "manhattan": {
      "pearson": 0.48111262677749667,
      "spearman": 0.4862667758926007
    }
  }
}