{
  "dataset_revision": "b0fddb56ed78048fa8b90373c8a3cfc37b684831",
  "mteb_dataset_name": "STSBenchmark",
  "mteb_version": "1.1.2.dev0",
  "test": {
    "cos_sim": {
      "pearson": 0.20619846270853567,
      "spearman": 0.22231709814384748
    },
    "euclidean": {
      "pearson": 0.23271999086949605,
      "spearman": 0.2391334694388833
    },
    "evaluation_time": 0.03,
    "manhattan": {
      "pearson": 0.24030922589284495,
      "spearman": 0.24475348327043248
    }
  }
}