{
  "dataset_revision": null,
  "mteb_dataset_name": "InstructSTSBenchmark",
  "mteb_version": "1.1.2.dev0",
  "test": {
    "cos_sim": {
      "pearson": 0.08460895993403696,
      "spearman": 0.1507150571725653
    },
    "euclidean": {
      "pearson": 0.005694762647018096,
      "spearman": 0.024731926110942017
    },
    "evaluation_time": 0.15,
    "manhattan": {
      "pearson": 0.10554029733599966,
      "spearman": 0.11189640204684459
    }
  }
}