{
  "dataset_revision": null,
  "mteb_dataset_name": "InstructSTSBenchmark",
  "mteb_version": "1.1.2.dev0",
  "test": {
    "cos_sim": {
      "pearson": 0.005433281117475129,
      "spearman": 0.010178403466171234
    },
    "euclidean": {
      "pearson": -0.07658044557584166,
      "spearman": -0.07444807523089851
    },
    "evaluation_time": 0.15,
    "manhattan": {
      "pearson": -0.07432795024645925,
      "spearman": -0.07058529148746125
    }
  }
}