{
    "test": {
        "NYTTopicClustering": 0.1823809542202468,
        "NYTLocationClustering": 0.1100486893834491,
        "harmonic_mean": 0.13726916522352323
    }
}