{
  "dataset_revision": "b0fddb56ed78048fa8b90373c8a3cfc37b684831",
  "mteb_dataset_name": "STSBenchmark",
  "mteb_version": "1.1.2.dev0",
  "test": {
    "cos_sim": {
      "pearson": 0.28170993854671317,
      "spearman": 0.2519330428215239
    },
    "euclidean": {
      "pearson": 0.2888812662561264,
      "spearman": 0.2522348179525055
    },
    "evaluation_time": 0.03,
    "manhattan": {
      "pearson": 0.2893643160504515,
      "spearman": 0.2558454917723735
    }
  }
}