{
  "dataset_revision": "b0fddb56ed78048fa8b90373c8a3cfc37b684831",
  "mteb_dataset_name": "STSBenchmark",
  "mteb_version": "1.1.2.dev0",
  "test": {
    "cos_sim": {
      "pearson": 0.17643724562135807,
      "spearman": 0.16037892224234798
    },
    "euclidean": {
      "pearson": 0.2194734344017031,
      "spearman": 0.1899940178539719
    },
    "evaluation_time": 0.07,
    "manhattan": {
      "pearson": 0.22482804323595026,
      "spearman": 0.19310221864820123
    }
  }
}