{
  "dataset_revision": null,
  "mteb_dataset_name": "InstructSTSBenchmark",
  "mteb_version": "1.1.2.dev0",
  "test": {
    "cos_sim": {
      "pearson": -0.07636066241885879,
      "spearman": -0.10862747692136944
    },
    "euclidean": {
      "pearson": -0.05468974887890942,
      "spearman": -0.09132464211823074
    },
    "evaluation_time": 0.07,
    "manhattan": {
      "pearson": -0.06603414803777759,
      "spearman": -0.10838792691866694
    }
  }
}