{
  "dataset_revision": "b0fddb56ed78048fa8b90373c8a3cfc37b684831",
  "mteb_dataset_name": "STSBenchmark",
  "mteb_version": "1.1.2.dev0",
  "test": {
    "cos_sim": {
      "pearson": 0.12825135741274954,
      "spearman": 0.21089869699874994
    },
    "euclidean": {
      "pearson": 0.11360025802213129,
      "spearman": 0.18510071446710222
    },
    "evaluation_time": 0.05,
    "manhattan": {
      "pearson": 0.1346758698389674,
      "spearman": 0.22301353749431482
    }
  }
}