{
  "dataset_revision": "b0fddb56ed78048fa8b90373c8a3cfc37b684831",
  "mteb_dataset_name": "STSBenchmark",
  "mteb_version": "1.1.2.dev0",
  "test": {
    "cos_sim": {
      "pearson": 0.055336321529353104,
      "spearman": 0.20337996940768352
    },
    "euclidean": {
      "pearson": 0.15283865744095898,
      "spearman": 0.21534285063389683
    },
    "evaluation_time": 0.08,
    "manhattan": {
      "pearson": 0.16232493967730563,
      "spearman": 0.222021786615704
    }
  }
}