{
    "dataset_revision": null,
    "mteb_dataset_name": "IntentEmotion",
    "mteb_version": "1.1.2.dev0",
    "test": {
        "Emotion_success_rate": 0.9857142857142858,
        "Intent_success_rate": 0.014285714285714285,
        "evaluation_time": 0.68,
        "harmonic_mean": 0.028163284742856953
    }
}