{
  "dataset_revision": "b0fddb56ed78048fa8b90373c8a3cfc37b684831",
  "mteb_dataset_name": "STSBenchmark",
  "mteb_version": "1.1.2.dev0",
  "test": {
    "cos_sim": {
      "pearson": 0.31214980897535827,
      "spearman": 0.32915322920274
    },
    "euclidean": {
      "pearson": 0.3278787660560456,
      "spearman": 0.3275042370593183
    },
    "evaluation_time": 0.04,
    "manhattan": {
      "pearson": 0.3275333832702922,
      "spearman": 0.3269470113597634
    }
  }
}