{
  "dataset_revision": "b0fddb56ed78048fa8b90373c8a3cfc37b684831",
  "mteb_dataset_name": "STSBenchmark",
  "mteb_version": "1.1.2.dev0",
  "test": {
    "cos_sim": {
      "pearson": 0.3792742570839395,
      "spearman": 0.41975075551172014
    },
    "euclidean": {
      "pearson": 0.37854713105619237,
      "spearman": 0.40226045572708474
    },
    "evaluation_time": 0.03,
    "manhattan": {
      "pearson": 0.38124378797383246,
      "spearman": 0.4037969920669326
    }
  }
}