{
  "dataset_revision": "b0fddb56ed78048fa8b90373c8a3cfc37b684831",
  "mteb_dataset_name": "STSBenchmark",
  "mteb_version": "1.1.2.dev0",
  "test": {
    "cos_sim": {
      "pearson": 0.19645804189634833,
      "spearman": 0.2345420606703102
    },
    "euclidean": {
      "pearson": 0.17163036522100647,
      "spearman": 0.195937036520837
    },
    "evaluation_time": 0.04,
    "manhattan": {
      "pearson": 0.19229040527475177,
      "spearman": 0.21521980051779505
    }
  }
}