{
  "dataset_revision": null,
  "mteb_dataset_name": "InstructSTSBenchmark",
  "mteb_version": "1.1.2.dev0",
  "test": {
    "cos_sim": {
      "pearson": 0.17824862229355698,
      "spearman": 0.21319724579179306
    },
    "euclidean": {
      "pearson": 0.18967639709131048,
      "spearman": 0.2004753799946908
    },
    "evaluation_time": 0.11,
    "manhattan": {
      "pearson": 0.1913988489683458,
      "spearman": 0.20223235001579334
    }
  }
}