{
  "dataset_revision": "b0fddb56ed78048fa8b90373c8a3cfc37b684831",
  "mteb_dataset_name": "STSBenchmark",
  "mteb_version": "1.1.2.dev0",
  "test": {
    "cos_sim": {
      "pearson": 0.578009889114261,
      "spearman": 0.5785331112917118
    },
    "euclidean": {
      "pearson": 0.6240693640550704,
      "spearman": 0.6110476480000276
    },
    "evaluation_time": 0.04,
    "manhattan": {
      "pearson": 0.631924674364659,
      "spearman": 0.6181693266099115
    }
  }
}