{
  "dataset_revision": null,
  "mteb_dataset_name": "InstructSTSBenchmark",
  "mteb_version": "1.1.2.dev0",
  "test": {
    "cos_sim": {
      "pearson": 0.11503999114623754,
      "spearman": 0.172481356306025
    },
    "euclidean": {
      "pearson": -0.005493369019415069,
      "spearman": 0.008832668107642116
    },
    "evaluation_time": 0.15,
    "manhattan": {
      "pearson": 0.04842559821728894,
      "spearman": 0.06019056863200731
    }
  }
}