{
  "dataset_revision": null,
  "mteb_dataset_name": "InstructSTSBenchmark",
  "mteb_version": "1.1.2.dev0",
  "test": {
    "cos_sim": {
      "pearson": -0.00889522796975495,
      "spearman": -0.01538737767574178
    },
    "euclidean": {
      "pearson": 0.018523354866118263,
      "spearman": -0.04751333313774846
    },
    "evaluation_time": 0.15,
    "manhattan": {
      "pearson": -0.019388962536271585,
      "spearman": -0.04868328027027406
    }
  }
}