{
  "dataset_revision": null,
  "mteb_dataset_name": "InstructSTSBenchmark",
  "mteb_version": "1.1.2.dev0",
  "test": {
    "cos_sim": {
      "pearson": 0.13705916544076652,
      "spearman": 0.16884900886819396
    },
    "euclidean": {
      "pearson": 0.16665728499588034,
      "spearman": 0.17641062889106876
    },
    "evaluation_time": 0.11,
    "manhattan": {
      "pearson": 0.16817112044963653,
      "spearman": 0.1776730241728765
    }
  }
}