{
  "dataset_revision": null,
  "mteb_dataset_name": "InstructSTSBenchmark",
  "mteb_version": "1.1.2.dev0",
  "test": {
    "cos_sim": {
      "pearson": 0.20918118851666836,
      "spearman": 0.19758717269432172
    },
    "euclidean": {
      "pearson": 0.20924682411362402,
      "spearman": 0.1961444352864844
    },
    "evaluation_time": 0.07,
    "manhattan": {
      "pearson": 0.2100107825630883,
      "spearman": 0.19737586266583337
    }
  }
}