{
  "dataset_revision": "b0fddb56ed78048fa8b90373c8a3cfc37b684831",
  "mteb_dataset_name": "STSBenchmark",
  "mteb_version": "1.1.2.dev0",
  "test": {
    "cos_sim": {
      "pearson": 0.5070511311762752,
      "spearman": 0.5059715881681366
    },
    "euclidean": {
      "pearson": 0.49967877609761446,
      "spearman": 0.4894550921438179
    },
    "evaluation_time": 0.06,
    "manhattan": {
      "pearson": 0.5018233852263158,
      "spearman": 0.4919441669497573
    }
  }
}