{
  "dataset_revision": "b0fddb56ed78048fa8b90373c8a3cfc37b684831",
  "mteb_dataset_name": "STSBenchmark",
  "mteb_version": "1.1.2.dev0",
  "test": {
    "cos_sim": {
      "pearson": 0.355169038102879,
      "spearman": 0.34316568763222965
    },
    "euclidean": {
      "pearson": 0.30998218648735115,
      "spearman": 0.3072998217469987
    },
    "evaluation_time": 84.79,
    "manhattan": {
      "pearson": 0.3266989421636611,
      "spearman": 0.325095851948149
    }
  }
}