{
  "dataset_revision": "b0fddb56ed78048fa8b90373c8a3cfc37b684831",
  "mteb_dataset_name": "STSBenchmark",
  "mteb_version": "1.1.2.dev0",
  "test": {
    "cos_sim": {
      "pearson": 0.6061652470076999,
      "spearman": 0.6229236625740051
    },
    "euclidean": {
      "pearson": 0.6245102503793265,
      "spearman": 0.6275062301559775
    },
    "evaluation_time": 0.03,
    "manhattan": {
      "pearson": 0.629260467346634,
      "spearman": 0.631849976448018
    }
  }
}