{
  "dataset_revision": "b0fddb56ed78048fa8b90373c8a3cfc37b684831",
  "mteb_dataset_name": "STSBenchmark",
  "mteb_version": "1.1.2.dev0",
  "test": {
    "cos_sim": {
      "pearson": 0.2512725718939587,
      "spearman": 0.26513782861633334
    },
    "euclidean": {
      "pearson": 0.22952891630375757,
      "spearman": 0.25513357176679835
    },
    "evaluation_time": 0.07,
    "manhattan": {
      "pearson": 0.24513157929460544,
      "spearman": 0.27361906143132525
    }
  }
}