{
  "dataset_revision": "b0fddb56ed78048fa8b90373c8a3cfc37b684831",
  "mteb_dataset_name": "STSBenchmark",
  "mteb_version": "1.1.2.dev0",
  "test": {
    "cos_sim": {
      "pearson": 0.3127264406274297,
      "spearman": 0.2774262025338179
    },
    "euclidean": {
      "pearson": 0.3074955180716377,
      "spearman": 0.27793506486837755
    },
    "evaluation_time": 0.03,
    "manhattan": {
      "pearson": 0.3109272779641926,
      "spearman": 0.2900531833275474
    }
  }
}