{
  "dataset_revision": "b0fddb56ed78048fa8b90373c8a3cfc37b684831",
  "mteb_dataset_name": "STSBenchmark",
  "mteb_version": "1.1.2.dev0",
  "test": {
    "cos_sim": {
      "pearson": 0.3790298791752398,
      "spearman": 0.4126629644319374
    },
    "euclidean": {
      "pearson": 0.2762720346654448,
      "spearman": 0.333682910578303
    },
    "evaluation_time": 0.06,
    "manhattan": {
      "pearson": 0.4441496270434719,
      "spearman": 0.4426529141043784
    }
  }
}