{
  "dataset_revision": "b0fddb56ed78048fa8b90373c8a3cfc37b684831",
  "mteb_dataset_name": "STSBenchmark",
  "mteb_version": "1.1.2.dev0",
  "test": {
    "cos_sim": {
      "pearson": 0.04910549720682072,
      "spearman": 0.07839491848696714
    },
    "euclidean": {
      "pearson": 0.04298435168573906,
      "spearman": 0.0466614055566536
    },
    "evaluation_time": 0.05,
    "manhattan": {
      "pearson": 0.0510161712176521,
      "spearman": 0.15620414292597729
    }
  }
}