{
  "dataset_revision": null,
  "mteb_dataset_name": "InstructSTSBenchmark",
  "mteb_version": "1.1.2.dev0",
  "test": {
    "cos_sim": {
      "pearson": 0.058032449850095695,
      "spearman": 0.06732000524793227
    },
    "euclidean": {
      "pearson": -0.02265897237366987,
      "spearman": -0.014217430561038583
    },
    "evaluation_time": 0.11,
    "manhattan": {
      "pearson": 0.012878171741835875,
      "spearman": 0.014548968707151033
    }
  }
}