{
  "dataset_revision": "a0d554a64d88156834ff5ae9920b964011b16384",
  "mteb_dataset_name": "STS12",
  "mteb_version": "1.1.2.dev0",
  "test": {
    "cos_sim": {
      "pearson": 0.17801871023079452,
      "spearman": 0.3163949501736667
    },
    "euclidean": {
      "pearson": 0.21547978211693844,
      "spearman": 0.35011727157868616
    },
    "evaluation_time": 0.42,
    "manhattan": {
      "pearson": 0.29682069789839605,
      "spearman": 0.385214865758289
    }
  }
}