{
  "dataset_revision": "b0fddb56ed78048fa8b90373c8a3cfc37b684831",
  "mteb_dataset_name": "STSBenchmark",
  "mteb_version": "1.1.2.dev0",
  "test": {
    "cos_sim": {
      "pearson": 0.16980457552314335,
      "spearman": 0.22512747214553677
    },
    "euclidean": {
      "pearson": 0.14556802195308,
      "spearman": 0.1776855402290693
    },
    "evaluation_time": 0.03,
    "manhattan": {
      "pearson": 0.15750562162630696,
      "spearman": 0.1956662111824338
    }
  }
}