{
  "dataset_revision": "b0fddb56ed78048fa8b90373c8a3cfc37b684831",
  "mteb_dataset_name": "STSBenchmark",
  "mteb_version": "1.1.2.dev0",
  "test": {
    "cos_sim": {
      "pearson": 0.494724401632776,
      "spearman": 0.5211593325176247
    },
    "euclidean": {
      "pearson": 0.5084699219343675,
      "spearman": 0.5232288443057259
    },
    "evaluation_time": 0.03,
    "manhattan": {
      "pearson": 0.5194212127826208,
      "spearman": 0.5326734916536559
    }
  }
}