{
  "dataset_revision": null,
  "mteb_dataset_name": "InstructSTSBenchmark",
  "mteb_version": "1.1.2.dev0",
  "test": {
    "cos_sim": {
      "pearson": -0.0074490419607103515,
      "spearman": 0.0029168981862129637
    },
    "euclidean": {
      "pearson": -0.07486476236916474,
      "spearman": -0.06884790407625775
    },
    "evaluation_time": 0.12,
    "manhattan": {
      "pearson": -0.07325500820743008,
      "spearman": -0.06678717588865726
    }
  }
}