{
  "dataset_revision": null,
  "mteb_dataset_name": "InstructSTSBenchmark",
  "mteb_version": "1.1.2.dev0",
  "test": {
    "cos_sim": {
      "pearson": 0.24138204433706784,
      "spearman": 0.23047684997326648
    },
    "euclidean": {
      "pearson": 0.25014132360486796,
      "spearman": 0.21909070051894855
    },
    "evaluation_time": 0.11,
    "manhattan": {
      "pearson": 0.2507289988570008,
      "spearman": 0.2207310856967638
    }
  }
}