{
  "dataset_revision": "a0d554a64d88156834ff5ae9920b964011b16384",
  "mteb_dataset_name": "STS12",
  "mteb_version": "1.1.2.dev0",
  "test": {
    "cos_sim": {
      "pearson": 0.31638494402567574,
      "spearman": 0.27616430932334146
    },
    "euclidean": {
      "pearson": 0.3049087753825329,
      "spearman": 0.2783236829988401
    },
    "evaluation_time": 6.69,
    "manhattan": {
      "pearson": 0.3062446278935037,
      "spearman": 0.27585384229061405
    }
  }
}