{
  "dataset_revision": "b0fddb56ed78048fa8b90373c8a3cfc37b684831",
  "mteb_dataset_name": "STSBenchmark",
  "mteb_version": "1.1.2.dev0",
  "test": {
    "cos_sim": {
      "pearson": 0.33530595251740675,
      "spearman": 0.4101791042331647
    },
    "euclidean": {
      "pearson": 0.3242073196898379,
      "spearman": 0.3965415771448766
    },
    "evaluation_time": 0.07,
    "manhattan": {
      "pearson": 0.33518717667147013,
      "spearman": 0.406366657331777
    }
  }
}