{
  "dataset_revision": "b0fddb56ed78048fa8b90373c8a3cfc37b684831",
  "mteb_dataset_name": "STSBenchmark",
  "mteb_version": "1.1.2.dev0",
  "test": {
    "cos_sim": {
      "pearson": 0.16766415317113997,
      "spearman": 0.22199445341537832
    },
    "euclidean": {
      "pearson": 0.2886390628843444,
      "spearman": 0.2916757479646569
    },
    "evaluation_time": 0.08,
    "manhattan": {
      "pearson": 0.3208540950472676,
      "spearman": 0.3217818080391918
    }
  }
}