{
  "dataset_revision": null,
  "mteb_dataset_name": "InstructSTSBenchmark",
  "mteb_version": "1.1.2.dev0",
  "test": {
    "cos_sim": {
      "pearson": 0.004502568750206459,
      "spearman": 0.010963984778690889
    },
    "euclidean": {
      "pearson": 0.006319005038157402,
      "spearman": 0.011872982225690507
    },
    "evaluation_time": 0.14,
    "manhattan": {
      "pearson": 0.014057499681935636,
      "spearman": 0.019300711890874504
    }
  }
}