{
  "dataset_revision": "a0d554a64d88156834ff5ae9920b964011b16384",
  "mteb_dataset_name": "STS12",
  "mteb_version": "1.1.2.dev0",
  "test": {
    "cos_sim": {
      "pearson": 0.5715202101436829,
      "spearman": 0.5875648727649748
    },
    "euclidean": {
      "pearson": 0.5972726527782907,
      "spearman": 0.6065998488368358
    },
    "evaluation_time": 0.34,
    "manhattan": {
      "pearson": 0.6362725032013243,
      "spearman": 0.6281530792863971
    }
  }
}