{
  "dataset_revision": "b0fddb56ed78048fa8b90373c8a3cfc37b684831",
  "mteb_dataset_name": "STSBenchmark",
  "mteb_version": "1.1.2.dev0",
  "test": {
    "cos_sim": {
      "pearson": 0.6845939986176426,
      "spearman": 0.680066288326542
    },
    "euclidean": {
      "pearson": 0.7135689182155701,
      "spearman": 0.703556505595159
    },
    "evaluation_time": 0.24,
    "manhattan": {
      "pearson": 0.7443126304150296,
      "spearman": 0.7318951618665349
    }
  }
}