{
  "dataset_revision": null,
  "mteb_dataset_name": "InstructSTSBenchmark",
  "mteb_version": "1.1.2.dev0",
  "test": {
    "cos_sim": {
      "pearson": 0.20581730020128794,
      "spearman": 0.1878486950289528
    },
    "euclidean": {
      "pearson": 0.193561058417155,
      "spearman": 0.1702972111703189
    },
    "evaluation_time": 0.11,
    "manhattan": {
      "pearson": 0.19564000482804414,
      "spearman": 0.16895284219597045
    }
  }
}