{
    "test": {
        "NYTTopicClustering": 0.023576717583508496,
        "NYTLocationClustering": 0.1492935428540555,
        "harmonic_mean": 0.04072248181358702
    }
}