{
  "dataset_revision": "a0d554a64d88156834ff5ae9920b964011b16384",
  "mteb_dataset_name": "STS12",
  "mteb_version": "1.1.2.dev0",
  "test": {
    "cos_sim": {
      "pearson": 0.17374852818076938,
      "spearman": 0.2028650139347627
    },
    "euclidean": {
      "pearson": 0.18388488090113292,
      "spearman": 0.19009027613344145
    },
    "evaluation_time": 0.4,
    "manhattan": {
      "pearson": 0.18910891816816838,
      "spearman": 0.19207925066266943
    }
  }
}