{
  "dataset_revision": "b0fddb56ed78048fa8b90373c8a3cfc37b684831",
  "mteb_dataset_name": "STSBenchmark",
  "mteb_version": "1.1.2.dev0",
  "test": {
    "cos_sim": {
      "pearson": 0.12301853090149327,
      "spearman": 0.1961777828763572
    },
    "euclidean": {
      "pearson": 0.19451481051230343,
      "spearman": 0.21852617937767044
    },
    "evaluation_time": 0.12,
    "manhattan": {
      "pearson": 0.28409298294019675,
      "spearman": 0.289907358671805
    }
  }
}