{
  "dataset_revision": "b0fddb56ed78048fa8b90373c8a3cfc37b684831",
  "mteb_dataset_name": "STSBenchmark",
  "mteb_version": "1.1.2.dev0",
  "test": {
    "cos_sim": {
      "pearson": 0.3139835120638385,
      "spearman": 0.33211227540238963
    },
    "euclidean": {
      "pearson": 0.3423878417254956,
      "spearman": 0.34692755554626525
    },
    "evaluation_time": 0.04,
    "manhattan": {
      "pearson": 0.3483248015757791,
      "spearman": 0.35068703423839376
    }
  }
}