{
  "dataset_revision": "b0fddb56ed78048fa8b90373c8a3cfc37b684831",
  "mteb_dataset_name": "STSBenchmark",
  "mteb_version": "1.1.2.dev0",
  "test": {
    "cos_sim": {
      "pearson": 0.21502038834646015,
      "spearman": 0.2281354421202965
    },
    "euclidean": {
      "pearson": 0.23852225123886145,
      "spearman": 0.24072836862733085
    },
    "evaluation_time": 0.03,
    "manhattan": {
      "pearson": 0.25102331438502845,
      "spearman": 0.25291457631296177
    }
  }
}