{
  "dataset_revision": "b0fddb56ed78048fa8b90373c8a3cfc37b684831",
  "mteb_dataset_name": "STSBenchmark",
  "mteb_version": "1.1.2.dev0",
  "test": {
    "cos_sim": {
      "pearson": 0.5639541370845875,
      "spearman": 0.5663161846142164
    },
    "euclidean": {
      "pearson": 0.5902058123855164,
      "spearman": 0.5935636774622199
    },
    "evaluation_time": 0.05,
    "manhattan": {
      "pearson": 0.595723488169446,
      "spearman": 0.5990065548483451
    }
  }
}