{
  "dataset_revision": null,
  "mteb_dataset_name": "InstructSTSBenchmark",
  "mteb_version": "1.1.2.dev0",
  "test": {
    "cos_sim": {
      "pearson": 0.007800946768422055,
      "spearman": 0.0029638053129432784
    },
    "euclidean": {
      "pearson": -0.00042877112547023234,
      "spearman": -0.014530296913762793
    },
    "evaluation_time": 0.12,
    "manhattan": {
      "pearson": 0.0014888528633179947,
      "spearman": -0.008226062593736766
    }
  }
}