{
  "dataset_revision": "a0d554a64d88156834ff5ae9920b964011b16384",
  "mteb_dataset_name": "STS12",
  "mteb_version": "1.1.2.dev0",
  "test": {
    "cos_sim": {
      "pearson": 0.04314926530140977,
      "spearman": -0.008156301068156823
    },
    "euclidean": {
      "pearson": 0.06703231692455203,
      "spearman": 0.02491645622462472
    },
    "evaluation_time": 0.35,
    "manhattan": {
      "pearson": 0.06368003377371094,
      "spearman": 0.017335788760565546
    }
  }
}