{
  "dataset_revision": "b0fddb56ed78048fa8b90373c8a3cfc37b684831",
  "mteb_dataset_name": "STSBenchmark",
  "mteb_version": "1.1.2.dev0",
  "test": {
    "cos_sim": {
      "pearson": 0.06814468165152865,
      "spearman": 0.01089122039442873
    },
    "euclidean": {
      "pearson": 0.07622145126317907,
      "spearman": 0.020813603325694947
    },
    "evaluation_time": 0.06,
    "manhattan": {
      "pearson": 0.08002869997112126,
      "spearman": 0.026042688201760967
    }
  }
}