{
  "dataset_revision": null,
  "mteb_dataset_name": "InstructSTSBenchmark",
  "mteb_version": "1.1.2.dev0",
  "test": {
    "cos_sim": {
      "pearson": 0.09272161538927234,
      "spearman": 0.09198134486436936
    },
    "euclidean": {
      "pearson": 0.08821319779309503,
      "spearman": 0.09198134486436936
    },
    "evaluation_time": 0.06,
    "manhattan": {
      "pearson": 0.08831649267539858,
      "spearman": 0.09170582204427258
    }
  }
}