{
    "dataset_revision": null,
    "mteb_dataset_name": "IntentEmotion",
    "mteb_version": "1.1.2.dev0",
    "test": {
        "Emotion_success_rate": 0.9775974025974026,
        "Intent_success_rate": 0.022564935064935066,
        "evaluation_time": 0.65,
        "harmonic_mean": 0.04411170194895593
    }
}