{
  "dataset_revision": "b0fddb56ed78048fa8b90373c8a3cfc37b684831",
  "mteb_dataset_name": "STSBenchmark",
  "mteb_version": "1.1.2.dev0",
  "test": {
    "cos_sim": {
      "pearson": 0.15216434824786473,
      "spearman": 0.23943217249745377
    },
    "euclidean": {
      "pearson": 0.0755723765296673,
      "spearman": 0.10256502679029843
    },
    "evaluation_time": 0.09,
    "manhattan": {
      "pearson": 0.3168095638194253,
      "spearman": 0.3286850573575756
    }
  }
}