{
  "dataset_revision": "a0d554a64d88156834ff5ae9920b964011b16384",
  "mteb_dataset_name": "STS12",
  "mteb_version": "1.1.2.dev0",
  "test": {
    "cos_sim": {
      "pearson": 0.07789534187221718,
      "spearman": 0.1800594957878256
    },
    "euclidean": {
      "pearson": 0.09983366741866478,
      "spearman": 0.18200853462650654
    },
    "evaluation_time": 0.38,
    "manhattan": {
      "pearson": 0.09758528187526593,
      "spearman": 0.17916645658189326
    }
  }
}