{
  "dataset_revision": "b0fddb56ed78048fa8b90373c8a3cfc37b684831",
  "mteb_dataset_name": "STSBenchmark",
  "mteb_version": "1.1.2.dev0",
  "test": {
    "cos_sim": {
      "pearson": -0.003963157599781975,
      "spearman": 0.002060529482447088
    },
    "euclidean": {
      "pearson": -0.003172713966343503,
      "spearman": 0.002060529482447088
    },
    "evaluation_time": 32.62,
    "manhattan": {
      "pearson": 0.05711650831636915,
      "spearman": 0.05572849260032524
    }
  }
}