{
  "dataset_revision": "b0fddb56ed78048fa8b90373c8a3cfc37b684831",
  "mteb_dataset_name": "STSBenchmark",
  "mteb_version": "1.1.2.dev0",
  "test": {
    "cos_sim": {
      "pearson": 0.6059794292656225,
      "spearman": 0.6325307125222396
    },
    "euclidean": {
      "pearson": 0.6344708634871313,
      "spearman": 0.6321568521451941
    },
    "evaluation_time": 0.03,
    "manhattan": {
      "pearson": 0.6337379661637401,
      "spearman": 0.6316790203529168
    }
  }
}