{
  "dataset_revision": "b0fddb56ed78048fa8b90373c8a3cfc37b684831",
  "mteb_dataset_name": "STSBenchmark",
  "mteb_version": "1.1.2.dev0",
  "test": {
    "cos_sim": {
      "pearson": 0.025732873959053548,
      "spearman": 0.03026989666022733
    },
    "euclidean": {
      "pearson": 0.024346278284794395,
      "spearman": 0.03026989666022733
    },
    "evaluation_time": 29.71,
    "manhattan": {
      "pearson": 0.014640616755142083,
      "spearman": 0.017307090632716036
    }
  }
}