{
  "dataset_revision": "b0fddb56ed78048fa8b90373c8a3cfc37b684831",
  "mteb_dataset_name": "STSBenchmark",
  "mteb_version": "1.1.2.dev0",
  "test": {
    "cos_sim": {
      "pearson": 0.06292990473947625,
      "spearman": 0.14796917557384184
    },
    "euclidean": {
      "pearson": 0.09426064380509508,
      "spearman": 0.1552374596770886
    },
    "evaluation_time": 0.03,
    "manhattan": {
      "pearson": 0.1705863170522247,
      "spearman": 0.2055276496276637
    }
  }
}