{
  "dataset_revision": "b0fddb56ed78048fa8b90373c8a3cfc37b684831",
  "mteb_dataset_name": "STSBenchmark",
  "mteb_version": "1.1.2.dev0",
  "test": {
    "cos_sim": {
      "pearson": 0.17132341048669625,
      "spearman": 0.14903159749286435
    },
    "euclidean": {
      "pearson": 0.22131819154697802,
      "spearman": 0.18370653307410292
    },
    "evaluation_time": 0.06,
    "manhattan": {
      "pearson": 0.231904081987402,
      "spearman": 0.19410278025356728
    }
  }
}