{
  "dataset_revision": "b0fddb56ed78048fa8b90373c8a3cfc37b684831",
  "mteb_dataset_name": "STSBenchmark",
  "mteb_version": "1.1.2.dev0",
  "test": {
    "cos_sim": {
      "pearson": 0.2876330297283843,
      "spearman": 0.36166656328543706
    },
    "euclidean": {
      "pearson": 0.220523805767398,
      "spearman": 0.351186237661784
    },
    "evaluation_time": 0.05,
    "manhattan": {
      "pearson": 0.3246533379167001,
      "spearman": 0.35202428217010845
    }
  }
}