{
  "dataset_revision": "b0fddb56ed78048fa8b90373c8a3cfc37b684831",
  "mteb_dataset_name": "STSBenchmark",
  "mteb_version": "1.1.2.dev0",
  "test": {
    "cos_sim": {
      "pearson": 0.355921364884394,
      "spearman": 0.37234512468034087
    },
    "euclidean": {
      "pearson": 0.38206920041269365,
      "spearman": 0.3861051711707556
    },
    "evaluation_time": 0.03,
    "manhattan": {
      "pearson": 0.38836033916052276,
      "spearman": 0.3912972083413925
    }
  }
}