{
  "dataset_revision": "b0fddb56ed78048fa8b90373c8a3cfc37b684831",
  "mteb_dataset_name": "STSBenchmark",
  "mteb_version": "1.1.2.dev0",
  "test": {
    "cos_sim": {
      "pearson": 0.1259481256064717,
      "spearman": 0.18465567677855604
    },
    "euclidean": {
      "pearson": 0.11949922007913999,
      "spearman": 0.13866952778804925
    },
    "evaluation_time": 0.07,
    "manhattan": {
      "pearson": 0.3220998687383119,
      "spearman": 0.32764416122772794
    }
  }
}