{
  "dataset_revision": "b0fddb56ed78048fa8b90373c8a3cfc37b684831",
  "mteb_dataset_name": "STSBenchmark",
  "mteb_version": "1.1.2.dev0",
  "test": {
    "cos_sim": {
      "pearson": 0.1804935369572479,
      "spearman": 0.22397912133997266
    },
    "euclidean": {
      "pearson": 0.18136112847781827,
      "spearman": 0.19774531333577872
    },
    "evaluation_time": 0.07,
    "manhattan": {
      "pearson": 0.4136173886067381,
      "spearman": 0.399776468248285
    }
  }
}