{
  "dataset_revision": "b0fddb56ed78048fa8b90373c8a3cfc37b684831",
  "mteb_dataset_name": "STSBenchmark",
  "mteb_version": "1.1.2.dev0",
  "test": {
    "cos_sim": {
      "pearson": 0.30386608482757993,
      "spearman": 0.2570097244426378
    },
    "euclidean": {
      "pearson": 0.29785111526735775,
      "spearman": 0.25723160599054207
    },
    "evaluation_time": 0.03,
    "manhattan": {
      "pearson": 0.3010855499997668,
      "spearman": 0.2705669823230327
    }
  }
}