{
  "dataset_revision": "b0fddb56ed78048fa8b90373c8a3cfc37b684831",
  "mteb_dataset_name": "STSBenchmark",
  "mteb_version": "1.1.2.dev0",
  "test": {
    "cos_sim": {
      "pearson": 0.3380636409604268,
      "spearman": 0.3773179499982204
    },
    "euclidean": {
      "pearson": 0.3537628982999107,
      "spearman": 0.3731532666433094
    },
    "evaluation_time": 0.03,
    "manhattan": {
      "pearson": 0.35558311881560445,
      "spearman": 0.37387567812571104
    }
  }
}