{
  "dataset_revision": "b0fddb56ed78048fa8b90373c8a3cfc37b684831",
  "mteb_dataset_name": "STSBenchmark",
  "mteb_version": "1.1.2.dev0",
  "test": {
    "cos_sim": {
      "pearson": 0.12120681144566232,
      "spearman": 0.20647229001364528
    },
    "euclidean": {
      "pearson": 0.09355115293688139,
      "spearman": 0.12702843267055441
    },
    "evaluation_time": 0.08,
    "manhattan": {
      "pearson": 0.29164050655209955,
      "spearman": 0.30048946880104144
    }
  }
}