{
  "dataset_revision": "b0fddb56ed78048fa8b90373c8a3cfc37b684831",
  "mteb_dataset_name": "STSBenchmark",
  "mteb_version": "1.1.2.dev0",
  "test": {
    "cos_sim": {
      "pearson": 0.1763483222612716,
      "spearman": 0.2485037718597217
    },
    "euclidean": {
      "pearson": 0.1704021168286406,
      "spearman": 0.24786588610573235
    },
    "evaluation_time": 0.05,
    "manhattan": {
      "pearson": 0.2619184157228768,
      "spearman": 0.26982391942250933
    }
  }
}