{
  "dataset_revision": "b0fddb56ed78048fa8b90373c8a3cfc37b684831",
  "mteb_dataset_name": "STSBenchmark",
  "mteb_version": "1.1.2.dev0",
  "test": {
    "cos_sim": {
      "pearson": 0.05793410390552062,
      "spearman": 0.1384039770508786
    },
    "euclidean": {
      "pearson": 0.07199140740509616,
      "spearman": 0.09050126013695026
    },
    "evaluation_time": 0.04,
    "manhattan": {
      "pearson": 0.09084804264327621,
      "spearman": 0.13635928772775843
    }
  }
}