{
  "dataset_revision": "b0fddb56ed78048fa8b90373c8a3cfc37b684831",
  "mteb_dataset_name": "STSBenchmark",
  "mteb_version": "1.1.2.dev0",
  "test": {
    "cos_sim": {
      "pearson": 0.18993552666561925,
      "spearman": 0.26910983310274533
    },
    "euclidean": {
      "pearson": 0.2481658662181915,
      "spearman": 0.2745443249309533
    },
    "evaluation_time": 0.22,
    "manhattan": {
      "pearson": 0.25111245729486276,
      "spearman": 0.27882053864039064
    }
  }
}