{
  "dataset_revision": null,
  "mteb_dataset_name": "InstructSTSBenchmark",
  "mteb_version": "1.1.2.dev0",
  "test": {
    "cos_sim": {
      "pearson": -0.007431035286589061,
      "spearman": 0.002067563784049461
    },
    "euclidean": {
      "pearson": -0.1106311475109427,
      "spearman": -0.09844542572249806
    },
    "evaluation_time": 0.12,
    "manhattan": {
      "pearson": -0.1127439720834782,
      "spearman": -0.10462943193578554
    }
  }
}