{
  "dataset_revision": "b0fddb56ed78048fa8b90373c8a3cfc37b684831",
  "mteb_dataset_name": "STSBenchmark",
  "mteb_version": "1.1.2.dev0",
  "test": {
    "cos_sim": {
      "pearson": 0.4749599574307828,
      "spearman": 0.5093130608586378
    },
    "euclidean": {
      "pearson": 0.08160454608165595,
      "spearman": 0.09721142179946957
    },
    "evaluation_time": 0.06,
    "manhattan": {
      "pearson": 0.427460751641074,
      "spearman": 0.46026216167248496
    }
  }
}