{
  "dataset_revision": "b0fddb56ed78048fa8b90373c8a3cfc37b684831",
  "mteb_dataset_name": "STSBenchmark",
  "mteb_version": "1.1.2.dev0",
  "test": {
    "cos_sim": {
      "pearson": 0.1901334995476593,
      "spearman": 0.25928726689740156
    },
    "euclidean": {
      "pearson": 0.2880222049892322,
      "spearman": 0.3026834164266335
    },
    "evaluation_time": 0.08,
    "manhattan": {
      "pearson": 0.3326518027274664,
      "spearman": 0.34174874879968
    }
  }
}