{
  "dataset_revision": null,
  "mteb_dataset_name": "InstructSTSBenchmark",
  "mteb_version": "1.1.2.dev0",
  "test": {
    "cos_sim": {
      "pearson": 0.2272471563017254,
      "spearman": 0.2143890523857546
    },
    "euclidean": {
      "pearson": 0.21551885126841336,
      "spearman": 0.16048768958919915
    },
    "evaluation_time": 0.11,
    "manhattan": {
      "pearson": 0.2151874622648849,
      "spearman": 0.16032283131128838
    }
  }
}