{
  "dataset_revision": "b0fddb56ed78048fa8b90373c8a3cfc37b684831",
  "mteb_dataset_name": "STSBenchmark",
  "mteb_version": "1.1.2.dev0",
  "test": {
    "cos_sim": {
      "pearson": 0.4877752564855091,
      "spearman": 0.4920121920166363
    },
    "euclidean": {
      "pearson": 0.5127851762736542,
      "spearman": 0.5167974292774177
    },
    "evaluation_time": 0.04,
    "manhattan": {
      "pearson": 0.5145309557448645,
      "spearman": 0.5177736010845035
    }
  }
}