{
  "dataset_revision": "b0fddb56ed78048fa8b90373c8a3cfc37b684831",
  "mteb_dataset_name": "STSBenchmark",
  "mteb_version": "1.1.2.dev0",
  "test": {
    "cos_sim": {
      "pearson": 0.3334087749936524,
      "spearman": 0.35540719591800407
    },
    "euclidean": {
      "pearson": 0.36605542986680406,
      "spearman": 0.3685962112179479
    },
    "evaluation_time": 0.03,
    "manhattan": {
      "pearson": 0.3788639357564721,
      "spearman": 0.3793481790442206
    }
  }
}