{
  "dataset_revision": null,
  "mteb_dataset_name": "InstructSTSBenchmark",
  "mteb_version": "1.1.2.dev0",
  "test": {
    "cos_sim": {
      "pearson": -0.0514252124580146,
      "spearman": -0.04990150082943512
    },
    "euclidean": {
      "pearson": -0.05642999151292178,
      "spearman": -0.051276837624242344
    },
    "evaluation_time": 0.04,
    "manhattan": {
      "pearson": -0.05515967139562674,
      "spearman": -0.05013922458294072
    }
  }
}