{
  "dataset_revision": "a0d554a64d88156834ff5ae9920b964011b16384",
  "mteb_dataset_name": "STS12",
  "mteb_version": "1.1.2.dev0",
  "test": {
    "cos_sim": {
      "pearson": 0.68005202756138,
      "spearman": 0.610889971971779
    },
    "euclidean": {
      "pearson": 0.6634864318607651,
      "spearman": 0.6200577266590092
    },
    "evaluation_time": 0.05,
    "manhattan": {
      "pearson": 0.6652030788944107,
      "spearman": 0.621685526218532
    }
  }
}