{
  "dataset_revision": "b0fddb56ed78048fa8b90373c8a3cfc37b684831",
  "mteb_dataset_name": "STSBenchmark",
  "mteb_version": "1.1.2.dev0",
  "test": {
    "cos_sim": {
      "pearson": 0.4013506632138181,
      "spearman": 0.4054868100515205
    },
    "euclidean": {
      "pearson": 0.4070589846787179,
      "spearman": 0.4149269348169626
    },
    "evaluation_time": 0.03,
    "manhattan": {
      "pearson": 0.412330255788404,
      "spearman": 0.4194880219015413
    }
  }
}