{
  "dataset_revision": "b0fddb56ed78048fa8b90373c8a3cfc37b684831",
  "mteb_dataset_name": "STSBenchmark",
  "mteb_version": "1.1.2.dev0",
  "test": {
    "cos_sim": {
      "pearson": 0.23170661537610635,
      "spearman": 0.2722825392237367
    },
    "euclidean": {
      "pearson": 0.3039912147588217,
      "spearman": 0.31471854226453144
    },
    "evaluation_time": 0.03,
    "manhattan": {
      "pearson": 0.31521373689574433,
      "spearman": 0.3258535910193313
    }
  }
}