{
  "dataset_revision": "b0fddb56ed78048fa8b90373c8a3cfc37b684831",
  "mteb_dataset_name": "STSBenchmark",
  "mteb_version": "1.1.2.dev0",
  "test": {
    "cos_sim": {
      "pearson": 0.06028624874101335,
      "spearman": 0.1460462647116666
    },
    "euclidean": {
      "pearson": 0.09408423818312017,
      "spearman": 0.1530636692047115
    },
    "evaluation_time": 0.03,
    "manhattan": {
      "pearson": 0.16911071103667422,
      "spearman": 0.20813944871370282
    }
  }
}