{
  "dataset_revision": "b0fddb56ed78048fa8b90373c8a3cfc37b684831",
  "mteb_dataset_name": "STSBenchmark",
  "mteb_version": "1.1.2.dev0",
  "test": {
    "cos_sim": {
      "pearson": 0.1675274309483594,
      "spearman": 0.37495312315798435
    },
    "euclidean": {
      "pearson": 0.22903634674638268,
      "spearman": 0.4021138293209298
    },
    "evaluation_time": 0.03,
    "manhattan": {
      "pearson": 0.23436966142068338,
      "spearman": 0.4128067264675243
    }
  }
}