{
  "dataset_revision": null,
  "mteb_dataset_name": "InstructSTSBenchmark",
  "mteb_version": "1.1.2.dev0",
  "test": {
    "cos_sim": {
      "pearson": -0.0007986156822301808,
      "spearman": 0.01385310955609044
    },
    "euclidean": {
      "pearson": -0.1303573080252597,
      "spearman": -0.11156213144143412
    },
    "evaluation_time": 0.13,
    "manhattan": {
      "pearson": -0.11550248876600866,
      "spearman": -0.10349865005260835
    }
  }
}