{
  "dataset_revision": "b0fddb56ed78048fa8b90373c8a3cfc37b684831",
  "mteb_dataset_name": "STSBenchmark",
  "mteb_version": "1.1.2.dev0",
  "test": {
    "cos_sim": {
      "pearson": 0.2511797130808808,
      "spearman": 0.30609890983536503
    },
    "euclidean": {
      "pearson": 0.3066480481872194,
      "spearman": 0.3182738315300108
    },
    "evaluation_time": 0.03,
    "manhattan": {
      "pearson": 0.3083922210542956,
      "spearman": 0.319935019078457
    }
  }
}