{
  "dataset_revision": "b0fddb56ed78048fa8b90373c8a3cfc37b684831",
  "mteb_dataset_name": "STSBenchmark",
  "mteb_version": "1.1.2.dev0",
  "test": {
    "cos_sim": {
      "pearson": 0.5139218263830677,
      "spearman": 0.5504598108051522
    },
    "euclidean": {
      "pearson": 0.5745901919974037,
      "spearman": 0.5768626916213248
    },
    "evaluation_time": 0.07,
    "manhattan": {
      "pearson": 0.588464346336931,
      "spearman": 0.5886220152904144
    }
  }
}