{
  "dataset_revision": null,
  "mteb_dataset_name": "InstructSTSBenchmark",
  "mteb_version": "1.1.2.dev0",
  "test": {
    "cos_sim": {
      "pearson": 0.2859303738970191,
      "spearman": 0.26743333451976725
    },
    "euclidean": {
      "pearson": 0.2834627469366056,
      "spearman": 0.2517535838762338
    },
    "evaluation_time": 0.11,
    "manhattan": {
      "pearson": 0.28463129890989053,
      "spearman": 0.25426152423590076
    }
  }
}