{
  "dataset_revision": "b0fddb56ed78048fa8b90373c8a3cfc37b684831",
  "mteb_dataset_name": "STSBenchmark",
  "mteb_version": "1.1.2.dev0",
  "test": {
    "cos_sim": {
      "pearson": 0.2864323951558707,
      "spearman": 0.26442160060771797
    },
    "euclidean": {
      "pearson": 0.29070245630171143,
      "spearman": 0.26447567065553756
    },
    "evaluation_time": 0.03,
    "manhattan": {
      "pearson": 0.29113603737929444,
      "spearman": 0.266814335375945
    }
  }
}