{
  "dataset_revision": "b0fddb56ed78048fa8b90373c8a3cfc37b684831",
  "mteb_dataset_name": "STSBenchmark",
  "mteb_version": "1.1.2.dev0",
  "test": {
    "cos_sim": {
      "pearson": 0.6047516097019578,
      "spearman": 0.62361296235387
    },
    "euclidean": {
      "pearson": 0.6161987156629707,
      "spearman": 0.6247241951667377
    },
    "evaluation_time": 0.04,
    "manhattan": {
      "pearson": 0.6243401300578273,
      "spearman": 0.6314810391191863
    }
  }
}