{
  "dataset_revision": "b0fddb56ed78048fa8b90373c8a3cfc37b684831",
  "mteb_dataset_name": "STSBenchmark",
  "mteb_version": "1.1.2.dev0",
  "test": {
    "cos_sim": {
      "pearson": 0.38413181748816233,
      "spearman": 0.4138419500362279
    },
    "euclidean": {
      "pearson": 0.4715107273278562,
      "spearman": 0.46136422029841134
    },
    "evaluation_time": 0.07,
    "manhattan": {
      "pearson": 0.49489261353877906,
      "spearman": 0.4820196222092613
    }
  }
}