{
  "dataset_revision": "a0d554a64d88156834ff5ae9920b964011b16384",
  "mteb_dataset_name": "STS12",
  "mteb_version": "1.1.2.dev0",
  "test": {
    "cos_sim": {
      "pearson": 0.3145276557063382,
      "spearman": 0.4111203279534072
    },
    "euclidean": {
      "pearson": 0.4613443549198916,
      "spearman": 0.470192540173455
    },
    "evaluation_time": 184.16,
    "manhattan": {
      "pearson": 0.5943346322667513,
      "spearman": 0.5638176828146668
    }
  }
}