{
  "dataset_revision": "b0fddb56ed78048fa8b90373c8a3cfc37b684831",
  "mteb_dataset_name": "STSBenchmark",
  "mteb_version": "1.1.2.dev0",
  "test": {
    "cos_sim": {
      "pearson": 0.42148366208869387,
      "spearman": 0.54974112288156
    },
    "euclidean": {
      "pearson": 0.5257718513981796,
      "spearman": 0.5611334276294135
    },
    "evaluation_time": 82.13,
    "manhattan": {
      "pearson": 0.6670560468196793,
      "spearman": 0.6757706222720256
    }
  }
}