{
  "dataset_revision": "b0fddb56ed78048fa8b90373c8a3cfc37b684831",
  "mteb_dataset_name": "STSBenchmark",
  "mteb_version": "1.1.2.dev0",
  "test": {
    "cos_sim": {
      "pearson": 0.22936212068227865,
      "spearman": 0.1870543305343986
    },
    "euclidean": {
      "pearson": 0.2045314653871684,
      "spearman": 0.19996718294460927
    },
    "evaluation_time": 0.04,
    "manhattan": {
      "pearson": 0.246936924695075,
      "spearman": 0.20195249335106985
    }
  }
}