{
  "dataset_revision": null,
  "mteb_dataset_name": "InstructSTSBenchmark",
  "mteb_version": "1.1.2.dev0",
  "test": {
    "cos_sim": {
      "pearson": 0.09639154338977546,
      "spearman": 0.13262254594368322
    },
    "euclidean": {
      "pearson": 0.06708916485633656,
      "spearman": 0.08563202281628103
    },
    "evaluation_time": 0.12,
    "manhattan": {
      "pearson": 0.08518599227383458,
      "spearman": 0.10085545305832706
    }
  }
}