{
    "test": {
        "NYTTopicClustering": 0.29106548091397727,
        "NYTLocationClustering": 0.284881909669344,
        "harmonic_mean": 0.2879405108084189
    }
}