{
  "dataset_revision": "b0fddb56ed78048fa8b90373c8a3cfc37b684831",
  "mteb_dataset_name": "STSBenchmark",
  "mteb_version": "1.1.2.dev0",
  "test": {
    "cos_sim": {
      "pearson": 0.11446275905542293,
      "spearman": 0.1993447691536439
    },
    "euclidean": {
      "pearson": 0.10740774224826237,
      "spearman": 0.14676969384329447
    },
    "evaluation_time": 0.06,
    "manhattan": {
      "pearson": 0.27461627177120884,
      "spearman": 0.28409816152220496
    }
  }
}