{
  "dataset_revision": "b0fddb56ed78048fa8b90373c8a3cfc37b684831",
  "mteb_dataset_name": "STSBenchmark",
  "mteb_version": "1.1.2.dev0",
  "test": {
    "cos_sim": {
      "pearson": 0.15977571888918157,
      "spearman": 0.14027820562633395
    },
    "euclidean": {
      "pearson": 0.19837915835180409,
      "spearman": 0.1565712469012615
    },
    "evaluation_time": 0.07,
    "manhattan": {
      "pearson": 0.20717338442896616,
      "spearman": 0.1654665440090502
    }
  }
}