{
  "dataset_revision": null,
  "mteb_dataset_name": "InstructSTSBenchmark",
  "mteb_version": "1.1.2.dev0",
  "test": {
    "cos_sim": {
      "pearson": -0.152560874515025,
      "spearman": -0.13273321148799563
    },
    "euclidean": {
      "pearson": -0.16795279150402218,
      "spearman": -0.1516855339197524
    },
    "evaluation_time": 0.12,
    "manhattan": {
      "pearson": -0.1686831944202967,
      "spearman": -0.15242967311490327
    }
  }
}