{
    "test": {
        "NYTTopicClustering": 0.10770783122503105,
        "NYTLocationClustering": 0.057372483270475824,
        "harmonic_mean": 0.07486618457304815
    }
}