{
  "dataset_revision": "b0fddb56ed78048fa8b90373c8a3cfc37b684831",
  "mteb_dataset_name": "STSBenchmark",
  "mteb_version": "1.1.2.dev0",
  "test": {
    "cos_sim": {
      "pearson": 0.2625449626521701,
      "spearman": 0.350151877918294
    },
    "euclidean": {
      "pearson": 0.303183732865295,
      "spearman": 0.34876075786236765
    },
    "evaluation_time": 0.06,
    "manhattan": {
      "pearson": 0.31474144005888904,
      "spearman": 0.35520845070738905
    }
  }
}