{
  "dataset_revision": null,
  "mteb_dataset_name": "InstructSTSBenchmark",
  "mteb_version": "1.1.2.dev0",
  "test": {
    "cos_sim": {
      "pearson": -0.07923437839186816,
      "spearman": -0.0821709102924461
    },
    "euclidean": {
      "pearson": -0.09989987190915035,
      "spearman": -0.09178369493873999
    },
    "evaluation_time": 0.1,
    "manhattan": {
      "pearson": -0.09963699144141501,
      "spearman": -0.09146126498147755
    }
  }
}