{
  "dataset_revision": "b0fddb56ed78048fa8b90373c8a3cfc37b684831",
  "mteb_dataset_name": "STSBenchmark",
  "mteb_version": "1.1.2.dev0",
  "test": {
    "cos_sim": {
      "pearson": 0.5789054822942913,
      "spearman": 0.5818234308446117
    },
    "euclidean": {
      "pearson": 0.6282408503466316,
      "spearman": 0.6159350795725135
    },
    "evaluation_time": 0.04,
    "manhattan": {
      "pearson": 0.6356985706949586,
      "spearman": 0.6230526326038461
    }
  }
}