{
  "dataset_revision": "b0fddb56ed78048fa8b90373c8a3cfc37b684831",
  "mteb_dataset_name": "STSBenchmark",
  "mteb_version": "1.1.2.dev0",
  "test": {
    "cos_sim": {
      "pearson": 0.47252047704429156,
      "spearman": 0.4660764565785147
    },
    "euclidean": {
      "pearson": 0.44900712067020687,
      "spearman": 0.4644020725155209
    },
    "evaluation_time": 0.03,
    "manhattan": {
      "pearson": 0.4483696164475852,
      "spearman": 0.462998256765601
    }
  }
}