{
  "dataset_revision": null,
  "mteb_dataset_name": "InstructSTSBenchmark",
  "mteb_version": "1.1.2.dev0",
  "test": {
    "cos_sim": {
      "pearson": 0.16529621003920347,
      "spearman": 0.2548007301564094
    },
    "euclidean": {
      "pearson": 0.24285667264400695,
      "spearman": 0.3247621095844965
    },
    "evaluation_time": 0.07,
    "manhattan": {
      "pearson": 0.32063009486678506,
      "spearman": 0.34695968153930595
    }
  }
}