{
  "dataset_revision": "b0fddb56ed78048fa8b90373c8a3cfc37b684831",
  "mteb_dataset_name": "STSBenchmark",
  "mteb_version": "1.1.2.dev0",
  "test": {
    "cos_sim": {
      "pearson": 0.519298251123263,
      "spearman": 0.5606403751782335
    },
    "euclidean": {
      "pearson": 0.5888663205409576,
      "spearman": 0.5912312043383251
    },
    "evaluation_time": 0.07,
    "manhattan": {
      "pearson": 0.607937045076254,
      "spearman": 0.6082203413548076
    }
  }
}