{
  "dataset_revision": "b0fddb56ed78048fa8b90373c8a3cfc37b684831",
  "mteb_dataset_name": "STSBenchmark",
  "mteb_version": "1.1.2.dev0",
  "test": {
    "cos_sim": {
      "pearson": 0.22300723196048186,
      "spearman": 0.4248768546109504
    },
    "euclidean": {
      "pearson": 0.3430390400062044,
      "spearman": 0.4566194132630204
    },
    "evaluation_time": 0.07,
    "manhattan": {
      "pearson": 0.3607319567078064,
      "spearman": 0.4636670857122737
    }
  }
}