{
  "dataset_revision": "a0d554a64d88156834ff5ae9920b964011b16384",
  "mteb_dataset_name": "STS12",
  "mteb_version": "1.1.2.dev0",
  "test": {
    "cos_sim": {
      "pearson": 0.10753821634823825,
      "spearman": 0.24337912608054604
    },
    "euclidean": {
      "pearson": 0.14786376767761933,
      "spearman": 0.247868364618271
    },
    "evaluation_time": 0.36,
    "manhattan": {
      "pearson": 0.1389953362082421,
      "spearman": 0.23795846242043364
    }
  }
}