{
  "dataset_revision": "b0fddb56ed78048fa8b90373c8a3cfc37b684831",
  "mteb_dataset_name": "STSBenchmark",
  "mteb_version": "1.1.2.dev0",
  "test": {
    "cos_sim": {
      "pearson": 0.08579911518095645,
      "spearman": 0.1592291399410061
    },
    "euclidean": {
      "pearson": 0.13233961665149513,
      "spearman": 0.15996032070142266
    },
    "evaluation_time": 0.06,
    "manhattan": {
      "pearson": 0.13170661130310649,
      "spearman": 0.165363163253378
    }
  }
}