{
  "dataset_revision": "b0fddb56ed78048fa8b90373c8a3cfc37b684831",
  "mteb_dataset_name": "STSBenchmark",
  "mteb_version": "1.1.2.dev0",
  "test": {
    "cos_sim": {
      "pearson": 0.10234080002220201,
      "spearman": 0.1886023778323374
    },
    "euclidean": {
      "pearson": 0.09445215969358865,
      "spearman": 0.12691887233145277
    },
    "evaluation_time": 0.07,
    "manhattan": {
      "pearson": 0.26958389098178875,
      "spearman": 0.2795660153368024
    }
  }
}