{
  "dataset_revision": null,
  "mteb_dataset_name": "InstructSTSBenchmark",
  "mteb_version": "1.1.2.dev0",
  "test": {
    "cos_sim": {
      "pearson": 0.16668190437448374,
      "spearman": 0.16956764508058106
    },
    "euclidean": {
      "pearson": 0.1431368543414225,
      "spearman": 0.13809155902669645
    },
    "evaluation_time": 0.07,
    "manhattan": {
      "pearson": 0.1424827831704312,
      "spearman": 0.13710787441131955
    }
  }
}