{
  "dataset_revision": "b0fddb56ed78048fa8b90373c8a3cfc37b684831",
  "mteb_dataset_name": "STSBenchmark",
  "mteb_version": "1.1.2.dev0",
  "test": {
    "cos_sim": {
      "pearson": 0.2085881481939479,
      "spearman": 0.13811829231069475
    },
    "euclidean": {
      "pearson": 0.2218539152283347,
      "spearman": 0.15381191519930176
    },
    "evaluation_time": 0.07,
    "manhattan": {
      "pearson": 0.2233298193287339,
      "spearman": 0.1674114576438477
    }
  }
}