{
  "dataset_revision": null,
  "mteb_dataset_name": "InstructSTSBenchmark",
  "mteb_version": "1.1.2.dev0",
  "test": {
    "cos_sim": {
      "pearson": -0.10312822045357666,
      "spearman": -0.10328051251418037
    },
    "euclidean": {
      "pearson": -0.10298711465758757,
      "spearman": -0.10027981539451392
    },
    "evaluation_time": 0.12,
    "manhattan": {
      "pearson": -0.10139710855695612,
      "spearman": -0.09922326526626105
    }
  }
}