{
  "dataset_revision": "b0fddb56ed78048fa8b90373c8a3cfc37b684831",
  "mteb_dataset_name": "STSBenchmark",
  "mteb_version": "1.1.2.dev0",
  "test": {
    "cos_sim": {
      "pearson": 0.2893881406411661,
      "spearman": 0.30658098174196696
    },
    "euclidean": {
      "pearson": 0.2991252083680099,
      "spearman": 0.289679352308065
    },
    "evaluation_time": 0.06,
    "manhattan": {
      "pearson": 0.30114124530969116,
      "spearman": 0.29018833783065706
    }
  }
}