{
  "dataset_revision": "b0fddb56ed78048fa8b90373c8a3cfc37b684831",
  "mteb_dataset_name": "STSBenchmark",
  "mteb_version": "1.1.2.dev0",
  "test": {
    "cos_sim": {
      "pearson": 0.33357327793381547,
      "spearman": 0.3795050373483566
    },
    "euclidean": {
      "pearson": 0.3390298136265802,
      "spearman": 0.35894257044463185
    },
    "evaluation_time": 0.04,
    "manhattan": {
      "pearson": 0.4287369865827437,
      "spearman": 0.4233852779702869
    }
  }
}