{
  "dataset_revision": "b0fddb56ed78048fa8b90373c8a3cfc37b684831",
  "mteb_dataset_name": "STSBenchmark",
  "mteb_version": "1.1.2.dev0",
  "test": {
    "cos_sim": {
      "pearson": 0.03711979034518119,
      "spearman": 0.10431206286826362
    },
    "euclidean": {
      "pearson": 0.09446678447105168,
      "spearman": 0.13677662958565426
    },
    "evaluation_time": 0.04,
    "manhattan": {
      "pearson": 0.11524044560681636,
      "spearman": 0.17868844159815062
    }
  }
}