{
  "dataset_revision": "b0fddb56ed78048fa8b90373c8a3cfc37b684831",
  "mteb_dataset_name": "STSBenchmark",
  "mteb_version": "1.1.2.dev0",
  "test": {
    "cos_sim": {
      "pearson": 0.0219576772270225,
      "spearman": 0.07336114725833694
    },
    "euclidean": {
      "pearson": 0.045493982131573525,
      "spearman": 0.0627557673180587
    },
    "evaluation_time": 0.04,
    "manhattan": {
      "pearson": 0.04927970146367356,
      "spearman": 0.0661230686509999
    }
  }
}