{
  "dataset_revision": "b0fddb56ed78048fa8b90373c8a3cfc37b684831",
  "mteb_dataset_name": "STSBenchmark",
  "mteb_version": "1.1.2.dev0",
  "test": {
    "cos_sim": {
      "pearson": 0.5165603997600607,
      "spearman": 0.6430119843072547
    },
    "euclidean": {
      "pearson": 0.6314526951708069,
      "spearman": 0.6610989719053655
    },
    "evaluation_time": 0.07,
    "manhattan": {
      "pearson": 0.643470429677925,
      "spearman": 0.66686842970989
    }
  }
}