{
  "dataset_revision": null,
  "mteb_dataset_name": "InstructSTSBenchmark",
  "mteb_version": "1.1.2.dev0",
  "test": {
    "cos_sim": {
      "pearson": 0.24164345996818407,
      "spearman": 0.25043107452419294
    },
    "euclidean": {
      "pearson": 0.21753447725099606,
      "spearman": 0.20688936801366642
    },
    "evaluation_time": 0.11,
    "manhattan": {
      "pearson": 0.216168044231493,
      "spearman": 0.20617437502944372
    }
  }
}