{
  "dataset_revision": null,
  "mteb_dataset_name": "InstructSTSBenchmark",
  "mteb_version": "1.1.2.dev0",
  "test": {
    "cos_sim": {
      "pearson": 0.0017110300460119541,
      "spearman": 0.042518401313595744
    },
    "euclidean": {
      "pearson": 0.015579838137994836,
      "spearman": 0.04130427942631474
    },
    "evaluation_time": 0.15,
    "manhattan": {
      "pearson": 0.015659068348500924,
      "spearman": 0.04110754250911777
    }
  }
}