{
  "dataset_revision": "b0fddb56ed78048fa8b90373c8a3cfc37b684831",
  "mteb_dataset_name": "STSBenchmark",
  "mteb_version": "1.1.2.dev0",
  "test": {
    "cos_sim": {
      "pearson": 0.4012705759726769,
      "spearman": 0.4324343027225226
    },
    "euclidean": {
      "pearson": 0.3864745521293574,
      "spearman": 0.4086446293303726
    },
    "evaluation_time": 0.03,
    "manhattan": {
      "pearson": 0.38874802307645645,
      "spearman": 0.4103992807245855
    }
  }
}