{
  "dataset_revision": "b0fddb56ed78048fa8b90373c8a3cfc37b684831",
  "mteb_dataset_name": "STSBenchmark",
  "mteb_version": "1.1.2.dev0",
  "test": {
    "cos_sim": {
      "pearson": 0.20608572817807402,
      "spearman": 0.24353219231391462
    },
    "euclidean": {
      "pearson": 0.2786658986536004,
      "spearman": 0.2917745946274311
    },
    "evaluation_time": 0.07,
    "manhattan": {
      "pearson": 0.3446494482306754,
      "spearman": 0.34149814947332074
    }
  }
}