{
  "dataset_revision": "b0fddb56ed78048fa8b90373c8a3cfc37b684831",
  "mteb_dataset_name": "STSBenchmark",
  "mteb_version": "1.1.2.dev0",
  "test": {
    "cos_sim": {
      "pearson": 0.32236284009187943,
      "spearman": 0.33766840234325074
    },
    "euclidean": {
      "pearson": 0.35265930272030965,
      "spearman": 0.3575843365243793
    },
    "evaluation_time": 0.03,
    "manhattan": {
      "pearson": 0.3558033346855249,
      "spearman": 0.35969600966799753
    }
  }
}