{
  "dataset_revision": null,
  "mteb_dataset_name": "InstructSTSBenchmark",
  "mteb_version": "1.1.2.dev0",
  "test": {
    "cos_sim": {
      "pearson": 0.09328450869738164,
      "spearman": 0.14699253869334533
    },
    "euclidean": {
      "pearson": 0.09689225220702975,
      "spearman": 0.11790325391740167
    },
    "evaluation_time": 0.15,
    "manhattan": {
      "pearson": 0.10164869334629567,
      "spearman": 0.12264679972865201
    }
  }
}