{
    "test": {
        "NYTTopicClustering": 0.2510695437196951,
        "NYTLocationClustering": 0.3440317418439307,
        "harmonic_mean": 0.2902897291379765
    }
}