{
  "dataset_revision": "b0fddb56ed78048fa8b90373c8a3cfc37b684831",
  "mteb_dataset_name": "STSBenchmark",
  "mteb_version": "1.1.2.dev0",
  "test": {
    "cos_sim": {
      "pearson": 0.33228241995825986,
      "spearman": 0.3323219759045181
    },
    "euclidean": {
      "pearson": 0.3359614755706608,
      "spearman": 0.3231338932700217
    },
    "evaluation_time": 0.04,
    "manhattan": {
      "pearson": 0.3356552677890275,
      "spearman": 0.3221508350192292
    }
  }
}