{
  "dataset_revision": "b0fddb56ed78048fa8b90373c8a3cfc37b684831",
  "mteb_dataset_name": "STSBenchmark",
  "mteb_version": "1.1.2.dev0",
  "test": {
    "cos_sim": {
      "pearson": 0.26562410693568933,
      "spearman": 0.3863378709490707
    },
    "euclidean": {
      "pearson": 0.3502154436374443,
      "spearman": 0.4149328041046682
    },
    "evaluation_time": 0.03,
    "manhattan": {
      "pearson": 0.3583500559237118,
      "spearman": 0.42490105126516636
    }
  }
}