{
  "dataset_revision": "b0fddb56ed78048fa8b90373c8a3cfc37b684831",
  "mteb_dataset_name": "STSBenchmark",
  "mteb_version": "1.1.2.dev0",
  "test": {
    "cos_sim": {
      "pearson": 0.02692302614978166,
      "spearman": 0.01646599716423353
    },
    "euclidean": {
      "pearson": 0.026302294814178312,
      "spearman": 0.016465997183070746
    },
    "evaluation_time": 65.86,
    "manhattan": {
      "pearson": 0.06032212506189942,
      "spearman": 0.05514528204372774
    }
  }
}