{
  "dataset_revision": "b0fddb56ed78048fa8b90373c8a3cfc37b684831",
  "mteb_dataset_name": "STSBenchmark",
  "mteb_version": "1.1.2.dev0",
  "test": {
    "cos_sim": {
      "pearson": 0.019924367786463917,
      "spearman": 0.059731418843080274
    },
    "euclidean": {
      "pearson": 0.03628921526278233,
      "spearman": 0.05955654844560969
    },
    "evaluation_time": 0.03,
    "manhattan": {
      "pearson": 0.047635677242833505,
      "spearman": 0.07175546731135206
    }
  }
}