{
  "dataset_revision": "b0fddb56ed78048fa8b90373c8a3cfc37b684831",
  "mteb_dataset_name": "STSBenchmark",
  "mteb_version": "1.1.2.dev0",
  "test": {
    "cos_sim": {
      "pearson": 0.22099487695340433,
      "spearman": 0.2461505935049914
    },
    "euclidean": {
      "pearson": 0.25951215950472434,
      "spearman": 0.24522196952790196
    },
    "evaluation_time": 0.08,
    "manhattan": {
      "pearson": 0.27048772237824137,
      "spearman": 0.2501675660769777
    }
  }
}