{
  "dataset_revision": "b0fddb56ed78048fa8b90373c8a3cfc37b684831",
  "mteb_dataset_name": "STSBenchmark",
  "mteb_version": "1.1.2.dev0",
  "test": {
    "cos_sim": {
      "pearson": 0.26406597921870406,
      "spearman": 0.2864096467412347
    },
    "euclidean": {
      "pearson": 0.3303566979928929,
      "spearman": 0.3409300612023339
    },
    "evaluation_time": 0.08,
    "manhattan": {
      "pearson": 0.45126484031775266,
      "spearman": 0.4316386366080503
    }
  }
}