{
  "dataset_revision": "b0fddb56ed78048fa8b90373c8a3cfc37b684831",
  "mteb_dataset_name": "STSBenchmark",
  "mteb_version": "1.1.2.dev0",
  "test": {
    "cos_sim": {
      "pearson": 0.33317681578718655,
      "spearman": 0.3629296520239099
    },
    "euclidean": {
      "pearson": 0.36202935448454276,
      "spearman": 0.38218052501720307
    },
    "evaluation_time": 0.03,
    "manhattan": {
      "pearson": 0.38261116487279784,
      "spearman": 0.40017446150382135
    }
  }
}