{
  "dataset_revision": null,
  "mteb_dataset_name": "InstructSTSBenchmark",
  "mteb_version": "1.1.2.dev0",
  "test": {
    "cos_sim": {
      "pearson": -0.06854684535876118,
      "spearman": -0.08270465225335437
    },
    "euclidean": {
      "pearson": -0.060482058931401836,
      "spearman": -0.08143679009551616
    },
    "evaluation_time": 0.08,
    "manhattan": {
      "pearson": -0.0625604903652835,
      "spearman": -0.07612489318336674
    }
  }
}