{
  "dataset_revision": "b0fddb56ed78048fa8b90373c8a3cfc37b684831",
  "mteb_dataset_name": "STSBenchmark",
  "mteb_version": "1.1.2.dev0",
  "test": {
    "cos_sim": {
      "pearson": 0.18347960200513527,
      "spearman": 0.2353067661924932
    },
    "euclidean": {
      "pearson": 0.22348968352053458,
      "spearman": 0.24744764498602193
    },
    "evaluation_time": 0.05,
    "manhattan": {
      "pearson": 0.23123699089580727,
      "spearman": 0.2522423919146212
    }
  }
}