{
  "dataset_revision": "b0fddb56ed78048fa8b90373c8a3cfc37b684831",
  "mteb_dataset_name": "STSBenchmark",
  "mteb_version": "1.1.2.dev0",
  "test": {
    "cos_sim": {
      "pearson": 0.32832222777318576,
      "spearman": 0.34384142045852184
    },
    "euclidean": {
      "pearson": 0.3569009567988128,
      "spearman": 0.36173079796930696
    },
    "evaluation_time": 0.04,
    "manhattan": {
      "pearson": 0.36061836816393517,
      "spearman": 0.3643117356264135
    }
  }
}