{
  "dataset_revision": "b0fddb56ed78048fa8b90373c8a3cfc37b684831",
  "mteb_dataset_name": "STSBenchmark",
  "mteb_version": "1.1.2.dev0",
  "test": {
    "cos_sim": {
      "pearson": 0.15254530560940102,
      "spearman": 0.20422066249400425
    },
    "euclidean": {
      "pearson": 0.18474555875280355,
      "spearman": 0.2041524277615279
    },
    "evaluation_time": 0.03,
    "manhattan": {
      "pearson": 0.18448869003894247,
      "spearman": 0.20449267231087256
    }
  }
}