{
  "dataset_revision": "b0fddb56ed78048fa8b90373c8a3cfc37b684831",
  "mteb_dataset_name": "STSBenchmark",
  "mteb_version": "1.1.2.dev0",
  "test": {
    "cos_sim": {
      "pearson": 0.26560157578968563,
      "spearman": 0.3356647441158976
    },
    "euclidean": {
      "pearson": 0.30724196258406866,
      "spearman": 0.3325729382928178
    },
    "evaluation_time": 0.04,
    "manhattan": {
      "pearson": 0.3295200011567801,
      "spearman": 0.34587688453903015
    }
  }
}