{
  "dataset_revision": null,
  "mteb_dataset_name": "InstructSTSBenchmark",
  "mteb_version": "1.1.2.dev0",
  "test": {
    "cos_sim": {
      "pearson": -0.006577592539993071,
      "spearman": -0.009588647978256624
    },
    "euclidean": {
      "pearson": -0.06953223792986708,
      "spearman": -0.06495734031211002
    },
    "evaluation_time": 0.1,
    "manhattan": {
      "pearson": -0.029684956232397988,
      "spearman": -0.03565720107368161
    }
  }
}