{
    "test": {
        "NYTTopicClustering": 0.35312727636959185,
        "NYTLocationClustering": 0.22182613379646762,
        "harmonic_mean": 0.2724842051365906
    }
}