{
  "dataset_revision": null,
  "mteb_dataset_name": "InstructSTSBenchmark",
  "mteb_version": "1.1.2.dev0",
  "test": {
    "cos_sim": {
      "pearson": 0.08125740274692814,
      "spearman": 0.10031898061531132
    },
    "euclidean": {
      "pearson": 0.05062457363917642,
      "spearman": 0.061045372346388085
    },
    "evaluation_time": 0.12,
    "manhattan": {
      "pearson": 0.05049626000012122,
      "spearman": 0.0593093511640655
    }
  }
}