{
    "test": {
        "NYTTopicClustering": 0.08831170120277089,
        "NYTLocationClustering": 0.03720782804585625,
        "harmonic_mean": 0.05235659094786094
    }
}