{
  "dataset_revision": "a0d554a64d88156834ff5ae9920b964011b16384",
  "mteb_dataset_name": "STS12",
  "mteb_version": "1.1.2.dev0",
  "test": {
    "cos_sim": {
      "pearson": 0.06827607970899748,
      "spearman": 0.16673885647226325
    },
    "euclidean": {
      "pearson": 0.09280584212684179,
      "spearman": 0.17453915270896736
    },
    "evaluation_time": 0.44,
    "manhattan": {
      "pearson": 0.09463692714834573,
      "spearman": 0.17646276312596773
    }
  }
}