{
  "dataset_revision": "b0fddb56ed78048fa8b90373c8a3cfc37b684831",
  "mteb_dataset_name": "STSBenchmark",
  "mteb_version": "1.1.2.dev0",
  "test": {
    "cos_sim": {
      "pearson": 0.13341491225510388,
      "spearman": 0.1924927096602835
    },
    "euclidean": {
      "pearson": 0.1843112217762919,
      "spearman": 0.20650464273677901
    },
    "evaluation_time": 0.06,
    "manhattan": {
      "pearson": 0.18697614311725966,
      "spearman": 0.21007711338164678
    }
  }
}