{
  "dataset_revision": "b0fddb56ed78048fa8b90373c8a3cfc37b684831",
  "mteb_dataset_name": "STSBenchmark",
  "mteb_version": "1.1.2.dev0",
  "test": {
    "cos_sim": {
      "pearson": 0.10160911340570837,
      "spearman": 0.13065954410016548
    },
    "euclidean": {
      "pearson": 0.12824201404413846,
      "spearman": 0.14679390751524343
    },
    "evaluation_time": 0.09,
    "manhattan": {
      "pearson": 0.12992236721501985,
      "spearman": 0.14793091919223605
    }
  }
}