{
  "dataset_revision": null,
  "mteb_dataset_name": "InstructSTSBenchmark",
  "mteb_version": "1.1.2.dev0",
  "test": {
    "cos_sim": {
      "pearson": -0.06747617347729881,
      "spearman": -0.09726955979597295
    },
    "euclidean": {
      "pearson": -0.05768764263989072,
      "spearman": -0.0848605590484808
    },
    "evaluation_time": 0.07,
    "manhattan": {
      "pearson": -0.04629786426920899,
      "spearman": -0.1398134625531371
    }
  }
}