{
  "dataset_revision": "b0fddb56ed78048fa8b90373c8a3cfc37b684831",
  "mteb_dataset_name": "STSBenchmark",
  "mteb_version": "1.1.2.dev0",
  "test": {
    "cos_sim": {
      "pearson": 0.04782781283676287,
      "spearman": 0.0833370729082729
    },
    "euclidean": {
      "pearson": 0.04564003667824328,
      "spearman": 0.052982412741625386
    },
    "evaluation_time": 0.06,
    "manhattan": {
      "pearson": 0.05395683110820841,
      "spearman": 0.15159785544385687
    }
  }
}