{
  "dataset_revision": null,
  "mteb_dataset_name": "InstructSTSBenchmark",
  "mteb_version": "1.1.2.dev0",
  "test": {
    "cos_sim": {
      "pearson": 0.0512641286854998,
      "spearman": 0.05174955273107626
    },
    "euclidean": {
      "pearson": 0.009443121540727918,
      "spearman": 0.03236367925544458
    },
    "evaluation_time": 0.08,
    "manhattan": {
      "pearson": 0.02913277416183849,
      "spearman": 0.03263692498193817
    }
  }
}