{
  "dataset_revision": "b0fddb56ed78048fa8b90373c8a3cfc37b684831",
  "mteb_dataset_name": "STSBenchmark",
  "mteb_version": "1.1.2.dev0",
  "test": {
    "cos_sim": {
      "pearson": 0.6706680275458459,
      "spearman": 0.689254087771879
    },
    "euclidean": {
      "pearson": 0.6946783629876102,
      "spearman": 0.6888242460196643
    },
    "evaluation_time": 0.03,
    "manhattan": {
      "pearson": 0.7016453036435738,
      "spearman": 0.6949654571779457
    }
  }
}