{
  "dataset_revision": null,
  "mteb_dataset_name": "InstructSTSBenchmark",
  "mteb_version": "1.1.2.dev0",
  "test": {
    "cos_sim": {
      "pearson": 0.056521939629633776,
      "spearman": 0.06687461484629396
    },
    "euclidean": {
      "pearson": -0.02917689580499471,
      "spearman": -0.018582986449284685
    },
    "evaluation_time": 0.11,
    "manhattan": {
      "pearson": 0.009052861153180363,
      "spearman": 0.011476320514371769
    }
  }
}