{
  "dataset_revision": "b0fddb56ed78048fa8b90373c8a3cfc37b684831",
  "mteb_dataset_name": "STSBenchmark",
  "mteb_version": "1.1.2.dev0",
  "test": {
    "cos_sim": {
      "pearson": 0.16263840318480466,
      "spearman": 0.20283558432977827
    },
    "euclidean": {
      "pearson": 0.20251706815139356,
      "spearman": 0.20873904945138724
    },
    "evaluation_time": 0.07,
    "manhattan": {
      "pearson": 0.20374255292313007,
      "spearman": 0.21085938608089147
    }
  }
}