{
  "dataset_revision": "b0fddb56ed78048fa8b90373c8a3cfc37b684831",
  "mteb_dataset_name": "STSBenchmark",
  "mteb_version": "1.1.2.dev0",
  "test": {
    "cos_sim": {
      "pearson": 0.0899237901533247,
      "spearman": 0.20209866161413192
    },
    "euclidean": {
      "pearson": 0.11820876755624468,
      "spearman": 0.22445479381514027
    },
    "evaluation_time": 0.05,
    "manhattan": {
      "pearson": 0.23748078394585745,
      "spearman": 0.28387601480862273
    }
  }
}