{
  "dataset_revision": "b0fddb56ed78048fa8b90373c8a3cfc37b684831",
  "mteb_dataset_name": "STSBenchmark",
  "mteb_version": "1.1.2.dev0",
  "test": {
    "cos_sim": {
      "pearson": 0.25991398268927096,
      "spearman": 0.35740838012502174
    },
    "euclidean": {
      "pearson": 0.3621562306317523,
      "spearman": 0.3872869836080486
    },
    "evaluation_time": 0.07,
    "manhattan": {
      "pearson": 0.3699819780139907,
      "spearman": 0.3959020666565914
    }
  }
}