{
  "dataset_revision": "b0fddb56ed78048fa8b90373c8a3cfc37b684831",
  "mteb_dataset_name": "STSBenchmark",
  "mteb_version": "1.1.2.dev0",
  "test": {
    "cos_sim": {
      "pearson": 0.25865179426816615,
      "spearman": 0.2955583590114398
    },
    "euclidean": {
      "pearson": 0.2880079457588252,
      "spearman": 0.29035369999859456
    },
    "evaluation_time": 0.07,
    "manhattan": {
      "pearson": 0.288379994505803,
      "spearman": 0.2910072686091474
    }
  }
}