{
  "dataset_revision": "b0fddb56ed78048fa8b90373c8a3cfc37b684831",
  "mteb_dataset_name": "STSBenchmark",
  "mteb_version": "1.1.2.dev0",
  "test": {
    "cos_sim": {
      "pearson": 0.47156333140293605,
      "spearman": 0.5096944612314463
    },
    "euclidean": {
      "pearson": 0.4964671542925661,
      "spearman": 0.5128828989233556
    },
    "evaluation_time": 0.03,
    "manhattan": {
      "pearson": 0.559755910823757,
      "spearman": 0.5575525440566452
    }
  }
}