{
  "dataset_revision": "b0fddb56ed78048fa8b90373c8a3cfc37b684831",
  "mteb_dataset_name": "STSBenchmark",
  "mteb_version": "1.1.2.dev0",
  "test": {
    "cos_sim": {
      "pearson": 0.33071335634274207,
      "spearman": 0.43429427174754986
    },
    "euclidean": {
      "pearson": 0.4039486171222479,
      "spearman": 0.4392770461345702
    },
    "evaluation_time": 0.11,
    "manhattan": {
      "pearson": 0.40566188089011973,
      "spearman": 0.4406506988590415
    }
  }
}