{
  "dataset_revision": "b0fddb56ed78048fa8b90373c8a3cfc37b684831",
  "mteb_dataset_name": "STSBenchmark",
  "mteb_version": "1.1.2.dev0",
  "test": {
    "cos_sim": {
      "pearson": 0.5105173191255039,
      "spearman": 0.5588097081759774
    },
    "euclidean": {
      "pearson": 0.5893548408681067,
      "spearman": 0.5931264735876937
    },
    "evaluation_time": 0.09,
    "manhattan": {
      "pearson": 0.6094753622027281,
      "spearman": 0.6110602650080483
    }
  }
}