{
  "dataset_revision": null,
  "mteb_dataset_name": "InstructSTSBenchmark",
  "mteb_version": "1.1.2.dev0",
  "test": {
    "cos_sim": {
      "pearson": 0.05367080100616176,
      "spearman": 0.04344652591581157
    },
    "euclidean": {
      "pearson": 0.053594762238456106,
      "spearman": 0.048485177104699365
    },
    "evaluation_time": 0.15,
    "manhattan": {
      "pearson": 0.053373667267891785,
      "spearman": 0.04781526967227514
    }
  }
}