{
  "dataset_revision": "b0fddb56ed78048fa8b90373c8a3cfc37b684831",
  "mteb_dataset_name": "STSBenchmark",
  "mteb_version": "1.1.2.dev0",
  "test": {
    "cos_sim": {
      "pearson": 0.3938685967915764,
      "spearman": 0.43573321539600496
    },
    "euclidean": {
      "pearson": 0.40927579141906345,
      "spearman": 0.44198122886494656
    },
    "evaluation_time": 0.04,
    "manhattan": {
      "pearson": 0.4110315678674646,
      "spearman": 0.4438729749961032
    }
  }
}