{
  "dataset_revision": "b0fddb56ed78048fa8b90373c8a3cfc37b684831",
  "mteb_dataset_name": "STSBenchmark",
  "mteb_version": "1.1.2.dev0",
  "test": {
    "cos_sim": {
      "pearson": 0.48360408447153447,
      "spearman": 0.5031765373572974
    },
    "euclidean": {
      "pearson": 0.4917127970623313,
      "spearman": 0.50484851909745
    },
    "evaluation_time": 0.04,
    "manhattan": {
      "pearson": 0.49858955500114344,
      "spearman": 0.5112144082099017
    }
  }
}