{
  "dataset_revision": "b0fddb56ed78048fa8b90373c8a3cfc37b684831",
  "mteb_dataset_name": "STSBenchmark",
  "mteb_version": "1.1.2.dev0",
  "test": {
    "cos_sim": {
      "pearson": 0.4887124268546224,
      "spearman": 0.5358382296033715
    },
    "euclidean": {
      "pearson": 0.5794220617109807,
      "spearman": 0.5831636114473612
    },
    "evaluation_time": 0.07,
    "manhattan": {
      "pearson": 0.599227177173819,
      "spearman": 0.6006381533603355
    }
  }
}