{
  "dataset_revision": "b0fddb56ed78048fa8b90373c8a3cfc37b684831",
  "mteb_dataset_name": "STSBenchmark",
  "mteb_version": "1.1.2.dev0",
  "test": {
    "cos_sim": {
      "pearson": 0.6475558900262561,
      "spearman": 0.6623527136739802
    },
    "euclidean": {
      "pearson": 0.6746816927399131,
      "spearman": 0.6622645753480393
    },
    "evaluation_time": 0.03,
    "manhattan": {
      "pearson": 0.7020040930795571,
      "spearman": 0.6873438894765785
    }
  }
}