{
  "dataset_revision": "b0fddb56ed78048fa8b90373c8a3cfc37b684831",
  "mteb_dataset_name": "STSBenchmark",
  "mteb_version": "1.1.2.dev0",
  "test": {
    "cos_sim": {
      "pearson": 0.29835904516018,
      "spearman": 0.26215834394968013
    },
    "euclidean": {
      "pearson": 0.30248580205365316,
      "spearman": 0.24728464597416766
    },
    "evaluation_time": 0.04,
    "manhattan": {
      "pearson": 0.30296205526543973,
      "spearman": 0.24775892715747544
    }
  }
}