{
  "dataset_revision": null,
  "mteb_dataset_name": "InstructSTSBenchmark",
  "mteb_version": "1.1.2.dev0",
  "test": {
    "cos_sim": {
      "pearson": 0.0974825174166238,
      "spearman": 0.10422912696143455
    },
    "euclidean": {
      "pearson": 0.08917139683062439,
      "spearman": 0.09509907642019548
    },
    "evaluation_time": 0.08,
    "manhattan": {
      "pearson": 0.08934519183788608,
      "spearman": 0.09556496039753293
    }
  }
}