{
  "dataset_revision": "b0fddb56ed78048fa8b90373c8a3cfc37b684831",
  "mteb_dataset_name": "STSBenchmark",
  "mteb_version": "1.1.2.dev0",
  "test": {
    "cos_sim": {
      "pearson": 0.7885142338208776,
      "spearman": 0.7873447867315372
    },
    "euclidean": {
      "pearson": 0.8047384365733093,
      "spearman": 0.793411384705715
    },
    "evaluation_time": 0.05,
    "manhattan": {
      "pearson": 0.8051716871614403,
      "spearman": 0.7939371130676358
    }
  }
}