{
  "dataset_revision": "b0fddb56ed78048fa8b90373c8a3cfc37b684831",
  "mteb_dataset_name": "STSBenchmark",
  "mteb_version": "1.1.2.dev0",
  "test": {
    "cos_sim": {
      "pearson": 0.18102190244153143,
      "spearman": 0.2148448532714239
    },
    "euclidean": {
      "pearson": 0.20469292623842467,
      "spearman": 0.21483662248007354
    },
    "evaluation_time": 0.03,
    "manhattan": {
      "pearson": 0.22465432072226307,
      "spearman": 0.2263051673364603
    }
  }
}