{
  "dataset_revision": "b0fddb56ed78048fa8b90373c8a3cfc37b684831",
  "mteb_dataset_name": "STSBenchmark",
  "mteb_version": "1.1.2.dev0",
  "test": {
    "cos_sim": {
      "pearson": -0.02258466772524118,
      "spearman": -0.025298399300903444
    },
    "euclidean": {
      "pearson": -0.0077021109106414284,
      "spearman": -0.025274204764169417
    },
    "evaluation_time": 0.03,
    "manhattan": {
      "pearson": -0.006528149765475866,
      "spearman": -0.02573936889992924
    }
  }
}