{
  "dataset_revision": null,
  "mteb_dataset_name": "FeedbacksClustering",
  "mteb_version": "1.1.2.dev0",
  "test": {
    "correct_instructions": [
      0.27747744382087774,
      0.23070008350451804,
      0.198097810779211,
      0.20690015256295036,
      0.25986992153902994,
      0.2314116900612392,
      0.21343268280388766,
      0.21566856606749515,
      0.22964306756139935,
      0.2026356837103706
    ],
    "dci": -0.0541815703709537,
    "dii": -0.05162652935395412,
    "implicit_instructions": [
      0.3463166522974345,
      0.218845652411262,
      0.2245582646119537,
      0.20065285179621056,
      0.22680902187878174,
      0.2257203167996341,
      0.22896312326665616,
      0.2227317585349259,
      0.25932899660411307,
      0.2594246916788405
    ],
    "incorrect_instructions": [
      0.1508263171665775,
      0.20441362734855534,
      0.2011232426136444,
      0.2165184943232555,
      0.2128556768097882,
      0.21355845452750272,
      0.20487003931120382,
      0.19700865201086135,
      0.2522793811501647,
      0.24957637853810552
    ]
  }
}