{
  "dataset_revision": null,
  "mteb_dataset_name": "FewEventClustering",
  "mteb_version": "1.1.2.dev0",
  "test": {
    "correct_instructions": [
      0.5346330780396519,
      0.5287276213587047,
      0.5346444743705436,
      0.5334358972400982,
      0.5325547773452814,
      0.5395352223451627,
      0.5458214301597815,
      0.5286844504416836,
      0.5453351401003748,
      0.5368420661612232
    ],
    "dci": -0.023266095024241595,
    "dii": -0.02119829891127878,
    "implicit_instructions": [
      0.5475272772374855,
      0.5533421217655813,
      0.5369321327751477,
      0.5405757069589918,
      0.5364411861377528,
      0.5503907282586568,
      0.5437189387331113,
      0.5562582407955138,
      0.5505852295243269,
      0.5307522465546464
    ],
    "incorrect_instructions": [
      0.5177378115149418,
      0.5519505454659251,
      0.5219294529130922,
      0.513474668689744,
      0.5339510108823688,
      0.5218331056345569,
      0.5202961205824402,
      0.5453994066353651,
      0.5201608008752494,
      0.517781360643453
    ]
  }
}