{
  "dataset_revision": null,
  "mteb_dataset_name": "FewRelClustering",
  "mteb_version": "1.1.2.dev0",
  "test": {
    "correct_instructions": [
      0.5183757074798893,
      0.5158912121077175,
      0.5077824389491469,
      0.5230277770264807,
      0.5113934189779399,
      0.5067512941453737,
      0.5196154035799972,
      0.5077062182508889,
      0.5102891968113,
      0.5150863392424135
    ],
    "dci": -0.003378350479307901,
    "dii": -0.021716943171118885,
    "implicit_instructions": [
      0.5158022496961068,
      0.5130686472789451,
      0.5198166444802294,
      0.5099010540556466,
      0.5061852490858519,
      0.5047678794902135,
      0.5203412891064554,
      0.4884127014535627,
      0.5003968495058034,
      0.49681764420136487
    ],
    "incorrect_instructions": [
      0.49347218887239763,
      0.4913792012609023,
      0.487113710508367,
      0.4881265966805383,
      0.5101296446246816,
      0.5053138864708048,
      0.4927529270547348,
      0.4911897287166786,
      0.4958570547108361,
      0.4915440694661711
    ]
  }
}