{
  "dataset_revision": null,
  "mteb_dataset_name": "NYTTopicClustering",
  "mteb_version": "1.1.2.dev0",
  "test": {
    "correct_instructions": [
      0.3867674571966658,
      0.4005449013204111,
      0.29904478842221904,
      0.3349323104337292,
      0.3407776729834955,
      0.36038413312445916,
      0.33987432337991896,
      0.3822924630771304,
      0.3856656212244895,
      0.351701756037661
    ],
    "dci": -0.09163149868085813,
    "dii": -0.09498027495939448,
    "implicit_instructions": [
      0.37280923139835537,
      0.3793726394028044,
      0.33463227540967694,
      0.3018498808372628,
      0.3366219197245146,
      0.3343732035615129,
      0.3611719628121937,
      0.2956960121436827,
      0.36714196875543376,
      0.31293073282764383
    ],
    "incorrect_instructions": [
      0.39067628710307717,
      0.35876799905043344,
      0.3525420215266049,
      0.3513935946613236,
      0.35574157967283365,
      0.38459004263911434,
      0.3428168810649544,
      0.3691485929766412,
      0.38533247368198426,
      0.38538879570902823
    ]
  }
}