{
  "dataset_revision": "b0fddb56ed78048fa8b90373c8a3cfc37b684831",
  "mteb_dataset_name": "STSBenchmark",
  "mteb_version": "1.1.2.dev0",
  "test": {
    "cos_sim": {
      "pearson": 0.26599408416186,
      "spearman": 0.2598370992722764
    },
    "euclidean": {
      "pearson": 0.2812447166981223,
      "spearman": 0.2536819728656516
    },
    "evaluation_time": 0.07,
    "manhattan": {
      "pearson": 0.28536767167535143,
      "spearman": 0.25753073677873334
    }
  }
}