{
  "dataset_revision": null,
  "mteb_dataset_name": "InstructSTSBenchmark",
  "mteb_version": "1.1.2.dev0",
  "test": {
    "cos_sim": {
      "pearson": -0.0133361092217542,
      "spearman": -0.00026049425989048457
    },
    "euclidean": {
      "pearson": -0.008064945923900299,
      "spearman": -0.007505604697234675
    },
    "evaluation_time": 89.72,
    "manhattan": {
      "pearson": -0.020288704107504007,
      "spearman": -0.019030198621645854
    }
  }
}