{
  "dataset_revision": "b0fddb56ed78048fa8b90373c8a3cfc37b684831",
  "mteb_dataset_name": "STSBenchmark",
  "mteb_version": "1.1.2.dev0",
  "test": {
    "cos_sim": {
      "pearson": 0.3212454985648447,
      "spearman": 0.4222507117986851
    },
    "euclidean": {
      "pearson": 0.34514359407357137,
      "spearman": 0.40246913142795165
    },
    "evaluation_time": 0.05,
    "manhattan": {
      "pearson": 0.6028623560251773,
      "spearman": 0.5975811376795976
    }
  }
}