{
  "dataset_revision": "b0fddb56ed78048fa8b90373c8a3cfc37b684831",
  "mteb_dataset_name": "STSBenchmark",
  "mteb_version": "1.1.2.dev0",
  "test": {
    "cos_sim": {
      "pearson": 0.1941045010131716,
      "spearman": 0.2471253572756563
    },
    "euclidean": {
      "pearson": 0.10926382587805089,
      "spearman": 0.12797130246176242
    },
    "evaluation_time": 0.06,
    "manhattan": {
      "pearson": 0.39775168050861837,
      "spearman": 0.40449632481089587
    }
  }
}