{
  "dataset_revision": "b0fddb56ed78048fa8b90373c8a3cfc37b684831",
  "mteb_dataset_name": "STSBenchmark",
  "mteb_version": "1.1.2.dev0",
  "test": {
    "cos_sim": {
      "pearson": 0.4339303941724933,
      "spearman": 0.4787428441283512
    },
    "euclidean": {
      "pearson": 0.4645329111655382,
      "spearman": 0.47873267683775034
    },
    "evaluation_time": 0.03,
    "manhattan": {
      "pearson": 0.4647107886484835,
      "spearman": 0.4778011230334573
    }
  }
}