{
  "dataset_revision": "b0fddb56ed78048fa8b90373c8a3cfc37b684831",
  "mteb_dataset_name": "STSBenchmark",
  "mteb_version": "1.1.2.dev0",
  "test": {
    "cos_sim": {
      "pearson": 0.32144047089212874,
      "spearman": 0.39740115115905705
    },
    "euclidean": {
      "pearson": 0.40786142697492844,
      "spearman": 0.42979068192449804
    },
    "evaluation_time": 0.03,
    "manhattan": {
      "pearson": 0.42372432608460264,
      "spearman": 0.44380948030729955
    }
  }
}