{
  "dataset_revision": null,
  "mteb_dataset_name": "InstructSTSBenchmark",
  "mteb_version": "1.1.2.dev0",
  "test": {
    "cos_sim": {
      "pearson": 0.04252489884104449,
      "spearman": 0.04620904273449639
    },
    "euclidean": {
      "pearson": -0.1278336269465778,
      "spearman": -0.10836060234601759
    },
    "evaluation_time": 0.12,
    "manhattan": {
      "pearson": -0.030217895556648496,
      "spearman": -0.028706740615872077
    }
  }
}