{
  "dataset_revision": "a0d554a64d88156834ff5ae9920b964011b16384",
  "mteb_dataset_name": "STS12",
  "mteb_version": "1.1.2.dev0",
  "test": {
    "cos_sim": {
      "pearson": 0.2894723053078548,
      "spearman": 0.4859150081523944
    },
    "euclidean": {
      "pearson": 0.16140069259453382,
      "spearman": 0.2904803255304242
    },
    "evaluation_time": 0.35,
    "manhattan": {
      "pearson": 0.5435367169865697,
      "spearman": 0.5936214705261558
    }
  }
}