{
  "dataset_revision": "b0fddb56ed78048fa8b90373c8a3cfc37b684831",
  "mteb_dataset_name": "STSBenchmark",
  "mteb_version": "1.1.2.dev0",
  "test": {
    "cos_sim": {
      "pearson": 0.19359461990574847,
      "spearman": 0.21862043468237233
    },
    "euclidean": {
      "pearson": 0.20861699464488745,
      "spearman": 0.21382090091747535
    },
    "evaluation_time": 0.03,
    "manhattan": {
      "pearson": 0.21562975149749106,
      "spearman": 0.22069912915995893
    }
  }
}