{
  "dataset_revision": null,
  "mteb_dataset_name": "InstructSTSBenchmark",
  "mteb_version": "1.1.2.dev0",
  "test": {
    "cos_sim": {
      "pearson": 0.0708916221141227,
      "spearman": 0.10859286124459484
    },
    "euclidean": {
      "pearson": 0.11131998072243895,
      "spearman": 0.12728833382022833
    },
    "evaluation_time": 0.07,
    "manhattan": {
      "pearson": 0.14412803876632618,
      "spearman": 0.14511033092122838
    }
  }
}