{
    "test": {
        "NYTTopicClustering": 0.019908196448111537,
        "NYTLocationClustering": 0.023275073131219497,
        "harmonic_mean": 0.021460391951939585
    }
}