{
  "dataset_revision": null,
  "mteb_dataset_name": "InstructSTSBenchmark",
  "mteb_version": "1.1.2.dev0",
  "test": {
    "cos_sim": {
      "pearson": 0.18395747872234305,
      "spearman": 0.1712317115304407
    },
    "euclidean": {
      "pearson": 0.19620600075602487,
      "spearman": 0.17168120077500895
    },
    "evaluation_time": 0.12,
    "manhattan": {
      "pearson": 0.1955540878093042,
      "spearman": 0.17047163305010823
    }
  }
}