{
  "dataset_revision": "b0fddb56ed78048fa8b90373c8a3cfc37b684831",
  "mteb_dataset_name": "STSBenchmark",
  "mteb_version": "1.1.2.dev0",
  "test": {
    "cos_sim": {
      "pearson": 0.34114697944690475,
      "spearman": 0.34530559309685216
    },
    "euclidean": {
      "pearson": 0.3683653877756603,
      "spearman": 0.36747261757342
    },
    "evaluation_time": 0.03,
    "manhattan": {
      "pearson": 0.36779202413682155,
      "spearman": 0.3659727510067248
    }
  }
}