{
  "dataset_revision": "b0fddb56ed78048fa8b90373c8a3cfc37b684831",
  "mteb_dataset_name": "STSBenchmark",
  "mteb_version": "1.1.2.dev0",
  "test": {
    "cos_sim": {
      "pearson": 0.3693504655728367,
      "spearman": 0.3846268557392019
    },
    "euclidean": {
      "pearson": 0.39474918352181393,
      "spearman": 0.39863378813184497
    },
    "evaluation_time": 0.03,
    "manhattan": {
      "pearson": 0.4010100954660428,
      "spearman": 0.4039296638965774
    }
  }
}