{
  "dataset_revision": "b0fddb56ed78048fa8b90373c8a3cfc37b684831",
  "mteb_dataset_name": "STSBenchmark",
  "mteb_version": "1.1.2.dev0",
  "test": {
    "cos_sim": {
      "pearson": 0.44498882715828186,
      "spearman": 0.4716692135340519
    },
    "euclidean": {
      "pearson": 0.47716552014375724,
      "spearman": 0.47873509867167235
    },
    "evaluation_time": 0.04,
    "manhattan": {
      "pearson": 0.5016663492019631,
      "spearman": 0.4979038807229407
    }
  }
}