{
  "dataset_revision": "b0fddb56ed78048fa8b90373c8a3cfc37b684831",
  "mteb_dataset_name": "STSBenchmark",
  "mteb_version": "1.1.2.dev0",
  "test": {
    "cos_sim": {
      "pearson": 0.10296137037766899,
      "spearman": 0.12449102418558108
    },
    "euclidean": {
      "pearson": 0.11841455065136844,
      "spearman": 0.12441536443535652
    },
    "evaluation_time": 0.03,
    "manhattan": {
      "pearson": 0.11872487643696679,
      "spearman": 0.12426987193335644
    }
  }
}