{
  "dataset_revision": "b0fddb56ed78048fa8b90373c8a3cfc37b684831",
  "mteb_dataset_name": "STSBenchmark",
  "mteb_version": "1.1.2.dev0",
  "test": {
    "cos_sim": {
      "pearson": 0.1047462925193097,
      "spearman": 0.24248533565747332
    },
    "euclidean": {
      "pearson": 0.2083442772947137,
      "spearman": 0.25412181141516144
    },
    "evaluation_time": 0.19,
    "manhattan": {
      "pearson": 0.22670993279704393,
      "spearman": 0.2663018776647644
    }
  }
}