{
  "dataset_revision": null,
  "mteb_dataset_name": "InstructSTSBenchmark",
  "mteb_version": "1.1.2.dev0",
  "test": {
    "cos_sim": {
      "pearson": 0.036199312378737754,
      "spearman": 0.03205946567994839
    },
    "euclidean": {
      "pearson": 0.02754065508287562,
      "spearman": 0.03133855237603091
    },
    "evaluation_time": 0.08,
    "manhattan": {
      "pearson": 0.02870858963332916,
      "spearman": 0.033879737632784665
    }
  }
}