{
  "dataset_revision": "b0fddb56ed78048fa8b90373c8a3cfc37b684831",
  "mteb_dataset_name": "STSBenchmark",
  "mteb_version": "1.1.2.dev0",
  "test": {
    "cos_sim": {
      "pearson": 0.37521444531584386,
      "spearman": 0.3623699732830623
    },
    "euclidean": {
      "pearson": 0.3855052102033159,
      "spearman": 0.3618167952777328
    },
    "evaluation_time": 0.06,
    "manhattan": {
      "pearson": 0.3886309827601563,
      "spearman": 0.36439092951286295
    }
  }
}