{
  "dataset_revision": null,
  "mteb_dataset_name": "InstructSTSBenchmark",
  "mteb_version": "1.1.2.dev0",
  "test": {
    "cos_sim": {
      "pearson": 0.22653886465351877,
      "spearman": 0.21276733902967296
    },
    "euclidean": {
      "pearson": 0.22212156720231302,
      "spearman": 0.16684702843993396
    },
    "evaluation_time": 0.1,
    "manhattan": {
      "pearson": 0.22235434560704984,
      "spearman": 0.1677705989953502
    }
  }
}