{
  "dataset_revision": null,
  "mteb_dataset_name": "InstructSTSBenchmark",
  "mteb_version": "1.1.2.dev0",
  "test": {
    "cos_sim": {
      "pearson": 0.20801172160541825,
      "spearman": 0.20275424941130948
    },
    "euclidean": {
      "pearson": 0.21036097207132323,
      "spearman": 0.19998535935384715
    },
    "evaluation_time": 0.07,
    "manhattan": {
      "pearson": 0.21066124757241414,
      "spearman": 0.2001647907142446
    }
  }
}