{
  "dataset_revision": "b0fddb56ed78048fa8b90373c8a3cfc37b684831",
  "mteb_dataset_name": "STSBenchmark",
  "mteb_version": "1.1.2.dev0",
  "test": {
    "cos_sim": {
      "pearson": 0.3437023780987896,
      "spearman": 0.3630772706248305
    },
    "euclidean": {
      "pearson": 0.35756917215664685,
      "spearman": 0.3580917826861793
    },
    "evaluation_time": 0.05,
    "manhattan": {
      "pearson": 0.3568753537622234,
      "spearman": 0.3578982836601937
    }
  }
}