{
  "dataset_revision": "b0fddb56ed78048fa8b90373c8a3cfc37b684831",
  "mteb_dataset_name": "STSBenchmark",
  "mteb_version": "1.1.2.dev0",
  "test": {
    "cos_sim": {
      "pearson": 0.4291685088974342,
      "spearman": 0.4418741197963419
    },
    "euclidean": {
      "pearson": 0.4406406696000472,
      "spearman": 0.4466376961202999
    },
    "evaluation_time": 0.02,
    "manhattan": {
      "pearson": 0.44547803254650725,
      "spearman": 0.45068713128948606
    }
  }
}