{
  "dataset_revision": null,
  "mteb_dataset_name": "InstructSTSBenchmark",
  "mteb_version": "1.1.2.dev0",
  "test": {
    "cos_sim": {
      "pearson": 0.002016772814426629,
      "spearman": 0.048193259655895625
    },
    "euclidean": {
      "pearson": 0.014770671838199237,
      "spearman": 0.0389698501029712
    },
    "evaluation_time": 0.15,
    "manhattan": {
      "pearson": 0.014261709443689503,
      "spearman": 0.03836962032377362
    }
  }
}