{
  "dataset_revision": "b0fddb56ed78048fa8b90373c8a3cfc37b684831",
  "mteb_dataset_name": "STSBenchmark",
  "mteb_version": "1.1.2.dev0",
  "test": {
    "cos_sim": {
      "pearson": 0.3427519023574163,
      "spearman": 0.32246558390545604
    },
    "euclidean": {
      "pearson": 0.36962729105016107,
      "spearman": 0.3610614043647915
    },
    "evaluation_time": 0.04,
    "manhattan": {
      "pearson": 0.3771818056522984,
      "spearman": 0.36420087801365114
    }
  }
}