{
  "dataset_revision": "b0fddb56ed78048fa8b90373c8a3cfc37b684831",
  "mteb_dataset_name": "STSBenchmark",
  "mteb_version": "1.1.2.dev0",
  "test": {
    "cos_sim": {
      "pearson": 0.19802507967668703,
      "spearman": 0.22935793002876148
    },
    "euclidean": {
      "pearson": 0.210710232887266,
      "spearman": 0.22411254947119527
    },
    "evaluation_time": 0.04,
    "manhattan": {
      "pearson": 0.2381973454378489,
      "spearman": 0.24274828487231076
    }
  }
}