{
  "dataset_revision": null,
  "mteb_dataset_name": "InstructSTSBenchmark",
  "mteb_version": "1.1.2.dev0",
  "test": {
    "cos_sim": {
      "pearson": -0.06252121277765327,
      "spearman": -0.048955615191680714
    },
    "euclidean": {
      "pearson": -0.08293953784545738,
      "spearman": -0.06672888345745469
    },
    "evaluation_time": 0.08,
    "manhattan": {
      "pearson": -0.0820340255611365,
      "spearman": -0.06654216554435073
    }
  }
}