{
  "dataset_revision": "b0fddb56ed78048fa8b90373c8a3cfc37b684831",
  "mteb_dataset_name": "STSBenchmark",
  "mteb_version": "1.1.2.dev0",
  "test": {
    "cos_sim": {
      "pearson": 0.2532452559076042,
      "spearman": 0.31504335311843534
    },
    "euclidean": {
      "pearson": 0.3268044055557289,
      "spearman": 0.3414408911403167
    },
    "evaluation_time": 0.07,
    "manhattan": {
      "pearson": 0.34282056559713747,
      "spearman": 0.3564720712053736
    }
  }
}