{
  "dataset_revision": "b0fddb56ed78048fa8b90373c8a3cfc37b684831",
  "mteb_dataset_name": "STSBenchmark",
  "mteb_version": "1.1.2.dev0",
  "test": {
    "cos_sim": {
      "pearson": 0.31343713477918334,
      "spearman": 0.34950103194328147
    },
    "euclidean": {
      "pearson": 0.4243259011676268,
      "spearman": 0.4174297249092295
    },
    "evaluation_time": 0.08,
    "manhattan": {
      "pearson": 0.45120354107957583,
      "spearman": 0.4409526261060163
    }
  }
}