{
  "dataset_revision": null,
  "mteb_dataset_name": "InstructSTSBenchmark",
  "mteb_version": "1.1.2.dev0",
  "test": {
    "cos_sim": {
      "pearson": 0.11854084376246088,
      "spearman": 0.12920105917090627
    },
    "euclidean": {
      "pearson": 0.1197018718208696,
      "spearman": 0.13124131904546235
    },
    "evaluation_time": 0.02,
    "manhattan": {
      "pearson": 0.11936429136391875,
      "spearman": 0.13066793764953077
    }
  }
}