{
  "dataset_revision": "b0fddb56ed78048fa8b90373c8a3cfc37b684831",
  "mteb_dataset_name": "STSBenchmark",
  "mteb_version": "1.1.2.dev0",
  "test": {
    "cos_sim": {
      "pearson": 0.3857448083963516,
      "spearman": 0.3889028314111623
    },
    "euclidean": {
      "pearson": 0.32283286171153547,
      "spearman": 0.31753162913451766
    },
    "evaluation_time": 0.04,
    "manhattan": {
      "pearson": 0.32223340582292537,
      "spearman": 0.3176833178813231
    }
  }
}