{
  "dataset_revision": null,
  "mteb_dataset_name": "InstructSTSBenchmark",
  "mteb_version": "1.1.2.dev0",
  "test": {
    "cos_sim": {
      "pearson": -0.0073907542618922685,
      "spearman": -0.010005803091789318
    },
    "euclidean": {
      "pearson": -0.01793759069261207,
      "spearman": -0.015011664799720145
    },
    "evaluation_time": 0.11,
    "manhattan": {
      "pearson": -0.013462950900568147,
      "spearman": -0.01158470798589639
    }
  }
}