{
  "dataset_revision": "a0d554a64d88156834ff5ae9920b964011b16384",
  "mteb_dataset_name": "STS12",
  "mteb_version": "1.1.2.dev0",
  "test": {
    "cos_sim": {
      "pearson": 0.08761426247362533,
      "spearman": 0.11614220978746831
    },
    "euclidean": {
      "pearson": 0.1162960657150189,
      "spearman": 0.11775285191376197
    },
    "evaluation_time": 0.21,
    "manhattan": {
      "pearson": 0.1384170864477091,
      "spearman": 0.13792039872981063
    }
  }
}