{
  "dataset_revision": null,
  "mteb_dataset_name": "InstructSTSBenchmark",
  "mteb_version": "1.1.2.dev0",
  "test": {
    "cos_sim": {
      "pearson": -0.06311208293328399,
      "spearman": -0.07837325227742957
    },
    "euclidean": {
      "pearson": -0.08134382732408417,
      "spearman": -0.08744910689746338
    },
    "evaluation_time": 0.11,
    "manhattan": {
      "pearson": -0.08330606046284629,
      "spearman": -0.08840911021654418
    }
  }
}