{
  "dataset_revision": "b0fddb56ed78048fa8b90373c8a3cfc37b684831",
  "mteb_dataset_name": "STSBenchmark",
  "mteb_version": "1.1.2.dev0",
  "test": {
    "cos_sim": {
      "pearson": 0.26799370852390186,
      "spearman": 0.38444661890041476
    },
    "euclidean": {
      "pearson": 0.34934970595958126,
      "spearman": 0.41313855721896864
    },
    "evaluation_time": 0.03,
    "manhattan": {
      "pearson": 0.35669566469383085,
      "spearman": 0.4214462537604982
    }
  }
}