{
  "dataset_revision": null,
  "mteb_dataset_name": "InstructSTSBenchmark",
  "mteb_version": "1.1.2.dev0",
  "test": {
    "cos_sim": {
      "pearson": -0.012275551741385036,
      "spearman": -0.001615337652659265
    },
    "euclidean": {
      "pearson": -0.011122631124436047,
      "spearman": 0.01815854474893794
    },
    "evaluation_time": 0.1,
    "manhattan": {
      "pearson": 0.0352424407766639,
      "spearman": 0.027996301718981764
    }
  }
}