{
  "dataset_revision": "b0fddb56ed78048fa8b90373c8a3cfc37b684831",
  "mteb_dataset_name": "STSBenchmark",
  "mteb_version": "1.1.2.dev0",
  "test": {
    "cos_sim": {
      "pearson": 0.45492115445131226,
      "spearman": 0.4858616353413796
    },
    "euclidean": {
      "pearson": 0.4944934268238216,
      "spearman": 0.4953247389838056
    },
    "evaluation_time": 0.03,
    "manhattan": {
      "pearson": 0.5341633035838593,
      "spearman": 0.5313433533585732
    }
  }
}