{
  "dataset_revision": "b0fddb56ed78048fa8b90373c8a3cfc37b684831",
  "mteb_dataset_name": "STSBenchmark",
  "mteb_version": "1.1.2.dev0",
  "test": {
    "cos_sim": {
      "pearson": 0.17892991704600067,
      "spearman": 0.1552668585416975
    },
    "euclidean": {
      "pearson": 0.22714241333779256,
      "spearman": 0.19031608328465494
    },
    "evaluation_time": 0.06,
    "manhattan": {
      "pearson": 0.23566765261795197,
      "spearman": 0.19843081909976645
    }
  }
}