{
  "dataset_revision": "b0fddb56ed78048fa8b90373c8a3cfc37b684831",
  "mteb_dataset_name": "STSBenchmark",
  "mteb_version": "1.1.2.dev0",
  "test": {
    "cos_sim": {
      "pearson": 0.24352460459418718,
      "spearman": 0.31142943742685725
    },
    "euclidean": {
      "pearson": 0.3407322793714129,
      "spearman": 0.35553972562807645
    },
    "evaluation_time": 0.07,
    "manhattan": {
      "pearson": 0.36361786153781156,
      "spearman": 0.3745200976186994
    }
  }
}