{
  "dataset_revision": "b0fddb56ed78048fa8b90373c8a3cfc37b684831",
  "mteb_dataset_name": "STSBenchmark",
  "mteb_version": "1.1.2.dev0",
  "test": {
    "cos_sim": {
      "pearson": 0.45080600235202173,
      "spearman": 0.4406531996790783
    },
    "euclidean": {
      "pearson": 0.46863481059652606,
      "spearman": 0.4732445097161804
    },
    "evaluation_time": 0.1,
    "manhattan": {
      "pearson": 0.4702377125517432,
      "spearman": 0.47757671080228076
    }
  }
}