{
  "dataset_revision": null,
  "mteb_dataset_name": "InstructSTSBenchmark",
  "mteb_version": "1.1.2.dev0",
  "test": {
    "cos_sim": {
      "pearson": -0.023927414067383846,
      "spearman": -0.011326066076372158
    },
    "euclidean": {
      "pearson": -0.12996256212373433,
      "spearman": -0.10978148010808537
    },
    "evaluation_time": 0.1,
    "manhattan": {
      "pearson": -0.14105214074738248,
      "spearman": -0.13122125064355938
    }
  }
}