{
  "dataset_revision": null,
  "mteb_dataset_name": "InstructSTSBenchmark",
  "mteb_version": "1.1.2.dev0",
  "test": {
    "cos_sim": {
      "pearson": -0.010188980096757488,
      "spearman": -0.006623021511145963
    },
    "euclidean": {
      "pearson": -0.09291927037112975,
      "spearman": -0.08595399737629078
    },
    "evaluation_time": 0.07,
    "manhattan": {
      "pearson": -0.049269558956234374,
      "spearman": -0.04721003040168054
    }
  }
}