{
  "dataset_revision": "b0fddb56ed78048fa8b90373c8a3cfc37b684831",
  "mteb_dataset_name": "STSBenchmark",
  "mteb_version": "1.1.2.dev0",
  "test": {
    "cos_sim": {
      "pearson": 0.35760255941308455,
      "spearman": 0.3878122150966277
    },
    "euclidean": {
      "pearson": 0.2484338236909686,
      "spearman": 0.3000012864109385
    },
    "evaluation_time": 0.05,
    "manhattan": {
      "pearson": 0.4403240051242738,
      "spearman": 0.4373560835733958
    }
  }
}