{
  "dataset_revision": "b0fddb56ed78048fa8b90373c8a3cfc37b684831",
  "mteb_dataset_name": "STSBenchmark",
  "mteb_version": "1.1.2.dev0",
  "test": {
    "cos_sim": {
      "pearson": 0.042997055342635995,
      "spearman": 0.07126043992625317
    },
    "euclidean": {
      "pearson": 0.03935099228780417,
      "spearman": 0.05072215915094891
    },
    "evaluation_time": 0.05,
    "manhattan": {
      "pearson": 0.04207626255456183,
      "spearman": 0.054151566365410665
    }
  }
}