{
  "dataset_revision": "b0fddb56ed78048fa8b90373c8a3cfc37b684831",
  "mteb_dataset_name": "STSBenchmark",
  "mteb_version": "1.1.2.dev0",
  "test": {
    "cos_sim": {
      "pearson": 0.021272132552753627,
      "spearman": 0.10567277856646863
    },
    "euclidean": {
      "pearson": 0.05627074325798224,
      "spearman": 0.07255857030833424
    },
    "evaluation_time": 0.04,
    "manhattan": {
      "pearson": 0.07659545208912323,
      "spearman": 0.1043288191652188
    }
  }
}