{
    "test": {
        "NYTTopicClustering": 0.3083128221480725,
        "NYTLocationClustering": 0.5817114473325986,
        "harmonic_mean": 0.4030207018458929
    }
}