{
  "dataset_revision": "b0fddb56ed78048fa8b90373c8a3cfc37b684831",
  "mteb_dataset_name": "STSBenchmark",
  "mteb_version": "1.1.2.dev0",
  "test": {
    "cos_sim": {
      "pearson": 0.3648859741537694,
      "spearman": 0.39075093888258927
    },
    "euclidean": {
      "pearson": 0.4407839635483284,
      "spearman": 0.4328523401240207
    },
    "evaluation_time": 0.08,
    "manhattan": {
      "pearson": 0.4614889042179607,
      "spearman": 0.4509782034541872
    }
  }
}