{
  "dataset_revision": "b0fddb56ed78048fa8b90373c8a3cfc37b684831",
  "mteb_dataset_name": "STSBenchmark",
  "mteb_version": "1.1.2.dev0",
  "test": {
    "cos_sim": {
      "pearson": 0.24551441133805688,
      "spearman": 0.2481630371378653
    },
    "euclidean": {
      "pearson": 0.273394348876034,
      "spearman": 0.25873585554528267
    },
    "evaluation_time": 0.04,
    "manhattan": {
      "pearson": 0.2643546669364673,
      "spearman": 0.23081051761367027
    }
  }
}