{
  "dataset_revision": "b0fddb56ed78048fa8b90373c8a3cfc37b684831",
  "mteb_dataset_name": "STSBenchmark",
  "mteb_version": "1.1.2.dev0",
  "test": {
    "cos_sim": {
      "pearson": 0.01230751963709998,
      "spearman": 0.07992565389753002
    },
    "euclidean": {
      "pearson": 0.037203436321412,
      "spearman": 0.11354278356774161
    },
    "evaluation_time": 0.05,
    "manhattan": {
      "pearson": 0.12704833777833852,
      "spearman": 0.09736335716113412
    }
  }
}