{
  "dataset_revision": "b0fddb56ed78048fa8b90373c8a3cfc37b684831",
  "mteb_dataset_name": "STSBenchmark",
  "mteb_version": "1.1.2.dev0",
  "test": {
    "cos_sim": {
      "pearson": 0.26570591595276954,
      "spearman": 0.23770090267524024
    },
    "euclidean": {
      "pearson": 0.27426803534980376,
      "spearman": 0.2379426418779122
    },
    "evaluation_time": 0.03,
    "manhattan": {
      "pearson": 0.2741167840523462,
      "spearman": 0.23437069860196505
    }
  }
}