{
    "test": {
        "NYTTopicClustering": 0.09454305692875961,
        "NYTLocationClustering": 0.062280243249247025,
        "harmonic_mean": 0.075092991840756
    }
}