{
  "dataset_revision": "b0fddb56ed78048fa8b90373c8a3cfc37b684831",
  "mteb_dataset_name": "STSBenchmark",
  "mteb_version": "1.1.2.dev0",
  "test": {
    "cos_sim": {
      "pearson": 0.3376389183594893,
      "spearman": 0.38161863242146404
    },
    "euclidean": {
      "pearson": 0.37299907450501596,
      "spearman": 0.40493547329012275
    },
    "evaluation_time": 0.06,
    "manhattan": {
      "pearson": 0.5518358596509328,
      "spearman": 0.5442583291621061
    }
  }
}