{
  "dataset_revision": "b0fddb56ed78048fa8b90373c8a3cfc37b684831",
  "mteb_dataset_name": "STSBenchmark",
  "mteb_version": "1.1.2.dev0",
  "test": {
    "cos_sim": {
      "pearson": 0.31966274484321816,
      "spearman": 0.3842256597487296
    },
    "euclidean": {
      "pearson": 0.38696484474428205,
      "spearman": 0.4098055685091151
    },
    "evaluation_time": 0.03,
    "manhattan": {
      "pearson": 0.39553579732817856,
      "spearman": 0.4171598051343665
    }
  }
}