{
  "dataset_revision": null,
  "mteb_dataset_name": "InstructSTSBenchmark",
  "mteb_version": "1.1.2.dev0",
  "test": {
    "cos_sim": {
      "pearson": 0.12304355219172039,
      "spearman": 0.16283396233165218
    },
    "euclidean": {
      "pearson": 0.003985218204045862,
      "spearman": 0.004718498287000089
    },
    "evaluation_time": 0.11,
    "manhattan": {
      "pearson": 0.04638635236362863,
      "spearman": 0.06492272920533208
    }
  }
}