{
  "dataset_revision": "a0d554a64d88156834ff5ae9920b964011b16384",
  "mteb_dataset_name": "STS12",
  "mteb_version": "1.1.2.dev0",
  "test": {
    "cos_sim": {
      "pearson": 0.13752679207881371,
      "spearman": 0.22469239889224968
    },
    "euclidean": {
      "pearson": 0.1304168007769859,
      "spearman": 0.2433021176786034
    },
    "evaluation_time": 0.43,
    "manhattan": {
      "pearson": 0.20337808268811325,
      "spearman": 0.27302424392002816
    }
  }
}