{
  "dataset_revision": null,
  "mteb_dataset_name": "InstructSTSBenchmark",
  "mteb_version": "1.1.2.dev0",
  "test": {
    "cos_sim": {
      "pearson": 0.020764544558943256,
      "spearman": -0.00836815038104601
    },
    "euclidean": {
      "pearson": -0.014900434944349682,
      "spearman": -0.030093007259676223
    },
    "evaluation_time": 0.12,
    "manhattan": {
      "pearson": -0.014824267811725375,
      "spearman": -0.033039507018972056
    }
  }
}