{
    "test": {
        "NYTTopicClustering": 0.06850050231118887,
        "NYTLocationClustering": 0.047050346121017196,
        "harmonic_mean": 0.05578449634248286
    }
}