{
  "dataset_revision": null,
  "mteb_dataset_name": "InstructSTSBenchmark",
  "mteb_version": "1.1.2.dev0",
  "test": {
    "cos_sim": {
      "pearson": -0.002194206137337037,
      "spearman": -0.02506027643165156
    },
    "euclidean": {
      "pearson": -0.01202013130269798,
      "spearman": -0.025417772887977603
    },
    "evaluation_time": 0.12,
    "manhattan": {
      "pearson": -0.012064860669713592,
      "spearman": -0.02542050534524254
    }
  }
}