{
  "dataset_revision": "b0fddb56ed78048fa8b90373c8a3cfc37b684831",
  "mteb_dataset_name": "STSBenchmark",
  "mteb_version": "1.1.2.dev0",
  "test": {
    "cos_sim": {
      "pearson": 0.03880584735262916,
      "spearman": 0.06608490606475662
    },
    "euclidean": {
      "pearson": 0.04816492249095469,
      "spearman": 0.06008627410601558
    },
    "evaluation_time": 0.04,
    "manhattan": {
      "pearson": 0.0696632099111182,
      "spearman": 0.08262833222768455
    }
  }
}