{
  "dataset_revision": "b0fddb56ed78048fa8b90373c8a3cfc37b684831",
  "mteb_dataset_name": "STSBenchmark",
  "mteb_version": "1.1.2.dev0",
  "test": {
    "cos_sim": {
      "pearson": 0.25001398906545225,
      "spearman": 0.38079144061233344
    },
    "euclidean": {
      "pearson": 0.33259051482775,
      "spearman": 0.4058272577643803
    },
    "evaluation_time": 0.03,
    "manhattan": {
      "pearson": 0.3372076619995593,
      "spearman": 0.41035385354621284
    }
  }
}