{
  "dataset_revision": "b0fddb56ed78048fa8b90373c8a3cfc37b684831",
  "mteb_dataset_name": "STSBenchmark",
  "mteb_version": "1.1.2.dev0",
  "test": {
    "cos_sim": {
      "pearson": 0.3905983965246069,
      "spearman": 0.39887887176114273
    },
    "euclidean": {
      "pearson": 0.402433693341447,
      "spearman": 0.4103919847958317
    },
    "evaluation_time": 0.03,
    "manhattan": {
      "pearson": 0.40755953146829227,
      "spearman": 0.41402616822850985
    }
  }
}