{
  "dataset_revision": "b0fddb56ed78048fa8b90373c8a3cfc37b684831",
  "mteb_dataset_name": "STSBenchmark",
  "mteb_version": "1.1.2.dev0",
  "test": {
    "cos_sim": {
      "pearson": 0.3245532798363099,
      "spearman": 0.38801158106153943
    },
    "euclidean": {
      "pearson": 0.3892460432862419,
      "spearman": 0.410463109220283
    },
    "evaluation_time": 0.03,
    "manhattan": {
      "pearson": 0.4001576207061852,
      "spearman": 0.4198518241687209
    }
  }
}