{
  "dataset_revision": "b0fddb56ed78048fa8b90373c8a3cfc37b684831",
  "mteb_dataset_name": "STSBenchmark",
  "mteb_version": "1.1.2.dev0",
  "test": {
    "cos_sim": {
      "pearson": 0.27172957053467567,
      "spearman": 0.23109502817445948
    },
    "euclidean": {
      "pearson": 0.2943572206683387,
      "spearman": 0.23109275120328793
    },
    "evaluation_time": 0.03,
    "manhattan": {
      "pearson": 0.29548123811959964,
      "spearman": 0.23100098540605446
    }
  }
}