{
  "dataset_revision": "b0fddb56ed78048fa8b90373c8a3cfc37b684831",
  "mteb_dataset_name": "STSBenchmark",
  "mteb_version": "1.1.2.dev0",
  "test": {
    "cos_sim": {
      "pearson": 0.31162122804585946,
      "spearman": 0.364573330022424
    },
    "euclidean": {
      "pearson": 0.3763540975329348,
      "spearman": 0.379041113217661
    },
    "evaluation_time": 0.03,
    "manhattan": {
      "pearson": 0.4157925064576149,
      "spearman": 0.4059243589021968
    }
  }
}