{
  "dataset_revision": null,
  "mteb_dataset_name": "InstructSTSBenchmark",
  "mteb_version": "1.1.2.dev0",
  "test": {
    "cos_sim": {
      "pearson": -0.1127930841510496,
      "spearman": -0.1146657492065732
    },
    "euclidean": {
      "pearson": -0.12549241491420215,
      "spearman": -0.122573934254182
    },
    "evaluation_time": 0.12,
    "manhattan": {
      "pearson": -0.12780143818372616,
      "spearman": -0.12536832718206672
    }
  }
}