{
  "dataset_revision": "b0fddb56ed78048fa8b90373c8a3cfc37b684831",
  "mteb_dataset_name": "STSBenchmark",
  "mteb_version": "1.1.2.dev0",
  "test": {
    "cos_sim": {
      "pearson": 0.41251247491524934,
      "spearman": 0.42797897992057843
    },
    "euclidean": {
      "pearson": 0.42495389764311836,
      "spearman": 0.4344311794483548
    },
    "evaluation_time": 0.03,
    "manhattan": {
      "pearson": 0.4306405680656723,
      "spearman": 0.4394566719448822
    }
  }
}