{
  "dataset_revision": "b0fddb56ed78048fa8b90373c8a3cfc37b684831",
  "mteb_dataset_name": "STSBenchmark",
  "mteb_version": "1.1.2.dev0",
  "test": {
    "cos_sim": {
      "pearson": 0.17683325647031514,
      "spearman": 0.22123909426719535
    },
    "euclidean": {
      "pearson": 0.1644433536971914,
      "spearman": 0.21687855250066543
    },
    "evaluation_time": 0.05,
    "manhattan": {
      "pearson": 0.1875966863606901,
      "spearman": 0.23638709630799176
    }
  }
}