{
  "dataset_revision": "b0fddb56ed78048fa8b90373c8a3cfc37b684831",
  "mteb_dataset_name": "STSBenchmark",
  "mteb_version": "1.1.2.dev0",
  "test": {
    "cos_sim": {
      "pearson": 0.08353884159437297,
      "spearman": 0.05649981226179236
    },
    "euclidean": {
      "pearson": 0.0573947153315805,
      "spearman": 0.02155176118535382
    },
    "evaluation_time": 0.04,
    "manhattan": {
      "pearson": 0.09040653567436382,
      "spearman": 0.03175227590337218
    }
  }
}