{
  "dataset_revision": null,
  "mteb_dataset_name": "InstructSTSBenchmark",
  "mteb_version": "1.1.2.dev0",
  "test": {
    "cos_sim": {
      "pearson": 0.25942411530613596,
      "spearman": 0.23156254629342066
    },
    "euclidean": {
      "pearson": 0.2634446302087491,
      "spearman": 0.21677266593952613
    },
    "evaluation_time": 0.1,
    "manhattan": {
      "pearson": 0.26463832154310163,
      "spearman": 0.2187113443999968
    }
  }
}