{
  "dataset_revision": null,
  "mteb_dataset_name": "InstructSTSBenchmark",
  "mteb_version": "1.1.2.dev0",
  "test": {
    "cos_sim": {
      "pearson": 0.2020702949082607,
      "spearman": 0.2325872178008853
    },
    "euclidean": {
      "pearson": 0.18522227626270021,
      "spearman": 0.1961184769705089
    },
    "evaluation_time": 0.12,
    "manhattan": {
      "pearson": 0.18483580733229912,
      "spearman": 0.19591673051437383
    }
  }
}