{
  "dataset_revision": "b0fddb56ed78048fa8b90373c8a3cfc37b684831",
  "mteb_dataset_name": "STSBenchmark",
  "mteb_version": "1.1.2.dev0",
  "test": {
    "cos_sim": {
      "pearson": 0.19336268250222188,
      "spearman": 0.26151275067034413
    },
    "euclidean": {
      "pearson": 0.19313661100919116,
      "spearman": 0.262211459614537
    },
    "evaluation_time": 0.04,
    "manhattan": {
      "pearson": 0.2868845330929008,
      "spearman": 0.2856882276278522
    }
  }
}