{
  "dataset_revision": "b0fddb56ed78048fa8b90373c8a3cfc37b684831",
  "mteb_dataset_name": "STSBenchmark",
  "mteb_version": "1.1.2.dev0",
  "test": {
    "cos_sim": {
      "pearson": 0.05371823339815093,
      "spearman": 0.17203070416783298
    },
    "euclidean": {
      "pearson": 0.06988815972639824,
      "spearman": 0.0913551964838084
    },
    "evaluation_time": 0.07,
    "manhattan": {
      "pearson": 0.1742375658654304,
      "spearman": 0.21749489330003438
    }
  }
}