{
    "dataset_revision": null,
    "mteb_dataset_name": "IntentEmotion",
    "mteb_version": "1.1.2.dev0",
    "test": {
        "Emotion_success_rate": 0.9547077922077922,
        "Intent_success_rate": 0.043993506493506494,
        "evaluation_time": 0.42,
        "harmonic_mean": 0.08411114045093175
    }
}