{
  "dataset_revision": "b0fddb56ed78048fa8b90373c8a3cfc37b684831",
  "mteb_dataset_name": "STSBenchmark",
  "mteb_version": "1.1.2.dev0",
  "test": {
    "cos_sim": {
      "pearson": 0.1629784457679337,
      "spearman": 0.2131910373948447
    },
    "euclidean": {
      "pearson": 0.09879615757114613,
      "spearman": 0.10113845051952601
    },
    "evaluation_time": 0.06,
    "manhattan": {
      "pearson": 0.16883909784113849,
      "spearman": 0.1969036359799127
    }
  }
}