{
  "dataset_revision": "b0fddb56ed78048fa8b90373c8a3cfc37b684831",
  "mteb_dataset_name": "STSBenchmark",
  "mteb_version": "1.1.2.dev0",
  "test": {
    "cos_sim": {
      "pearson": 0.2611346914043212,
      "spearman": 0.30147989857419816
    },
    "euclidean": {
      "pearson": 0.2757010196696001,
      "spearman": 0.29964918592090756
    },
    "evaluation_time": 0.05,
    "manhattan": {
      "pearson": 0.2723651648388457,
      "spearman": 0.29430692592694835
    }
  }
}