{
  "dataset_revision": "b0fddb56ed78048fa8b90373c8a3cfc37b684831",
  "mteb_dataset_name": "STSBenchmark",
  "mteb_version": "1.1.2.dev0",
  "test": {
    "cos_sim": {
      "pearson": 0.3484053129046414,
      "spearman": 0.3924526360587279
    },
    "euclidean": {
      "pearson": 0.3762799999620331,
      "spearman": 0.38223918336809765
    },
    "evaluation_time": 0.03,
    "manhattan": {
      "pearson": 0.3829920641692414,
      "spearman": 0.3872469347703464
    }
  }
}