{
  "dataset_revision": "b0fddb56ed78048fa8b90373c8a3cfc37b684831",
  "mteb_dataset_name": "STSBenchmark",
  "mteb_version": "1.1.2.dev0",
  "test": {
    "cos_sim": {
      "pearson": 0.21249242885106423,
      "spearman": 0.24391210762368715
    },
    "euclidean": {
      "pearson": 0.16430343297130162,
      "spearman": 0.18763013851780003
    },
    "evaluation_time": 0.07,
    "manhattan": {
      "pearson": 0.3857245194913018,
      "spearman": 0.3833086657319277
    }
  }
}