{
  "dataset_revision": "b0fddb56ed78048fa8b90373c8a3cfc37b684831",
  "mteb_dataset_name": "STSBenchmark",
  "mteb_version": "1.1.2.dev0",
  "test": {
    "cos_sim": {
      "pearson": 0.42854725448925696,
      "spearman": 0.4309819547879219
    },
    "euclidean": {
      "pearson": 0.4210864742811743,
      "spearman": 0.4362988244672833
    },
    "evaluation_time": 0.08,
    "manhattan": {
      "pearson": 0.47688185863002874,
      "spearman": 0.47611705599952725
    }
  }
}