{
  "dataset_revision": "b0fddb56ed78048fa8b90373c8a3cfc37b684831",
  "mteb_dataset_name": "STSBenchmark",
  "mteb_version": "1.1.2.dev0",
  "test": {
    "cos_sim": {
      "pearson": 0.3888094650935066,
      "spearman": 0.4262003359136604
    },
    "euclidean": {
      "pearson": 0.3828118393527417,
      "spearman": 0.40615987652194424
    },
    "evaluation_time": 0.03,
    "manhattan": {
      "pearson": 0.3855959526686507,
      "spearman": 0.4080120597084811
    }
  }
}