{
  "dataset_revision": "b0fddb56ed78048fa8b90373c8a3cfc37b684831",
  "mteb_dataset_name": "STSBenchmark",
  "mteb_version": "1.1.2.dev0",
  "test": {
    "cos_sim": {
      "pearson": 0.17645676753849698,
      "spearman": 0.36866682565636555
    },
    "euclidean": {
      "pearson": 0.23485607049231721,
      "spearman": 0.39087767824658803
    },
    "evaluation_time": 0.04,
    "manhattan": {
      "pearson": 0.2364000782692139,
      "spearman": 0.3957898373943203
    }
  }
}