{
  "dataset_revision": "b0fddb56ed78048fa8b90373c8a3cfc37b684831",
  "mteb_dataset_name": "STSBenchmark",
  "mteb_version": "1.1.2.dev0",
  "test": {
    "cos_sim": {
      "pearson": 0.05722036248326183,
      "spearman": 0.15195977887437026
    },
    "euclidean": {
      "pearson": 0.09631551380907595,
      "spearman": 0.1480313682105888
    },
    "evaluation_time": 0.06,
    "manhattan": {
      "pearson": 0.16150536017813952,
      "spearman": 0.21367178769524192
    }
  }
}