{
  "dataset_revision": "b0fddb56ed78048fa8b90373c8a3cfc37b684831",
  "mteb_dataset_name": "STSBenchmark",
  "mteb_version": "1.1.2.dev0",
  "test": {
    "cos_sim": {
      "pearson": 0.34652673228957215,
      "spearman": 0.3832536854376602
    },
    "euclidean": {
      "pearson": 0.38441847203540497,
      "spearman": 0.3977852796352795
    },
    "evaluation_time": 0.05,
    "manhattan": {
      "pearson": 0.4199557285020957,
      "spearman": 0.42325799665622815
    }
  }
}