{
  "dataset_revision": "b0fddb56ed78048fa8b90373c8a3cfc37b684831",
  "mteb_dataset_name": "STSBenchmark",
  "mteb_version": "1.1.2.dev0",
  "test": {
    "cos_sim": {
      "pearson": 0.11061201609926485,
      "spearman": 0.1626839069829019
    },
    "euclidean": {
      "pearson": 0.1490861303470884,
      "spearman": 0.16311576617725165
    },
    "evaluation_time": 0.07,
    "manhattan": {
      "pearson": 0.1508935786180827,
      "spearman": 0.16908417491693956
    }
  }
}