{
  "dataset_revision": "b0fddb56ed78048fa8b90373c8a3cfc37b684831",
  "mteb_dataset_name": "STSBenchmark",
  "mteb_version": "1.1.2.dev0",
  "test": {
    "cos_sim": {
      "pearson": 0.13438752497183584,
      "spearman": 0.10850882269623828
    },
    "euclidean": {
      "pearson": 0.1918648225841668,
      "spearman": 0.1423835243204372
    },
    "evaluation_time": 0.08,
    "manhattan": {
      "pearson": 0.19543970405726385,
      "spearman": 0.14227486423263633
    }
  }
}