{
  "dataset_revision": null,
  "mteb_dataset_name": "InstructSTSBenchmark",
  "mteb_version": "1.1.2.dev0",
  "test": {
    "cos_sim": {
      "pearson": 0.07884118496877307,
      "spearman": 0.0956701599885671
    },
    "euclidean": {
      "pearson": 0.07847830972767247,
      "spearman": 0.07679480062291599
    },
    "evaluation_time": 0.12,
    "manhattan": {
      "pearson": 0.07831135491373316,
      "spearman": 0.07629157306564192
    }
  }
}