{
  "dataset_revision": "a0d554a64d88156834ff5ae9920b964011b16384",
  "mteb_dataset_name": "STS12",
  "mteb_version": "1.1.2.dev0",
  "test": {
    "cos_sim": {
      "pearson": 0.13873306324677329,
      "spearman": 0.3209655949648343
    },
    "euclidean": {
      "pearson": 0.21213382317981158,
      "spearman": 0.3364606403485812
    },
    "evaluation_time": 0.43,
    "manhattan": {
      "pearson": 0.21808653535883818,
      "spearman": 0.3423205731591076
    }
  }
}