{
  "dataset_revision": "b0fddb56ed78048fa8b90373c8a3cfc37b684831",
  "mteb_dataset_name": "STSBenchmark",
  "mteb_version": "1.1.2.dev0",
  "test": {
    "cos_sim": {
      "pearson": 0.18489852822572467,
      "spearman": 0.22455137218720805
    },
    "euclidean": {
      "pearson": 0.13252881726200724,
      "spearman": 0.15920681962873937
    },
    "evaluation_time": 0.06,
    "manhattan": {
      "pearson": 0.36638901989832795,
      "spearman": 0.3657460640950923
    }
  }
}