{
  "dataset_revision": null,
  "mteb_dataset_name": "InstructSTSBenchmark",
  "mteb_version": "1.1.2.dev0",
  "test": {
    "cos_sim": {
      "pearson": -0.0973462491976761,
      "spearman": -0.09108464615987764
    },
    "euclidean": {
      "pearson": -0.11055279399236961,
      "spearman": -0.10429926001631969
    },
    "evaluation_time": 0.1,
    "manhattan": {
      "pearson": -0.11491814518173159,
      "spearman": -0.10916121230903364
    }
  }
}