{
  "dataset_revision": null,
  "mteb_dataset_name": "InstructSTSBenchmark",
  "mteb_version": "1.1.2.dev0",
  "test": {
    "cos_sim": {
      "pearson": 0.04748751109728156,
      "spearman": 0.0523798395252074
    },
    "euclidean": {
      "pearson": 0.00902416847169642,
      "spearman": 0.0672826614439054
    },
    "evaluation_time": 0.12,
    "manhattan": {
      "pearson": 0.07569298428116322,
      "spearman": 0.06386982233011002
    }
  }
}