{
  "dataset_revision": "b0fddb56ed78048fa8b90373c8a3cfc37b684831",
  "mteb_dataset_name": "STSBenchmark",
  "mteb_version": "1.1.2.dev0",
  "test": {
    "cos_sim": {
      "pearson": 0.31684133297521755,
      "spearman": 0.3612850537877183
    },
    "euclidean": {
      "pearson": 0.3488970973207911,
      "spearman": 0.35615636864396233
    },
    "evaluation_time": 0.03,
    "manhattan": {
      "pearson": 0.3537080694748466,
      "spearman": 0.35946515594493544
    }
  }
}