{
  "dataset_revision": null,
  "mteb_dataset_name": "InstructSTSBenchmark",
  "mteb_version": "1.1.2.dev0",
  "test": {
    "cos_sim": {
      "pearson": 0.18119114589619317,
      "spearman": 0.1713669682140469
    },
    "euclidean": {
      "pearson": 0.18365262709897204,
      "spearman": 0.16490425134842382
    },
    "evaluation_time": 0.07,
    "manhattan": {
      "pearson": 0.1839063755010273,
      "spearman": 0.16523578949656936
    }
  }
}