{
  "dataset_revision": "b0fddb56ed78048fa8b90373c8a3cfc37b684831",
  "mteb_dataset_name": "STSBenchmark",
  "mteb_version": "1.1.2.dev0",
  "test": {
    "cos_sim": {
      "pearson": 0.18488418179143956,
      "spearman": 0.24800385184205465
    },
    "euclidean": {
      "pearson": 0.21110936159596103,
      "spearman": 0.2517436527628716
    },
    "evaluation_time": 0.04,
    "manhattan": {
      "pearson": 0.21886442482936116,
      "spearman": 0.247157951945875
    }
  }
}