{
  "dataset_revision": "b0fddb56ed78048fa8b90373c8a3cfc37b684831",
  "mteb_dataset_name": "STSBenchmark",
  "mteb_version": "1.1.2.dev0",
  "test": {
    "cos_sim": {
      "pearson": 0.1691775133862906,
      "spearman": 0.23891603513040618
    },
    "euclidean": {
      "pearson": 0.16146514943798,
      "spearman": 0.24960286233743562
    },
    "evaluation_time": 0.04,
    "manhattan": {
      "pearson": 0.23553832652995343,
      "spearman": 0.2594781278267555
    }
  }
}