{
  "dataset_revision": "b0fddb56ed78048fa8b90373c8a3cfc37b684831",
  "mteb_dataset_name": "STSBenchmark",
  "mteb_version": "1.1.2.dev0",
  "test": {
    "cos_sim": {
      "pearson": 0.2911333903751187,
      "spearman": 0.25285939326669954
    },
    "euclidean": {
      "pearson": 0.30544291007126934,
      "spearman": 0.24435060597886266
    },
    "evaluation_time": 0.04,
    "manhattan": {
      "pearson": 0.30549997429750153,
      "spearman": 0.24364060788356204
    }
  }
}