{
  "dataset_revision": null,
  "mteb_dataset_name": "InstructSTSBenchmark",
  "mteb_version": "1.1.2.dev0",
  "test": {
    "cos_sim": {
      "pearson": 0.11149649864777332,
      "spearman": 0.1569719280878919
    },
    "euclidean": {
      "pearson": 0.053177776936411264,
      "spearman": 0.07546454933345466
    },
    "evaluation_time": 0.12,
    "manhattan": {
      "pearson": 0.07971479721093924,
      "spearman": 0.09873051212529527
    }
  }
}