{
  "dataset_revision": "a0d554a64d88156834ff5ae9920b964011b16384",
  "mteb_dataset_name": "STS12",
  "mteb_version": "1.1.2.dev0",
  "test": {
    "cos_sim": {
      "pearson": 0.24149076391089477,
      "spearman": 0.3525379794652027
    },
    "euclidean": {
      "pearson": 0.27441395929574247,
      "spearman": 0.3761651741718669
    },
    "evaluation_time": 0.37,
    "manhattan": {
      "pearson": 0.3604726695229818,
      "spearman": 0.41159176887405086
    }
  }
}