{
  "dataset_revision": "b0fddb56ed78048fa8b90373c8a3cfc37b684831",
  "mteb_dataset_name": "STSBenchmark",
  "mteb_version": "1.1.2.dev0",
  "test": {
    "cos_sim": {
      "pearson": 0.2811062991861633,
      "spearman": 0.23402120043978045
    },
    "euclidean": {
      "pearson": 0.27783725475875237,
      "spearman": 0.23469307644755538
    },
    "evaluation_time": 0.04,
    "manhattan": {
      "pearson": 0.2813947961057706,
      "spearman": 0.2505229279170648
    }
  }
}