{
    "test": {
        "NYTTopicClustering": 0.4498259833416148,
        "NYTLocationClustering": 0.5081762211500931,
        "harmonic_mean": 0.47722410684583383
    }
}