{
  "dataset_revision": null,
  "mteb_dataset_name": "InstructSTSBenchmark",
  "mteb_version": "1.1.2.dev0",
  "test": {
    "cos_sim": {
      "pearson": 0.01284457363650168,
      "spearman": 0.026731174013323443
    },
    "euclidean": {
      "pearson": 0.013122817588147461,
      "spearman": 0.016049998564689135
    },
    "evaluation_time": 0.11,
    "manhattan": {
      "pearson": 0.012989260674511116,
      "spearman": 0.016244003030499582
    }
  }
}