{
  "dataset_revision": "b0fddb56ed78048fa8b90373c8a3cfc37b684831",
  "mteb_dataset_name": "STSBenchmark",
  "mteb_version": "1.1.2.dev0",
  "test": {
    "cos_sim": {
      "pearson": 0.0384107374599257,
      "spearman": 0.10832874157193002
    },
    "euclidean": {
      "pearson": 0.07265481688450788,
      "spearman": 0.07507063654560875
    },
    "evaluation_time": 0.03,
    "manhattan": {
      "pearson": 0.09193600677649079,
      "spearman": 0.11043329309359426
    }
  }
}