{
  "dataset_revision": "b0fddb56ed78048fa8b90373c8a3cfc37b684831",
  "mteb_dataset_name": "STSBenchmark",
  "mteb_version": "1.1.2.dev0",
  "test": {
    "cos_sim": {
      "pearson": 0.31519726321482705,
      "spearman": 0.2687145617379148
    },
    "euclidean": {
      "pearson": 0.3175645796806866,
      "spearman": 0.268940728964807
    },
    "evaluation_time": 0.03,
    "manhattan": {
      "pearson": 0.31861581644472414,
      "spearman": 0.27289481966726764
    }
  }
}