{
  "dataset_revision": "b0fddb56ed78048fa8b90373c8a3cfc37b684831",
  "mteb_dataset_name": "STSBenchmark",
  "mteb_version": "1.1.2.dev0",
  "test": {
    "cos_sim": {
      "pearson": 0.09215763534200178,
      "spearman": 0.0688271068658087
    },
    "euclidean": {
      "pearson": 0.06901917783915312,
      "spearman": 0.04608979983804443
    },
    "evaluation_time": 0.04,
    "manhattan": {
      "pearson": 0.09834248715333081,
      "spearman": 0.045708700378829785
    }
  }
}