{
  "dataset_revision": "b0fddb56ed78048fa8b90373c8a3cfc37b684831",
  "mteb_dataset_name": "STSBenchmark",
  "mteb_version": "1.1.2.dev0",
  "test": {
    "cos_sim": {
      "pearson": 0.4745129727188691,
      "spearman": 0.48776793723877077
    },
    "euclidean": {
      "pearson": 0.48923590095191993,
      "spearman": 0.4885274554629688
    },
    "evaluation_time": 0.06,
    "manhattan": {
      "pearson": 0.4893351193368106,
      "spearman": 0.48867021285070456
    }
  }
}