{
    "dataset_revision": null,
    "mteb_dataset_name": "IntentEmotion",
    "mteb_version": "1.1.2.dev0",
    "test": {
        "Emotion_success_rate": 0.9668831168831169,
        "Intent_success_rate": 0.033928571428571426,
        "evaluation_time": 0.22,
        "harmonic_mean": 0.06555673285978177
    }
}