{
  "dataset_revision": "b0fddb56ed78048fa8b90373c8a3cfc37b684831",
  "mteb_dataset_name": "STSBenchmark",
  "mteb_version": "1.1.2.dev0",
  "test": {
    "cos_sim": {
      "pearson": 0.29140970413508455,
      "spearman": 0.3297419850370473
    },
    "euclidean": {
      "pearson": 0.3322393201773349,
      "spearman": 0.34248370423996427
    },
    "evaluation_time": 0.03,
    "manhattan": {
      "pearson": 0.34473643663909415,
      "spearman": 0.3517262623789174
    }
  }
}