{
  "dataset_revision": "b0fddb56ed78048fa8b90373c8a3cfc37b684831",
  "mteb_dataset_name": "STSBenchmark",
  "mteb_version": "1.1.2.dev0",
  "test": {
    "cos_sim": {
      "pearson": 0.4139001303578271,
      "spearman": 0.4405499943804144
    },
    "euclidean": {
      "pearson": 0.42655748796707355,
      "spearman": 0.44077120130479114
    },
    "evaluation_time": 0.03,
    "manhattan": {
      "pearson": 0.4427571556975824,
      "spearman": 0.45505421080924613
    }
  }
}