{
  "dataset_revision": "b0fddb56ed78048fa8b90373c8a3cfc37b684831",
  "mteb_dataset_name": "STSBenchmark",
  "mteb_version": "1.1.2.dev0",
  "test": {
    "cos_sim": {
      "pearson": 0.22208751385843953,
      "spearman": 0.23493673378537652
    },
    "euclidean": {
      "pearson": 0.2457557905884035,
      "spearman": 0.24760111060627737
    },
    "evaluation_time": 0.04,
    "manhattan": {
      "pearson": 0.25641055552431324,
      "spearman": 0.25835489726062866
    }
  }
}