{
  "dataset_revision": "b0fddb56ed78048fa8b90373c8a3cfc37b684831",
  "mteb_dataset_name": "STSBenchmark",
  "mteb_version": "1.1.2.dev0",
  "test": {
    "cos_sim": {
      "pearson": 0.13579075466060486,
      "spearman": 0.16406850667349215
    },
    "euclidean": {
      "pearson": 0.1435780589595682,
      "spearman": 0.1585054208792918
    },
    "evaluation_time": 0.04,
    "manhattan": {
      "pearson": 0.15913928470237262,
      "spearman": 0.17432271265957766
    }
  }
}