{
  "dataset_revision": "a0d554a64d88156834ff5ae9920b964011b16384",
  "mteb_dataset_name": "STS12",
  "mteb_version": "1.1.2.dev0",
  "test": {
    "cos_sim": {
      "pearson": 0.15273915126650284,
      "spearman": 0.16923832133778294
    },
    "euclidean": {
      "pearson": 0.17144919533480624,
      "spearman": 0.19153143821663843
    },
    "evaluation_time": 0.4,
    "manhattan": {
      "pearson": 0.17225543115177788,
      "spearman": 0.19140766056703468
    }
  }
}