{
  "dataset_revision": null,
  "mteb_dataset_name": "InstructSTSBenchmark",
  "mteb_version": "1.1.2.dev0",
  "test": {
    "cos_sim": {
      "pearson": 0.05080990030556869,
      "spearman": 0.06400507910199668
    },
    "euclidean": {
      "pearson": -0.0016649473942037909,
      "spearman": 0.005624763279870485
    },
    "evaluation_time": 0.15,
    "manhattan": {
      "pearson": 0.013871843550047374,
      "spearman": 0.01910579660597575
    }
  }
}