{
  "dataset_revision": null,
  "mteb_dataset_name": "InstructSTSBenchmark",
  "mteb_version": "1.1.2.dev0",
  "test": {
    "cos_sim": {
      "pearson": -0.037171690487830866,
      "spearman": -0.024208879261029156
    },
    "euclidean": {
      "pearson": -0.12961165951212889,
      "spearman": -0.10985981064392926
    },
    "evaluation_time": 0.12,
    "manhattan": {
      "pearson": -0.14763159679184049,
      "spearman": -0.1387045402731304
    }
  }
}