{
  "dataset_revision": null,
  "mteb_dataset_name": "InstructSTSBenchmark",
  "mteb_version": "1.1.2.dev0",
  "test": {
    "cos_sim": {
      "pearson": 0.06967342097155757,
      "spearman": 0.06484257710701555
    },
    "euclidean": {
      "pearson": 0.05212259141885101,
      "spearman": 0.05569066691027446
    },
    "evaluation_time": 0.15,
    "manhattan": {
      "pearson": 0.061773883122011576,
      "spearman": 0.05518698396247379
    }
  }
}