{
  "dataset_revision": "b0fddb56ed78048fa8b90373c8a3cfc37b684831",
  "mteb_dataset_name": "STSBenchmark",
  "mteb_version": "1.1.2.dev0",
  "test": {
    "cos_sim": {
      "pearson": 0.5900973647104357,
      "spearman": 0.5884517509917728
    },
    "euclidean": {
      "pearson": 0.5604476382491566,
      "spearman": 0.5513918278474643
    },
    "evaluation_time": 0.06,
    "manhattan": {
      "pearson": 0.5664909965907331,
      "spearman": 0.556228263501218
    }
  }
}