{
  "dataset_revision": null,
  "mteb_dataset_name": "InstructSTSBenchmark",
  "mteb_version": "1.1.2.dev0",
  "test": {
    "cos_sim": {
      "pearson": 0.06280277507043522,
      "spearman": 0.050257631050047505
    },
    "euclidean": {
      "pearson": 0.055373115176061465,
      "spearman": 0.05062332492113935
    },
    "evaluation_time": 0.11,
    "manhattan": {
      "pearson": 0.05973250341561704,
      "spearman": 0.0520328174526598
    }
  }
}