{
  "dataset_revision": null,
  "mteb_dataset_name": "InstructSTSBenchmark",
  "mteb_version": "1.1.2.dev0",
  "test": {
    "cos_sim": {
      "pearson": 0.009400160337000502,
      "spearman": 0.023313331008597026
    },
    "euclidean": {
      "pearson": -0.13059183135382016,
      "spearman": -0.11240281745994604
    },
    "evaluation_time": 0.11,
    "manhattan": {
      "pearson": -0.09007184559403196,
      "spearman": -0.07921985643456486
    }
  }
}