{
  "dataset_revision": "a0d554a64d88156834ff5ae9920b964011b16384",
  "mteb_dataset_name": "STS12",
  "mteb_version": "1.1.2.dev0",
  "test": {
    "cos_sim": {
      "pearson": 0.2274762702057823,
      "spearman": 0.39037775741371805
    },
    "euclidean": {
      "pearson": 0.14617871110965858,
      "spearman": 0.26425420616926143
    },
    "evaluation_time": 0.34,
    "manhattan": {
      "pearson": 0.37322966290288373,
      "spearman": 0.48226608264930576
    }
  }
}