{
  "dataset_revision": "b0fddb56ed78048fa8b90373c8a3cfc37b684831",
  "mteb_dataset_name": "STSBenchmark",
  "mteb_version": "1.1.2.dev0",
  "test": {
    "cos_sim": {
      "pearson": 0.2887138969632991,
      "spearman": 0.38079425568260183
    },
    "euclidean": {
      "pearson": 0.1088911974321234,
      "spearman": 0.12010481161835082
    },
    "evaluation_time": 0.06,
    "manhattan": {
      "pearson": 0.5022381864904567,
      "spearman": 0.5204067200551541
    }
  }
}