{
  "dataset_revision": "b0fddb56ed78048fa8b90373c8a3cfc37b684831",
  "mteb_dataset_name": "STSBenchmark",
  "mteb_version": "1.1.2.dev0",
  "test": {
    "cos_sim": {
      "pearson": 0.44217717435068143,
      "spearman": 0.4494891833117022
    },
    "euclidean": {
      "pearson": 0.5046673447250605,
      "spearman": 0.5015581033345006
    },
    "evaluation_time": 0.04,
    "manhattan": {
      "pearson": 0.5178145127249066,
      "spearman": 0.5182150637403752
    }
  }
}