{
  "dataset_revision": "b0fddb56ed78048fa8b90373c8a3cfc37b684831",
  "mteb_dataset_name": "STSBenchmark",
  "mteb_version": "1.1.2.dev0",
  "test": {
    "cos_sim": {
      "pearson": 0.5324039374344965,
      "spearman": 0.5385319443832538
    },
    "euclidean": {
      "pearson": 0.5525045013520117,
      "spearman": 0.5566110032404414
    },
    "evaluation_time": 0.06,
    "manhattan": {
      "pearson": 0.5598950280967748,
      "spearman": 0.5633998935798169
    }
  }
}