{
  "dataset_revision": "b0fddb56ed78048fa8b90373c8a3cfc37b684831",
  "mteb_dataset_name": "STSBenchmark",
  "mteb_version": "1.1.2.dev0",
  "test": {
    "cos_sim": {
      "pearson": 0.35137119621565416,
      "spearman": 0.3468296564909969
    },
    "euclidean": {
      "pearson": 0.36416965326820755,
      "spearman": 0.3472660721476796
    },
    "evaluation_time": 0.04,
    "manhattan": {
      "pearson": 0.36461985698448546,
      "spearman": 0.3470876758087502
    }
  }
}