{
  "dataset_revision": null,
  "mteb_dataset_name": "InstructSTSBenchmark",
  "mteb_version": "1.1.2.dev0",
  "test": {
    "cos_sim": {
      "pearson": 0.012510494378736305,
      "spearman": 0.021871500562901876
    },
    "euclidean": {
      "pearson": -0.10969299479401967,
      "spearman": -0.09432488016815326
    },
    "evaluation_time": 0.12,
    "manhattan": {
      "pearson": -0.053049212315778936,
      "spearman": -0.05229832123178422
    }
  }
}