{
  "dataset_revision": "b0fddb56ed78048fa8b90373c8a3cfc37b684831",
  "mteb_dataset_name": "STSBenchmark",
  "mteb_version": "1.1.2.dev0",
  "test": {
    "cos_sim": {
      "pearson": 0.36216329156421984,
      "spearman": 0.3729338435904142
    },
    "euclidean": {
      "pearson": 0.35841323702528144,
      "spearman": 0.35557732158889443
    },
    "evaluation_time": 0.03,
    "manhattan": {
      "pearson": 0.36158209491882093,
      "spearman": 0.35829558993175437
    }
  }
}