{
  "dataset_revision": "b0fddb56ed78048fa8b90373c8a3cfc37b684831",
  "mteb_dataset_name": "STSBenchmark",
  "mteb_version": "1.1.2.dev0",
  "test": {
    "cos_sim": {
      "pearson": 0.3772790011752994,
      "spearman": 0.3959582711464755
    },
    "euclidean": {
      "pearson": 0.4037321196691554,
      "spearman": 0.4064627824092206
    },
    "evaluation_time": 0.03,
    "manhattan": {
      "pearson": 0.4107968103101465,
      "spearman": 0.41332862246247326
    }
  }
}