{
    "dataset_revision": null,
    "mteb_dataset_name": "IntentEmotion",
    "mteb_version": "1.1.2.dev0",
    "test": {
        "Emotion_success_rate": 0.37613636363636366,
        "Intent_success_rate": 0.6616883116883117,
        "evaluation_time": 58.77,
        "harmonic_mean": 0.47962829737735513
    }
}