{
  "dataset_revision": "a0d554a64d88156834ff5ae9920b964011b16384",
  "mteb_dataset_name": "STS12",
  "mteb_version": "1.1.2.dev0",
  "test": {
    "cos_sim": {
      "pearson": 0.707286155031455,
      "spearman": 0.6517011693328953
    },
    "euclidean": {
      "pearson": 0.6784818168805717,
      "spearman": 0.6516824018185737
    },
    "evaluation_time": 28.47,
    "manhattan": {
      "pearson": 0.6770286633083706,
      "spearman": 0.6511889401335875
    }
  }
}