{
  "dataset_revision": "b0fddb56ed78048fa8b90373c8a3cfc37b684831",
  "mteb_dataset_name": "STSBenchmark",
  "mteb_version": "1.1.2.dev0",
  "test": {
    "cos_sim": {
      "pearson": 0.39105929876562906,
      "spearman": 0.4195855568685868
    },
    "euclidean": {
      "pearson": 0.4500107428349857,
      "spearman": 0.4542799902151881
    },
    "evaluation_time": 0.03,
    "manhattan": {
      "pearson": 0.4677312765264717,
      "spearman": 0.46661521352320323
    }
  }
}