{
  "dataset_revision": "b0fddb56ed78048fa8b90373c8a3cfc37b684831",
  "mteb_dataset_name": "STSBenchmark",
  "mteb_version": "1.1.2.dev0",
  "test": {
    "cos_sim": {
      "pearson": 0.19089521878900506,
      "spearman": 0.2617039943338343
    },
    "euclidean": {
      "pearson": 0.28383514744385535,
      "spearman": 0.3025717555013258
    },
    "evaluation_time": 0.08,
    "manhattan": {
      "pearson": 0.3310550485034145,
      "spearman": 0.34060520531417343
    }
  }
}