{
  "dataset_revision": "b0fddb56ed78048fa8b90373c8a3cfc37b684831",
  "mteb_dataset_name": "STSBenchmark",
  "mteb_version": "1.1.2.dev0",
  "test": {
    "cos_sim": {
      "pearson": 0.787736668907506,
      "spearman": 0.7811259042840074
    },
    "euclidean": {
      "pearson": 0.7757813864256478,
      "spearman": 0.7710494661574439
    },
    "evaluation_time": 0.1,
    "manhattan": {
      "pearson": 0.7759059982250691,
      "spearman": 0.7709286492424254
    }
  }
}