{
  "dataset_revision": "b0fddb56ed78048fa8b90373c8a3cfc37b684831",
  "mteb_dataset_name": "STSBenchmark",
  "mteb_version": "1.1.2.dev0",
  "test": {
    "cos_sim": {
      "pearson": 0.32522275102056697,
      "spearman": 0.4061569163018857
    },
    "euclidean": {
      "pearson": 0.37321204835643623,
      "spearman": 0.4090278133410957
    },
    "evaluation_time": 0.03,
    "manhattan": {
      "pearson": 0.4035994964356849,
      "spearman": 0.4240196256724602
    }
  }
}