{
  "dataset_revision": "a0d554a64d88156834ff5ae9920b964011b16384",
  "mteb_dataset_name": "STS12",
  "mteb_version": "1.1.2.dev0",
  "test": {
    "cos_sim": {
      "pearson": 0.37212925062961705,
      "spearman": 0.3952935185121754
    },
    "euclidean": {
      "pearson": 0.40722894777435825,
      "spearman": 0.3929192069388117
    },
    "evaluation_time": 0.34,
    "manhattan": {
      "pearson": 0.4111451961029274,
      "spearman": 0.3902273322828367
    }
  }
}