{
  "dataset_revision": "b0fddb56ed78048fa8b90373c8a3cfc37b684831",
  "mteb_dataset_name": "STSBenchmark",
  "mteb_version": "1.1.2.dev0",
  "test": {
    "cos_sim": {
      "pearson": 0.3849282684014944,
      "spearman": 0.48577384825264097
    },
    "euclidean": {
      "pearson": 0.43253646708977656,
      "spearman": 0.4818206712809258
    },
    "evaluation_time": 0.06,
    "manhattan": {
      "pearson": 0.4470022903794357,
      "spearman": 0.4947837407258854
    }
  }
}