{
  "dataset_revision": "b0fddb56ed78048fa8b90373c8a3cfc37b684831",
  "mteb_dataset_name": "STSBenchmark",
  "mteb_version": "1.1.2.dev0",
  "test": {
    "cos_sim": {
      "pearson": 0.3888108285230477,
      "spearman": 0.3917450476962557
    },
    "euclidean": {
      "pearson": 0.40039099778263415,
      "spearman": 0.39137074947065864
    },
    "evaluation_time": 0.03,
    "manhattan": {
      "pearson": 0.4020506030307234,
      "spearman": 0.3934388066965755
    }
  }
}