{
  "dataset_revision": "b0fddb56ed78048fa8b90373c8a3cfc37b684831",
  "mteb_dataset_name": "STSBenchmark",
  "mteb_version": "1.1.2.dev0",
  "test": {
    "cos_sim": {
      "pearson": 0.5391435114540288,
      "spearman": 0.5554879668303289
    },
    "euclidean": {
      "pearson": 0.49223253463542005,
      "spearman": 0.5215877937544913
    },
    "evaluation_time": 0.03,
    "manhattan": {
      "pearson": 0.49205870313979083,
      "spearman": 0.52046288689947
    }
  }
}