{
  "dataset_revision": null,
  "mteb_dataset_name": "InstructSTSBenchmark",
  "mteb_version": "1.1.2.dev0",
  "test": {
    "cos_sim": {
      "pearson": 0.02961607559291787,
      "spearman": 0.03365385454216375
    },
    "euclidean": {
      "pearson": 0.014258566240542976,
      "spearman": 0.015232083023384997
    },
    "evaluation_time": 0.15,
    "manhattan": {
      "pearson": 0.018212847651369424,
      "spearman": 0.018885378389304878
    }
  }
}