{
  "dataset_revision": "b0fddb56ed78048fa8b90373c8a3cfc37b684831",
  "mteb_dataset_name": "STSBenchmark",
  "mteb_version": "1.1.2.dev0",
  "test": {
    "cos_sim": {
      "pearson": 0.2664113714693187,
      "spearman": 0.33043601458378685
    },
    "euclidean": {
      "pearson": 0.35333231478172605,
      "spearman": 0.3674001943133004
    },
    "evaluation_time": 0.07,
    "manhattan": {
      "pearson": 0.3704954165122736,
      "spearman": 0.3803096770810631
    }
  }
}