{
  "dataset_revision": "b0fddb56ed78048fa8b90373c8a3cfc37b684831",
  "mteb_dataset_name": "STSBenchmark",
  "mteb_version": "1.1.2.dev0",
  "test": {
    "cos_sim": {
      "pearson": 0.037339974182617405,
      "spearman": 0.0624086907695467
    },
    "euclidean": {
      "pearson": 0.032811892774214424,
      "spearman": 0.05820668709037923
    },
    "evaluation_time": 0.04,
    "manhattan": {
      "pearson": 0.05077068143305734,
      "spearman": 0.0969379737010252
    }
  }
}