{
  "dataset_revision": "b0fddb56ed78048fa8b90373c8a3cfc37b684831",
  "mteb_dataset_name": "STSBenchmark",
  "mteb_version": "1.1.2.dev0",
  "test": {
    "cos_sim": {
      "pearson": 0.46906886373734835,
      "spearman": 0.48732163305969933
    },
    "euclidean": {
      "pearson": 0.47885014735694614,
      "spearman": 0.48847693373340345
    },
    "evaluation_time": 0.03,
    "manhattan": {
      "pearson": 0.4880877469076794,
      "spearman": 0.4966902230185026
    }
  }
}