{
  "dataset_revision": "b0fddb56ed78048fa8b90373c8a3cfc37b684831",
  "mteb_dataset_name": "STSBenchmark",
  "mteb_version": "1.1.2.dev0",
  "test": {
    "cos_sim": {
      "pearson": 0.0299243783444352,
      "spearman": 0.04636806558764685
    },
    "euclidean": {
      "pearson": -0.024302685965001625,
      "spearman": -0.02238372842459975
    },
    "evaluation_time": 0.04,
    "manhattan": {
      "pearson": -0.02279277010134929,
      "spearman": -0.02017363927501678
    }
  }
}