{
  "dataset_revision": "b0fddb56ed78048fa8b90373c8a3cfc37b684831",
  "mteb_dataset_name": "STSBenchmark",
  "mteb_version": "1.1.2.dev0",
  "test": {
    "cos_sim": {
      "pearson": 0.36391874273593566,
      "spearman": 0.3737487412741143
    },
    "euclidean": {
      "pearson": 0.41944568222244066,
      "spearman": 0.4165938334831688
    },
    "evaluation_time": 0.06,
    "manhattan": {
      "pearson": 0.43882828049360195,
      "spearman": 0.4332223540068057
    }
  }
}