{
  "dataset_revision": "b0fddb56ed78048fa8b90373c8a3cfc37b684831",
  "mteb_dataset_name": "STSBenchmark",
  "mteb_version": "1.1.2.dev0",
  "test": {
    "cos_sim": {
      "pearson": 0.031165122583615486,
      "spearman": 0.10106146402053298
    },
    "euclidean": {
      "pearson": 0.07222974945491141,
      "spearman": 0.07373941474211138
    },
    "evaluation_time": 0.03,
    "manhattan": {
      "pearson": 0.08133561594714767,
      "spearman": 0.09312156832369449
    }
  }
}