{
  "dataset_revision": "b0fddb56ed78048fa8b90373c8a3cfc37b684831",
  "mteb_dataset_name": "STSBenchmark",
  "mteb_version": "1.1.2.dev0",
  "test": {
    "cos_sim": {
      "pearson": 0.4155209415452732,
      "spearman": 0.42709464757049653
    },
    "euclidean": {
      "pearson": 0.42355856056197266,
      "spearman": 0.4318481567402307
    },
    "evaluation_time": 0.03,
    "manhattan": {
      "pearson": 0.4278814948022179,
      "spearman": 0.43596136084651227
    }
  }
}