{
  "dataset_revision": null,
  "mteb_dataset_name": "InstructSTSBenchmark",
  "mteb_version": "1.1.2.dev0",
  "test": {
    "cos_sim": {
      "pearson": 0.23859059463489618,
      "spearman": 0.27508876891878614
    },
    "euclidean": {
      "pearson": 0.22120334497618843,
      "spearman": 0.23313006597751923
    },
    "evaluation_time": 0.15,
    "manhattan": {
      "pearson": 0.2226648481364377,
      "spearman": 0.23437242321397672
    }
  }
}