{
  "dataset_revision": "b0fddb56ed78048fa8b90373c8a3cfc37b684831",
  "mteb_dataset_name": "STSBenchmark",
  "mteb_version": "1.1.2.dev0",
  "test": {
    "cos_sim": {
      "pearson": 0.5925096275543412,
      "spearman": 0.6464529741107778
    },
    "euclidean": {
      "pearson": 0.648135345784794,
      "spearman": 0.6590603183665217
    },
    "evaluation_time": 0.06,
    "manhattan": {
      "pearson": 0.651943668573785,
      "spearman": 0.6622145006957693
    }
  }
}