{
  "dataset_revision": null,
  "mteb_dataset_name": "InstructSTSBenchmark",
  "mteb_version": "1.1.2.dev0",
  "test": {
    "cos_sim": {
      "pearson": 0.059205435685210646,
      "spearman": 0.06492318587750959
    },
    "euclidean": {
      "pearson": -0.12321542083953888,
      "spearman": -0.10073431410517648
    },
    "evaluation_time": 0.1,
    "manhattan": {
      "pearson": -0.004060307516106158,
      "spearman": -0.0009167394122548894
    }
  }
}