{
  "dataset_revision": "b0fddb56ed78048fa8b90373c8a3cfc37b684831",
  "mteb_dataset_name": "STSBenchmark",
  "mteb_version": "1.1.2.dev0",
  "test": {
    "cos_sim": {
      "pearson": 0.386480284889648,
      "spearman": 0.3976736718513689
    },
    "euclidean": {
      "pearson": 0.44342682893661783,
      "spearman": 0.4323306025280426
    },
    "evaluation_time": 0.07,
    "manhattan": {
      "pearson": 0.4465854821254026,
      "spearman": 0.43477519680646276
    }
  }
}