{
  "dataset_revision": null,
  "mteb_dataset_name": "InstructSTSBenchmark",
  "mteb_version": "1.1.2.dev0",
  "test": {
    "cos_sim": {
      "pearson": -0.02508915784702246,
      "spearman": -0.026773998242622193
    },
    "euclidean": {
      "pearson": -0.10511721000352109,
      "spearman": -0.09343592073821504
    },
    "evaluation_time": 0.11,
    "manhattan": {
      "pearson": -0.08595468448500061,
      "spearman": -0.08562655787726182
    }
  }
}