{
  "dataset_revision": "b0fddb56ed78048fa8b90373c8a3cfc37b684831",
  "mteb_dataset_name": "STSBenchmark",
  "mteb_version": "1.1.2.dev0",
  "test": {
    "cos_sim": {
      "pearson": 0.1516376068250531,
      "spearman": 0.16691417538804879
    },
    "euclidean": {
      "pearson": 0.1765875969157346,
      "spearman": 0.16346634643437022
    },
    "evaluation_time": 0.06,
    "manhattan": {
      "pearson": 0.17699415209638,
      "spearman": 0.16388307797259144
    }
  }
}