{
  "dataset_revision": "b0fddb56ed78048fa8b90373c8a3cfc37b684831",
  "mteb_dataset_name": "STSBenchmark",
  "mteb_version": "1.1.2.dev0",
  "test": {
    "cos_sim": {
      "pearson": 0.3503503386713025,
      "spearman": 0.3643992503304482
    },
    "euclidean": {
      "pearson": 0.3867426792164156,
      "spearman": 0.38891488716566613
    },
    "evaluation_time": 0.03,
    "manhattan": {
      "pearson": 0.3903487991961046,
      "spearman": 0.3912124197991966
    }
  }
}