{
  "dataset_revision": null,
  "mteb_dataset_name": "InstructSTSBenchmark",
  "mteb_version": "1.1.2.dev0",
  "test": {
    "cos_sim": {
      "pearson": 0.10503325654839306,
      "spearman": 0.11721057606788432
    },
    "euclidean": {
      "pearson": 0.10938986604668838,
      "spearman": 0.1057620354719395
    },
    "evaluation_time": 0.12,
    "manhattan": {
      "pearson": 0.11183580889473096,
      "spearman": 0.10689236197565871
    }
  }
}