{
  "dataset_revision": null,
  "mteb_dataset_name": "InstructSTSBenchmark",
  "mteb_version": "1.1.2.dev0",
  "test": {
    "cos_sim": {
      "pearson": -0.05143882099338769,
      "spearman": -0.040838395474323025
    },
    "euclidean": {
      "pearson": -0.05796790358873654,
      "spearman": -0.05783564587917675
    },
    "evaluation_time": 0.12,
    "manhattan": {
      "pearson": -0.05867482482997892,
      "spearman": -0.05840126453301847
    }
  }
}