{
  "dataset_revision": "a0d554a64d88156834ff5ae9920b964011b16384",
  "mteb_dataset_name": "STS12",
  "mteb_version": "1.1.2.dev0",
  "test": {
    "cos_sim": {
      "pearson": 0.1964240494315337,
      "spearman": 0.29544631736296384
    },
    "euclidean": {
      "pearson": 0.2737908667013729,
      "spearman": 0.3184268007320833
    },
    "evaluation_time": 0.35,
    "manhattan": {
      "pearson": 0.27458342347490533,
      "spearman": 0.31908534066312233
    }
  }
}