{
  "dataset_revision": "b0fddb56ed78048fa8b90373c8a3cfc37b684831",
  "mteb_dataset_name": "STSBenchmark",
  "mteb_version": "1.1.2.dev0",
  "test": {
    "cos_sim": {
      "pearson": 0.39289708104381615,
      "spearman": 0.5135645981073317
    },
    "euclidean": {
      "pearson": 0.4865346725829247,
      "spearman": 0.5208303626819232
    },
    "evaluation_time": 0.06,
    "manhattan": {
      "pearson": 0.4885631709155368,
      "spearman": 0.5224222908105923
    }
  }
}