{
  "dataset_revision": "b0fddb56ed78048fa8b90373c8a3cfc37b684831",
  "mteb_dataset_name": "STSBenchmark",
  "mteb_version": "1.1.2.dev0",
  "test": {
    "cos_sim": {
      "pearson": 0.3612784432289771,
      "spearman": 0.3865245785260999
    },
    "euclidean": {
      "pearson": 0.4350951635895397,
      "spearman": 0.42665913366304387
    },
    "evaluation_time": 0.07,
    "manhattan": {
      "pearson": 0.45288815782409775,
      "spearman": 0.442297605943515
    }
  }
}