{
  "dataset_revision": "b0fddb56ed78048fa8b90373c8a3cfc37b684831",
  "mteb_dataset_name": "STSBenchmark",
  "mteb_version": "1.1.2.dev0",
  "test": {
    "cos_sim": {
      "pearson": 0.08996705203739827,
      "spearman": 0.17938626657819443
    },
    "euclidean": {
      "pearson": 0.09762306592837063,
      "spearman": 0.12187654487575425
    },
    "evaluation_time": 0.04,
    "manhattan": {
      "pearson": 0.15374940681836527,
      "spearman": 0.17963433986159907
    }
  }
}