{
  "dataset_revision": "b0fddb56ed78048fa8b90373c8a3cfc37b684831",
  "mteb_dataset_name": "STSBenchmark",
  "mteb_version": "1.1.2.dev0",
  "test": {
    "cos_sim": {
      "pearson": 0.2048200917236641,
      "spearman": 0.2383891020486764
    },
    "euclidean": {
      "pearson": 0.23441503756499474,
      "spearman": 0.2353126780592952
    },
    "evaluation_time": 0.08,
    "manhattan": {
      "pearson": 0.24831796209215454,
      "spearman": 0.24098878691814732
    }
  }
}