{
  "dataset_revision": null,
  "mteb_dataset_name": "InstructSTSBenchmark",
  "mteb_version": "1.1.2.dev0",
  "test": {
    "cos_sim": {
      "pearson": -0.01837969382268829,
      "spearman": -0.0002582178216548857
    },
    "euclidean": {
      "pearson": -0.12780313058020745,
      "spearman": -0.1087891427426253
    },
    "evaluation_time": 0.16,
    "manhattan": {
      "pearson": -0.1347956114496637,
      "spearman": -0.1237725721393442
    }
  }
}