{
  "dataset_revision": "a0d554a64d88156834ff5ae9920b964011b16384",
  "mteb_dataset_name": "STS12",
  "mteb_version": "1.1.2.dev0",
  "test": {
    "cos_sim": {
      "pearson": 0.18643170895820013,
      "spearman": 0.3172135448819083
    },
    "euclidean": {
      "pearson": 0.14123947258488306,
      "spearman": 0.2550281037454639
    },
    "evaluation_time": 0.4,
    "manhattan": {
      "pearson": 0.23417635636512601,
      "spearman": 0.361446498659483
    }
  }
}