{
  "dataset_revision": "b0fddb56ed78048fa8b90373c8a3cfc37b684831",
  "mteb_dataset_name": "STSBenchmark",
  "mteb_version": "1.1.2.dev0",
  "test": {
    "cos_sim": {
      "pearson": 0.18140926248185876,
      "spearman": 0.2749791774266737
    },
    "euclidean": {
      "pearson": 0.10103923201741884,
      "spearman": 0.10529424119654722
    },
    "evaluation_time": 0.07,
    "manhattan": {
      "pearson": 0.2868385010599813,
      "spearman": 0.3180556710787288
    }
  }
}