{
  "dataset_revision": "b0fddb56ed78048fa8b90373c8a3cfc37b684831",
  "mteb_dataset_name": "STSBenchmark",
  "mteb_version": "1.1.2.dev0",
  "test": {
    "cos_sim": {
      "pearson": 0.1257167615521063,
      "spearman": 0.2122431873264836
    },
    "euclidean": {
      "pearson": 0.11635274975235119,
      "spearman": 0.1572553270546784
    },
    "evaluation_time": 0.08,
    "manhattan": {
      "pearson": 0.2909019803691984,
      "spearman": 0.30011522659813317
    }
  }
}