{
  "dataset_revision": "b0fddb56ed78048fa8b90373c8a3cfc37b684831",
  "mteb_dataset_name": "STSBenchmark",
  "mteb_version": "1.1.2.dev0",
  "test": {
    "cos_sim": {
      "pearson": 0.12052737305707134,
      "spearman": 0.12907629863109576
    },
    "euclidean": {
      "pearson": 0.0773080882105802,
      "spearman": 0.08974019616449816
    },
    "evaluation_time": 0.05,
    "manhattan": {
      "pearson": 0.1696131438135578,
      "spearman": 0.19238756604080504
    }
  }
}