{
  "dataset_revision": "b0fddb56ed78048fa8b90373c8a3cfc37b684831",
  "mteb_dataset_name": "STSBenchmark",
  "mteb_version": "1.1.2.dev0",
  "test": {
    "cos_sim": {
      "pearson": 0.2232776222939545,
      "spearman": 0.27926341882867317
    },
    "euclidean": {
      "pearson": 0.26027061491341097,
      "spearman": 0.27919482093081943
    },
    "evaluation_time": 0.03,
    "manhattan": {
      "pearson": 0.25971895684625834,
      "spearman": 0.2789994160295675
    }
  }
}