{
  "dataset_revision": null,
  "mteb_dataset_name": "InstructSTSBenchmark",
  "mteb_version": "1.1.2.dev0",
  "test": {
    "cos_sim": {
      "pearson": -0.005860670540178578,
      "spearman": 0.028201236066219736
    },
    "euclidean": {
      "pearson": -0.0024099880762435116,
      "spearman": 0.015756714818252686
    },
    "evaluation_time": 0.15,
    "manhattan": {
      "pearson": -0.002454258040403838,
      "spearman": 0.015542672332499376
    }
  }
}