{
  "dataset_revision": "b0fddb56ed78048fa8b90373c8a3cfc37b684831",
  "mteb_dataset_name": "STSBenchmark",
  "mteb_version": "1.1.2.dev0",
  "test": {
    "cos_sim": {
      "pearson": 0.02365712272061847,
      "spearman": 0.05785558595984024
    },
    "euclidean": {
      "pearson": 0.03136181014841467,
      "spearman": 0.0584807941028384
    },
    "evaluation_time": 0.03,
    "manhattan": {
      "pearson": 0.03698198822891266,
      "spearman": 0.06776038852941849
    }
  }
}