{
  "dataset_revision": null,
  "mteb_dataset_name": "InstructSTSBenchmark",
  "mteb_version": "1.1.2.dev0",
  "test": {
    "cos_sim": {
      "pearson": 0.20392189987326,
      "spearman": 0.20291045514612455
    },
    "euclidean": {
      "pearson": 0.20266699840814745,
      "spearman": 0.19303398807185027
    },
    "evaluation_time": 0.07,
    "manhattan": {
      "pearson": 0.20354726809879045,
      "spearman": 0.19424355582112857
    }
  }
}