{
    "test": {
        "NYTTopicClustering": 0.10931940447256622,
        "NYTLocationClustering": 0.42676232635849537,
        "harmonic_mean": 0.17405333666863515
    }
}