{
  "dataset_revision": "b0fddb56ed78048fa8b90373c8a3cfc37b684831",
  "mteb_dataset_name": "STSBenchmark",
  "mteb_version": "1.1.2.dev0",
  "test": {
    "cos_sim": {
      "pearson": 0.3794961525360162,
      "spearman": 0.45009935660849915
    },
    "euclidean": {
      "pearson": 0.41588162773225673,
      "spearman": 0.44601334380502133
    },
    "evaluation_time": 0.03,
    "manhattan": {
      "pearson": 0.42228004882137155,
      "spearman": 0.4483399886311452
    }
  }
}