{
  "dataset_revision": null,
  "mteb_dataset_name": "InstructSTSBenchmark",
  "mteb_version": "1.1.2.dev0",
  "test": {
    "cos_sim": {
      "pearson": 0.03636526742612172,
      "spearman": 0.04146048836835742
    },
    "euclidean": {
      "pearson": -0.12815180581147276,
      "spearman": -0.10987165119781539
    },
    "evaluation_time": 0.11,
    "manhattan": {
      "pearson": -0.04486798726920716,
      "spearman": -0.04146094030357545
    }
  }
}