{
  "dataset_revision": "b0fddb56ed78048fa8b90373c8a3cfc37b684831",
  "mteb_dataset_name": "STSBenchmark",
  "mteb_version": "1.1.2.dev0",
  "test": {
    "cos_sim": {
      "pearson": 0.27265537630255565,
      "spearman": 0.23722731928672286
    },
    "euclidean": {
      "pearson": 0.2844170259180758,
      "spearman": 0.23742003259730418
    },
    "evaluation_time": 0.03,
    "manhattan": {
      "pearson": 0.2853664744449002,
      "spearman": 0.2425017809811965
    }
  }
}