{
  "dataset_revision": null,
  "mteb_dataset_name": "InstructSTSBenchmark",
  "mteb_version": "1.1.2.dev0",
  "test": {
    "cos_sim": {
      "pearson": -0.14279779895697214,
      "spearman": -0.14465628849520146
    },
    "euclidean": {
      "pearson": -0.15070003016305863,
      "spearman": -0.14580619670469872
    },
    "evaluation_time": 0.08,
    "manhattan": {
      "pearson": -0.15291520698991296,
      "spearman": -0.14802313036565004
    }
  }
}