{
  "dataset_revision": "b0fddb56ed78048fa8b90373c8a3cfc37b684831",
  "mteb_dataset_name": "STSBenchmark",
  "mteb_version": "1.1.2.dev0",
  "test": {
    "cos_sim": {
      "pearson": 0.2567807829101825,
      "spearman": 0.31470484188896813
    },
    "euclidean": {
      "pearson": 0.29217995534578695,
      "spearman": 0.319432836980794
    },
    "evaluation_time": 0.06,
    "manhattan": {
      "pearson": 0.30038623755563104,
      "spearman": 0.3276937838306543
    }
  }
}