{
  "dataset_revision": "b0fddb56ed78048fa8b90373c8a3cfc37b684831",
  "mteb_dataset_name": "STSBenchmark",
  "mteb_version": "1.1.2.dev0",
  "test": {
    "cos_sim": {
      "pearson": 0.5383527538181936,
      "spearman": 0.6081651697191086
    },
    "euclidean": {
      "pearson": 0.5875106719211872,
      "spearman": 0.6083700123680735
    },
    "evaluation_time": 0.03,
    "manhattan": {
      "pearson": 0.5874948877765743,
      "spearman": 0.6083522226717777
    }
  }
}