{
  "dataset_revision": null,
  "mteb_dataset_name": "InstructSTSBenchmark",
  "mteb_version": "1.1.2.dev0",
  "test": {
    "cos_sim": {
      "pearson": 0.18329378688113454,
      "spearman": 0.18253452108353935
    },
    "euclidean": {
      "pearson": 0.18927775064091537,
      "spearman": 0.17826961062482075
    },
    "evaluation_time": 0.12,
    "manhattan": {
      "pearson": 0.18879846479259962,
      "spearman": 0.17746490198578985
    }
  }
}