{
  "dataset_revision": "b0fddb56ed78048fa8b90373c8a3cfc37b684831",
  "mteb_dataset_name": "STSBenchmark",
  "mteb_version": "1.1.2.dev0",
  "test": {
    "cos_sim": {
      "pearson": 0.18137029727261328,
      "spearman": 0.2146239599896354
    },
    "euclidean": {
      "pearson": 0.16124147070667033,
      "spearman": 0.20251067656968885
    },
    "evaluation_time": 0.08,
    "manhattan": {
      "pearson": 0.17396278911187962,
      "spearman": 0.22242625302643726
    }
  }
}