{
  "dataset_revision": "b0fddb56ed78048fa8b90373c8a3cfc37b684831",
  "mteb_dataset_name": "STSBenchmark",
  "mteb_version": "1.1.2.dev0",
  "test": {
    "cos_sim": {
      "pearson": 0.031458389315025224,
      "spearman": 0.10099126526870315
    },
    "euclidean": {
      "pearson": 0.03957363884303894,
      "spearman": 0.10109946700809593
    },
    "evaluation_time": 0.03,
    "manhattan": {
      "pearson": 0.04104644138987344,
      "spearman": 0.10265728638354055
    }
  }
}