{
    "test": {
        "NYTTopicClustering": 0.2380232296434631,
        "NYTLocationClustering": 0.1514290820333148,
        "harmonic_mean": 0.18509912577414883
    }
}