{
  "dataset_revision": "b0fddb56ed78048fa8b90373c8a3cfc37b684831",
  "mteb_dataset_name": "STSBenchmark",
  "mteb_version": "1.1.2.dev0",
  "test": {
    "cos_sim": {
      "pearson": 0.5179460716761063,
      "spearman": 0.5247152878800784
    },
    "euclidean": {
      "pearson": 0.5448485294795893,
      "spearman": 0.5493928259509081
    },
    "evaluation_time": 0.05,
    "manhattan": {
      "pearson": 0.5493325502684113,
      "spearman": 0.5528545551605712
    }
  }
}