{
  "dataset_revision": null,
  "mteb_dataset_name": "InstructSTSBenchmark",
  "mteb_version": "1.1.2.dev0",
  "test": {
    "cos_sim": {
      "pearson": 0.12077538329494619,
      "spearman": 0.15933733125549623
    },
    "euclidean": {
      "pearson": -0.00041537661253206225,
      "spearman": -0.005591973792691255
    },
    "evaluation_time": 0.12,
    "manhattan": {
      "pearson": 0.035362065410476665,
      "spearman": 0.052333387766684225
    }
  }
}