{
  "dataset_revision": "a0d554a64d88156834ff5ae9920b964011b16384",
  "mteb_dataset_name": "STS12",
  "mteb_version": "1.1.2.dev0",
  "test": {
    "cos_sim": {
      "pearson": 0.15602258214200723,
      "spearman": 0.24666153776898936
    },
    "euclidean": {
      "pearson": 0.12698460040923992,
      "spearman": 0.2293250306908601
    },
    "evaluation_time": 0.38,
    "manhattan": {
      "pearson": 0.23808690805953256,
      "spearman": 0.30785395697352436
    }
  }
}