{
  "dataset_revision": null,
  "mteb_dataset_name": "InstructSTSBenchmark",
  "mteb_version": "1.1.2.dev0",
  "test": {
    "cos_sim": {
      "pearson": 0.059905144581845676,
      "spearman": 0.06465722866795602
    },
    "euclidean": {
      "pearson": -0.12386786422067285,
      "spearman": -0.10446411827128058
    },
    "evaluation_time": 0.11,
    "manhattan": {
      "pearson": -0.007008602967382369,
      "spearman": -0.004670680284863712
    }
  }
}