{
  "dataset_revision": "b0fddb56ed78048fa8b90373c8a3cfc37b684831",
  "mteb_dataset_name": "STSBenchmark",
  "mteb_version": "1.1.2.dev0",
  "test": {
    "cos_sim": {
      "pearson": 0.24701512943676773,
      "spearman": 0.24086879170648118
    },
    "euclidean": {
      "pearson": 0.22891457290468972,
      "spearman": 0.2286878215496662
    },
    "evaluation_time": 0.04,
    "manhattan": {
      "pearson": 0.36035522978195716,
      "spearman": 0.35581579955132375
    }
  }
}