{
  "dataset_revision": null,
  "mteb_dataset_name": "InstructSTSBenchmark",
  "mteb_version": "1.1.2.dev0",
  "test": {
    "cos_sim": {
      "pearson": 0.2130076006729436,
      "spearman": 0.22344896985589802
    },
    "euclidean": {
      "pearson": 0.25373581030152076,
      "spearman": 0.2346192551533585
    },
    "evaluation_time": 0.13,
    "manhattan": {
      "pearson": 0.25404979102101616,
      "spearman": 0.23404361748962765
    }
  }
}