{
  "dataset_revision": null,
  "mteb_dataset_name": "InstructSTSBenchmark",
  "mteb_version": "1.1.2.dev0",
  "test": {
    "cos_sim": {
      "pearson": 0.14537532057311625,
      "spearman": 0.14792573281647312
    },
    "euclidean": {
      "pearson": 0.12470860571937574,
      "spearman": 0.1105868737038305
    },
    "evaluation_time": 923.6,
    "manhattan": {
      "pearson": 0.12832385940298388,
      "spearman": 0.11187420025385104
    }
  }
}