{
  "dataset_revision": null,
  "mteb_dataset_name": "InstructSTSBenchmark",
  "mteb_version": "1.1.2.dev0",
  "test": {
    "cos_sim": {
      "pearson": -0.0017283193870634161,
      "spearman": 0.0133161750711208
    },
    "euclidean": {
      "pearson": -0.01029851968951277,
      "spearman": -0.011291879644117979
    },
    "evaluation_time": 0.15,
    "manhattan": {
      "pearson": -0.014694070306877176,
      "spearman": -0.017721806998751498
    }
  }
}