{
    "test": {
        "NYTTopicClustering": 0.01001809991912955,
        "NYTLocationClustering": 0.06791562968077544,
        "harmonic_mean": 0.017460634116617284
    }
}