{
  "dataset_revision": "b0fddb56ed78048fa8b90373c8a3cfc37b684831",
  "mteb_dataset_name": "STSBenchmark",
  "mteb_version": "1.1.2.dev0",
  "test": {
    "cos_sim": {
      "pearson": 0.5790480392724151,
      "spearman": 0.596457957509211
    },
    "euclidean": {
      "pearson": 0.6186466923919468,
      "spearman": 0.6106916181304183
    },
    "evaluation_time": 0.04,
    "manhattan": {
      "pearson": 0.6436290197052345,
      "spearman": 0.6352408858983867
    }
  }
}