{
  "dataset_revision": "b0fddb56ed78048fa8b90373c8a3cfc37b684831",
  "mteb_dataset_name": "STSBenchmark",
  "mteb_version": "1.1.2.dev0",
  "test": {
    "cos_sim": {
      "pearson": 0.23139921845730765,
      "spearman": 0.23311462371927433
    },
    "euclidean": {
      "pearson": 0.27252220982374586,
      "spearman": 0.23344115833656517
    },
    "evaluation_time": 0.03,
    "manhattan": {
      "pearson": 0.2760636768296014,
      "spearman": 0.2357557842888902
    }
  }
}