{
  "dataset_revision": null,
  "mteb_dataset_name": "InstructSTSBenchmark",
  "mteb_version": "1.1.2.dev0",
  "test": {
    "cos_sim": {
      "pearson": 0.0839226583143884,
      "spearman": 0.10744067505145839
    },
    "euclidean": {
      "pearson": 0.07654532268884537,
      "spearman": 0.08813586447744709
    },
    "evaluation_time": 0.14,
    "manhattan": {
      "pearson": 0.07613646207256439,
      "spearman": 0.08790360560996074
    }
  }
}