{
  "dataset_revision": null,
  "mteb_dataset_name": "InstructSTSBenchmark",
  "mteb_version": "1.1.2.dev0",
  "test": {
    "cos_sim": {
      "pearson": -0.04828499677995094,
      "spearman": -0.05393642934668735
    },
    "euclidean": {
      "pearson": -0.04194391782710162,
      "spearman": -0.05339995691146129
    },
    "evaluation_time": 0.11,
    "manhattan": {
      "pearson": -0.03155288462337553,
      "spearman": -0.050062715765204484
    }
  }
}