{
  "dataset_revision": "a0d554a64d88156834ff5ae9920b964011b16384",
  "mteb_dataset_name": "STS12",
  "mteb_version": "1.1.2.dev0",
  "test": {
    "cos_sim": {
      "pearson": 0.19148840071307338,
      "spearman": 0.18360251749490988
    },
    "euclidean": {
      "pearson": 0.1826778076934426,
      "spearman": 0.16852339472067399
    },
    "evaluation_time": 0.14,
    "manhattan": {
      "pearson": 0.2259723734641161,
      "spearman": 0.21374628520335714
    }
  }
}