{
  "dataset_revision": null,
  "mteb_dataset_name": "InstructSTSBenchmark",
  "mteb_version": "1.1.2.dev0",
  "test": {
    "cos_sim": {
      "pearson": 0.16588732676911816,
      "spearman": 0.16930851712259004
    },
    "euclidean": {
      "pearson": 0.14848859087862873,
      "spearman": 0.14281233436141733
    },
    "evaluation_time": 0.07,
    "manhattan": {
      "pearson": 0.14830674801641222,
      "spearman": 0.14266204921184586
    }
  }
}