{
  "dataset_revision": "b0fddb56ed78048fa8b90373c8a3cfc37b684831",
  "mteb_dataset_name": "STSBenchmark",
  "mteb_version": "1.1.2.dev0",
  "test": {
    "cos_sim": {
      "pearson": 0.5371630299107001,
      "spearman": 0.5324144712932446
    },
    "euclidean": {
      "pearson": 0.5400975445871086,
      "spearman": 0.5355986047307966
    },
    "evaluation_time": 0.05,
    "manhattan": {
      "pearson": 0.5422271687130821,
      "spearman": 0.537537647266309
    }
  }
}