{
  "dataset_revision": "b0fddb56ed78048fa8b90373c8a3cfc37b684831",
  "mteb_dataset_name": "STSBenchmark",
  "mteb_version": "1.1.2.dev0",
  "test": {
    "cos_sim": {
      "pearson": 0.1350941278144247,
      "spearman": 0.1904388065601258
    },
    "euclidean": {
      "pearson": 0.16648692570253926,
      "spearman": 0.19038067158797473
    },
    "evaluation_time": 0.03,
    "manhattan": {
      "pearson": 0.16732428236958602,
      "spearman": 0.19012858064184304
    }
  }
}