{
  "dataset_revision": "b0fddb56ed78048fa8b90373c8a3cfc37b684831",
  "mteb_dataset_name": "STSBenchmark",
  "mteb_version": "1.1.2.dev0",
  "test": {
    "cos_sim": {
      "pearson": 0.12563240893001654,
      "spearman": 0.35624908805064714
    },
    "euclidean": {
      "pearson": 0.19204265923137576,
      "spearman": 0.3533266799009185
    },
    "evaluation_time": 0.08,
    "manhattan": {
      "pearson": 0.19656168904361362,
      "spearman": 0.35480795273018984
    }
  }
}