{
  "dataset_revision": null,
  "mteb_dataset_name": "InstructSTSBenchmark",
  "mteb_version": "1.1.2.dev0",
  "test": {
    "cos_sim": {
      "pearson": 0.012664811940403798,
      "spearman": 0.02651986398104271
    },
    "euclidean": {
      "pearson": 0.0128379603006108,
      "spearman": 0.015850529182082174
    },
    "evaluation_time": 0.11,
    "manhattan": {
      "pearson": 0.012673671006241491,
      "spearman": 0.01601629825613125
    }
  }
}