{
  "dataset_revision": null,
  "mteb_dataset_name": "InstructSTSBenchmark",
  "mteb_version": "1.1.2.dev0",
  "test": {
    "cos_sim": {
      "pearson": 0.10367780549872378,
      "spearman": 0.17280196398441747
    },
    "euclidean": {
      "pearson": 0.22042434674817413,
      "spearman": 0.23906040906151838
    },
    "evaluation_time": 0.06,
    "manhattan": {
      "pearson": 0.2569531714248674,
      "spearman": 0.26827265434812997
    }
  }
}