{
  "dataset_revision": "b0fddb56ed78048fa8b90373c8a3cfc37b684831",
  "mteb_dataset_name": "STSBenchmark",
  "mteb_version": "1.1.2.dev0",
  "test": {
    "cos_sim": {
      "pearson": 0.415520828551415,
      "spearman": 0.4270939759022593
    },
    "euclidean": {
      "pearson": 0.4235585822805592,
      "spearman": 0.4318469564053274
    },
    "evaluation_time": 0.04,
    "manhattan": {
      "pearson": 0.42788152590381606,
      "spearman": 0.43596416697295604
    }
  }
}