{
  "dataset_revision": "b0fddb56ed78048fa8b90373c8a3cfc37b684831",
  "mteb_dataset_name": "STSBenchmark",
  "mteb_version": "1.1.2.dev0",
  "test": {
    "cos_sim": {
      "pearson": 0.04201327496330785,
      "spearman": 0.11962346019375553
    },
    "euclidean": {
      "pearson": 0.06390738991395796,
      "spearman": 0.071038471080308
    },
    "evaluation_time": 0.03,
    "manhattan": {
      "pearson": 0.07003118868192207,
      "spearman": 0.08632700617282939
    }
  }
}