{
  "dataset_revision": "b0fddb56ed78048fa8b90373c8a3cfc37b684831",
  "mteb_dataset_name": "STSBenchmark",
  "mteb_version": "1.1.2.dev0",
  "test": {
    "cos_sim": {
      "pearson": 0.027265745266583208,
      "spearman": 0.11062046198049544
    },
    "euclidean": {
      "pearson": 0.04383169945811803,
      "spearman": 0.10494638001868166
    },
    "evaluation_time": 0.04,
    "manhattan": {
      "pearson": 0.13714277821104665,
      "spearman": 0.12241185085845882
    }
  }
}