{
  "dataset_revision": null,
  "mteb_dataset_name": "InstructSTSBenchmark",
  "mteb_version": "1.1.2.dev0",
  "test": {
    "cos_sim": {
      "pearson": 0.12635587491747735,
      "spearman": 0.1795110574013956
    },
    "euclidean": {
      "pearson": 0.040735273206615734,
      "spearman": 0.06319126211845104
    },
    "evaluation_time": 0.13,
    "manhattan": {
      "pearson": 0.08089984572821099,
      "spearman": 0.10462715490302688
    }
  }
}