{
  "dataset_revision": "a0d554a64d88156834ff5ae9920b964011b16384",
  "mteb_dataset_name": "STS12",
  "mteb_version": "1.1.2.dev0",
  "test": {
    "cos_sim": {
      "pearson": 0.20203900748470288,
      "spearman": 0.3009286374165706
    },
    "euclidean": {
      "pearson": 0.20826231955999625,
      "spearman": 0.3309750817139737
    },
    "evaluation_time": 0.38,
    "manhattan": {
      "pearson": 0.3081699509771514,
      "spearman": 0.36863746180600926
    }
  }
}