{
  "dataset_revision": "b0fddb56ed78048fa8b90373c8a3cfc37b684831",
  "mteb_dataset_name": "STSBenchmark",
  "mteb_version": "1.1.2.dev0",
  "test": {
    "cos_sim": {
      "pearson": 0.24707854738520627,
      "spearman": 0.32999261682535436
    },
    "euclidean": {
      "pearson": 0.30072252401840155,
      "spearman": 0.34555125665012265
    },
    "evaluation_time": 0.06,
    "manhattan": {
      "pearson": 0.41582529063886975,
      "spearman": 0.4701954873276882
    }
  }
}