{
  "dataset_revision": "b0fddb56ed78048fa8b90373c8a3cfc37b684831",
  "mteb_dataset_name": "STSBenchmark",
  "mteb_version": "1.1.2.dev0",
  "test": {
    "cos_sim": {
      "pearson": 0.02941992209895692,
      "spearman": 0.10100420414169543
    },
    "euclidean": {
      "pearson": 0.07219666181917041,
      "spearman": 0.0736116546685205
    },
    "evaluation_time": 0.03,
    "manhattan": {
      "pearson": 0.08070396965119543,
      "spearman": 0.0919095393179515
    }
  }
}