{
  "dataset_revision": "b0fddb56ed78048fa8b90373c8a3cfc37b684831",
  "mteb_dataset_name": "STSBenchmark",
  "mteb_version": "1.1.2.dev0",
  "test": {
    "cos_sim": {
      "pearson": 0.17419365630484962,
      "spearman": 0.37451402722271904
    },
    "euclidean": {
      "pearson": 0.23753547140135564,
      "spearman": 0.3997218397233018
    },
    "evaluation_time": 0.03,
    "manhattan": {
      "pearson": 0.2421043076896865,
      "spearman": 0.41014564583623087
    }
  }
}