{
  "dataset_revision": "b0fddb56ed78048fa8b90373c8a3cfc37b684831",
  "mteb_dataset_name": "STSBenchmark",
  "mteb_version": "1.1.2.dev0",
  "test": {
    "cos_sim": {
      "pearson": 0.11721190554631337,
      "spearman": 0.1621759299458656
    },
    "euclidean": {
      "pearson": 0.13478717635305484,
      "spearman": 0.16223257070837346
    },
    "evaluation_time": 0.03,
    "manhattan": {
      "pearson": 0.13483267291542333,
      "spearman": 0.1631258810179899
    }
  }
}