{
  "dataset_revision": "b0fddb56ed78048fa8b90373c8a3cfc37b684831",
  "mteb_dataset_name": "STSBenchmark",
  "mteb_version": "1.1.2.dev0",
  "test": {
    "cos_sim": {
      "pearson": 0.49707728249593314,
      "spearman": 0.5022442820034009
    },
    "euclidean": {
      "pearson": 0.525337541409404,
      "spearman": 0.5317942188484047
    },
    "evaluation_time": 0.04,
    "manhattan": {
      "pearson": 0.5301639828840314,
      "spearman": 0.535708804179638
    }
  }
}