{
  "dataset_revision": "b0fddb56ed78048fa8b90373c8a3cfc37b684831",
  "mteb_dataset_name": "STSBenchmark",
  "mteb_version": "1.1.2.dev0",
  "test": {
    "cos_sim": {
      "pearson": 0.4872015578857895,
      "spearman": 0.515105580893714
    },
    "euclidean": {
      "pearson": 0.5191068406357153,
      "spearman": 0.5221701099788545
    },
    "evaluation_time": 0.03,
    "manhattan": {
      "pearson": 0.5274670344836125,
      "spearman": 0.5292402268743522
    }
  }
}