{
  "dataset_revision": "b0fddb56ed78048fa8b90373c8a3cfc37b684831",
  "mteb_dataset_name": "STSBenchmark",
  "mteb_version": "1.1.2.dev0",
  "test": {
    "cos_sim": {
      "pearson": 0.3107992886178415,
      "spearman": 0.3841560494872001
    },
    "euclidean": {
      "pearson": 0.3866134144324192,
      "spearman": 0.41384810404332284
    },
    "evaluation_time": 0.03,
    "manhattan": {
      "pearson": 0.39199238879766546,
      "spearman": 0.41694620278946604
    }
  }
}