{
  "dataset_revision": "b0fddb56ed78048fa8b90373c8a3cfc37b684831",
  "mteb_dataset_name": "STSBenchmark",
  "mteb_version": "1.1.2.dev0",
  "test": {
    "cos_sim": {
      "pearson": 0.3409418152210282,
      "spearman": 0.38154464962394147
    },
    "euclidean": {
      "pearson": 0.3660494062072425,
      "spearman": 0.3831212852069472
    },
    "evaluation_time": 0.06,
    "manhattan": {
      "pearson": 0.41550174804411877,
      "spearman": 0.4193924216621417
    }
  }
}