{
  "dataset_revision": "b0fddb56ed78048fa8b90373c8a3cfc37b684831",
  "mteb_dataset_name": "STSBenchmark",
  "mteb_version": "1.1.2.dev0",
  "test": {
    "cos_sim": {
      "pearson": 0.32002837846043436,
      "spearman": 0.33739635775864835
    },
    "euclidean": {
      "pearson": 0.3484491472593744,
      "spearman": 0.3538020583369336
    },
    "evaluation_time": 0.03,
    "manhattan": {
      "pearson": 0.35266992395730046,
      "spearman": 0.3563700244129864
    }
  }
}