{
  "dataset_revision": null,
  "mteb_dataset_name": "InstructSTSBenchmark",
  "mteb_version": "1.1.2.dev0",
  "test": {
    "cos_sim": {
      "pearson": 0.014017684690411229,
      "spearman": 0.029125722390333605
    },
    "euclidean": {
      "pearson": -0.1292363914140515,
      "spearman": -0.11081434896992998
    },
    "evaluation_time": 0.11,
    "manhattan": {
      "pearson": -0.08052720966567693,
      "spearman": -0.0697236566198244
    }
  }
}