{
  "dataset_revision": "a0d554a64d88156834ff5ae9920b964011b16384",
  "mteb_dataset_name": "STS12",
  "mteb_version": "1.1.2.dev0",
  "test": {
    "cos_sim": {
      "pearson": 0.22741906856995672,
      "spearman": 0.3940112955384746
    },
    "euclidean": {
      "pearson": 0.14749293740178251,
      "spearman": 0.2662588524583078
    },
    "evaluation_time": 0.34,
    "manhattan": {
      "pearson": 0.39481603473354576,
      "spearman": 0.4973095554902379
    }
  }
}