{
  "dataset_revision": "b0fddb56ed78048fa8b90373c8a3cfc37b684831",
  "mteb_dataset_name": "STSBenchmark",
  "mteb_version": "1.1.2.dev0",
  "test": {
    "cos_sim": {
      "pearson": 0.053666991379077544,
      "spearman": 0.26373149333673035
    },
    "euclidean": {
      "pearson": 0.17867024659797057,
      "spearman": 0.28583388522590214
    },
    "evaluation_time": 0.08,
    "manhattan": {
      "pearson": 0.18630648705470743,
      "spearman": 0.29036673006915015
    }
  }
}