{
  "dataset_revision": null,
  "mteb_dataset_name": "InstructSTSBenchmark",
  "mteb_version": "1.1.2.dev0",
  "test": {
    "cos_sim": {
      "pearson": 0.06772507077048696,
      "spearman": 0.07272617400122365
    },
    "euclidean": {
      "pearson": -0.12123513478345302,
      "spearman": -0.09942956577557469
    },
    "evaluation_time": 0.1,
    "manhattan": {
      "pearson": 0.0049529828240825295,
      "spearman": 0.008058471882687664
    }
  }
}