{
  "dataset_revision": "b0fddb56ed78048fa8b90373c8a3cfc37b684831",
  "mteb_dataset_name": "STSBenchmark",
  "mteb_version": "1.1.2.dev0",
  "test": {
    "cos_sim": {
      "pearson": 0.02463853677529305,
      "spearman": 0.06585741383628095
    },
    "euclidean": {
      "pearson": 0.023207892628374503,
      "spearman": 0.050313530960646925
    },
    "evaluation_time": 0.05,
    "manhattan": {
      "pearson": 0.06264482334935398,
      "spearman": 0.07130884758105573
    }
  }
}