{
  "dataset_revision": null,
  "mteb_dataset_name": "InstructSTSBenchmark",
  "mteb_version": "1.1.2.dev0",
  "test": {
    "cos_sim": {
      "pearson": 0.24382777262244684,
      "spearman": 0.25377469150577797
    },
    "euclidean": {
      "pearson": 0.2201712905304768,
      "spearman": 0.20773642976567536
    },
    "evaluation_time": 0.11,
    "manhattan": {
      "pearson": 0.21912275802200895,
      "spearman": 0.20734659922558435
    }
  }
}