{
  "dataset_revision": null,
  "mteb_dataset_name": "InstructSTSBenchmark",
  "mteb_version": "1.1.2.dev0",
  "test": {
    "cos_sim": {
      "pearson": -0.141562079910394,
      "spearman": -0.13470194650225556
    },
    "euclidean": {
      "pearson": -0.13858475037951404,
      "spearman": -0.12734389380282565
    },
    "evaluation_time": 0.08,
    "manhattan": {
      "pearson": -0.13943683606737034,
      "spearman": -0.1282401398041912
    }
  }
}