{
  "dataset_revision": "b0fddb56ed78048fa8b90373c8a3cfc37b684831",
  "mteb_dataset_name": "STSBenchmark",
  "mteb_version": "1.1.2.dev0",
  "test": {
    "cos_sim": {
      "pearson": 0.26022792090225866,
      "spearman": 0.3081951188887873
    },
    "euclidean": {
      "pearson": 0.29021900408542023,
      "spearman": 0.3117577581661806
    },
    "evaluation_time": 0.07,
    "manhattan": {
      "pearson": 0.2956646857077287,
      "spearman": 0.3173249870412857
    }
  }
}