{
  "dataset_revision": "a0d554a64d88156834ff5ae9920b964011b16384",
  "mteb_dataset_name": "STS12",
  "mteb_version": "1.1.2.dev0",
  "test": {
    "cos_sim": {
      "pearson": 0.7441903804473811,
      "spearman": 0.6842412887567388
    },
    "euclidean": {
      "pearson": 0.3530363972053803,
      "spearman": 0.5238176996699502
    },
    "evaluation_time": 0.35,
    "manhattan": {
      "pearson": 0.7024728985221483,
      "spearman": 0.5774630567112156
    }
  }
}