{
  "dataset_revision": "b0fddb56ed78048fa8b90373c8a3cfc37b684831",
  "mteb_dataset_name": "STSBenchmark",
  "mteb_version": "1.1.2.dev0",
  "test": {
    "cos_sim": {
      "pearson": 0.752032360974232,
      "spearman": 0.746344797897689
    },
    "euclidean": {
      "pearson": 0.38597512373376774,
      "spearman": 0.4836699567081691
    },
    "evaluation_time": 0.06,
    "manhattan": {
      "pearson": 0.7535881363651156,
      "spearman": 0.7331783107123626
    }
  }
}