{
  "dataset_revision": "b0fddb56ed78048fa8b90373c8a3cfc37b684831",
  "mteb_dataset_name": "STSBenchmark",
  "mteb_version": "1.1.2.dev0",
  "test": {
    "cos_sim": {
      "pearson": 0.4851859860199826,
      "spearman": 0.544976917540311
    },
    "euclidean": {
      "pearson": 0.5297512580519846,
      "spearman": 0.5431526083035312
    },
    "evaluation_time": 0.07,
    "manhattan": {
      "pearson": 0.5314300481460703,
      "spearman": 0.5442501450583971
    }
  }
}