{
  "dataset_revision": "b0fddb56ed78048fa8b90373c8a3cfc37b684831",
  "mteb_dataset_name": "STSBenchmark",
  "mteb_version": "1.1.2.dev0",
  "test": {
    "cos_sim": {
      "pearson": 0.4962706905949118,
      "spearman": 0.5030841900059322
    },
    "euclidean": {
      "pearson": 0.5272135532688522,
      "spearman": 0.5340238271869874
    },
    "evaluation_time": 0.04,
    "manhattan": {
      "pearson": 0.5306426505954168,
      "spearman": 0.5370023139344464
    }
  }
}