{
  "dataset_revision": null,
  "mteb_dataset_name": "InstructSTSBenchmark",
  "mteb_version": "1.1.2.dev0",
  "test": {
    "cos_sim": {
      "pearson": -0.0060593187342694805,
      "spearman": -0.0007277514477410706
    },
    "euclidean": {
      "pearson": -0.10890904621219444,
      "spearman": -0.09387220309481549
    },
    "evaluation_time": 0.11,
    "manhattan": {
      "pearson": -0.11552130324976291,
      "spearman": -0.1038884805926936
    }
  }
}