{
  "dataset_revision": "b0fddb56ed78048fa8b90373c8a3cfc37b684831",
  "mteb_dataset_name": "STSBenchmark",
  "mteb_version": "1.1.2.dev0",
  "test": {
    "cos_sim": {
      "pearson": 0.5945593372049506,
      "spearman": 0.5941040796061526
    },
    "euclidean": {
      "pearson": 0.6070200983444668,
      "spearman": 0.5983209666170322
    },
    "evaluation_time": 0.03,
    "manhattan": {
      "pearson": 0.6161374151125824,
      "spearman": 0.607562111384544
    }
  }
}