{
  "dataset_revision": "b0fddb56ed78048fa8b90373c8a3cfc37b684831",
  "mteb_dataset_name": "STSBenchmark",
  "mteb_version": "1.1.2.dev0",
  "test": {
    "cos_sim": {
      "pearson": 0.2362143821678594,
      "spearman": 0.3859944991307511
    },
    "euclidean": {
      "pearson": 0.3328479519569891,
      "spearman": 0.41715090570478763
    },
    "evaluation_time": 0.03,
    "manhattan": {
      "pearson": 0.3452461928465346,
      "spearman": 0.42979953553976763
    }
  }
}