{
  "dataset_revision": "b0fddb56ed78048fa8b90373c8a3cfc37b684831",
  "mteb_dataset_name": "STSBenchmark",
  "mteb_version": "1.1.2.dev0",
  "test": {
    "cos_sim": {
      "pearson": 0.03181683428299569,
      "spearman": 0.07384098515157445
    },
    "euclidean": {
      "pearson": 0.039354523335806184,
      "spearman": 0.05108587437094089
    },
    "evaluation_time": 0.04,
    "manhattan": {
      "pearson": 0.045507299644178094,
      "spearman": 0.060534333469403415
    }
  }
}