{
  "dataset_revision": "b0fddb56ed78048fa8b90373c8a3cfc37b684831",
  "mteb_dataset_name": "STSBenchmark",
  "mteb_version": "1.1.2.dev0",
  "test": {
    "cos_sim": {
      "pearson": 0.031932282600758914,
      "spearman": 0.10064204327098328
    },
    "euclidean": {
      "pearson": 0.07228659757106333,
      "spearman": 0.07394853186613264
    },
    "evaluation_time": 0.03,
    "manhattan": {
      "pearson": 0.08237052009973642,
      "spearman": 0.0949883983449101
    }
  }
}