{
    "test": {
        "NYTTopicClustering": 0.014080379850647863,
        "NYTLocationClustering": 0.046616603074686846,
        "harmonic_mean": 0.021628088833836916
    }
}