{
  "dataset_revision": "b0fddb56ed78048fa8b90373c8a3cfc37b684831",
  "mteb_dataset_name": "STSBenchmark",
  "mteb_version": "1.1.2.dev0",
  "test": {
    "cos_sim": {
      "pearson": 0.3369213549361121,
      "spearman": 0.3770677053687529
    },
    "euclidean": {
      "pearson": 0.3551694136039303,
      "spearman": 0.3746934360578837
    },
    "evaluation_time": 0.03,
    "manhattan": {
      "pearson": 0.3572905051111294,
      "spearman": 0.37584593667082616
    }
  }
}