{
    "dataset_revision": null,
    "mteb_dataset_name": "IntentEmotion",
    "mteb_version": "1.1.2.dev0",
    "test": {
        "Emotion_success_rate": 0.9584415584415584,
        "Intent_success_rate": 0.052597402597402594,
        "evaluation_time": 0.83,
        "harmonic_mean": 0.09972226110217543
    }
}