{
  "dataset_revision": null,
  "mteb_dataset_name": "InstructSTSBenchmark",
  "mteb_version": "1.1.2.dev0",
  "test": {
    "cos_sim": {
      "pearson": -0.014818950461286179,
      "spearman": -0.029077443980656942
    },
    "euclidean": {
      "pearson": 0.02202729781926067,
      "spearman": -0.047237354960823846
    },
    "evaluation_time": 0.17,
    "manhattan": {
      "pearson": -0.006382835664603086,
      "spearman": -0.0394006675204741
    }
  }
}