{
  "dataset_revision": "b0fddb56ed78048fa8b90373c8a3cfc37b684831",
  "mteb_dataset_name": "STSBenchmark",
  "mteb_version": "1.1.2.dev0",
  "test": {
    "cos_sim": {
      "pearson": 0.08567642093118068,
      "spearman": 0.0638272677279681
    },
    "euclidean": {
      "pearson": 0.08599502977267705,
      "spearman": 0.06608341980243128
    },
    "evaluation_time": 0.06,
    "manhattan": {
      "pearson": 0.08809122960566439,
      "spearman": 0.06855316490724446
    }
  }
}