{
  "dataset_revision": "b0fddb56ed78048fa8b90373c8a3cfc37b684831",
  "mteb_dataset_name": "STSBenchmark",
  "mteb_version": "1.1.2.dev0",
  "test": {
    "cos_sim": {
      "pearson": 0.062286774739978436,
      "spearman": 0.11919074121022875
    },
    "euclidean": {
      "pearson": 0.0733064263958643,
      "spearman": 0.09020168141069436
    },
    "evaluation_time": 0.04,
    "manhattan": {
      "pearson": 0.08566633205544302,
      "spearman": 0.12271283011364545
    }
  }
}