{
  "dataset_revision": "b0fddb56ed78048fa8b90373c8a3cfc37b684831",
  "mteb_dataset_name": "STSBenchmark",
  "mteb_version": "1.1.2.dev0",
  "test": {
    "cos_sim": {
      "pearson": 0.36895794540967797,
      "spearman": 0.38664274888234573
    },
    "euclidean": {
      "pearson": 0.41060432952249776,
      "spearman": 0.41686318726103955
    },
    "evaluation_time": 0.05,
    "manhattan": {
      "pearson": 0.4270628255432051,
      "spearman": 0.4303461941688857
    }
  }
}