{
  "dataset_revision": "b0fddb56ed78048fa8b90373c8a3cfc37b684831",
  "mteb_dataset_name": "STSBenchmark",
  "mteb_version": "1.1.2.dev0",
  "test": {
    "cos_sim": {
      "pearson": 0.654011092843233,
      "spearman": 0.6543860328951706
    },
    "euclidean": {
      "pearson": 0.6674051482543777,
      "spearman": 0.663722277474486
    },
    "evaluation_time": 0.04,
    "manhattan": {
      "pearson": 0.6689911727000661,
      "spearman": 0.6648774020580772
    }
  }
}