{
  "dataset_revision": "b0fddb56ed78048fa8b90373c8a3cfc37b684831",
  "mteb_dataset_name": "STSBenchmark",
  "mteb_version": "1.1.2.dev0",
  "test": {
    "cos_sim": {
      "pearson": -0.042621421723376386,
      "spearman": -0.03323019401617095
    },
    "euclidean": {
      "pearson": -0.03909075014903634,
      "spearman": -0.032678014762783904
    },
    "evaluation_time": 0.03,
    "manhattan": {
      "pearson": -0.04591479669862673,
      "spearman": -0.047139042638116586
    }
  }
}