{
  "dataset_revision": "b0fddb56ed78048fa8b90373c8a3cfc37b684831",
  "mteb_dataset_name": "STSBenchmark",
  "mteb_version": "1.1.2.dev0",
  "test": {
    "cos_sim": {
      "pearson": 0.026014877098598864,
      "spearman": 0.09329783075443555
    },
    "euclidean": {
      "pearson": 0.038400925072045934,
      "spearman": 0.09190755659857426
    },
    "evaluation_time": 0.04,
    "manhattan": {
      "pearson": 0.11343946129313802,
      "spearman": 0.10451055307637182
    }
  }
}