{
  "dataset_revision": "b0fddb56ed78048fa8b90373c8a3cfc37b684831",
  "mteb_dataset_name": "STSBenchmark",
  "mteb_version": "1.1.2.dev0",
  "test": {
    "cos_sim": {
      "pearson": 0.1967229410432395,
      "spearman": 0.2171698055479332
    },
    "euclidean": {
      "pearson": 0.19247407977953573,
      "spearman": 0.19651673550860785
    },
    "evaluation_time": 0.03,
    "manhattan": {
      "pearson": 0.2735382483849029,
      "spearman": 0.2735801307220094
    }
  }
}