{
    "dataset_revision": null,
    "mteb_dataset_name": "IntentEmotion",
    "mteb_version": "1.1.2.dev0",
    "test": {
        "Emotion_success_rate": 0.35844155844155845,
        "Intent_success_rate": 0.6517857142857143,
        "evaluation_time": 124.46,
        "harmonic_mean": 0.4625238280190873
    }
}