{
  "dataset_revision": "b0fddb56ed78048fa8b90373c8a3cfc37b684831",
  "mteb_dataset_name": "STSBenchmark",
  "mteb_version": "1.1.2.dev0",
  "test": {
    "cos_sim": {
      "pearson": 0.1066813373624175,
      "spearman": 0.1410540572080273
    },
    "euclidean": {
      "pearson": 0.14235720469285404,
      "spearman": 0.14990744338577694
    },
    "evaluation_time": 0.06,
    "manhattan": {
      "pearson": 0.142964714740094,
      "spearman": 0.1501155777923878
    }
  }
}