{
  "dataset_revision": null,
  "mteb_dataset_name": "InstructSTSBenchmark",
  "mteb_version": "1.1.2.dev0",
  "test": {
    "cos_sim": {
      "pearson": 0.05184264849287115,
      "spearman": 0.06728812651238983
    },
    "euclidean": {
      "pearson": -0.006637735903702716,
      "spearman": 0.0017528713354563598
    },
    "evaluation_time": 0.16,
    "manhattan": {
      "pearson": 0.015369023159311494,
      "spearman": 0.02047931179115018
    }
  }
}