{
  "dataset_revision": "b0fddb56ed78048fa8b90373c8a3cfc37b684831",
  "mteb_dataset_name": "STSBenchmark",
  "mteb_version": "1.1.2.dev0",
  "test": {
    "cos_sim": {
      "pearson": 0.43791149623731107,
      "spearman": 0.48006529977510576
    },
    "euclidean": {
      "pearson": 0.47077245095389414,
      "spearman": 0.4818337769723731
    },
    "evaluation_time": 0.05,
    "manhattan": {
      "pearson": 0.4758471819534122,
      "spearman": 0.48714277752339635
    }
  }
}