{
  "dataset_revision": "b0fddb56ed78048fa8b90373c8a3cfc37b684831",
  "mteb_dataset_name": "STSBenchmark",
  "mteb_version": "1.1.2.dev0",
  "test": {
    "cos_sim": {
      "pearson": 0.26062580760641424,
      "spearman": 0.34385701829872634
    },
    "euclidean": {
      "pearson": 0.30787427849050786,
      "spearman": 0.35325241106536914
    },
    "evaluation_time": 0.07,
    "manhattan": {
      "pearson": 0.3146006906318947,
      "spearman": 0.3597497547564664
    }
  }
}