{
  "dataset_revision": "b0fddb56ed78048fa8b90373c8a3cfc37b684831",
  "mteb_dataset_name": "STSBenchmark",
  "mteb_version": "1.1.2.dev0",
  "test": {
    "cos_sim": {
      "pearson": 0.6722299182345977,
      "spearman": 0.6702601095996766
    },
    "euclidean": {
      "pearson": 0.6694388636221777,
      "spearman": 0.6630616714135343
    },
    "evaluation_time": 0.08,
    "manhattan": {
      "pearson": 0.6712460318691069,
      "spearman": 0.6650763762785281
    }
  }
}