{
  "dataset_revision": "b0fddb56ed78048fa8b90373c8a3cfc37b684831",
  "mteb_dataset_name": "STSBenchmark",
  "mteb_version": "1.1.2.dev0",
  "test": {
    "cos_sim": {
      "pearson": 0.3684753887119801,
      "spearman": 0.40426392956698853
    },
    "euclidean": {
      "pearson": 0.38146461691059513,
      "spearman": 0.39856060664490667
    },
    "evaluation_time": 0.07,
    "manhattan": {
      "pearson": 0.44088687642043434,
      "spearman": 0.4394047482974527
    }
  }
}