{
  "dataset_revision": "b0fddb56ed78048fa8b90373c8a3cfc37b684831",
  "mteb_dataset_name": "STSBenchmark",
  "mteb_version": "1.1.2.dev0",
  "test": {
    "cos_sim": {
      "pearson": 0.13645785030038005,
      "spearman": 0.20233872819197216
    },
    "euclidean": {
      "pearson": 0.14495461076257704,
      "spearman": 0.2276855006736809
    },
    "evaluation_time": 0.04,
    "manhattan": {
      "pearson": 0.19644899406420785,
      "spearman": 0.2204977234772973
    }
  }
}