{
  "dataset_revision": null,
  "mteb_dataset_name": "InstructSTSBenchmark",
  "mteb_version": "1.1.2.dev0",
  "test": {
    "cos_sim": {
      "pearson": -0.03459247426009176,
      "spearman": -0.023579592677809784
    },
    "euclidean": {
      "pearson": -0.12785987215685313,
      "spearman": -0.10935430598700367
    },
    "evaluation_time": 0.15,
    "manhattan": {
      "pearson": -0.14623058144236467,
      "spearman": -0.13705413608510914
    }
  }
}