{
    "dataset_revision": null,
    "mteb_dataset_name": "IntentEmotion",
    "mteb_version": "1.1.2.dev0",
    "test": {
        "Emotion_success_rate": 0.9714285714285714,
        "Intent_success_rate": 0.028246753246753246,
        "evaluation_time": 0.41,
        "harmonic_mean": 0.05489724898567765
    }
}