{
  "dataset_revision": "a0d554a64d88156834ff5ae9920b964011b16384",
  "mteb_dataset_name": "STS12",
  "mteb_version": "1.1.2.dev0",
  "test": {
    "cos_sim": {
      "pearson": 0.20257231130387046,
      "spearman": 0.3202590582553563
    },
    "euclidean": {
      "pearson": 0.14077295818377142,
      "spearman": 0.2540419296217797
    },
    "evaluation_time": 0.4,
    "manhattan": {
      "pearson": 0.20335781634821914,
      "spearman": 0.33125265577448243
    }
  }
}