{
  "dataset_revision": "b0fddb56ed78048fa8b90373c8a3cfc37b684831",
  "mteb_dataset_name": "STSBenchmark",
  "mteb_version": "1.1.2.dev0",
  "test": {
    "cos_sim": {
      "pearson": 0.198883260549936,
      "spearman": 0.26482393819480743
    },
    "euclidean": {
      "pearson": 0.09868654927475302,
      "spearman": 0.10147506187805613
    },
    "evaluation_time": 0.06,
    "manhattan": {
      "pearson": 0.21558627060523058,
      "spearman": 0.25212690549462025
    }
  }
}