{
  "dataset_revision": null,
  "mteb_dataset_name": "InstructSTSBenchmark",
  "mteb_version": "1.1.2.dev0",
  "test": {
    "cos_sim": {
      "pearson": 0.21341291181934932,
      "spearman": 0.2451820241891242
    },
    "euclidean": {
      "pearson": 0.19393260465439666,
      "spearman": 0.20525718026634865
    },
    "evaluation_time": 0.14,
    "manhattan": {
      "pearson": 0.19347663264988438,
      "spearman": 0.2050568000375681
    }
  }
}