{
  "dataset_revision": "a0d554a64d88156834ff5ae9920b964011b16384",
  "mteb_dataset_name": "STS12",
  "mteb_version": "1.1.2.dev0",
  "test": {
    "cos_sim": {
      "pearson": 0.724927790591748,
      "spearman": 0.6565324722700343
    },
    "euclidean": {
      "pearson": 0.7131199182947244,
      "spearman": 0.6621849732020344
    },
    "evaluation_time": 0.42,
    "manhattan": {
      "pearson": 0.713965793135783,
      "spearman": 0.6629932503132768
    }
  }
}