{
  "dataset_revision": "b0fddb56ed78048fa8b90373c8a3cfc37b684831",
  "mteb_dataset_name": "STSBenchmark",
  "mteb_version": "1.1.2.dev0",
  "test": {
    "cos_sim": {
      "pearson": 0.7924593147301455,
      "spearman": 0.7833539254059688
    },
    "euclidean": {
      "pearson": 0.7900816206723448,
      "spearman": 0.7825866053430516
    },
    "evaluation_time": 0.06,
    "manhattan": {
      "pearson": 0.7902776520465861,
      "spearman": 0.7831252029444509
    }
  }
}