{
  "dataset_revision": "b0fddb56ed78048fa8b90373c8a3cfc37b684831",
  "mteb_dataset_name": "STSBenchmark",
  "mteb_version": "1.1.2.dev0",
  "test": {
    "cos_sim": {
      "pearson": 0.21855377605447168,
      "spearman": 0.18166152131617694
    },
    "euclidean": {
      "pearson": 0.21798287408302025,
      "spearman": 0.198611214541951
    },
    "evaluation_time": 0.06,
    "manhattan": {
      "pearson": 0.2552350813583547,
      "spearman": 0.20152215725322936
    }
  }
}