{
  "dataset_revision": "b0fddb56ed78048fa8b90373c8a3cfc37b684831",
  "mteb_dataset_name": "STSBenchmark",
  "mteb_version": "1.1.2.dev0",
  "test": {
    "cos_sim": {
      "pearson": 0.4287230616535155,
      "spearman": 0.479240881226369
    },
    "euclidean": {
      "pearson": 0.42083528449348745,
      "spearman": 0.4597720217737463
    },
    "evaluation_time": 0.11,
    "manhattan": {
      "pearson": 0.4217118128542417,
      "spearman": 0.46131627844231765
    }
  }
}