{
  "dataset_revision": "b0fddb56ed78048fa8b90373c8a3cfc37b684831",
  "mteb_dataset_name": "STSBenchmark",
  "mteb_version": "1.1.2.dev0",
  "test": {
    "cos_sim": {
      "pearson": 0.07699831561583698,
      "spearman": 0.29405608766606034
    },
    "euclidean": {
      "pearson": 0.20230170442347986,
      "spearman": 0.3141332717621634
    },
    "evaluation_time": 0.08,
    "manhattan": {
      "pearson": 0.21371474196070572,
      "spearman": 0.32008971379746526
    }
  }
}