{
  "dataset_revision": "b0fddb56ed78048fa8b90373c8a3cfc37b684831",
  "mteb_dataset_name": "STSBenchmark",
  "mteb_version": "1.1.2.dev0",
  "test": {
    "cos_sim": {
      "pearson": 0.2247688118049755,
      "spearman": 0.16820368784107342
    },
    "euclidean": {
      "pearson": 0.24581711243021004,
      "spearman": 0.18080858101685318
    },
    "evaluation_time": 0.08,
    "manhattan": {
      "pearson": 0.25337451029307084,
      "spearman": 0.19548864707129487
    }
  }
}