{
  "dataset_revision": "b0fddb56ed78048fa8b90373c8a3cfc37b684831",
  "mteb_dataset_name": "STSBenchmark",
  "mteb_version": "1.1.2.dev0",
  "test": {
    "cos_sim": {
      "pearson": 0.7111618800871293,
      "spearman": 0.7197953169738526
    },
    "euclidean": {
      "pearson": 0.7393788387124164,
      "spearman": 0.7225351684378173
    },
    "evaluation_time": 0.04,
    "manhattan": {
      "pearson": 0.7394264457074684,
      "spearman": 0.7223987952740805
    }
  }
}