{
  "dataset_revision": null,
  "mteb_dataset_name": "InstructSTSBenchmark",
  "mteb_version": "1.1.2.dev0",
  "test": {
    "cos_sim": {
      "pearson": 0.25976028617680974,
      "spearman": 0.23511018664188843
    },
    "euclidean": {
      "pearson": 0.26309186706161164,
      "spearman": 0.22101435043318834
    },
    "evaluation_time": 0.1,
    "manhattan": {
      "pearson": 0.2657069695586975,
      "spearman": 0.2242705287055088
    }
  }
}