{
  "dataset_revision": "b0fddb56ed78048fa8b90373c8a3cfc37b684831",
  "mteb_dataset_name": "STSBenchmark",
  "mteb_version": "1.1.2.dev0",
  "test": {
    "cos_sim": {
      "pearson": 0.1432749861931196,
      "spearman": 0.2808351095008345
    },
    "euclidean": {
      "pearson": 0.12805843091002456,
      "spearman": 0.24210952660561744
    },
    "evaluation_time": 0.03,
    "manhattan": {
      "pearson": 0.2881346726208751,
      "spearman": 0.33961184800665334
    }
  }
}