{
  "dataset_revision": null,
  "mteb_dataset_name": "InstructSTSBenchmark",
  "mteb_version": "1.1.2.dev0",
  "test": {
    "cos_sim": {
      "pearson": -0.05136073473354005,
      "spearman": -0.04731523026350805
    },
    "euclidean": {
      "pearson": -0.09684889088592118,
      "spearman": -0.09536958968942415
    },
    "evaluation_time": 0.07,
    "manhattan": {
      "pearson": -0.08813904678522093,
      "spearman": -0.08704105994589963
    }
  }
}