{
  "dataset_revision": "b0fddb56ed78048fa8b90373c8a3cfc37b684831",
  "mteb_dataset_name": "STSBenchmark",
  "mteb_version": "1.1.2.dev0",
  "test": {
    "cos_sim": {
      "pearson": 0.46291302301441106,
      "spearman": 0.4734417733466827
    },
    "euclidean": {
      "pearson": 0.48220565011956734,
      "spearman": 0.49225226647156145
    },
    "evaluation_time": 0.05,
    "manhattan": {
      "pearson": 0.518415187448236,
      "spearman": 0.5199118356269514
    }
  }
}