{
  "dataset_revision": "b0fddb56ed78048fa8b90373c8a3cfc37b684831",
  "mteb_dataset_name": "STSBenchmark",
  "mteb_version": "1.1.2.dev0",
  "test": {
    "cos_sim": {
      "pearson": 0.5174612874252219,
      "spearman": 0.542397779857756
    },
    "euclidean": {
      "pearson": 0.5857003827853258,
      "spearman": 0.5831809569337857
    },
    "evaluation_time": 0.06,
    "manhattan": {
      "pearson": 0.5923536435472471,
      "spearman": 0.5887867041894231
    }
  }
}