{
  "dataset_revision": "b0fddb56ed78048fa8b90373c8a3cfc37b684831",
  "mteb_dataset_name": "STSBenchmark",
  "mteb_version": "1.1.2.dev0",
  "test": {
    "cos_sim": {
      "pearson": 0.31368694053872825,
      "spearman": 0.4176695266441634
    },
    "euclidean": {
      "pearson": 0.4155957634819661,
      "spearman": 0.44605448696001215
    },
    "evaluation_time": 0.07,
    "manhattan": {
      "pearson": 0.426732603669705,
      "spearman": 0.4565471480624332
    }
  }
}