{
  "dataset_revision": "b0fddb56ed78048fa8b90373c8a3cfc37b684831",
  "mteb_dataset_name": "STSBenchmark",
  "mteb_version": "1.1.2.dev0",
  "test": {
    "cos_sim": {
      "pearson": 0.35966398555208867,
      "spearman": 0.4052317862794333
    },
    "euclidean": {
      "pearson": 0.36860789145697115,
      "spearman": 0.39195706496589483
    },
    "evaluation_time": 0.03,
    "manhattan": {
      "pearson": 0.37134454348717727,
      "spearman": 0.3930309134333998
    }
  }
}