{
  "dataset_revision": "b0fddb56ed78048fa8b90373c8a3cfc37b684831",
  "mteb_dataset_name": "STSBenchmark",
  "mteb_version": "1.1.2.dev0",
  "test": {
    "cos_sim": {
      "pearson": 0.47383390433458833,
      "spearman": 0.5041709208816766
    },
    "euclidean": {
      "pearson": 0.4330268705542794,
      "spearman": 0.46767537038437806
    },
    "evaluation_time": 0.04,
    "manhattan": {
      "pearson": 0.4339472518443951,
      "spearman": 0.46859234210331013
    }
  }
}