{
  "dataset_revision": "b0fddb56ed78048fa8b90373c8a3cfc37b684831",
  "mteb_dataset_name": "STSBenchmark",
  "mteb_version": "1.1.2.dev0",
  "test": {
    "cos_sim": {
      "pearson": 0.021476279165201232,
      "spearman": 0.08451175543309404
    },
    "euclidean": {
      "pearson": 0.06763690017425666,
      "spearman": 0.08077159509880467
    },
    "evaluation_time": 0.04,
    "manhattan": {
      "pearson": 0.07493767456256509,
      "spearman": 0.08490016074298992
    }
  }
}