{
  "dataset_revision": null,
  "mteb_dataset_name": "InstructSTSBenchmark",
  "mteb_version": "1.1.2.dev0",
  "test": {
    "cos_sim": {
      "pearson": -0.04361842326569855,
      "spearman": -0.037572198281803616
    },
    "euclidean": {
      "pearson": -0.052545733944245776,
      "spearman": -0.047542934778506164
    },
    "evaluation_time": 0.12,
    "manhattan": {
      "pearson": -0.05133872080007732,
      "spearman": -0.04678558871315685
    }
  }
}