{
  "dataset_revision": null,
  "mteb_dataset_name": "InstructSTSBenchmark",
  "mteb_version": "1.1.2.dev0",
  "test": {
    "cos_sim": {
      "pearson": -0.056522950276779366,
      "spearman": -0.03303085425180341
    },
    "euclidean": {
      "pearson": -0.034378353492726506,
      "spearman": -0.01876241780968214
    },
    "evaluation_time": 0.08,
    "manhattan": {
      "pearson": -0.03412614750013812,
      "spearman": -0.018602113652799353
    }
  }
}