{
    "test": {
        "NYTTopicClustering": 0.15211387109102356,
        "NYTLocationClustering": 0.0751064391689586,
        "harmonic_mean": 0.10056083859207458
    }
}