{
  "dataset_revision": null,
  "mteb_dataset_name": "InstructSTSBenchmark",
  "mteb_version": "1.1.2.dev0",
  "test": {
    "cos_sim": {
      "pearson": -0.05712556794959171,
      "spearman": -0.05622121992950867
    },
    "euclidean": {
      "pearson": -0.08329811269870604,
      "spearman": -0.08098775629655966
    },
    "evaluation_time": 0.11,
    "manhattan": {
      "pearson": -0.08394789568187612,
      "spearman": -0.08150419070805123
    }
  }
}