{
  "dataset_revision": "b0fddb56ed78048fa8b90373c8a3cfc37b684831",
  "mteb_dataset_name": "STSBenchmark",
  "mteb_version": "1.1.2.dev0",
  "test": {
    "cos_sim": {
      "pearson": 0.26172782370575853,
      "spearman": 0.31369059797068866
    },
    "euclidean": {
      "pearson": 0.29955218195831873,
      "spearman": 0.3232158413250419
    },
    "evaluation_time": 0.06,
    "manhattan": {
      "pearson": 0.3795117108158173,
      "spearman": 0.38026777989522087
    }
  }
}