{
  "dataset_revision": "b0fddb56ed78048fa8b90373c8a3cfc37b684831",
  "mteb_dataset_name": "STSBenchmark",
  "mteb_version": "1.1.2.dev0",
  "test": {
    "cos_sim": {
      "pearson": 0.6870356325653205,
      "spearman": 0.6980538993496124
    },
    "euclidean": {
      "pearson": 0.7074891202709365,
      "spearman": 0.7004538052660373
    },
    "evaluation_time": 0.03,
    "manhattan": {
      "pearson": 0.7091154121426866,
      "spearman": 0.7015197507651904
    }
  }
}