{
  "dataset_revision": "b0fddb56ed78048fa8b90373c8a3cfc37b684831",
  "mteb_dataset_name": "STSBenchmark",
  "mteb_version": "1.1.2.dev0",
  "test": {
    "cos_sim": {
      "pearson": 0.24553404026866188,
      "spearman": 0.323292342834197
    },
    "euclidean": {
      "pearson": 0.28377219676771565,
      "spearman": 0.3127624461399425
    },
    "evaluation_time": 0.04,
    "manhattan": {
      "pearson": 0.3588455208699234,
      "spearman": 0.3484166740742984
    }
  }
}