{
  "dataset_revision": null,
  "mteb_dataset_name": "InstructSTSBenchmark",
  "mteb_version": "1.1.2.dev0",
  "test": {
    "cos_sim": {
      "pearson": 0.08635645027102141,
      "spearman": 0.11984147693705234
    },
    "euclidean": {
      "pearson": 0.08642732344331136,
      "spearman": 0.09967184365306568
    },
    "evaluation_time": 0.12,
    "manhattan": {
      "pearson": 0.08654443972831354,
      "spearman": 0.09957575222500935
    }
  }
}