{
  "dataset_revision": "b0fddb56ed78048fa8b90373c8a3cfc37b684831",
  "mteb_dataset_name": "STSBenchmark",
  "mteb_version": "1.1.2.dev0",
  "test": {
    "cos_sim": {
      "pearson": 0.04553422158977902,
      "spearman": 0.08678734130642753
    },
    "euclidean": {
      "pearson": 0.07769002458994961,
      "spearman": 0.09059593644880548
    },
    "evaluation_time": 0.04,
    "manhattan": {
      "pearson": 0.06525919478164594,
      "spearman": 0.07019281788026772
    }
  }
}