{
  "dataset_revision": null,
  "mteb_dataset_name": "InstructSTSBenchmark",
  "mteb_version": "1.1.2.dev0",
  "test": {
    "cos_sim": {
      "pearson": 0.20408601288616793,
      "spearman": 0.19200020848898477
    },
    "euclidean": {
      "pearson": 0.2095546408130197,
      "spearman": 0.19558610315730035
    },
    "evaluation_time": 0.07,
    "manhattan": {
      "pearson": 0.21039454457741116,
      "spearman": 0.1970889546530151
    }
  }
}