{
  "dataset_revision": "b0fddb56ed78048fa8b90373c8a3cfc37b684831",
  "mteb_dataset_name": "STSBenchmark",
  "mteb_version": "1.1.2.dev0",
  "test": {
    "cos_sim": {
      "pearson": 0.3171774852435559,
      "spearman": 0.3451974935623767
    },
    "euclidean": {
      "pearson": 0.36633567940251316,
      "spearman": 0.3759352814461827
    },
    "evaluation_time": 0.03,
    "manhattan": {
      "pearson": 0.397015939358245,
      "spearman": 0.39780166970442665
    }
  }
}