{
  "dataset_revision": null,
  "mteb_dataset_name": "InstructSTSBenchmark",
  "mteb_version": "1.1.2.dev0",
  "test": {
    "cos_sim": {
      "pearson": -0.057644371566769013,
      "spearman": -0.05118575581788562
    },
    "euclidean": {
      "pearson": -0.11227681690767422,
      "spearman": -0.10558533658393106
    },
    "evaluation_time": 0.07,
    "manhattan": {
      "pearson": -0.10913487331171766,
      "spearman": -0.10283739540919969
    }
  }
}