{
  "dataset_revision": "b0fddb56ed78048fa8b90373c8a3cfc37b684831",
  "mteb_dataset_name": "STSBenchmark",
  "mteb_version": "1.1.2.dev0",
  "test": {
    "cos_sim": {
      "pearson": 0.444590000771792,
      "spearman": 0.45342205041136924
    },
    "euclidean": {
      "pearson": 0.48372969663202176,
      "spearman": 0.48727850699608755
    },
    "evaluation_time": 0.05,
    "manhattan": {
      "pearson": 0.4911913058452033,
      "spearman": 0.4937600818209178
    }
  }
}