{
  "dataset_revision": null,
  "mteb_dataset_name": "InstructSTSBenchmark",
  "mteb_version": "1.1.2.dev0",
  "test": {
    "cos_sim": {
      "pearson": -0.05772610725837329,
      "spearman": -0.12386867255152885
    },
    "euclidean": {
      "pearson": -0.03699969243706246,
      "spearman": -0.10433387117151025
    },
    "evaluation_time": 0.08,
    "manhattan": {
      "pearson": -0.036495805783009164,
      "spearman": -0.10567732931185057
    }
  }
}