{
  "dataset_revision": "b0fddb56ed78048fa8b90373c8a3cfc37b684831",
  "mteb_dataset_name": "STSBenchmark",
  "mteb_version": "1.1.2.dev0",
  "test": {
    "cos_sim": {
      "pearson": 0.05836257925339703,
      "spearman": 0.15541182181694832
    },
    "euclidean": {
      "pearson": 0.049017392641627855,
      "spearman": 0.12473488030046467
    },
    "evaluation_time": 0.05,
    "manhattan": {
      "pearson": 0.06258298529646278,
      "spearman": 0.19465535646752666
    }
  }
}