{
  "dataset_revision": null,
  "mteb_dataset_name": "InstructSTSBenchmark",
  "mteb_version": "1.1.2.dev0",
  "test": {
    "cos_sim": {
      "pearson": -0.007767808175627719,
      "spearman": -0.0018139000419242252
    },
    "euclidean": {
      "pearson": -0.10933615658881272,
      "spearman": -0.09467235766378311
    },
    "evaluation_time": 0.11,
    "manhattan": {
      "pearson": -0.11320702214463903,
      "spearman": -0.10515725158234927
    }
  }
}