{
  "dataset_revision": "b0fddb56ed78048fa8b90373c8a3cfc37b684831",
  "mteb_dataset_name": "STSBenchmark",
  "mteb_version": "1.1.2.dev0",
  "test": {
    "cos_sim": {
      "pearson": 0.25131825047543105,
      "spearman": 0.2958602931669342
    },
    "euclidean": {
      "pearson": 0.28609633006798535,
      "spearman": 0.2909453711865863
    },
    "evaluation_time": 0.07,
    "manhattan": {
      "pearson": 0.28810712442365266,
      "spearman": 0.2931495571649461
    }
  }
}