{
  "dataset_revision": "a0d554a64d88156834ff5ae9920b964011b16384",
  "mteb_dataset_name": "STS12",
  "mteb_version": "1.1.2.dev0",
  "test": {
    "cos_sim": {
      "pearson": 0.12935947890605684,
      "spearman": 0.24655499579964937
    },
    "euclidean": {
      "pearson": 0.12906083594095194,
      "spearman": 0.25406368655217465
    },
    "evaluation_time": 0.42,
    "manhattan": {
      "pearson": 0.1996205467804041,
      "spearman": 0.30212161852911473
    }
  }
}