{
  "dataset_revision": null,
  "mteb_dataset_name": "InstructSTSBenchmark",
  "mteb_version": "1.1.2.dev0",
  "test": {
    "cos_sim": {
      "pearson": 0.024457712205362567,
      "spearman": 0.01673584533340156
    },
    "euclidean": {
      "pearson": 0.008649668338508174,
      "spearman": -0.010718063618645558
    },
    "evaluation_time": 0.12,
    "manhattan": {
      "pearson": 0.007091567416280819,
      "spearman": -0.011811501935540394
    }
  }
}