{
  "dataset_revision": null,
  "mteb_dataset_name": "InstructSTSBenchmark",
  "mteb_version": "1.1.2.dev0",
  "test": {
    "cos_sim": {
      "pearson": 0.031182980531965963,
      "spearman": 0.04884404891253795
    },
    "euclidean": {
      "pearson": -0.12727874637067654,
      "spearman": -0.10911384971644819
    },
    "evaluation_time": 0.1,
    "manhattan": {
      "pearson": -0.05587399249116534,
      "spearman": -0.0462190592202367
    }
  }
}