{
  "dataset_revision": "b0fddb56ed78048fa8b90373c8a3cfc37b684831",
  "mteb_dataset_name": "STSBenchmark",
  "mteb_version": "1.1.2.dev0",
  "test": {
    "cos_sim": {
      "pearson": 0.02263580711276138,
      "spearman": 0.06549877491381692
    },
    "euclidean": {
      "pearson": 0.04148665767263745,
      "spearman": 0.065431221115326
    },
    "evaluation_time": 0.03,
    "manhattan": {
      "pearson": 0.05158564197191132,
      "spearman": 0.07847737713055115
    }
  }
}