{
  "dataset_revision": "b0fddb56ed78048fa8b90373c8a3cfc37b684831",
  "mteb_dataset_name": "STSBenchmark",
  "mteb_version": "1.1.2.dev0",
  "test": {
    "cos_sim": {
      "pearson": 0.4153272352562018,
      "spearman": 0.4269093415886911
    },
    "euclidean": {
      "pearson": 0.4241248285704743,
      "spearman": 0.43167223028640794
    },
    "evaluation_time": 0.03,
    "manhattan": {
      "pearson": 0.4285746966306922,
      "spearman": 0.43520032790138236
    }
  }
}