{
  "dataset_revision": "b0fddb56ed78048fa8b90373c8a3cfc37b684831",
  "mteb_dataset_name": "STSBenchmark",
  "mteb_version": "1.1.2.dev0",
  "test": {
    "cos_sim": {
      "pearson": 0.47488852737899667,
      "spearman": 0.47536488723226583
    },
    "euclidean": {
      "pearson": 0.4515294714620713,
      "spearman": 0.4652190568084391
    },
    "evaluation_time": 0.06,
    "manhattan": {
      "pearson": 0.5248069305638052,
      "spearman": 0.5213081670324711
    }
  }
}