{
  "dataset_revision": "b0fddb56ed78048fa8b90373c8a3cfc37b684831",
  "mteb_dataset_name": "STSBenchmark",
  "mteb_version": "1.1.2.dev0",
  "test": {
    "cos_sim": {
      "pearson": 0.283335846598715,
      "spearman": 0.35777256158730275
    },
    "euclidean": {
      "pearson": 0.1914780785270175,
      "spearman": 0.348686892995848
    },
    "evaluation_time": 0.06,
    "manhattan": {
      "pearson": 0.3239489152457784,
      "spearman": 0.34939624969081856
    }
  }
}