{
  "dataset_revision": "b0fddb56ed78048fa8b90373c8a3cfc37b684831",
  "mteb_dataset_name": "STSBenchmark",
  "mteb_version": "1.1.2.dev0",
  "test": {
    "cos_sim": {
      "pearson": 0.12240290388055027,
      "spearman": 0.16235195682384826
    },
    "euclidean": {
      "pearson": 0.1398042783081676,
      "spearman": 0.16195778564413685
    },
    "evaluation_time": 0.14,
    "manhattan": {
      "pearson": 0.15890068762393236,
      "spearman": 0.17768272035833274
    }
  }
}