{
  "dataset_revision": null,
  "mteb_dataset_name": "InstructSTSBenchmark",
  "mteb_version": "1.1.2.dev0",
  "test": {
    "cos_sim": {
      "pearson": -0.008258761829002776,
      "spearman": -0.015778574471859475
    },
    "euclidean": {
      "pearson": -0.005429927062340252,
      "spearman": -0.02791979291957799
    },
    "evaluation_time": 0.11,
    "manhattan": {
      "pearson": -0.007761681634257317,
      "spearman": -0.03005475285797806
    }
  }
}