{
  "dataset_revision": null,
  "mteb_dataset_name": "InstructSTSBenchmark",
  "mteb_version": "1.1.2.dev0",
  "test": {
    "cos_sim": {
      "pearson": -0.03762735959339951,
      "spearman": -0.059420926587356114
    },
    "euclidean": {
      "pearson": -0.05906595558984877,
      "spearman": -0.06740380040189385
    },
    "evaluation_time": 0.11,
    "manhattan": {
      "pearson": -0.058864470253020024,
      "spearman": -0.06692516499012661
    }
  }
}