{
  "dataset_revision": "a0d554a64d88156834ff5ae9920b964011b16384",
  "mteb_dataset_name": "STS12",
  "mteb_version": "1.1.2.dev0",
  "test": {
    "cos_sim": {
      "pearson": 0.353848507792125,
      "spearman": 0.4024745270768881
    },
    "euclidean": {
      "pearson": 0.41386777407044956,
      "spearman": 0.4085246351365251
    },
    "evaluation_time": 0.36,
    "manhattan": {
      "pearson": 0.41329175179839317,
      "spearman": 0.4078596837327261
    }
  }
}