{
  "dataset_revision": null,
  "mteb_dataset_name": "InstructSTSBenchmark",
  "mteb_version": "1.1.2.dev0",
  "test": {
    "cos_sim": {
      "pearson": 0.03133081457390195,
      "spearman": 0.10013824520909421
    },
    "euclidean": {
      "pearson": -0.035609801718076865,
      "spearman": -0.007973765707486764
    },
    "evaluation_time": 0.13,
    "manhattan": {
      "pearson": -0.01581687243952675,
      "spearman": 0.015472539260486768
    }
  }
}