{
  "dataset_revision": null,
  "mteb_dataset_name": "InstructSTSBenchmark",
  "mteb_version": "1.1.2.dev0",
  "test": {
    "cos_sim": {
      "pearson": -0.06430066130088163,
      "spearman": -0.05775777322583589
    },
    "euclidean": {
      "pearson": -0.10099069173217434,
      "spearman": -0.07230765037336541
    },
    "evaluation_time": 0.08,
    "manhattan": {
      "pearson": -0.0739058456672366,
      "spearman": -0.06830232344228088
    }
  }
}