{
  "dataset_revision": "b0fddb56ed78048fa8b90373c8a3cfc37b684831",
  "mteb_dataset_name": "STSBenchmark",
  "mteb_version": "1.1.2.dev0",
  "test": {
    "cos_sim": {
      "pearson": 0.17742371166227583,
      "spearman": 0.2150707709052461
    },
    "euclidean": {
      "pearson": 0.21080651384793545,
      "spearman": 0.22642371936118175
    },
    "evaluation_time": 0.07,
    "manhattan": {
      "pearson": 0.21141539927914388,
      "spearman": 0.22630707154857513
    }
  }
}