{
  "dataset_revision": "b0fddb56ed78048fa8b90373c8a3cfc37b684831",
  "mteb_dataset_name": "STSBenchmark",
  "mteb_version": "1.1.2.dev0",
  "test": {
    "cos_sim": {
      "pearson": 0.18496428943466822,
      "spearman": 0.22990506059972876
    },
    "euclidean": {
      "pearson": 0.22183756355899245,
      "spearman": 0.24785726614345002
    },
    "evaluation_time": 0.04,
    "manhattan": {
      "pearson": 0.2345961277635051,
      "spearman": 0.2563977649450946
    }
  }
}