{
  "dataset_revision": "b0fddb56ed78048fa8b90373c8a3cfc37b684831",
  "mteb_dataset_name": "STSBenchmark",
  "mteb_version": "1.1.2.dev0",
  "test": {
    "cos_sim": {
      "pearson": 0.2596748832933264,
      "spearman": 0.2887927513498286
    },
    "euclidean": {
      "pearson": 0.2943334367833831,
      "spearman": 0.3109044552021483
    },
    "evaluation_time": 0.06,
    "manhattan": {
      "pearson": 0.3030897949398613,
      "spearman": 0.317250550242273
    }
  }
}