{
  "dataset_revision": null,
  "mteb_dataset_name": "InstructSTSBenchmark",
  "mteb_version": "1.1.2.dev0",
  "test": {
    "cos_sim": {
      "pearson": 0.08987598686241353,
      "spearman": 0.10986072138446736
    },
    "euclidean": {
      "pearson": 0.08224706929181974,
      "spearman": 0.09017063432044503
    },
    "evaluation_time": 0.13,
    "manhattan": {
      "pearson": 0.08363736541047417,
      "spearman": 0.09098946068072038
    }
  }
}