{
  "dataset_revision": "b0fddb56ed78048fa8b90373c8a3cfc37b684831",
  "mteb_dataset_name": "STSBenchmark",
  "mteb_version": "1.1.2.dev0",
  "test": {
    "cos_sim": {
      "pearson": 0.46153843651555637,
      "spearman": 0.4942546724440438
    },
    "euclidean": {
      "pearson": 0.4854220639450872,
      "spearman": 0.49294558586756637
    },
    "evaluation_time": 0.03,
    "manhattan": {
      "pearson": 0.48575306757440284,
      "spearman": 0.4935879620423605
    }
  }
}