{
  "dataset_revision": "b0fddb56ed78048fa8b90373c8a3cfc37b684831",
  "mteb_dataset_name": "STSBenchmark",
  "mteb_version": "1.1.2.dev0",
  "test": {
    "cos_sim": {
      "pearson": 0.7912745137122932,
      "spearman": 0.790432714701019
    },
    "euclidean": {
      "pearson": 0.7968078103919374,
      "spearman": 0.7903784087095066
    },
    "evaluation_time": 0.07,
    "manhattan": {
      "pearson": 0.7979251017121325,
      "spearman": 0.7911673608947155
    }
  }
}