{
  "dataset_revision": "b0fddb56ed78048fa8b90373c8a3cfc37b684831",
  "mteb_dataset_name": "STSBenchmark",
  "mteb_version": "1.1.2.dev0",
  "test": {
    "cos_sim": {
      "pearson": 0.007291669271804225,
      "spearman": 0.13042056510895483
    },
    "euclidean": {
      "pearson": 0.04120213619146679,
      "spearman": 0.13775055933420735
    },
    "evaluation_time": 0.03,
    "manhattan": {
      "pearson": 0.12596945018377023,
      "spearman": 0.13257337646558634
    }
  }
}