{
  "dataset_revision": "b0fddb56ed78048fa8b90373c8a3cfc37b684831",
  "mteb_dataset_name": "STSBenchmark",
  "mteb_version": "1.1.2.dev0",
  "test": {
    "cos_sim": {
      "pearson": 0.039150833707459025,
      "spearman": 0.13698030425743613
    },
    "euclidean": {
      "pearson": 0.09225647687225264,
      "spearman": 0.14277244215441035
    },
    "evaluation_time": 0.04,
    "manhattan": {
      "pearson": 0.14469000135656548,
      "spearman": 0.20246703706311237
    }
  }
}