{
  "dataset_revision": "b0fddb56ed78048fa8b90373c8a3cfc37b684831",
  "mteb_dataset_name": "STSBenchmark",
  "mteb_version": "1.1.2.dev0",
  "test": {
    "cos_sim": {
      "pearson": 0.3312197654733806,
      "spearman": 0.3492839954702056
    },
    "euclidean": {
      "pearson": 0.35066522517669546,
      "spearman": 0.3493477827330247
    },
    "evaluation_time": 0.05,
    "manhattan": {
      "pearson": 0.35080899803080695,
      "spearman": 0.34943375786583114
    }
  }
}