{
  "dataset_revision": "b0fddb56ed78048fa8b90373c8a3cfc37b684831",
  "mteb_dataset_name": "STSBenchmark",
  "mteb_version": "1.1.2.dev0",
  "test": {
    "cos_sim": {
      "pearson": 0.14144566702239397,
      "spearman": 0.2129385568953096
    },
    "euclidean": {
      "pearson": 0.18071057621280123,
      "spearman": 0.21289439355935022
    },
    "evaluation_time": 0.05,
    "manhattan": {
      "pearson": 0.21122669737334998,
      "spearman": 0.23313726056949266
    }
  }
}