{
  "dataset_revision": null,
  "mteb_dataset_name": "InstructSTSBenchmark",
  "mteb_version": "1.1.2.dev0",
  "test": {
    "cos_sim": {
      "pearson": -0.001489582252131246,
      "spearman": -0.0027581883462680632
    },
    "euclidean": {
      "pearson": -0.0051148555160792,
      "spearman": -0.0040437430667871815
    },
    "evaluation_time": 0.03,
    "manhattan": {
      "pearson": -0.004778682351842839,
      "spearman": -0.0034664594075534487
    }
  }
}