{
  "dataset_revision": "b0fddb56ed78048fa8b90373c8a3cfc37b684831",
  "mteb_dataset_name": "STSBenchmark",
  "mteb_version": "1.1.2.dev0",
  "test": {
    "cos_sim": {
      "pearson": 0.48175301126172115,
      "spearman": 0.4744648247930136
    },
    "euclidean": {
      "pearson": 0.44298084153323386,
      "spearman": 0.4342311615289613
    },
    "evaluation_time": 0.03,
    "manhattan": {
      "pearson": 0.4421535090961417,
      "spearman": 0.4338842881717979
    }
  }
}