{
  "dataset_revision": "a0d554a64d88156834ff5ae9920b964011b16384",
  "mteb_dataset_name": "STS12",
  "mteb_version": "1.1.2.dev0",
  "test": {
    "cos_sim": {
      "pearson": 0.1776695644281137,
      "spearman": 0.30606091980075084
    },
    "euclidean": {
      "pearson": 0.2345002508773535,
      "spearman": 0.3071335662220213
    },
    "evaluation_time": 0.36,
    "manhattan": {
      "pearson": 0.23463200466351603,
      "spearman": 0.3058439300543297
    }
  }
}