{
  "dataset_revision": null,
  "mteb_dataset_name": "InstructSTSBenchmark",
  "mteb_version": "1.1.2.dev0",
  "test": {
    "cos_sim": {
      "pearson": 0.32232470578397504,
      "spearman": 0.28483362230390424
    },
    "euclidean": {
      "pearson": 0.3242255694509494,
      "spearman": 0.26352318809771685
    },
    "evaluation_time": 0.15,
    "manhattan": {
      "pearson": 0.3211099536248617,
      "spearman": 0.2586748980913256
    }
  }
}