{
  "dataset_revision": null,
  "mteb_dataset_name": "InstructSTSBenchmark",
  "mteb_version": "1.1.2.dev0",
  "test": {
    "cos_sim": {
      "pearson": 0.05062466565661107,
      "spearman": 0.064902235896499
    },
    "euclidean": {
      "pearson": -0.005513768048404337,
      "spearman": 0.0025625895049656887
    },
    "evaluation_time": 0.15,
    "manhattan": {
      "pearson": 0.013310297629008505,
      "spearman": 0.018866251185749704
    }
  }
}