{
  "dataset_revision": "b0fddb56ed78048fa8b90373c8a3cfc37b684831",
  "mteb_dataset_name": "STSBenchmark",
  "mteb_version": "1.1.2.dev0",
  "test": {
    "cos_sim": {
      "pearson": 0.30723517799540034,
      "spearman": 0.325443075709355
    },
    "euclidean": {
      "pearson": 0.3476063309555172,
      "spearman": 0.35202373468911247
    },
    "evaluation_time": 0.03,
    "manhattan": {
      "pearson": 0.35091562569257523,
      "spearman": 0.35649965068201267
    }
  }
}