{
  "dataset_revision": "b0fddb56ed78048fa8b90373c8a3cfc37b684831",
  "mteb_dataset_name": "STSBenchmark",
  "mteb_version": "1.1.2.dev0",
  "test": {
    "cos_sim": {
      "pearson": 0.1627406816653849,
      "spearman": 0.22262578480729187
    },
    "euclidean": {
      "pearson": 0.14641231188576423,
      "spearman": 0.17969363638225333
    },
    "evaluation_time": 0.03,
    "manhattan": {
      "pearson": 0.1547520452681191,
      "spearman": 0.19396050321483124
    }
  }
}