{
  "dataset_revision": "b0fddb56ed78048fa8b90373c8a3cfc37b684831",
  "mteb_dataset_name": "STSBenchmark",
  "mteb_version": "1.1.2.dev0",
  "test": {
    "cos_sim": {
      "pearson": 0.11355415274158724,
      "spearman": 0.2090843717386443
    },
    "euclidean": {
      "pearson": 0.06514858685412081,
      "spearman": 0.08915104830225376
    },
    "evaluation_time": 0.06,
    "manhattan": {
      "pearson": 0.26239459954602523,
      "spearman": 0.2845773081851589
    }
  }
}