{
  "dataset_revision": "b0fddb56ed78048fa8b90373c8a3cfc37b684831",
  "mteb_dataset_name": "STSBenchmark",
  "mteb_version": "1.1.2.dev0",
  "test": {
    "cos_sim": {
      "pearson": 0.6695210777522951,
      "spearman": 0.6572666232680694
    },
    "euclidean": {
      "pearson": 0.6319628093289581,
      "spearman": 0.6163602567142452
    },
    "evaluation_time": 0.06,
    "manhattan": {
      "pearson": 0.6356352404192587,
      "spearman": 0.6195674324513144
    }
  }
}