{
  "dataset_revision": null,
  "mteb_dataset_name": "InstructSTSBenchmark",
  "mteb_version": "1.1.2.dev0",
  "test": {
    "cos_sim": {
      "pearson": 0.08707955776652385,
      "spearman": 0.13547659740477955
    },
    "euclidean": {
      "pearson": 0.07581365554802923,
      "spearman": 0.08609562971992006
    },
    "evaluation_time": 0.15,
    "manhattan": {
      "pearson": 0.07537149676960594,
      "spearman": 0.08615210050338733
    }
  }
}