{
  "dataset_revision": "b0fddb56ed78048fa8b90373c8a3cfc37b684831",
  "mteb_dataset_name": "STSBenchmark",
  "mteb_version": "1.1.2.dev0",
  "test": {
    "cos_sim": {
      "pearson": 0.3444560009065652,
      "spearman": 0.3560532342455646
    },
    "euclidean": {
      "pearson": 0.40903716403629153,
      "spearman": 0.40642982817655116
    },
    "evaluation_time": 0.06,
    "manhattan": {
      "pearson": 0.42027710733678786,
      "spearman": 0.4169519822645825
    }
  }
}