{
  "dataset_revision": "b0fddb56ed78048fa8b90373c8a3cfc37b684831",
  "mteb_dataset_name": "STSBenchmark",
  "mteb_version": "1.1.2.dev0",
  "test": {
    "cos_sim": {
      "pearson": 0.5015566479111869,
      "spearman": 0.5401464360629146
    },
    "euclidean": {
      "pearson": 0.5374256850061342,
      "spearman": 0.5431991030527465
    },
    "evaluation_time": 0.04,
    "manhattan": {
      "pearson": 0.539680082955707,
      "spearman": 0.5446696753286606
    }
  }
}