{
  "dataset_revision": "b0fddb56ed78048fa8b90373c8a3cfc37b684831",
  "mteb_dataset_name": "STSBenchmark",
  "mteb_version": "1.1.2.dev0",
  "test": {
    "cos_sim": {
      "pearson": 0.0643280253140172,
      "spearman": 0.06638227906455632
    },
    "euclidean": {
      "pearson": 0.0644530792667123,
      "spearman": 0.06638137552918924
    },
    "evaluation_time": 31.82,
    "manhattan": {
      "pearson": 0.12625864141741314,
      "spearman": 0.12165294570965159
    }
  }
}