{
  "dataset_revision": "b0fddb56ed78048fa8b90373c8a3cfc37b684831",
  "mteb_dataset_name": "STSBenchmark",
  "mteb_version": "1.1.2.dev0",
  "test": {
    "cos_sim": {
      "pearson": 0.2645532322848354,
      "spearman": 0.32960463180384114
    },
    "euclidean": {
      "pearson": 0.17815733570363199,
      "spearman": 0.24122642743715816
    },
    "evaluation_time": 0.04,
    "manhattan": {
      "pearson": 0.21853384397498887,
      "spearman": 0.2805196722546106
    }
  }
}