{
  "dataset_revision": null,
  "mteb_dataset_name": "InstructSTSBenchmark",
  "mteb_version": "1.1.2.dev0",
  "test": {
    "cos_sim": {
      "pearson": 0.18725270701613103,
      "spearman": 0.1709274980283163
    },
    "euclidean": {
      "pearson": 0.19711866560329563,
      "spearman": 0.17870589301916995
    },
    "evaluation_time": 0.07,
    "manhattan": {
      "pearson": 0.19765139966689496,
      "spearman": 0.17985625750215287
    }
  }
}