{
  "dataset_revision": "b0fddb56ed78048fa8b90373c8a3cfc37b684831",
  "mteb_dataset_name": "STSBenchmark",
  "mteb_version": "1.1.2.dev0",
  "test": {
    "cos_sim": {
      "pearson": 0.27315684514756894,
      "spearman": 0.24413728081053346
    },
    "euclidean": {
      "pearson": 0.288226577386566,
      "spearman": 0.2475933863137317
    },
    "evaluation_time": 0.05,
    "manhattan": {
      "pearson": 0.28860646177106136,
      "spearman": 0.24888895084031165
    }
  }
}