{
  "dataset_revision": "b0fddb56ed78048fa8b90373c8a3cfc37b684831",
  "mteb_dataset_name": "STSBenchmark",
  "mteb_version": "1.1.2.dev0",
  "test": {
    "cos_sim": {
      "pearson": 0.20713146934121315,
      "spearman": 0.2194888507630242
    },
    "euclidean": {
      "pearson": 0.22957102112158784,
      "spearman": 0.2320238056316098
    },
    "evaluation_time": 0.03,
    "manhattan": {
      "pearson": 0.24006707733095564,
      "spearman": 0.2422136868601123
    }
  }
}