{
  "dataset_revision": null,
  "mteb_dataset_name": "InstructSTSBenchmark",
  "mteb_version": "1.1.2.dev0",
  "test": {
    "cos_sim": {
      "pearson": 0.04023293943042029,
      "spearman": 0.08544029554480774
    },
    "euclidean": {
      "pearson": 0.0022184347197525375,
      "spearman": 0.028536417442277008
    },
    "evaluation_time": 0.14,
    "manhattan": {
      "pearson": 0.030855163498547177,
      "spearman": 0.04940282735710514
    }
  }
}