{
  "dataset_revision": null,
  "mteb_dataset_name": "InstructSTSBenchmark",
  "mteb_version": "1.1.2.dev0",
  "test": {
    "cos_sim": {
      "pearson": 0.012256815590390475,
      "spearman": 0.024919102412609462
    },
    "euclidean": {
      "pearson": -0.10997535778745621,
      "spearman": -0.09507357345853157
    },
    "evaluation_time": 0.11,
    "manhattan": {
      "pearson": -0.058820856119144414,
      "spearman": -0.05494151821820883
    }
  }
}