{
    "dataset_revision": null,
    "mteb_dataset_name": "IntentEmotion",
    "mteb_version": "1.1.2.dev0",
    "test": {
        "Emotion_success_rate": 0.9790584415584416,
        "Intent_success_rate": 0.020292207792207792,
        "evaluation_time": 0.53,
        "harmonic_mean": 0.03976035227601304
    }
}