{
  "dataset_revision": "b0fddb56ed78048fa8b90373c8a3cfc37b684831",
  "mteb_dataset_name": "STSBenchmark",
  "mteb_version": "1.1.2.dev0",
  "test": {
    "cos_sim": {
      "pearson": 0.1488000201410124,
      "spearman": 0.23605145370396607
    },
    "euclidean": {
      "pearson": 0.07935217812737169,
      "spearman": 0.10407343646125705
    },
    "evaluation_time": 0.07,
    "manhattan": {
      "pearson": 0.31797851151333073,
      "spearman": 0.3304147407205885
    }
  }
}