{
  "dataset_revision": "b0fddb56ed78048fa8b90373c8a3cfc37b684831",
  "mteb_dataset_name": "STSBenchmark",
  "mteb_version": "1.1.2.dev0",
  "test": {
    "cos_sim": {
      "pearson": 0.35687455184528966,
      "spearman": 0.38283137454849975
    },
    "euclidean": {
      "pearson": 0.4318019440828716,
      "spearman": 0.4314451374243021
    },
    "evaluation_time": 0.06,
    "manhattan": {
      "pearson": 0.4397341749877493,
      "spearman": 0.43945999119159
    }
  }
}