{
  "dataset_revision": "b0fddb56ed78048fa8b90373c8a3cfc37b684831",
  "mteb_dataset_name": "STSBenchmark",
  "mteb_version": "1.1.2.dev0",
  "test": {
    "cos_sim": {
      "pearson": 0.4468344130685268,
      "spearman": 0.4529566248295746
    },
    "euclidean": {
      "pearson": 0.4722128774833243,
      "spearman": 0.47658817545081306
    },
    "evaluation_time": 0.07,
    "manhattan": {
      "pearson": 0.4881580603760975,
      "spearman": 0.4895121217960173
    }
  }
}