{
  "dataset_revision": "b0fddb56ed78048fa8b90373c8a3cfc37b684831",
  "mteb_dataset_name": "STSBenchmark",
  "mteb_version": "1.1.2.dev0",
  "test": {
    "cos_sim": {
      "pearson": 0.02255678092029574,
      "spearman": 0.1268406928401604
    },
    "euclidean": {
      "pearson": 0.10331379333115012,
      "spearman": 0.17825236267714
    },
    "evaluation_time": 0.03,
    "manhattan": {
      "pearson": 0.14094377638704583,
      "spearman": 0.22430887612881065
    }
  }
}