{
  "dataset_revision": "b0fddb56ed78048fa8b90373c8a3cfc37b684831",
  "mteb_dataset_name": "STSBenchmark",
  "mteb_version": "1.1.2.dev0",
  "test": {
    "cos_sim": {
      "pearson": 0.2607115611319019,
      "spearman": 0.22814503105523007
    },
    "euclidean": {
      "pearson": 0.2697595438347544,
      "spearman": 0.23188956080782275
    },
    "evaluation_time": 0.05,
    "manhattan": {
      "pearson": 0.2705643270015176,
      "spearman": 0.2336409820279477
    }
  }
}