{
  "dataset_revision": "a0d554a64d88156834ff5ae9920b964011b16384",
  "mteb_dataset_name": "STS12",
  "mteb_version": "1.1.2.dev0",
  "test": {
    "cos_sim": {
      "pearson": 0.2604102111349451,
      "spearman": 0.2749005834029669
    },
    "euclidean": {
      "pearson": 0.3013637883550446,
      "spearman": 0.2933489851212537
    },
    "evaluation_time": 0.35,
    "manhattan": {
      "pearson": 0.309398216994902,
      "spearman": 0.30265284957855465
    }
  }
}