{
  "dataset_revision": null,
  "mteb_dataset_name": "InstructSTSBenchmark",
  "mteb_version": "1.1.2.dev0",
  "test": {
    "cos_sim": {
      "pearson": -0.09862225037332632,
      "spearman": -0.06783962736475449
    },
    "euclidean": {
      "pearson": -0.0796466100249443,
      "spearman": -0.05637924615696593
    },
    "evaluation_time": 0.08,
    "manhattan": {
      "pearson": -0.07948133322339794,
      "spearman": -0.05616656990787695
    }
  }
}