{
  "dataset_revision": null,
  "mteb_dataset_name": "InstructSTSBenchmark",
  "mteb_version": "1.1.2.dev0",
  "test": {
    "cos_sim": {
      "pearson": 0.18627203468786735,
      "spearman": 0.2206737041573214
    },
    "euclidean": {
      "pearson": 0.2213039419575973,
      "spearman": 0.2310324495840989
    },
    "evaluation_time": 0.11,
    "manhattan": {
      "pearson": 0.22053930907553881,
      "spearman": 0.23033294055731318
    }
  }
}