{
  "dataset_revision": "b0fddb56ed78048fa8b90373c8a3cfc37b684831",
  "mteb_dataset_name": "STSBenchmark",
  "mteb_version": "1.1.2.dev0",
  "test": {
    "cos_sim": {
      "pearson": 0.1833058786856664,
      "spearman": 0.22823077588752383
    },
    "euclidean": {
      "pearson": 0.19954472509141893,
      "spearman": 0.22098369163754114
    },
    "evaluation_time": 0.07,
    "manhattan": {
      "pearson": 0.4062406882261876,
      "spearman": 0.3943970276578213
    }
  }
}