{
  "dataset_revision": "b0fddb56ed78048fa8b90373c8a3cfc37b684831",
  "mteb_dataset_name": "STSBenchmark",
  "mteb_version": "1.1.2.dev0",
  "test": {
    "cos_sim": {
      "pearson": 0.7166184111310921,
      "spearman": 0.7144684617072786
    },
    "euclidean": {
      "pearson": 0.7273015726489991,
      "spearman": 0.7178258468648278
    },
    "evaluation_time": 0.04,
    "manhattan": {
      "pearson": 0.7280596329379321,
      "spearman": 0.7182926786414455
    }
  }
}