{
  "dataset_revision": null,
  "mteb_dataset_name": "InstructSTSBenchmark",
  "mteb_version": "1.1.2.dev0",
  "test": {
    "cos_sim": {
      "pearson": 0.004582907974629375,
      "spearman": 0.010590548947832812
    },
    "euclidean": {
      "pearson": -0.0036169300197249213,
      "spearman": 0.021419277084162167
    },
    "evaluation_time": 0.11,
    "manhattan": {
      "pearson": 0.03749226734932217,
      "spearman": 0.03007296923973909
    }
  }
}