{
    "test": {
        "NYTTopicClustering": 0.09337286997915398,
        "NYTLocationClustering": 0.4328097630090435,
        "harmonic_mean": 0.15360709730537153
    }
}