{
  "dataset_revision": "b0fddb56ed78048fa8b90373c8a3cfc37b684831",
  "mteb_dataset_name": "STSBenchmark",
  "mteb_version": "1.1.2.dev0",
  "test": {
    "cos_sim": {
      "pearson": 0.40897880924183483,
      "spearman": 0.4155035056086136
    },
    "euclidean": {
      "pearson": 0.43241183664332716,
      "spearman": 0.42550510606095815
    },
    "evaluation_time": 0.05,
    "manhattan": {
      "pearson": 0.4328212856583807,
      "spearman": 0.4260474993778817
    }
  }
}