{
  "dataset_revision": "b0fddb56ed78048fa8b90373c8a3cfc37b684831",
  "mteb_dataset_name": "STSBenchmark",
  "mteb_version": "1.1.2.dev0",
  "test": {
    "cos_sim": {
      "pearson": -0.00990926248936165,
      "spearman": -0.012834166304646897
    },
    "euclidean": {
      "pearson": -0.009387730679898346,
      "spearman": -0.012833820421294561
    },
    "evaluation_time": 32.82,
    "manhattan": {
      "pearson": 0.0361292275674125,
      "spearman": 0.02487588943244678
    }
  }
}