{
  "dataset_revision": null,
  "mteb_dataset_name": "InstructSTSBenchmark",
  "mteb_version": "1.1.2.dev0",
  "test": {
    "cos_sim": {
      "pearson": 0.017103422145968532,
      "spearman": 0.013980162188499387
    },
    "euclidean": {
      "pearson": 0.010413493975874167,
      "spearman": 0.012551087038733571
    },
    "evaluation_time": 0.1,
    "manhattan": {
      "pearson": 0.012823881620350022,
      "spearman": 0.015362330153013607
    }
  }
}