{
  "dataset_revision": "b0fddb56ed78048fa8b90373c8a3cfc37b684831",
  "mteb_dataset_name": "STSBenchmark",
  "mteb_version": "1.1.2.dev0",
  "test": {
    "cos_sim": {
      "pearson": 0.7452986002055311,
      "spearman": 0.7472594064892504
    },
    "euclidean": {
      "pearson": 0.7737826579823199,
      "spearman": 0.7584970463719648
    },
    "evaluation_time": 0.05,
    "manhattan": {
      "pearson": 0.7828617108560838,
      "spearman": 0.7679058577671711
    }
  }
}