{
  "dataset_revision": "b0fddb56ed78048fa8b90373c8a3cfc37b684831",
  "mteb_dataset_name": "STSBenchmark",
  "mteb_version": "1.1.2.dev0",
  "test": {
    "cos_sim": {
      "pearson": 0.18584297629271554,
      "spearman": 0.22225256919773492
    },
    "euclidean": {
      "pearson": 0.2220508823204622,
      "spearman": 0.2234410170699713
    },
    "evaluation_time": 0.07,
    "manhattan": {
      "pearson": 0.22254154756771288,
      "spearman": 0.22447492233192518
    }
  }
}