{
  "dataset_revision": null,
  "mteb_dataset_name": "InstructSTSBenchmark",
  "mteb_version": "1.1.2.dev0",
  "test": {
    "cos_sim": {
      "pearson": -0.0076183043225841315,
      "spearman": -0.008972934245938962
    },
    "euclidean": {
      "pearson": 0.022820444610300257,
      "spearman": -0.04259764252562622
    },
    "evaluation_time": 0.13,
    "manhattan": {
      "pearson": -0.011581131993584251,
      "spearman": -0.04894878402051756
    }
  }
}