{
  "dataset_revision": "b0fddb56ed78048fa8b90373c8a3cfc37b684831",
  "mteb_dataset_name": "STSBenchmark",
  "mteb_version": "1.1.2.dev0",
  "test": {
    "cos_sim": {
      "pearson": 0.007519640898351052,
      "spearman": 0.03101507763230067
    },
    "euclidean": {
      "pearson": 0.004173341368907112,
      "spearman": 0.03159927138543739
    },
    "evaluation_time": 0.05,
    "manhattan": {
      "pearson": 0.004586217804680595,
      "spearman": 0.030329359292280714
    }
  }
}