{
  "dataset_revision": "b0fddb56ed78048fa8b90373c8a3cfc37b684831",
  "mteb_dataset_name": "STSBenchmark",
  "mteb_version": "1.1.2.dev0",
  "test": {
    "cos_sim": {
      "pearson": 0.33182922909263285,
      "spearman": 0.3413897417547727
    },
    "euclidean": {
      "pearson": 0.38032716197801164,
      "spearman": 0.36800392871228677
    },
    "evaluation_time": 0.06,
    "manhattan": {
      "pearson": 0.38830720816368974,
      "spearman": 0.3761749474062276
    }
  }
}