{
  "dataset_revision": null,
  "mteb_dataset_name": "InstructSTSBenchmark",
  "mteb_version": "1.1.2.dev0",
  "test": {
    "cos_sim": {
      "pearson": 0.024407716971563142,
      "spearman": 0.028250875658132047
    },
    "euclidean": {
      "pearson": 0.009168858518472935,
      "spearman": 0.030787051409174013
    },
    "evaluation_time": 0.11,
    "manhattan": {
      "pearson": 0.04751953538722721,
      "spearman": 0.03891155767019046
    }
  }
}