{
  "dataset_revision": "b0fddb56ed78048fa8b90373c8a3cfc37b684831",
  "mteb_dataset_name": "STSBenchmark",
  "mteb_version": "1.1.2.dev0",
  "test": {
    "cos_sim": {
      "pearson": 0.1708943137780593,
      "spearman": 0.2193462167903507
    },
    "euclidean": {
      "pearson": 0.19828711686641012,
      "spearman": 0.21929688003654033
    },
    "evaluation_time": 0.03,
    "manhattan": {
      "pearson": 0.1984050878759359,
      "spearman": 0.21873457811215977
    }
  }
}