{
  "dataset_revision": "b0fddb56ed78048fa8b90373c8a3cfc37b684831",
  "mteb_dataset_name": "STSBenchmark",
  "mteb_version": "1.1.2.dev0",
  "test": {
    "cos_sim": {
      "pearson": 0.06574450816338866,
      "spearman": 0.030713044939968348
    },
    "euclidean": {
      "pearson": 0.013330110585086812,
      "spearman": -0.003603774180766716
    },
    "evaluation_time": 0.04,
    "manhattan": {
      "pearson": 0.06878821199083823,
      "spearman": 0.014165144176312068
    }
  }
}