{
  "dataset_revision": "b0fddb56ed78048fa8b90373c8a3cfc37b684831",
  "mteb_dataset_name": "STSBenchmark",
  "mteb_version": "1.1.2.dev0",
  "test": {
    "cos_sim": {
      "pearson": 0.45159131125440183,
      "spearman": 0.4709483946285953
    },
    "euclidean": {
      "pearson": 0.4590360831794554,
      "spearman": 0.4690834434009875
    },
    "evaluation_time": 0.03,
    "manhattan": {
      "pearson": 0.4705809865644861,
      "spearman": 0.4794714669357217
    }
  }
}