{
    "dataset_revision": null,
    "mteb_dataset_name": "IntentEmotion",
    "mteb_version": "1.1.2.dev0",
    "test": {
        "Emotion_success_rate": 0.9962662337662338,
        "Intent_success_rate": 0.004383116883116883,
        "evaluation_time": 0.84,
        "harmonic_mean": 0.008727855098654461
    }
}