{
  "dataset_revision": "b0fddb56ed78048fa8b90373c8a3cfc37b684831",
  "mteb_dataset_name": "STSBenchmark",
  "mteb_version": "1.1.2.dev0",
  "test": {
    "cos_sim": {
      "pearson": 0.18043468039190613,
      "spearman": 0.20645266987464472
    },
    "euclidean": {
      "pearson": 0.21197242974677755,
      "spearman": 0.20937956327450893
    },
    "evaluation_time": 0.07,
    "manhattan": {
      "pearson": 0.2118859055106803,
      "spearman": 0.20959490427244673
    }
  }
}