{
  "dataset_revision": "b0fddb56ed78048fa8b90373c8a3cfc37b684831",
  "mteb_dataset_name": "STSBenchmark",
  "mteb_version": "1.1.2.dev0",
  "test": {
    "cos_sim": {
      "pearson": 0.08213062044590136,
      "spearman": 0.09204695290068667
    },
    "euclidean": {
      "pearson": 0.09888492861844725,
      "spearman": 0.10556826803365164
    },
    "evaluation_time": 0.05,
    "manhattan": {
      "pearson": 0.12526521200797375,
      "spearman": 0.1291228361078912
    }
  }
}