{
  "dataset_revision": null,
  "mteb_dataset_name": "InstructSTSBenchmark",
  "mteb_version": "1.1.2.dev0",
  "test": {
    "cos_sim": {
      "pearson": 0.02939563342308621,
      "spearman": 0.03539761791195368
    },
    "euclidean": {
      "pearson": -0.09361356736676188,
      "spearman": -0.07668595770894868
    },
    "evaluation_time": 0.12,
    "manhattan": {
      "pearson": -0.01604378052555064,
      "spearman": -0.015208401727088887
    }
  }
}