{
  "dataset_revision": "a0d554a64d88156834ff5ae9920b964011b16384",
  "mteb_dataset_name": "STS12",
  "mteb_version": "1.1.2.dev0",
  "test": {
    "cos_sim": {
      "pearson": 0.7312217052999166,
      "spearman": 0.686503699238821
    },
    "euclidean": {
      "pearson": 0.40784313816973106,
      "spearman": 0.5565703209097681
    },
    "evaluation_time": 0.34,
    "manhattan": {
      "pearson": 0.6967367885530109,
      "spearman": 0.5810396939850674
    }
  }
}