{
  "dataset_revision": null,
  "mteb_dataset_name": "InstructSTSBenchmark",
  "mteb_version": "1.1.2.dev0",
  "test": {
    "cos_sim": {
      "pearson": 0.024896007697149287,
      "spearman": 0.02633724476892727
    },
    "euclidean": {
      "pearson": -0.013372759309693958,
      "spearman": -0.011248160332716996
    },
    "evaluation_time": 0.07,
    "manhattan": {
      "pearson": -0.012481325167384903,
      "spearman": -0.010228042952199111
    }
  }
}