{
  "dataset_revision": "b0fddb56ed78048fa8b90373c8a3cfc37b684831",
  "mteb_dataset_name": "STSBenchmark",
  "mteb_version": "1.1.2.dev0",
  "test": {
    "cos_sim": {
      "pearson": 0.7412656531394304,
      "spearman": 0.7374361946488189
    },
    "euclidean": {
      "pearson": 0.7544265690204124,
      "spearman": 0.7405026677772619
    },
    "evaluation_time": 0.05,
    "manhattan": {
      "pearson": 0.7563057466176158,
      "spearman": 0.7418453912631057
    }
  }
}