{
  "dataset_revision": "b0fddb56ed78048fa8b90373c8a3cfc37b684831",
  "mteb_dataset_name": "STSBenchmark",
  "mteb_version": "1.1.2.dev0",
  "test": {
    "cos_sim": {
      "pearson": 0.23810464457485678,
      "spearman": 0.2699597611912099
    },
    "euclidean": {
      "pearson": 0.26330586286334556,
      "spearman": 0.27040804217571757
    },
    "evaluation_time": 0.07,
    "manhattan": {
      "pearson": 0.26405875087105984,
      "spearman": 0.2706075749464645
    }
  }
}