{
  "dataset_revision": "b0fddb56ed78048fa8b90373c8a3cfc37b684831",
  "mteb_dataset_name": "STSBenchmark",
  "mteb_version": "1.1.2.dev0",
  "test": {
    "cos_sim": {
      "pearson": 0.6340897021044215,
      "spearman": 0.6499433391486493
    },
    "euclidean": {
      "pearson": 0.6649390911182527,
      "spearman": 0.6535316120619917
    },
    "evaluation_time": 0.03,
    "manhattan": {
      "pearson": 0.6883592814152488,
      "spearman": 0.6758552756620089
    }
  }
}