{
  "dataset_revision": "b0fddb56ed78048fa8b90373c8a3cfc37b684831",
  "mteb_dataset_name": "STSBenchmark",
  "mteb_version": "1.1.2.dev0",
  "test": {
    "cos_sim": {
      "pearson": 0.19755323199727814,
      "spearman": 0.2226461844949705
    },
    "euclidean": {
      "pearson": 0.20542515076895007,
      "spearman": 0.22740828427545273
    },
    "evaluation_time": 0.04,
    "manhattan": {
      "pearson": 0.23976473269772203,
      "spearman": 0.2556313396557617
    }
  }
}