{
  "dataset_revision": "a0d554a64d88156834ff5ae9920b964011b16384",
  "mteb_dataset_name": "STS12",
  "mteb_version": "1.1.2.dev0",
  "test": {
    "cos_sim": {
      "pearson": 0.44518690429332386,
      "spearman": 0.5396241336257858
    },
    "euclidean": {
      "pearson": 0.14376672566636498,
      "spearman": 0.2786020499647297
    },
    "evaluation_time": 0.34,
    "manhattan": {
      "pearson": 0.45384687144584573,
      "spearman": 0.4965077141080534
    }
  }
}