{
  "dataset_revision": null,
  "mteb_dataset_name": "InstructSTSBenchmark",
  "mteb_version": "1.1.2.dev0",
  "test": {
    "cos_sim": {
      "pearson": 0.07459660862522406,
      "spearman": 0.07650652634860254
    },
    "euclidean": {
      "pearson": 0.032917963814225716,
      "spearman": 0.08662936969320648
    },
    "evaluation_time": 0.11,
    "manhattan": {
      "pearson": 0.0964616108982638,
      "spearman": 0.0894797780420592
    }
  }
}