{
  "dataset_revision": "b0fddb56ed78048fa8b90373c8a3cfc37b684831",
  "mteb_dataset_name": "STSBenchmark",
  "mteb_version": "1.1.2.dev0",
  "test": {
    "cos_sim": {
      "pearson": 0.2558572256914966,
      "spearman": 0.3038268273982232
    },
    "euclidean": {
      "pearson": 0.30666479402401803,
      "spearman": 0.3150406718359844
    },
    "evaluation_time": 0.04,
    "manhattan": {
      "pearson": 0.3083177504015988,
      "spearman": 0.3170574910336565
    }
  }
}