{
  "dataset_revision": null,
  "mteb_dataset_name": "InstructSTSBenchmark",
  "mteb_version": "1.1.2.dev0",
  "test": {
    "cos_sim": {
      "pearson": 0.1100712400251632,
      "spearman": 0.15412835095705033
    },
    "euclidean": {
      "pearson": 0.05472778727414722,
      "spearman": 0.07648375589327573
    },
    "evaluation_time": 0.12,
    "manhattan": {
      "pearson": 0.07986131654089496,
      "spearman": 0.0986111948247264
    }
  }
}