{
  "dataset_revision": "b0fddb56ed78048fa8b90373c8a3cfc37b684831",
  "mteb_dataset_name": "STSBenchmark",
  "mteb_version": "1.1.2.dev0",
  "test": {
    "cos_sim": {
      "pearson": 0.055748688640775985,
      "spearman": 0.22124824636590884
    },
    "euclidean": {
      "pearson": 0.15864196694149885,
      "spearman": 0.23642223877835003
    },
    "evaluation_time": 0.08,
    "manhattan": {
      "pearson": 0.16672901550662858,
      "spearman": 0.23948215587213317
    }
  }
}