{
  "dataset_revision": "b0fddb56ed78048fa8b90373c8a3cfc37b684831",
  "mteb_dataset_name": "STSBenchmark",
  "mteb_version": "1.1.2.dev0",
  "test": {
    "cos_sim": {
      "pearson": 0.2787911970772375,
      "spearman": 0.3311906232191237
    },
    "euclidean": {
      "pearson": 0.3789272447569185,
      "spearman": 0.38902597337665323
    },
    "evaluation_time": 0.07,
    "manhattan": {
      "pearson": 0.4253133117001359,
      "spearman": 0.4312000131959593
    }
  }
}