{
  "dataset_revision": "b0fddb56ed78048fa8b90373c8a3cfc37b684831",
  "mteb_dataset_name": "STSBenchmark",
  "mteb_version": "1.1.2.dev0",
  "test": {
    "cos_sim": {
      "pearson": 0.24060912213455782,
      "spearman": 0.20843990950033406
    },
    "euclidean": {
      "pearson": 0.26483155581779927,
      "spearman": 0.20816490681812838
    },
    "evaluation_time": 0.03,
    "manhattan": {
      "pearson": 0.26612293264497444,
      "spearman": 0.20953397353181158
    }
  }
}