{
  "dataset_revision": "b0fddb56ed78048fa8b90373c8a3cfc37b684831",
  "mteb_dataset_name": "STSBenchmark",
  "mteb_version": "1.1.2.dev0",
  "test": {
    "cos_sim": {
      "pearson": 0.24326363548543994,
      "spearman": 0.3163992799262523
    },
    "euclidean": {
      "pearson": 0.32466964227834666,
      "spearman": 0.3412017217300556
    },
    "evaluation_time": 0.07,
    "manhattan": {
      "pearson": 0.3308199664946102,
      "spearman": 0.34669092882388697
    }
  }
}