{
  "dataset_revision": "b0fddb56ed78048fa8b90373c8a3cfc37b684831",
  "mteb_dataset_name": "STSBenchmark",
  "mteb_version": "1.1.2.dev0",
  "test": {
    "cos_sim": {
      "pearson": 0.3183974858060471,
      "spearman": 0.34608388058752293
    },
    "euclidean": {
      "pearson": 0.367038570706456,
      "spearman": 0.37631423794195
    },
    "evaluation_time": 0.03,
    "manhattan": {
      "pearson": 0.3972859123243642,
      "spearman": 0.39822673532155795
    }
  }
}