{
  "dataset_revision": "b0fddb56ed78048fa8b90373c8a3cfc37b684831",
  "mteb_dataset_name": "STSBenchmark",
  "mteb_version": "1.1.2.dev0",
  "test": {
    "cos_sim": {
      "pearson": 0.06848329747116927,
      "spearman": 0.11794640202625029
    },
    "euclidean": {
      "pearson": 0.08732697951730965,
      "spearman": 0.11796593522063692
    },
    "evaluation_time": 0.03,
    "manhattan": {
      "pearson": 0.08750165266275814,
      "spearman": 0.11734401055350809
    }
  }
}