{
  "dataset_revision": null,
  "mteb_dataset_name": "InstructSTSBenchmark",
  "mteb_version": "1.1.2.dev0",
  "test": {
    "cos_sim": {
      "pearson": 0.17598047045073198,
      "spearman": 0.18353687741177557
    },
    "euclidean": {
      "pearson": 0.1830390676934557,
      "spearman": 0.17736789972752087
    },
    "evaluation_time": 0.13,
    "manhattan": {
      "pearson": 0.18298770382370244,
      "spearman": 0.17708417960687547
    }
  }
}