{
  "dataset_revision": "b0fddb56ed78048fa8b90373c8a3cfc37b684831",
  "mteb_dataset_name": "STSBenchmark",
  "mteb_version": "1.1.2.dev0",
  "test": {
    "cos_sim": {
      "pearson": 0.3371092138497301,
      "spearman": 0.3653749900602881
    },
    "euclidean": {
      "pearson": 0.3644147421998124,
      "spearman": 0.3851163219912692
    },
    "evaluation_time": 0.09,
    "manhattan": {
      "pearson": 0.38651446849810955,
      "spearman": 0.40425676385848947
    }
  }
}