{
  "dataset_revision": "b0fddb56ed78048fa8b90373c8a3cfc37b684831",
  "mteb_dataset_name": "STSBenchmark",
  "mteb_version": "1.1.2.dev0",
  "test": {
    "cos_sim": {
      "pearson": 0.5290778062438077,
      "spearman": 0.5233159789643362
    },
    "euclidean": {
      "pearson": 0.4944460762404858,
      "spearman": 0.5237354197261885
    },
    "evaluation_time": 0.03,
    "manhattan": {
      "pearson": 0.49348694539886595,
      "spearman": 0.521022494148417
    }
  }
}