{
  "dataset_revision": "b0fddb56ed78048fa8b90373c8a3cfc37b684831",
  "mteb_dataset_name": "STSBenchmark",
  "mteb_version": "1.1.2.dev0",
  "test": {
    "cos_sim": {
      "pearson": 0.24900884916036278,
      "spearman": 0.28556835628620997
    },
    "euclidean": {
      "pearson": 0.25228494863246315,
      "spearman": 0.27041685508475904
    },
    "evaluation_time": 0.04,
    "manhattan": {
      "pearson": 0.2717604266231903,
      "spearman": 0.27986408176749406
    }
  }
}