{
  "dataset_revision": "b0fddb56ed78048fa8b90373c8a3cfc37b684831",
  "mteb_dataset_name": "STSBenchmark",
  "mteb_version": "1.1.2.dev0",
  "test": {
    "cos_sim": {
      "pearson": 0.08170965397481911,
      "spearman": 0.0247637123248207
    },
    "euclidean": {
      "pearson": 0.0914093497137478,
      "spearman": 0.07057855290509664
    },
    "evaluation_time": 0.04,
    "manhattan": {
      "pearson": 0.08325590617830535,
      "spearman": 0.06689553729127912
    }
  }
}