{
  "dataset_revision": null,
  "mteb_dataset_name": "InstructSTSBenchmark",
  "mteb_version": "1.1.2.dev0",
  "test": {
    "cos_sim": {
      "pearson": 0.2178882232316862,
      "spearman": 0.21781145517189174
    },
    "euclidean": {
      "pearson": 0.21806796087719532,
      "spearman": 0.21850322223831753
    },
    "evaluation_time": 0.12,
    "manhattan": {
      "pearson": 0.2186131508515444,
      "spearman": 0.2194714229291931
    }
  }
}