{
  "dataset_revision": "a0d554a64d88156834ff5ae9920b964011b16384",
  "mteb_dataset_name": "STS12",
  "mteb_version": "1.1.2.dev0",
  "test": {
    "cos_sim": {
      "pearson": 0.26208563584030264,
      "spearman": 0.2789351869924842
    },
    "euclidean": {
      "pearson": 0.310300995071204,
      "spearman": 0.30083430748082807
    },
    "evaluation_time": 0.4,
    "manhattan": {
      "pearson": 0.3185650998963695,
      "spearman": 0.3100986773079098
    }
  }
}