{
  "dataset_revision": "b0fddb56ed78048fa8b90373c8a3cfc37b684831",
  "mteb_dataset_name": "STSBenchmark",
  "mteb_version": "1.1.2.dev0",
  "test": {
    "cos_sim": {
      "pearson": 0.2108590118507981,
      "spearman": 0.22836029250099277
    },
    "euclidean": {
      "pearson": 0.2903535385183779,
      "spearman": 0.26671330161479023
    },
    "evaluation_time": 0.06,
    "manhattan": {
      "pearson": 0.3007984930196572,
      "spearman": 0.2755750741018354
    }
  }
}