{
  "dataset_revision": null,
  "mteb_dataset_name": "InstructSTSBenchmark",
  "mteb_version": "1.1.2.dev0",
  "test": {
    "cos_sim": {
      "pearson": 0.021717802390317408,
      "spearman": 0.003582251473818658
    },
    "euclidean": {
      "pearson": 0.005647614204760104,
      "spearman": -0.024529724276873447
    },
    "evaluation_time": 0.11,
    "manhattan": {
      "pearson": 0.005876166762469423,
      "spearman": -0.02236288565938348
    }
  }
}