{
  "dataset_revision": null,
  "mteb_dataset_name": "InstructSTSBenchmark",
  "mteb_version": "1.1.2.dev0",
  "test": {
    "cos_sim": {
      "pearson": 0.023637742843960547,
      "spearman": 0.022628844833094505
    },
    "euclidean": {
      "pearson": 0.021565133923128473,
      "spearman": 0.020594530405821643
    },
    "evaluation_time": 0.11,
    "manhattan": {
      "pearson": 0.03375219447969005,
      "spearman": 0.0227508945908934
    }
  }
}