{
  "dataset_revision": null,
  "mteb_dataset_name": "InstructSTSBenchmark",
  "mteb_version": "1.1.2.dev0",
  "test": {
    "cos_sim": {
      "pearson": -0.0030126726846395366,
      "spearman": -0.030052931228397146
    },
    "euclidean": {
      "pearson": 0.022140907850616624,
      "spearman": 0.002424145002848962
    },
    "evaluation_time": 0.13,
    "manhattan": {
      "pearson": 0.024162316279306623,
      "spearman": 0.004223468112502541
    }
  }
}