{
  "dataset_revision": "b0fddb56ed78048fa8b90373c8a3cfc37b684831",
  "mteb_dataset_name": "STSBenchmark",
  "mteb_version": "1.1.2.dev0",
  "test": {
    "cos_sim": {
      "pearson": 0.29014202107268067,
      "spearman": 0.36397383833183716
    },
    "euclidean": {
      "pearson": 0.23120277009913726,
      "spearman": 0.3528053794919903
    },
    "evaluation_time": 0.05,
    "manhattan": {
      "pearson": 0.32621386402348557,
      "spearman": 0.3535457524743476
    }
  }
}