{
  "dataset_revision": "a0d554a64d88156834ff5ae9920b964011b16384",
  "mteb_dataset_name": "STS12",
  "mteb_version": "1.1.2.dev0",
  "test": {
    "cos_sim": {
      "pearson": 0.1872521326507968,
      "spearman": 0.30038126058214537
    },
    "euclidean": {
      "pearson": 0.22503506646802662,
      "spearman": 0.3066226265611259
    },
    "evaluation_time": 10.63,
    "manhattan": {
      "pearson": 0.24209714427451856,
      "spearman": 0.32193425611599785
    }
  }
}