{
  "dataset_revision": "b0fddb56ed78048fa8b90373c8a3cfc37b684831",
  "mteb_dataset_name": "STSBenchmark",
  "mteb_version": "1.1.2.dev0",
  "test": {
    "cos_sim": {
      "pearson": 0.25540201084788555,
      "spearman": 0.3107478637493614
    },
    "euclidean": {
      "pearson": 0.3297280739838063,
      "spearman": 0.34436149304396113
    },
    "evaluation_time": 16.19,
    "manhattan": {
      "pearson": 0.33892034433197005,
      "spearman": 0.35258672841020655
    }
  }
}