{
  "dataset_revision": "b0fddb56ed78048fa8b90373c8a3cfc37b684831",
  "mteb_dataset_name": "STSBenchmark",
  "mteb_version": "1.1.2.dev0",
  "test": {
    "cos_sim": {
      "pearson": 0.48457047195873026,
      "spearman": 0.5328497079886669
    },
    "euclidean": {
      "pearson": 0.5165027098646561,
      "spearman": 0.532543619540407
    },
    "evaluation_time": 0.03,
    "manhattan": {
      "pearson": 0.5190453672504125,
      "spearman": 0.5348905881043725
    }
  }
}