{
    "test": {
        "NYTTopicClustering": 0.13881332580542874,
        "NYTLocationClustering": 0.11253598379803688,
        "harmonic_mean": 0.1243010810645834
    }
}