{
  "dataset_revision": null,
  "mteb_dataset_name": "InstructSTSBenchmark",
  "mteb_version": "1.1.2.dev0",
  "test": {
    "cos_sim": {
      "pearson": -0.013848038779439516,
      "spearman": -0.02038003250469545
    },
    "euclidean": {
      "pearson": -0.01926238817229606,
      "spearman": -0.016372428517269024
    },
    "evaluation_time": 0.11,
    "manhattan": {
      "pearson": -0.01060541019599388,
      "spearman": -0.007792512707824269
    }
  }
}