{
  "dataset_revision": "a0d554a64d88156834ff5ae9920b964011b16384",
  "mteb_dataset_name": "STS12",
  "mteb_version": "1.1.2.dev0",
  "test": {
    "cos_sim": {
      "pearson": 0.707811965932877,
      "spearman": 0.6039676558709187
    },
    "euclidean": {
      "pearson": 0.67869518760565,
      "spearman": 0.5930566999544847
    },
    "evaluation_time": 0.18,
    "manhattan": {
      "pearson": 0.7039297570286933,
      "spearman": 0.608948790131946
    }
  }
}