{
  "dataset_revision": "b0fddb56ed78048fa8b90373c8a3cfc37b684831",
  "mteb_dataset_name": "STSBenchmark",
  "mteb_version": "1.1.2.dev0",
  "test": {
    "cos_sim": {
      "pearson": 0.7581011755183694,
      "spearman": 0.7454992811605682
    },
    "euclidean": {
      "pearson": 0.7529757610677114,
      "spearman": 0.7355392595074048
    },
    "evaluation_time": 0.06,
    "manhattan": {
      "pearson": 0.7736673399435077,
      "spearman": 0.7553488055721324
    }
  }
}