{
  "dataset_revision": null,
  "mteb_dataset_name": "InstructSTSBenchmark",
  "mteb_version": "1.1.2.dev0",
  "test": {
    "cos_sim": {
      "pearson": 0.2959649960263654,
      "spearman": 0.28932396040864006
    },
    "euclidean": {
      "pearson": 0.31480967621947137,
      "spearman": 0.2917585798313498
    },
    "evaluation_time": 0.15,
    "manhattan": {
      "pearson": 0.3136499761479107,
      "spearman": 0.2897620643900555
    }
  }
}