{
  "dataset_revision": null,
  "mteb_dataset_name": "InstructSTSBenchmark",
  "mteb_version": "1.1.2.dev0",
  "test": {
    "cos_sim": {
      "pearson": 0.24195097516975503,
      "spearman": 0.24996018105560303
    },
    "euclidean": {
      "pearson": 0.21897269071068481,
      "spearman": 0.2064166529069001
    },
    "evaluation_time": 0.11,
    "manhattan": {
      "pearson": 0.21804527860863213,
      "spearman": 0.2062417756419692
    }
  }
}