{
  "dataset_revision": "b0fddb56ed78048fa8b90373c8a3cfc37b684831",
  "mteb_dataset_name": "STSBenchmark",
  "mteb_version": "1.1.2.dev0",
  "test": {
    "cos_sim": {
      "pearson": 0.26814579010675765,
      "spearman": 0.21019755715037436
    },
    "euclidean": {
      "pearson": 0.26014439619756585,
      "spearman": 0.21104119100443178
    },
    "evaluation_time": 0.06,
    "manhattan": {
      "pearson": 0.26544914104061523,
      "spearman": 0.23175310579327657
    }
  }
}