{
  "dataset_revision": null,
  "mteb_dataset_name": "InstructSTSBenchmark",
  "mteb_version": "1.1.2.dev0",
  "test": {
    "cos_sim": {
      "pearson": 0.17506603299320128,
      "spearman": 0.18276359203204467
    },
    "euclidean": {
      "pearson": 0.18479419173529932,
      "spearman": 0.17980069753776587
    },
    "evaluation_time": 0.13,
    "manhattan": {
      "pearson": 0.18459887896538632,
      "spearman": 0.17930247947081882
    }
  }
}