{
  "dataset_revision": "b0fddb56ed78048fa8b90373c8a3cfc37b684831",
  "mteb_dataset_name": "STSBenchmark",
  "mteb_version": "1.1.2.dev0",
  "test": {
    "cos_sim": {
      "pearson": 0.11029749670657447,
      "spearman": 0.14355449143190024
    },
    "euclidean": {
      "pearson": 0.14420830822865804,
      "spearman": 0.15405611612794046
    },
    "evaluation_time": 0.03,
    "manhattan": {
      "pearson": 0.14925141142536744,
      "spearman": 0.1594205800330068
    }
  }
}