{
  "dataset_revision": "b0fddb56ed78048fa8b90373c8a3cfc37b684831",
  "mteb_dataset_name": "STSBenchmark",
  "mteb_version": "1.1.2.dev0",
  "test": {
    "cos_sim": {
      "pearson": 0.2686064289589712,
      "spearman": 0.29506367558249413
    },
    "euclidean": {
      "pearson": 0.28764813954302115,
      "spearman": 0.2950560074008324
    },
    "evaluation_time": 0.03,
    "manhattan": {
      "pearson": 0.2876750888138364,
      "spearman": 0.2955872235098017
    }
  }
}