{
  "dataset_revision": null,
  "mteb_dataset_name": "InstructSTSBenchmark",
  "mteb_version": "1.1.2.dev0",
  "test": {
    "cos_sim": {
      "pearson": -0.030237861468579763,
      "spearman": -0.01888729744603857
    },
    "euclidean": {
      "pearson": -0.12896804700244704,
      "spearman": -0.10895718886444286
    },
    "evaluation_time": 0.11,
    "manhattan": {
      "pearson": -0.14538795766456653,
      "spearman": -0.13457761898398893
    }
  }
}