{
  "dataset_revision": "b0fddb56ed78048fa8b90373c8a3cfc37b684831",
  "mteb_dataset_name": "STSBenchmark",
  "mteb_version": "1.1.2.dev0",
  "test": {
    "cos_sim": {
      "pearson": 0.43181981252606566,
      "spearman": 0.45333998386512747
    },
    "euclidean": {
      "pearson": 0.44060134432141773,
      "spearman": 0.4518612145935628
    },
    "evaluation_time": 0.03,
    "manhattan": {
      "pearson": 0.45351155135374643,
      "spearman": 0.46372323335453836
    }
  }
}