{
  "dataset_revision": "b0fddb56ed78048fa8b90373c8a3cfc37b684831",
  "mteb_dataset_name": "STSBenchmark",
  "mteb_version": "1.1.2.dev0",
  "test": {
    "cos_sim": {
      "pearson": 0.307993099073779,
      "spearman": 0.2623940035937863
    },
    "euclidean": {
      "pearson": 0.3162793665669695,
      "spearman": 0.2626899689137251
    },
    "evaluation_time": 0.03,
    "manhattan": {
      "pearson": 0.31686937547425464,
      "spearman": 0.2638078148526338
    }
  }
}