{
  "dataset_revision": null,
  "mteb_dataset_name": "InstructSTSBenchmark",
  "mteb_version": "1.1.2.dev0",
  "test": {
    "cos_sim": {
      "pearson": 0.028119830035519967,
      "spearman": 0.032405121741758844
    },
    "euclidean": {
      "pearson": -0.09226845337485262,
      "spearman": -0.07365110850756121
    },
    "evaluation_time": 0.14,
    "manhattan": {
      "pearson": -0.015358859726991757,
      "spearman": -0.017883477384346397
    }
  }
}