{
  "dataset_revision": null,
  "mteb_dataset_name": "InstructSTSBenchmark",
  "mteb_version": "1.1.2.dev0",
  "test": {
    "cos_sim": {
      "pearson": -0.07600400508972319,
      "spearman": -0.07209588572918524
    },
    "euclidean": {
      "pearson": -0.13307947045215854,
      "spearman": -0.12491929337152895
    },
    "evaluation_time": 0.07,
    "manhattan": {
      "pearson": -0.11750740483520537,
      "spearman": -0.1128167847517167
    }
  }
}