{
  "dataset_revision": null,
  "mteb_dataset_name": "InstructSTSBenchmark",
  "mteb_version": "1.1.2.dev0",
  "test": {
    "cos_sim": {
      "pearson": 0.02768826306171831,
      "spearman": 0.03157126689692261
    },
    "euclidean": {
      "pearson": -0.0945620701545001,
      "spearman": -0.07539396084332908
    },
    "evaluation_time": 0.11,
    "manhattan": {
      "pearson": -0.016224437206803582,
      "spearman": -0.019356271849725607
    }
  }
}