{
  "dataset_revision": null,
  "mteb_dataset_name": "InstructSTSBenchmark",
  "mteb_version": "1.1.2.dev0",
  "test": {
    "cos_sim": {
      "pearson": 0.2427961664994105,
      "spearman": 0.2341401643129749
    },
    "euclidean": {
      "pearson": 0.2552826936108925,
      "spearman": 0.22731630770431754
    },
    "evaluation_time": 0.1,
    "manhattan": {
      "pearson": 0.2560194901253568,
      "spearman": 0.23005559617782032
    }
  }
}