{
  "dataset_revision": null,
  "mteb_dataset_name": "InstructSTSBenchmark",
  "mteb_version": "1.1.2.dev0",
  "test": {
    "cos_sim": {
      "pearson": -0.05451352555451364,
      "spearman": -0.06951462420567375
    },
    "euclidean": {
      "pearson": -0.06691403457378156,
      "spearman": -0.07282499563635468
    },
    "evaluation_time": 0.12,
    "manhattan": {
      "pearson": -0.0670633093832175,
      "spearman": -0.07268199701866164
    }
  }
}