{
    "test": {
        "NYTTopicClustering": 0.14337638696772156,
        "NYTLocationClustering": 0.07644620537943757,
        "harmonic_mean": 0.0997220695895695
    }
}