{
  "dataset_revision": "a0d554a64d88156834ff5ae9920b964011b16384",
  "mteb_dataset_name": "STS12",
  "mteb_version": "1.1.2.dev0",
  "test": {
    "cos_sim": {
      "pearson": 0.10236538602540848,
      "spearman": 0.2082194049396174
    },
    "euclidean": {
      "pearson": 0.13053214629516857,
      "spearman": 0.21256624515517797
    },
    "evaluation_time": 0.38,
    "manhattan": {
      "pearson": 0.13010909832984155,
      "spearman": 0.21170714458031467
    }
  }
}