{
  "dataset_revision": "b0fddb56ed78048fa8b90373c8a3cfc37b684831",
  "mteb_dataset_name": "STSBenchmark",
  "mteb_version": "1.1.2.dev0",
  "test": {
    "cos_sim": {
      "pearson": 0.2548243303687534,
      "spearman": 0.3308132675345841
    },
    "euclidean": {
      "pearson": 0.26798855028656354,
      "spearman": 0.30603486451695017
    },
    "evaluation_time": 0.04,
    "manhattan": {
      "pearson": 0.37349121158133947,
      "spearman": 0.3813048562165196
    }
  }
}