{
  "dataset_revision": null,
  "mteb_dataset_name": "InstructSTSBenchmark",
  "mteb_version": "1.1.2.dev0",
  "test": {
    "cos_sim": {
      "pearson": 0.10951568802012009,
      "spearman": 0.1230047516478972
    },
    "euclidean": {
      "pearson": 0.0748574930548944,
      "spearman": 0.07599555686194052
    },
    "evaluation_time": 0.12,
    "manhattan": {
      "pearson": 0.077084322715202,
      "spearman": 0.0767023524744706
    }
  }
}