{
  "dataset_revision": "b0fddb56ed78048fa8b90373c8a3cfc37b684831",
  "mteb_dataset_name": "STSBenchmark",
  "mteb_version": "1.1.2.dev0",
  "test": {
    "cos_sim": {
      "pearson": 0.3675160146391556,
      "spearman": 0.5307164463163805
    },
    "euclidean": {
      "pearson": 0.4410790102752927,
      "spearman": 0.53849769519353
    },
    "evaluation_time": 7.18,
    "manhattan": {
      "pearson": 0.45194685118476086,
      "spearman": 0.5459741048202487
    }
  }
}