{
  "dataset_revision": null,
  "mteb_dataset_name": "InstructSTSBenchmark",
  "mteb_version": "1.1.2.dev0",
  "test": {
    "cos_sim": {
      "pearson": 0.07102334746437818,
      "spearman": 0.07738728849527987
    },
    "euclidean": {
      "pearson": 0.07285053395024807,
      "spearman": 0.07473498324371677
    },
    "evaluation_time": 0.03,
    "manhattan": {
      "pearson": 0.07457823860935484,
      "spearman": 0.07605931419812237
    }
  }
}