{
  "dataset_revision": "a0d554a64d88156834ff5ae9920b964011b16384",
  "mteb_dataset_name": "STS12",
  "mteb_version": "1.1.2.dev0",
  "test": {
    "cos_sim": {
      "pearson": 0.7217904525327223,
      "spearman": 0.6560523649378583
    },
    "euclidean": {
      "pearson": 0.7136223810737984,
      "spearman": 0.6615727229651478
    },
    "evaluation_time": 0.04,
    "manhattan": {
      "pearson": 0.7178091601694858,
      "spearman": 0.6660144182020072
    }
  }
}