{
  "dataset_revision": "b0fddb56ed78048fa8b90373c8a3cfc37b684831",
  "mteb_dataset_name": "STSBenchmark",
  "mteb_version": "1.1.2.dev0",
  "test": {
    "cos_sim": {
      "pearson": 0.7322050534115785,
      "spearman": 0.7411927229037304
    },
    "euclidean": {
      "pearson": 0.7587035617686052,
      "spearman": 0.7433974953052489
    },
    "evaluation_time": 0.03,
    "manhattan": {
      "pearson": 0.7604758095229469,
      "spearman": 0.7440289539301401
    }
  }
}