{
  "dataset_revision": null,
  "mteb_dataset_name": "InstructSTSBenchmark",
  "mteb_version": "1.1.2.dev0",
  "test": {
    "cos_sim": {
      "pearson": 0.06266845978307502,
      "spearman": 0.049316754946195016
    },
    "euclidean": {
      "pearson": 0.02220755043985376,
      "spearman": 0.04585564241060958
    },
    "evaluation_time": 0.08,
    "manhattan": {
      "pearson": 0.058297265777916656,
      "spearman": 0.04688851125675535
    }
  }
}