{
    "test": {
        "NYTTopicClustering": 0.03597656731555326,
        "NYTLocationClustering": 0.02800328291845232,
        "harmonic_mean": 0.03149311272705002
    }
}