{
  "dataset_revision": null,
  "mteb_dataset_name": "InstructSTSBenchmark",
  "mteb_version": "1.1.2.dev0",
  "test": {
    "cos_sim": {
      "pearson": 0.23038548631852104,
      "spearman": 0.2698825270099949
    },
    "euclidean": {
      "pearson": 0.22245316662644035,
      "spearman": 0.23541895434644716
    },
    "evaluation_time": 0.16,
    "manhattan": {
      "pearson": 0.22423836711759584,
      "spearman": 0.2371349375088269
    }
  }
}