{
  "dataset_revision": "a0d554a64d88156834ff5ae9920b964011b16384",
  "mteb_dataset_name": "STS12",
  "mteb_version": "1.1.2.dev0",
  "test": {
    "cos_sim": {
      "pearson": 0.4146007256762144,
      "spearman": 0.46458054451432607
    },
    "euclidean": {
      "pearson": 0.4795236361618638,
      "spearman": 0.48269167467713425
    },
    "evaluation_time": 0.4,
    "manhattan": {
      "pearson": 0.4866102436294359,
      "spearman": 0.4857756125032511
    }
  }
}