{
  "dataset_revision": "b0fddb56ed78048fa8b90373c8a3cfc37b684831",
  "mteb_dataset_name": "STSBenchmark",
  "mteb_version": "1.1.2.dev0",
  "test": {
    "cos_sim": {
      "pearson": 0.5450547856411347,
      "spearman": 0.6051392220910189
    },
    "euclidean": {
      "pearson": 0.6041371398888797,
      "spearman": 0.6180565482537538
    },
    "evaluation_time": 0.06,
    "manhattan": {
      "pearson": 0.6078380017580929,
      "spearman": 0.6206906923588891
    }
  }
}