{
  "dataset_revision": "b0fddb56ed78048fa8b90373c8a3cfc37b684831",
  "mteb_dataset_name": "STSBenchmark",
  "mteb_version": "1.1.2.dev0",
  "test": {
    "cos_sim": {
      "pearson": 0.35269654701630804,
      "spearman": 0.42057305364194303
    },
    "euclidean": {
      "pearson": 0.41725277402146227,
      "spearman": 0.4277084490560271
    },
    "evaluation_time": 0.03,
    "manhattan": {
      "pearson": 0.4222410061620192,
      "spearman": 0.42988128430254235
    }
  }
}