{
  "dataset_revision": "b0fddb56ed78048fa8b90373c8a3cfc37b684831",
  "mteb_dataset_name": "STSBenchmark",
  "mteb_version": "1.1.2.dev0",
  "test": {
    "cos_sim": {
      "pearson": 0.36540958114549627,
      "spearman": 0.38155307563679575
    },
    "euclidean": {
      "pearson": 0.38560101201413394,
      "spearman": 0.39203912755668824
    },
    "evaluation_time": 0.03,
    "manhattan": {
      "pearson": 0.39047029098747144,
      "spearman": 0.3955493580848771
    }
  }
}