{
  "dataset_revision": "b0fddb56ed78048fa8b90373c8a3cfc37b684831",
  "mteb_dataset_name": "STSBenchmark",
  "mteb_version": "1.1.2.dev0",
  "test": {
    "cos_sim": {
      "pearson": 0.07740649452176938,
      "spearman": 0.06160501259111038
    },
    "euclidean": {
      "pearson": 0.08931026946359974,
      "spearman": 0.07426083753440706
    },
    "evaluation_time": 0.06,
    "manhattan": {
      "pearson": 0.10032251966124538,
      "spearman": 0.0858771426745253
    }
  }
}