{
  "dataset_revision": "b0fddb56ed78048fa8b90373c8a3cfc37b684831",
  "mteb_dataset_name": "STSBenchmark",
  "mteb_version": "1.1.2.dev0",
  "test": {
    "cos_sim": {
      "pearson": 0.3340277533399619,
      "spearman": 0.3636516675275059
    },
    "euclidean": {
      "pearson": 0.353775798104664,
      "spearman": 0.3561893503652174
    },
    "evaluation_time": 0.03,
    "manhattan": {
      "pearson": 0.3576360433559374,
      "spearman": 0.35934565160987797
    }
  }
}