{
  "dataset_revision": "b0fddb56ed78048fa8b90373c8a3cfc37b684831",
  "mteb_dataset_name": "STSBenchmark",
  "mteb_version": "1.1.2.dev0",
  "test": {
    "cos_sim": {
      "pearson": 0.18270144582569176,
      "spearman": 0.2548703697262432
    },
    "euclidean": {
      "pearson": 0.23816870399674922,
      "spearman": 0.26094465646594095
    },
    "evaluation_time": 0.29,
    "manhattan": {
      "pearson": 0.2412493152206474,
      "spearman": 0.2654161674130033
    }
  }
}