{
  "dataset_revision": "b0fddb56ed78048fa8b90373c8a3cfc37b684831",
  "mteb_dataset_name": "STSBenchmark",
  "mteb_version": "1.1.2.dev0",
  "test": {
    "cos_sim": {
      "pearson": 0.7531264355350011,
      "spearman": 0.7512458635962403
    },
    "euclidean": {
      "pearson": 0.7581298727150626,
      "spearman": 0.7516720383218636
    },
    "evaluation_time": 0.03,
    "manhattan": {
      "pearson": 0.7578025962572436,
      "spearman": 0.7511378297312941
    }
  }
}