{
  "dataset_revision": null,
  "mteb_dataset_name": "InstructSTSBenchmark",
  "mteb_version": "1.1.2.dev0",
  "test": {
    "cos_sim": {
      "pearson": 0.01571921532279463,
      "spearman": 0.0695442252793167
    },
    "euclidean": {
      "pearson": 0.03651436749809099,
      "spearman": 0.062410690141918135
    },
    "evaluation_time": 0.11,
    "manhattan": {
      "pearson": 0.040275941318950625,
      "spearman": 0.06691833380868481
    }
  }
}