{
  "dataset_revision": "a0d554a64d88156834ff5ae9920b964011b16384",
  "mteb_dataset_name": "STS12",
  "mteb_version": "1.1.2.dev0",
  "test": {
    "cos_sim": {
      "pearson": 0.35795703278977753,
      "spearman": 0.4286621856981348
    },
    "euclidean": {
      "pearson": 0.3878077535290615,
      "spearman": 0.4330634539897514
    },
    "evaluation_time": 0.12,
    "manhattan": {
      "pearson": 0.40008310465115776,
      "spearman": 0.4439866127973312
    }
  }
}