{
  "dataset_revision": "b0fddb56ed78048fa8b90373c8a3cfc37b684831",
  "mteb_dataset_name": "STSBenchmark",
  "mteb_version": "1.1.2.dev0",
  "test": {
    "cos_sim": {
      "pearson": 0.41085589468116346,
      "spearman": 0.4868720104054719
    },
    "euclidean": {
      "pearson": 0.49725750013671527,
      "spearman": 0.523951207629653
    },
    "evaluation_time": 0.06,
    "manhattan": {
      "pearson": 0.5100527603290147,
      "spearman": 0.5351137563980618
    }
  }
}