{
  "dataset_revision": null,
  "mteb_dataset_name": "TRECCOVID",
  "mteb_version": "1.1.2.dev0",
  "test": {
    "evaluation_time": 19602.66,
    "map_at_1": 0.00125,
    "map_at_10": 0.00801,
    "map_at_100": 0.03519,
    "map_at_1000": 0.0958,
    "map_at_3": 0.00318,
    "map_at_5": 0.00483,
    "mrr_at_1": 0.46,
    "mrr_at_10": 0.62186,
    "mrr_at_100": 0.62724,
    "mrr_at_1000": 0.62724,
    "mrr_at_3": 0.60667,
    "mrr_at_5": 0.61067,
    "ndcg_at_1": 0.45,
    "ndcg_at_10": 0.40206,
    "ndcg_at_100": 0.28728,
    "ndcg_at_1000": 0.30405,
    "ndcg_at_3": 0.44358,
    "ndcg_at_5": 0.41325,
    "precision_at_1": 0.48,
    "precision_at_10": 0.422,
    "precision_at_100": 0.2964,
    "precision_at_1000": 0.14294,
    "precision_at_3": 0.46667,
    "precision_at_5": 0.428,
    "recall_at_1": 0.00125,
    "recall_at_10": 0.01147,
    "recall_at_100": 0.07131,
    "recall_at_1000": 0.30393,
    "recall_at_3": 0.00377,
    "recall_at_5": 0.00602
  }
}