{
  "dataset_revision": null,
  "mteb_dataset_name": "InstructSTSBenchmark",
  "mteb_version": "1.1.2.dev0",
  "test": {
    "cos_sim": {
      "pearson": 0.20204067291188732,
      "spearman": 0.23256626899511126
    },
    "euclidean": {
      "pearson": 0.18517538438811063,
      "spearman": 0.1960770346459005
    },
    "evaluation_time": 0.11,
    "manhattan": {
      "pearson": 0.18478554467949257,
      "spearman": 0.19593676850630046
    }
  }
}