{
  "dataset_revision": "b0fddb56ed78048fa8b90373c8a3cfc37b684831",
  "mteb_dataset_name": "STSBenchmark",
  "mteb_version": "1.1.2.dev0",
  "test": {
    "cos_sim": {
      "pearson": 0.2867298323987691,
      "spearman": 0.38952848069216356
    },
    "euclidean": {
      "pearson": 0.3885696135166935,
      "spearman": 0.4233649226726712
    },
    "evaluation_time": 0.03,
    "manhattan": {
      "pearson": 0.4048037534460567,
      "spearman": 0.4367718824085331
    }
  }
}