{
  "dataset_revision": "b0fddb56ed78048fa8b90373c8a3cfc37b684831",
  "mteb_dataset_name": "STSBenchmark",
  "mteb_version": "1.1.2.dev0",
  "test": {
    "cos_sim": {
      "pearson": 0.13560516005976905,
      "spearman": 0.20005538763119066
    },
    "euclidean": {
      "pearson": 0.18617723491772425,
      "spearman": 0.21603383578926266
    },
    "evaluation_time": 0.08,
    "manhattan": {
      "pearson": 0.1894831320063315,
      "spearman": 0.22071341470195668
    }
  }
}