{
  "dataset_revision": null,
  "mteb_dataset_name": "InstructSTSBenchmark",
  "mteb_version": "1.1.2.dev0",
  "test": {
    "cos_sim": {
      "pearson": 0.013332858813395134,
      "spearman": 0.0055874196956516835
    },
    "euclidean": {
      "pearson": 0.006662529799606892,
      "spearman": -0.01996925309598424
    },
    "evaluation_time": 0.1,
    "manhattan": {
      "pearson": 0.005131826541440212,
      "spearman": -0.02339028960074002
    }
  }
}