{
  "dataset_revision": "b0fddb56ed78048fa8b90373c8a3cfc37b684831",
  "mteb_dataset_name": "STSBenchmark",
  "mteb_version": "1.1.2.dev0",
  "test": {
    "cos_sim": {
      "pearson": 0.16652809382905986,
      "spearman": 0.183454525967426
    },
    "euclidean": {
      "pearson": 0.1914990663578867,
      "spearman": 0.18629833258185924
    },
    "evaluation_time": 0.07,
    "manhattan": {
      "pearson": 0.1911481036055672,
      "spearman": 0.18614576864122082
    }
  }
}