{
  "dataset_revision": null,
  "mteb_dataset_name": "InstructSTSBenchmark",
  "mteb_version": "1.1.2.dev0",
  "test": {
    "cos_sim": {
      "pearson": -0.07576124123184362,
      "spearman": -0.08161121196259837
    },
    "euclidean": {
      "pearson": -0.10600177000476824,
      "spearman": -0.10079624981758678
    },
    "evaluation_time": 0.08,
    "manhattan": {
      "pearson": -0.10589355111637853,
      "spearman": -0.10073522493866988
    }
  }
}