{
  "dataset_revision": "b0fddb56ed78048fa8b90373c8a3cfc37b684831",
  "mteb_dataset_name": "STSBenchmark",
  "mteb_version": "1.1.2.dev0",
  "test": {
    "cos_sim": {
      "pearson": 0.5365464694055389,
      "spearman": 0.5584253896218172
    },
    "euclidean": {
      "pearson": 0.6011265478371114,
      "spearman": 0.5976062885900381
    },
    "evaluation_time": 0.07,
    "manhattan": {
      "pearson": 0.608690228057416,
      "spearman": 0.6038589590906663
    }
  }
}