{
  "dataset_revision": "b0fddb56ed78048fa8b90373c8a3cfc37b684831",
  "mteb_dataset_name": "STSBenchmark",
  "mteb_version": "1.1.2.dev0",
  "test": {
    "cos_sim": {
      "pearson": 0.4196440122443682,
      "spearman": 0.43394452836542424
    },
    "euclidean": {
      "pearson": 0.42992888710198357,
      "spearman": 0.4399085641785004
    },
    "evaluation_time": 0.04,
    "manhattan": {
      "pearson": 0.43656363712740187,
      "spearman": 0.4458830359455917
    }
  }
}