{
  "dataset_revision": "b0fddb56ed78048fa8b90373c8a3cfc37b684831",
  "mteb_dataset_name": "STSBenchmark",
  "mteb_version": "1.1.2.dev0",
  "test": {
    "cos_sim": {
      "pearson": 0.3655481741346894,
      "spearman": 0.40602147653951315
    },
    "euclidean": {
      "pearson": 0.21594507291233114,
      "spearman": 0.40069249077106656
    },
    "evaluation_time": 0.05,
    "manhattan": {
      "pearson": 0.3871066930945205,
      "spearman": 0.4008690110140307
    }
  }
}