{
  "dataset_revision": "a0d554a64d88156834ff5ae9920b964011b16384",
  "mteb_dataset_name": "STS12",
  "mteb_version": "1.1.2.dev0",
  "test": {
    "cos_sim": {
      "pearson": 0.16293710222662194,
      "spearman": 0.2097484451977234
    },
    "euclidean": {
      "pearson": 0.18384993596730095,
      "spearman": 0.2100593585770235
    },
    "evaluation_time": 0.38,
    "manhattan": {
      "pearson": 0.18671051860277435,
      "spearman": 0.21342685709372555
    }
  }
}