{
  "dataset_revision": "b0fddb56ed78048fa8b90373c8a3cfc37b684831",
  "mteb_dataset_name": "STSBenchmark",
  "mteb_version": "1.1.2.dev0",
  "test": {
    "cos_sim": {
      "pearson": 0.13637522644193553,
      "spearman": 0.2085819875488376
    },
    "euclidean": {
      "pearson": 0.13967958401619474,
      "spearman": 0.22651267955516674
    },
    "evaluation_time": 0.03,
    "manhattan": {
      "pearson": 0.17066035956632214,
      "spearman": 0.2238851029312602
    }
  }
}