{
  "dataset_revision": null,
  "mteb_dataset_name": "InstructSTSBenchmark",
  "mteb_version": "1.1.2.dev0",
  "test": {
    "cos_sim": {
      "pearson": 0.16584586052704067,
      "spearman": 0.1665409932501204
    },
    "euclidean": {
      "pearson": 0.1621886396413156,
      "spearman": 0.16209528528006972
    },
    "evaluation_time": 209.46,
    "manhattan": {
      "pearson": 0.16354277475617982,
      "spearman": 0.16328936910484673
    }
  }
}