{
  "dataset_revision": "b0fddb56ed78048fa8b90373c8a3cfc37b684831",
  "mteb_dataset_name": "STSBenchmark",
  "mteb_version": "1.1.2.dev0",
  "test": {
    "cos_sim": {
      "pearson": 0.4704609209933114,
      "spearman": 0.5031909230267443
    },
    "euclidean": {
      "pearson": 0.498820883039364,
      "spearman": 0.5067425170040724
    },
    "evaluation_time": 0.05,
    "manhattan": {
      "pearson": 0.5271062519262852,
      "spearman": 0.5242668476576455
    }
  }
}