{
  "dataset_revision": "b0fddb56ed78048fa8b90373c8a3cfc37b684831",
  "mteb_dataset_name": "STSBenchmark",
  "mteb_version": "1.1.2.dev0",
  "test": {
    "cos_sim": {
      "pearson": 0.3196854242250085,
      "spearman": 0.2806092209035413
    },
    "euclidean": {
      "pearson": 0.3181628254206534,
      "spearman": 0.28111656627386095
    },
    "evaluation_time": 0.03,
    "manhattan": {
      "pearson": 0.320218961701832,
      "spearman": 0.28947415951079464
    }
  }
}