{
  "dataset_revision": "b0fddb56ed78048fa8b90373c8a3cfc37b684831",
  "mteb_dataset_name": "STSBenchmark",
  "mteb_version": "1.1.2.dev0",
  "test": {
    "cos_sim": {
      "pearson": 0.011617784717477585,
      "spearman": 0.04098087006470932
    },
    "euclidean": {
      "pearson": 0.024727855025437093,
      "spearman": 0.04104045711319503
    },
    "evaluation_time": 0.03,
    "manhattan": {
      "pearson": 0.02696797822601991,
      "spearman": 0.04406087311651273
    }
  }
}