{
  "dataset_revision": null,
  "mteb_dataset_name": "InstructSTSBenchmark",
  "mteb_version": "1.1.2.dev0",
  "test": {
    "cos_sim": {
      "pearson": 0.19660456339404717,
      "spearman": 0.18364162165943826
    },
    "euclidean": {
      "pearson": 0.20429918329825905,
      "spearman": 0.18928505670435827
    },
    "evaluation_time": 0.07,
    "manhattan": {
      "pearson": 0.2048146257492732,
      "spearman": 0.19048187298640015
    }
  }
}