{
  "dataset_revision": "b0fddb56ed78048fa8b90373c8a3cfc37b684831",
  "mteb_dataset_name": "STSBenchmark",
  "mteb_version": "1.1.2.dev0",
  "test": {
    "cos_sim": {
      "pearson": 0.013391255203921133,
      "spearman": 0.028077928533946646
    },
    "euclidean": {
      "pearson": 0.017144108407367215,
      "spearman": 0.028884063386601946
    },
    "evaluation_time": 31.8,
    "manhattan": {
      "pearson": 0.015712730568826733,
      "spearman": 0.03568074900449847
    }
  }
}