{
  "dataset_revision": "b0fddb56ed78048fa8b90373c8a3cfc37b684831",
  "mteb_dataset_name": "STSBenchmark",
  "mteb_version": "1.1.2.dev0",
  "test": {
    "cos_sim": {
      "pearson": 0.3719947051461958,
      "spearman": 0.3874491936021511
    },
    "euclidean": {
      "pearson": 0.39727683087400595,
      "spearman": 0.40155903865191345
    },
    "evaluation_time": 0.03,
    "manhattan": {
      "pearson": 0.40303610731268663,
      "spearman": 0.4062986091226092
    }
  }
}