{
  "dataset_revision": "b0fddb56ed78048fa8b90373c8a3cfc37b684831",
  "mteb_dataset_name": "STSBenchmark",
  "mteb_version": "1.1.2.dev0",
  "test": {
    "cos_sim": {
      "pearson": 0.00506738104041397,
      "spearman": 0.07347457117244116
    },
    "euclidean": {
      "pearson": 0.031792921405195115,
      "spearman": 0.06150342859372294
    },
    "evaluation_time": 0.04,
    "manhattan": {
      "pearson": 0.04875013996755054,
      "spearman": 0.07629849545328185
    }
  }
}