{
    "dataset_revision": null,
    "mteb_dataset_name": "IntentEmotion",
    "mteb_version": "1.1.2.dev0",
    "test": {
        "Emotion_success_rate": 0.9876623376623377,
        "Intent_success_rate": 0.015746753246753245,
        "evaluation_time": 0.21,
        "harmonic_mean": 0.030999290294027204
    }
}