{
  "dataset_revision": null,
  "mteb_dataset_name": "InstructSTSBenchmark",
  "mteb_version": "1.1.2.dev0",
  "test": {
    "cos_sim": {
      "pearson": -0.016373956000676888,
      "spearman": -0.029887162466318243
    },
    "euclidean": {
      "pearson": -0.026737204357765023,
      "spearman": -0.03400451984790124
    },
    "evaluation_time": 0.11,
    "manhattan": {
      "pearson": -0.026635247247347196,
      "spearman": -0.03395579102666958
    }
  }
}