{
  "dataset_revision": "b0fddb56ed78048fa8b90373c8a3cfc37b684831",
  "mteb_dataset_name": "STSBenchmark",
  "mteb_version": "1.1.2.dev0",
  "test": {
    "cos_sim": {
      "pearson": 0.34197265493847295,
      "spearman": 0.37128008629598275
    },
    "euclidean": {
      "pearson": 0.3925568194608177,
      "spearman": 0.3978964572196243
    },
    "evaluation_time": 0.03,
    "manhattan": {
      "pearson": 0.41131041548752034,
      "spearman": 0.41060270771139346
    }
  }
}