{
  "dataset_revision": "b0fddb56ed78048fa8b90373c8a3cfc37b684831",
  "mteb_dataset_name": "STSBenchmark",
  "mteb_version": "1.1.2.dev0",
  "test": {
    "cos_sim": {
      "pearson": 0.16602213710786426,
      "spearman": 0.23467116595113383
    },
    "euclidean": {
      "pearson": 0.25120933004198337,
      "spearman": 0.27223649324069543
    },
    "evaluation_time": 0.07,
    "manhattan": {
      "pearson": 0.30715663124456616,
      "spearman": 0.31566893949423386
    }
  }
}