{
  "dataset_revision": null,
  "mteb_dataset_name": "InstructSTSBenchmark",
  "mteb_version": "1.1.2.dev0",
  "test": {
    "cos_sim": {
      "pearson": -0.019368626121167003,
      "spearman": -0.0106602266431404
    },
    "euclidean": {
      "pearson": -0.06757898437129337,
      "spearman": -0.06106814282359588
    },
    "evaluation_time": 0.12,
    "manhattan": {
      "pearson": -0.057132872801933944,
      "spearman": -0.053158589868296566
    }
  }
}