{
  "dataset_revision": "a0d554a64d88156834ff5ae9920b964011b16384",
  "mteb_dataset_name": "STS12",
  "mteb_version": "1.1.2.dev0",
  "test": {
    "cos_sim": {
      "pearson": 0.5245515745573442,
      "spearman": 0.4403543747384329
    },
    "euclidean": {
      "pearson": 0.3981318260158525,
      "spearman": 0.35318394472357423
    },
    "evaluation_time": 0.35,
    "manhattan": {
      "pearson": 0.39676174254857105,
      "spearman": 0.3508723745548273
    }
  }
}