{
  "dataset_revision": "b0fddb56ed78048fa8b90373c8a3cfc37b684831",
  "mteb_dataset_name": "STSBenchmark",
  "mteb_version": "1.1.2.dev0",
  "test": {
    "cos_sim": {
      "pearson": 0.3789885063771659,
      "spearman": 0.4066004635714875
    },
    "euclidean": {
      "pearson": 0.4026691679011554,
      "spearman": 0.4051393467475865
    },
    "evaluation_time": 0.03,
    "manhattan": {
      "pearson": 0.4037450539395905,
      "spearman": 0.4058029693083122
    }
  }
}