{
  "dataset_revision": null,
  "mteb_dataset_name": "InstructSTSBenchmark",
  "mteb_version": "1.1.2.dev0",
  "test": {
    "cos_sim": {
      "pearson": 0.06642402119142037,
      "spearman": 0.11788458214295156
    },
    "euclidean": {
      "pearson": 0.07558943003644614,
      "spearman": 0.0827875347916441
    },
    "evaluation_time": 0.15,
    "manhattan": {
      "pearson": 0.07501041461283009,
      "spearman": 0.08232028459940688
    }
  }
}