{
  "dataset_revision": "b0fddb56ed78048fa8b90373c8a3cfc37b684831",
  "mteb_dataset_name": "STSBenchmark",
  "mteb_version": "1.1.2.dev0",
  "test": {
    "cos_sim": {
      "pearson": 0.060618146833116685,
      "spearman": 0.2412607592591755
    },
    "euclidean": {
      "pearson": 0.17405042197432855,
      "spearman": 0.2589032172114419
    },
    "evaluation_time": 0.28,
    "manhattan": {
      "pearson": 0.1823154527221836,
      "spearman": 0.26296988313304603
    }
  }
}