{
  "dataset_revision": "b0fddb56ed78048fa8b90373c8a3cfc37b684831",
  "mteb_dataset_name": "STSBenchmark",
  "mteb_version": "1.1.2.dev0",
  "test": {
    "cos_sim": {
      "pearson": 0.1532500556800288,
      "spearman": 0.20160860681047976
    },
    "euclidean": {
      "pearson": 0.18196944666725093,
      "spearman": 0.20149420365241844
    },
    "evaluation_time": 0.03,
    "manhattan": {
      "pearson": 0.18320627324137143,
      "spearman": 0.20200603653433258
    }
  }
}