{
  "dataset_revision": "b0fddb56ed78048fa8b90373c8a3cfc37b684831",
  "mteb_dataset_name": "STSBenchmark",
  "mteb_version": "1.1.2.dev0",
  "test": {
    "cos_sim": {
      "pearson": 0.20451682472394628,
      "spearman": 0.33953859595580793
    },
    "euclidean": {
      "pearson": 0.26875138207246224,
      "spearman": 0.3474860037394079
    },
    "evaluation_time": 0.03,
    "manhattan": {
      "pearson": 0.2879417379693246,
      "spearman": 0.35238545166299334
    }
  }
}