{
  "dataset_revision": "a0d554a64d88156834ff5ae9920b964011b16384",
  "mteb_dataset_name": "STS12",
  "mteb_version": "1.1.2.dev0",
  "test": {
    "cos_sim": {
      "pearson": 0.740952229006049,
      "spearman": 0.6915297846896538
    },
    "euclidean": {
      "pearson": 0.3783860655374523,
      "spearman": 0.5435110576246468
    },
    "evaluation_time": 0.34,
    "manhattan": {
      "pearson": 0.706202216068991,
      "spearman": 0.5876561144907917
    }
  }
}