{
  "dataset_revision": "b0fddb56ed78048fa8b90373c8a3cfc37b684831",
  "mteb_dataset_name": "STSBenchmark",
  "mteb_version": "1.1.2.dev0",
  "test": {
    "cos_sim": {
      "pearson": 0.25879409607577003,
      "spearman": 0.3809089775469358
    },
    "euclidean": {
      "pearson": 0.31890444748401964,
      "spearman": 0.38410272392190653
    },
    "evaluation_time": 0.03,
    "manhattan": {
      "pearson": 0.34851580908597213,
      "spearman": 0.3916838146810193
    }
  }
}