{
  "dataset_revision": null,
  "mteb_dataset_name": "InstructSTSBenchmark",
  "mteb_version": "1.1.2.dev0",
  "test": {
    "cos_sim": {
      "pearson": 0.05643744221373364,
      "spearman": 0.10889115581968192
    },
    "euclidean": {
      "pearson": -0.03101259143684857,
      "spearman": 3.597735398317748e-05
    },
    "evaluation_time": 0.12,
    "manhattan": {
      "pearson": 0.0225650799817037,
      "spearman": 0.044606909434155066
    }
  }
}