{
    "test": {
        "NYTTopicClustering": 0.17404423218887755,
        "NYTLocationClustering": 0.13418796781631445,
        "harmonic_mean": 0.15153928365765892
    }
}