{
  "dataset_revision": null,
  "mteb_dataset_name": "InstructSTSBenchmark",
  "mteb_version": "1.1.2.dev0",
  "test": {
    "cos_sim": {
      "pearson": 0.027890603047546883,
      "spearman": 0.030042001390745345
    },
    "euclidean": {
      "pearson": 0.020998922995646593,
      "spearman": 0.025820354917626825
    },
    "evaluation_time": 0.11,
    "manhattan": {
      "pearson": 0.03996036158651768,
      "spearman": 0.02996640340643707
    }
  }
}