{
  "dataset_revision": "b0fddb56ed78048fa8b90373c8a3cfc37b684831",
  "mteb_dataset_name": "STSBenchmark",
  "mteb_version": "1.1.2.dev0",
  "test": {
    "cos_sim": {
      "pearson": 0.3654095786349573,
      "spearman": 0.38155356083197917
    },
    "euclidean": {
      "pearson": 0.38560098239792295,
      "spearman": 0.39203912755668824
    },
    "evaluation_time": 0.03,
    "manhattan": {
      "pearson": 0.3904702841088354,
      "spearman": 0.3955493580848771
    }
  }
}