{
  "dataset_revision": "b0fddb56ed78048fa8b90373c8a3cfc37b684831",
  "mteb_dataset_name": "STSBenchmark",
  "mteb_version": "1.1.2.dev0",
  "test": {
    "cos_sim": {
      "pearson": 0.4588417658399092,
      "spearman": 0.484235582235518
    },
    "euclidean": {
      "pearson": 0.49433919892083694,
      "spearman": 0.49825321254053223
    },
    "evaluation_time": 0.04,
    "manhattan": {
      "pearson": 0.5128374923451028,
      "spearman": 0.5138656364739832
    }
  }
}