{
  "dataset_revision": "b0fddb56ed78048fa8b90373c8a3cfc37b684831",
  "mteb_dataset_name": "STSBenchmark",
  "mteb_version": "1.1.2.dev0",
  "test": {
    "cos_sim": {
      "pearson": 0.06652537525885568,
      "spearman": 0.17023300639803776
    },
    "euclidean": {
      "pearson": 0.06173712999878348,
      "spearman": 0.08489635367101026
    },
    "evaluation_time": 0.06,
    "manhattan": {
      "pearson": 0.17839860049185688,
      "spearman": 0.2245331958426217
    }
  }
}