{
  "dataset_revision": "b0fddb56ed78048fa8b90373c8a3cfc37b684831",
  "mteb_dataset_name": "STSBenchmark",
  "mteb_version": "1.1.2.dev0",
  "test": {
    "cos_sim": {
      "pearson": 0.1768708241895963,
      "spearman": 0.3721011216911722
    },
    "euclidean": {
      "pearson": 0.23794442510615282,
      "spearman": 0.3954463865362899
    },
    "evaluation_time": 0.04,
    "manhattan": {
      "pearson": 0.24003328725465398,
      "spearman": 0.4015174942362527
    }
  }
}