{
  "dataset_revision": "b0fddb56ed78048fa8b90373c8a3cfc37b684831",
  "mteb_dataset_name": "STSBenchmark",
  "mteb_version": "1.1.2.dev0",
  "test": {
    "cos_sim": {
      "pearson": 0.4356019780421354,
      "spearman": 0.45372294983201533
    },
    "euclidean": {
      "pearson": 0.45664424433315765,
      "spearman": 0.46021261111400497
    },
    "evaluation_time": 0.03,
    "manhattan": {
      "pearson": 0.46007326198446097,
      "spearman": 0.4626514579845286
    }
  }
}