{
  "dataset_revision": null,
  "mteb_dataset_name": "InstructSTSBenchmark",
  "mteb_version": "1.1.2.dev0",
  "test": {
    "cos_sim": {
      "pearson": -0.009938874158335624,
      "spearman": -0.0005847458549471333
    },
    "euclidean": {
      "pearson": -0.04324266513987892,
      "spearman": -0.04299111638401625
    },
    "evaluation_time": 0.11,
    "manhattan": {
      "pearson": -0.04198702245675871,
      "spearman": -0.041796121739980076
    }
  }
}