{
    "test": {
        "NYTTopicClustering": 0.10404580150229761,
        "NYTLocationClustering": 0.04976899413524666,
        "harmonic_mean": 0.06733104872179813
    }
}