{
  "dataset_revision": "b0fddb56ed78048fa8b90373c8a3cfc37b684831",
  "mteb_dataset_name": "STSBenchmark",
  "mteb_version": "1.1.2.dev0",
  "test": {
    "cos_sim": {
      "pearson": 0.25539624292129964,
      "spearman": 0.31053181033841987
    },
    "euclidean": {
      "pearson": 0.32971119456927833,
      "spearman": 0.3443530586296215
    },
    "evaluation_time": 0.07,
    "manhattan": {
      "pearson": 0.3388335783792091,
      "spearman": 0.35235923058529967
    }
  }
}