{
  "dataset_revision": "b0fddb56ed78048fa8b90373c8a3cfc37b684831",
  "mteb_dataset_name": "STSBenchmark",
  "mteb_version": "1.1.2.dev0",
  "test": {
    "cos_sim": {
      "pearson": 0.20603630626118072,
      "spearman": 0.25088227276933694
    },
    "euclidean": {
      "pearson": 0.1861873346868205,
      "spearman": 0.21893559895260628
    },
    "evaluation_time": 0.03,
    "manhattan": {
      "pearson": 0.2550067054563753,
      "spearman": 0.2691902425483713
    }
  }
}