{
  "dataset_revision": null,
  "mteb_dataset_name": "InstructSTSBenchmark",
  "mteb_version": "1.1.2.dev0",
  "test": {
    "cos_sim": {
      "pearson": -0.11444421046897127,
      "spearman": -0.11147378696341094
    },
    "euclidean": {
      "pearson": -0.12870907888355376,
      "spearman": -0.11945893293709876
    },
    "evaluation_time": 0.08,
    "manhattan": {
      "pearson": -0.1320703097248014,
      "spearman": -0.1266134168757892
    }
  }
}