{
  "dataset_revision": "b0fddb56ed78048fa8b90373c8a3cfc37b684831",
  "mteb_dataset_name": "STSBenchmark",
  "mteb_version": "1.1.2.dev0",
  "test": {
    "cos_sim": {
      "pearson": 0.3921305753474106,
      "spearman": 0.42222172380435186
    },
    "euclidean": {
      "pearson": 0.35355365230309066,
      "spearman": 0.3781697186155204
    },
    "evaluation_time": 0.07,
    "manhattan": {
      "pearson": 0.45409794789881275,
      "spearman": 0.44845445568289666
    }
  }
}