{
  "dataset_revision": "b0fddb56ed78048fa8b90373c8a3cfc37b684831",
  "mteb_dataset_name": "STSBenchmark",
  "mteb_version": "1.1.2.dev0",
  "test": {
    "cos_sim": {
      "pearson": 0.4725756355791699,
      "spearman": 0.4711573605009215
    },
    "euclidean": {
      "pearson": 0.4630867790414581,
      "spearman": 0.4739265587921008
    },
    "evaluation_time": 0.06,
    "manhattan": {
      "pearson": 0.518329190928254,
      "spearman": 0.516071588593966
    }
  }
}