{
  "dataset_revision": null,
  "mteb_dataset_name": "InstructSTSBenchmark",
  "mteb_version": "1.1.2.dev0",
  "test": {
    "cos_sim": {
      "pearson": -0.1172291768435394,
      "spearman": -0.11727160181886404
    },
    "euclidean": {
      "pearson": -0.12273830045156263,
      "spearman": -0.12009650629891713
    },
    "evaluation_time": 0.08,
    "manhattan": {
      "pearson": -0.12560329559142286,
      "spearman": -0.12252474998835679
    }
  }
}