{
  "dataset_revision": "b0fddb56ed78048fa8b90373c8a3cfc37b684831",
  "mteb_dataset_name": "STSBenchmark",
  "mteb_version": "1.1.2.dev0",
  "test": {
    "cos_sim": {
      "pearson": 0.36692442295913213,
      "spearman": 0.385231501460349
    },
    "euclidean": {
      "pearson": 0.35581771778698074,
      "spearman": 0.3719045266315354
    },
    "evaluation_time": 0.05,
    "manhattan": {
      "pearson": 0.43752937615702747,
      "spearman": 0.42301289010154713
    }
  }
}