{
  "dataset_revision": null,
  "mteb_dataset_name": "InstructSTSBenchmark",
  "mteb_version": "1.1.2.dev0",
  "test": {
    "cos_sim": {
      "pearson": -0.004200461952067791,
      "spearman": -0.013054770018911064
    },
    "euclidean": {
      "pearson": -0.01527003970847048,
      "spearman": -0.019736083415087622
    },
    "evaluation_time": 0.14,
    "manhattan": {
      "pearson": -0.01587672167386181,
      "spearman": -0.02024705292363063
    }
  }
}