{
  "dataset_revision": null,
  "mteb_dataset_name": "InstructSTSBenchmark",
  "mteb_version": "1.1.2.dev0",
  "test": {
    "cos_sim": {
      "pearson": -0.06021916587822971,
      "spearman": -0.09317497460037426
    },
    "euclidean": {
      "pearson": -0.04481967755185932,
      "spearman": -0.08534192694885762
    },
    "evaluation_time": 0.08,
    "manhattan": {
      "pearson": -0.045195364826358914,
      "spearman": -0.07549096309781096
    }
  }
}