{
  "dataset_revision": "b0fddb56ed78048fa8b90373c8a3cfc37b684831",
  "mteb_dataset_name": "STSBenchmark",
  "mteb_version": "1.1.2.dev0",
  "test": {
    "cos_sim": {
      "pearson": 0.14248182219978567,
      "spearman": 0.2342526396534893
    },
    "euclidean": {
      "pearson": 0.12818458682999467,
      "spearman": 0.21538907891003178
    },
    "evaluation_time": 0.07,
    "manhattan": {
      "pearson": 0.16154251788355725,
      "spearman": 0.2520741838212864
    }
  }
}