{
  "dataset_revision": null,
  "mteb_dataset_name": "InstructSTSBenchmark",
  "mteb_version": "1.1.2.dev0",
  "test": {
    "cos_sim": {
      "pearson": -0.03269581923662665,
      "spearman": -0.02406612749061445
    },
    "euclidean": {
      "pearson": -0.12918144118637961,
      "spearman": -0.11028151983480818
    },
    "evaluation_time": 0.11,
    "manhattan": {
      "pearson": -0.13256989131824298,
      "spearman": -0.11434650537805212
    }
  }
}