{
  "dataset_revision": null,
  "mteb_dataset_name": "InstructSTSBenchmark",
  "mteb_version": "1.1.2.dev0",
  "test": {
    "cos_sim": {
      "pearson": 0.1388053858939422,
      "spearman": 0.14600020117050916
    },
    "euclidean": {
      "pearson": 0.08117748854944973,
      "spearman": 0.07368936293033466
    },
    "evaluation_time": 0.13,
    "manhattan": {
      "pearson": 0.0833298139286445,
      "spearman": 0.07353725614258656
    }
  }
}