{
  "dataset_revision": "b0fddb56ed78048fa8b90373c8a3cfc37b684831",
  "mteb_dataset_name": "STSBenchmark",
  "mteb_version": "1.1.2.dev0",
  "test": {
    "cos_sim": {
      "pearson": 0.35193224877148727,
      "spearman": 0.39851104999601017
    },
    "euclidean": {
      "pearson": 0.44832524218144043,
      "spearman": 0.4546464841781585
    },
    "evaluation_time": 0.07,
    "manhattan": {
      "pearson": 0.48627033687616894,
      "spearman": 0.4907188959230712
    }
  }
}