{
  "dataset_revision": "b0fddb56ed78048fa8b90373c8a3cfc37b684831",
  "mteb_dataset_name": "STSBenchmark",
  "mteb_version": "1.1.2.dev0",
  "test": {
    "cos_sim": {
      "pearson": 0.004924295064027514,
      "spearman": 0.12222886443163705
    },
    "euclidean": {
      "pearson": 0.015122039825477935,
      "spearman": 0.11339834581048432
    },
    "evaluation_time": 0.03,
    "manhattan": {
      "pearson": 0.09359405312845247,
      "spearman": 0.11199944482019433
    }
  }
}