{
  "dataset_revision": null,
  "mteb_dataset_name": "InstructSTSBenchmark",
  "mteb_version": "1.1.2.dev0",
  "test": {
    "cos_sim": {
      "pearson": 0.22632019571672599,
      "spearman": 0.2571592952021392
    },
    "euclidean": {
      "pearson": 0.20899504490522616,
      "spearman": 0.21775179649046011
    },
    "evaluation_time": 0.15,
    "manhattan": {
      "pearson": 0.2091504414128899,
      "spearman": 0.21807923598389375
    }
  }
}