{
  "dataset_revision": "a0d554a64d88156834ff5ae9920b964011b16384",
  "mteb_dataset_name": "STS12",
  "mteb_version": "1.1.2.dev0",
  "test": {
    "cos_sim": {
      "pearson": 0.6975479986762742,
      "spearman": 0.6267207341664875
    },
    "euclidean": {
      "pearson": 0.6987814448806398,
      "spearman": 0.6405771733930946
    },
    "evaluation_time": 0.4,
    "manhattan": {
      "pearson": 0.701765124487963,
      "spearman": 0.6426134607106305
    }
  }
}