{
  "dataset_revision": "b0fddb56ed78048fa8b90373c8a3cfc37b684831",
  "mteb_dataset_name": "STSBenchmark",
  "mteb_version": "1.1.2.dev0",
  "test": {
    "cos_sim": {
      "pearson": 0.7477729673355882,
      "spearman": 0.7445666424110684
    },
    "euclidean": {
      "pearson": 0.7542448480196646,
      "spearman": 0.7426269149538512
    },
    "evaluation_time": 0.06,
    "manhattan": {
      "pearson": 0.7558243758897571,
      "spearman": 0.744283312978474
    }
  }
}