{
  "dataset_revision": "b0fddb56ed78048fa8b90373c8a3cfc37b684831",
  "mteb_dataset_name": "STSBenchmark",
  "mteb_version": "1.1.2.dev0",
  "test": {
    "cos_sim": {
      "pearson": 0.0790257911683285,
      "spearman": 0.1893210614956074
    },
    "euclidean": {
      "pearson": 0.21930773241376594,
      "spearman": 0.20282205901751116
    },
    "evaluation_time": 0.14,
    "manhattan": {
      "pearson": 0.25778027283727944,
      "spearman": 0.20724187791143575
    }
  }
}