{
  "dataset_revision": null,
  "mteb_dataset_name": "InstructSTSBenchmark",
  "mteb_version": "1.1.2.dev0",
  "test": {
    "cos_sim": {
      "pearson": 0.2345283399852,
      "spearman": 0.21510404540073724
    },
    "euclidean": {
      "pearson": 0.25310655674142674,
      "spearman": 0.21263845809826934
    },
    "evaluation_time": 0.11,
    "manhattan": {
      "pearson": 0.25561995450450276,
      "spearman": 0.2140912145439192
    }
  }
}