{
  "dataset_revision": "b0fddb56ed78048fa8b90373c8a3cfc37b684831",
  "mteb_dataset_name": "STSBenchmark",
  "mteb_version": "1.1.2.dev0",
  "test": {
    "cos_sim": {
      "pearson": 0.4297176495939781,
      "spearman": 0.45316707815277124
    },
    "euclidean": {
      "pearson": 0.45543485719931104,
      "spearman": 0.45996642792305587
    },
    "evaluation_time": 0.03,
    "manhattan": {
      "pearson": 0.4597079182794213,
      "spearman": 0.4631293905682865
    }
  }
}