{
  "dataset_revision": "b0fddb56ed78048fa8b90373c8a3cfc37b684831",
  "mteb_dataset_name": "STSBenchmark",
  "mteb_version": "1.1.2.dev0",
  "test": {
    "cos_sim": {
      "pearson": 0.3151537183180878,
      "spearman": 0.3458597584005468
    },
    "euclidean": {
      "pearson": 0.33570673759091696,
      "spearman": 0.35223952500671
    },
    "evaluation_time": 0.07,
    "manhattan": {
      "pearson": 0.34358461801896334,
      "spearman": 0.36190860976156347
    }
  }
}