{
  "dataset_revision": "b0fddb56ed78048fa8b90373c8a3cfc37b684831",
  "mteb_dataset_name": "STSBenchmark",
  "mteb_version": "1.1.2.dev0",
  "test": {
    "cos_sim": {
      "pearson": 0.16135813766023366,
      "spearman": 0.1894555282892431
    },
    "euclidean": {
      "pearson": 0.19299963883097557,
      "spearman": 0.1917850002107544
    },
    "evaluation_time": 0.06,
    "manhattan": {
      "pearson": 0.19269557471707877,
      "spearman": 0.19084527542547522
    }
  }
}