{
    "test": {
        "NYTTopicClustering": 0.39520416142519355,
        "NYTLocationClustering": 0.3101359877071072,
        "harmonic_mean": 0.34754022347470503
    }
}