{
  "dataset_revision": "a0d554a64d88156834ff5ae9920b964011b16384",
  "mteb_dataset_name": "STS12",
  "mteb_version": "1.1.2.dev0",
  "test": {
    "cos_sim": {
      "pearson": 0.2324467672819106,
      "spearman": 0.3368313903124682
    },
    "euclidean": {
      "pearson": 0.25249001064973026,
      "spearman": 0.3646129137257694
    },
    "evaluation_time": 0.41,
    "manhattan": {
      "pearson": 0.34802895702908004,
      "spearman": 0.4028200231554698
    }
  }
}