{
  "dataset_revision": "b0fddb56ed78048fa8b90373c8a3cfc37b684831",
  "mteb_dataset_name": "STSBenchmark",
  "mteb_version": "1.1.2.dev0",
  "test": {
    "cos_sim": {
      "pearson": 0.0477171003841129,
      "spearman": 0.09357296879210228
    },
    "euclidean": {
      "pearson": 0.061401141468120576,
      "spearman": 0.09357385405711399
    },
    "evaluation_time": 0.03,
    "manhattan": {
      "pearson": 0.060830910618782943,
      "spearman": 0.09363290412035292
    }
  }
}