{
  "dataset_revision": "b0fddb56ed78048fa8b90373c8a3cfc37b684831",
  "mteb_dataset_name": "STSBenchmark",
  "mteb_version": "1.1.2.dev0",
  "test": {
    "cos_sim": {
      "pearson": 0.5573760401013778,
      "spearman": 0.5900031902121328
    },
    "euclidean": {
      "pearson": 0.5874184298469943,
      "spearman": 0.590169139518556
    },
    "evaluation_time": 0.04,
    "manhattan": {
      "pearson": 0.5938829576219631,
      "spearman": 0.5948134757845386
    }
  }
}