{
  "dataset_revision": "b0fddb56ed78048fa8b90373c8a3cfc37b684831",
  "mteb_dataset_name": "STSBenchmark",
  "mteb_version": "1.1.2.dev0",
  "test": {
    "cos_sim": {
      "pearson": 0.20279737789815072,
      "spearman": 0.22343783670642225
    },
    "euclidean": {
      "pearson": 0.21071524054833285,
      "spearman": 0.22079669989444567
    },
    "evaluation_time": 0.03,
    "manhattan": {
      "pearson": 0.22385680313108566,
      "spearman": 0.22749913634148267
    }
  }
}