{
  "dataset_revision": null,
  "mteb_dataset_name": "InstructSTSBenchmark",
  "mteb_version": "1.1.2.dev0",
  "test": {
    "cos_sim": {
      "pearson": 0.08145247886346652,
      "spearman": 0.07783176812171742
    },
    "euclidean": {
      "pearson": 0.05130200594207192,
      "spearman": 0.0633588528125797
    },
    "evaluation_time": 0.12,
    "manhattan": {
      "pearson": 0.07348473231199346,
      "spearman": 0.06504295730638686
    }
  }
}