{
    "dataset_revision": null,
    "mteb_dataset_name": "IntentEmotion",
    "mteb_version": "1.1.2.dev0",
    "test": {
        "Emotion_success_rate": 0.9813311688311688,
        "Intent_success_rate": 0.018506493506493506,
        "evaluation_time": 0.55,
        "harmonic_mean": 0.03632791446629464
    }
}