{
  "dataset_revision": "b0fddb56ed78048fa8b90373c8a3cfc37b684831",
  "mteb_dataset_name": "STSBenchmark",
  "mteb_version": "1.1.2.dev0",
  "test": {
    "cos_sim": {
      "pearson": 0.13451689607746212,
      "spearman": 0.21316953681355683
    },
    "euclidean": {
      "pearson": 0.08949506596394406,
      "spearman": 0.12432959647006567
    },
    "evaluation_time": 0.07,
    "manhattan": {
      "pearson": 0.3024913725925245,
      "spearman": 0.3098767425349511
    }
  }
}