{
  "dataset_revision": "b0fddb56ed78048fa8b90373c8a3cfc37b684831",
  "mteb_dataset_name": "STSBenchmark",
  "mteb_version": "1.1.2.dev0",
  "test": {
    "cos_sim": {
      "pearson": 0.3912478848973363,
      "spearman": 0.4063611070292728
    },
    "euclidean": {
      "pearson": 0.4126319683121238,
      "spearman": 0.4165665144105415
    },
    "evaluation_time": 0.04,
    "manhattan": {
      "pearson": 0.41705449619808904,
      "spearman": 0.4201280546744155
    }
  }
}