{
  "dataset_revision": "b0fddb56ed78048fa8b90373c8a3cfc37b684831",
  "mteb_dataset_name": "STSBenchmark",
  "mteb_version": "1.1.2.dev0",
  "test": {
    "cos_sim": {
      "pearson": 0.1561812823575133,
      "spearman": 0.21334644242730305
    },
    "euclidean": {
      "pearson": 0.14896261066432964,
      "spearman": 0.20609413759942544
    },
    "evaluation_time": 0.04,
    "manhattan": {
      "pearson": 0.17450409630561572,
      "spearman": 0.22512136999591675
    }
  }
}