{
  "dataset_revision": "b0fddb56ed78048fa8b90373c8a3cfc37b684831",
  "mteb_dataset_name": "STSBenchmark",
  "mteb_version": "1.1.2.dev0",
  "test": {
    "cos_sim": {
      "pearson": 0.03573926545865104,
      "spearman": 0.10283055996508622
    },
    "euclidean": {
      "pearson": 0.051493754071940886,
      "spearman": 0.10296413814564491
    },
    "evaluation_time": 0.03,
    "manhattan": {
      "pearson": 0.05373714884133373,
      "spearman": 0.10473600655728761
    }
  }
}