{
  "dataset_revision": "b0fddb56ed78048fa8b90373c8a3cfc37b684831",
  "mteb_dataset_name": "STSBenchmark",
  "mteb_version": "1.1.2.dev0",
  "test": {
    "cos_sim": {
      "pearson": 0.20365919759213205,
      "spearman": 0.161169785066824
    },
    "euclidean": {
      "pearson": 0.21264536829793143,
      "spearman": 0.14613123021051333
    },
    "evaluation_time": 0.05,
    "manhattan": {
      "pearson": 0.21444130811551923,
      "spearman": 0.1541763053869218
    }
  }
}