{
    "dataset_revision": null,
    "mteb_dataset_name": "IntentEmotion",
    "mteb_version": "1.1.2.dev0",
    "test": {
        "Emotion_success_rate": 0.02142857142857143,
        "Intent_success_rate": 0.9881493506493506,
        "evaluation_time": 106.35,
        "harmonic_mean": 0.04194750728147563
    }
}