{
  "dataset_revision": "b0fddb56ed78048fa8b90373c8a3cfc37b684831",
  "mteb_dataset_name": "STSBenchmark",
  "mteb_version": "1.1.2.dev0",
  "test": {
    "cos_sim": {
      "pearson": -0.013826204081969485,
      "spearman": -0.013377865358749831
    },
    "euclidean": {
      "pearson": -0.013764715491545844,
      "spearman": -0.013377828691998073
    },
    "evaluation_time": 30.47,
    "manhattan": {
      "pearson": 0.018036614049672956,
      "spearman": 0.014050630197041591
    }
  }
}