{
  "dataset_revision": "b0fddb56ed78048fa8b90373c8a3cfc37b684831",
  "mteb_dataset_name": "STSBenchmark",
  "mteb_version": "1.1.2.dev0",
  "test": {
    "cos_sim": {
      "pearson": 0.2961351596447449,
      "spearman": 0.3000441097323334
    },
    "euclidean": {
      "pearson": 0.3189827685575504,
      "spearman": 0.32025814052970597
    },
    "evaluation_time": 0.06,
    "manhattan": {
      "pearson": 0.3224708543151034,
      "spearman": 0.3232229883572905
    }
  }
}