{
  "dataset_revision": null,
  "mteb_dataset_name": "InstructSTSBenchmark",
  "mteb_version": "1.1.2.dev0",
  "test": {
    "cos_sim": {
      "pearson": 0.017781962972015942,
      "spearman": 0.01331845211503248
    },
    "euclidean": {
      "pearson": 0.036225648520972535,
      "spearman": 0.034071465036285005
    },
    "evaluation_time": 178.16,
    "manhattan": {
      "pearson": 0.047647589012307735,
      "spearman": 0.04302390585889526
    }
  }
}