{
  "dataset_revision": "b0fddb56ed78048fa8b90373c8a3cfc37b684831",
  "mteb_dataset_name": "STSBenchmark",
  "mteb_version": "1.1.2.dev0",
  "test": {
    "cos_sim": {
      "pearson": 0.6363138585640709,
      "spearman": 0.6390177416456045
    },
    "euclidean": {
      "pearson": 0.5972444451390537,
      "spearman": 0.5938474625341423
    },
    "evaluation_time": 0.06,
    "manhattan": {
      "pearson": 0.6282397770663977,
      "spearman": 0.6170854239256912
    }
  }
}