{
  "dataset_revision": "b0fddb56ed78048fa8b90373c8a3cfc37b684831",
  "mteb_dataset_name": "STSBenchmark",
  "mteb_version": "1.1.2.dev0",
  "test": {
    "cos_sim": {
      "pearson": 0.3570452511081816,
      "spearman": 0.39591298990717877
    },
    "euclidean": {
      "pearson": 0.40993116308975275,
      "spearman": 0.4328740171644099
    },
    "evaluation_time": 0.07,
    "manhattan": {
      "pearson": 0.5543418598073876,
      "spearman": 0.5454450365963915
    }
  }
}