{
  "dataset_revision": null,
  "mteb_dataset_name": "InstructSTSBenchmark",
  "mteb_version": "1.1.2.dev0",
  "test": {
    "cos_sim": {
      "pearson": 0.09332070858281151,
      "spearman": 0.08431270169239434
    },
    "euclidean": {
      "pearson": 0.08623126972590013,
      "spearman": 0.08439786295161832
    },
    "evaluation_time": 0.04,
    "manhattan": {
      "pearson": 0.08594338343933208,
      "spearman": 0.08372340142869583
    }
  }
}