{
    "test": {
        "NYTTopicClustering": 0.2705191177068842,
        "NYTLocationClustering": 0.179806826085229,
        "harmonic_mean": 0.2160265779210785
    }
}