{
  "dataset_revision": "b0fddb56ed78048fa8b90373c8a3cfc37b684831",
  "mteb_dataset_name": "STSBenchmark",
  "mteb_version": "1.1.2.dev0",
  "test": {
    "cos_sim": {
      "pearson": 0.7515142155367293,
      "spearman": 0.756729438131778
    },
    "euclidean": {
      "pearson": 0.7624467797822433,
      "spearman": 0.7570675276771787
    },
    "evaluation_time": 0.04,
    "manhattan": {
      "pearson": 0.7625340890249646,
      "spearman": 0.7570926339186674
    }
  }
}