{
  "dataset_revision": "b0fddb56ed78048fa8b90373c8a3cfc37b684831",
  "mteb_dataset_name": "STSBenchmark",
  "mteb_version": "1.1.2.dev0",
  "test": {
    "cos_sim": {
      "pearson": 0.21799999055867889,
      "spearman": 0.21186636907247125
    },
    "euclidean": {
      "pearson": 0.18227506107064417,
      "spearman": 0.19909617824905912
    },
    "evaluation_time": 0.04,
    "manhattan": {
      "pearson": 0.3625728941079138,
      "spearman": 0.36055044268763925
    }
  }
}