{
  "dataset_revision": null,
  "mteb_dataset_name": "InstructSTSBenchmark",
  "mteb_version": "1.1.2.dev0",
  "test": {
    "cos_sim": {
      "pearson": 0.1041470999266213,
      "spearman": 0.16469658466694392
    },
    "euclidean": {
      "pearson": 0.09365152838560147,
      "spearman": 0.11767190586900353
    },
    "evaluation_time": 0.15,
    "manhattan": {
      "pearson": 0.10165509129256256,
      "spearman": 0.12626639478508614
    }
  }
}