{
  "dataset_revision": "a0d554a64d88156834ff5ae9920b964011b16384",
  "mteb_dataset_name": "STS12",
  "mteb_version": "1.1.2.dev0",
  "test": {
    "cos_sim": {
      "pearson": 0.36850490845991585,
      "spearman": 0.46898227796736264
    },
    "euclidean": {
      "pearson": 0.39536096386164415,
      "spearman": 0.468247351183851
    },
    "evaluation_time": 0.06,
    "manhattan": {
      "pearson": 0.40030394933252783,
      "spearman": 0.47243074935162727
    }
  }
}