{
  "dataset_revision": "b0fddb56ed78048fa8b90373c8a3cfc37b684831",
  "mteb_dataset_name": "STSBenchmark",
  "mteb_version": "1.1.2.dev0",
  "test": {
    "cos_sim": {
      "pearson": 0.5596319621002893,
      "spearman": 0.5790882159006188
    },
    "euclidean": {
      "pearson": 0.5820451196756493,
      "spearman": 0.5800363223029849
    },
    "evaluation_time": 0.03,
    "manhattan": {
      "pearson": 0.5845226331929055,
      "spearman": 0.5824130472608319
    }
  }
}