{
  "dataset_revision": "b0fddb56ed78048fa8b90373c8a3cfc37b684831",
  "mteb_dataset_name": "STSBenchmark",
  "mteb_version": "1.1.2.dev0",
  "test": {
    "cos_sim": {
      "pearson": 0.4213837376989468,
      "spearman": 0.43945037744787663
    },
    "euclidean": {
      "pearson": 0.4335669673092395,
      "spearman": 0.4456173931267732
    },
    "evaluation_time": 0.04,
    "manhattan": {
      "pearson": 0.44020880601132134,
      "spearman": 0.4518450054909373
    }
  }
}