{
  "dataset_revision": "b0fddb56ed78048fa8b90373c8a3cfc37b684831",
  "mteb_dataset_name": "STSBenchmark",
  "mteb_version": "1.1.2.dev0",
  "test": {
    "cos_sim": {
      "pearson": 0.38063320817239055,
      "spearman": 0.39008989874571204
    },
    "euclidean": {
      "pearson": 0.38821072431528164,
      "spearman": 0.38439577286054005
    },
    "evaluation_time": 0.05,
    "manhattan": {
      "pearson": 0.43875112606333483,
      "spearman": 0.435542279033748
    }
  }
}