{
  "dataset_revision": "b0fddb56ed78048fa8b90373c8a3cfc37b684831",
  "mteb_dataset_name": "STSBenchmark",
  "mteb_version": "1.1.2.dev0",
  "test": {
    "cos_sim": {
      "pearson": 0.27323832863403325,
      "spearman": 0.39177677684471024
    },
    "euclidean": {
      "pearson": 0.33609261887009234,
      "spearman": 0.3958862375732048
    },
    "evaluation_time": 0.03,
    "manhattan": {
      "pearson": 0.3710182115816418,
      "spearman": 0.40600980487973104
    }
  }
}