{
  "dataset_revision": "b0fddb56ed78048fa8b90373c8a3cfc37b684831",
  "mteb_dataset_name": "STSBenchmark",
  "mteb_version": "1.1.2.dev0",
  "test": {
    "cos_sim": {
      "pearson": 0.18987924105232182,
      "spearman": 0.2077799010186567
    },
    "euclidean": {
      "pearson": 0.1812401279779305,
      "spearman": 0.21222249693436748
    },
    "evaluation_time": 0.04,
    "manhattan": {
      "pearson": 0.2163293980862596,
      "spearman": 0.21594018839929702
    }
  }
}