{
  "dataset_revision": null,
  "mteb_dataset_name": "InstructSTSBenchmark",
  "mteb_version": "1.1.2.dev0",
  "test": {
    "cos_sim": {
      "pearson": -0.11509176236162041,
      "spearman": -0.11188911763816967
    },
    "euclidean": {
      "pearson": -0.09777430156435503,
      "spearman": -0.1086511536351891
    },
    "evaluation_time": 0.07,
    "manhattan": {
      "pearson": -0.10865859793730767,
      "spearman": -0.11676063140467145
    }
  }
}