{
  "dataset_revision": "b0fddb56ed78048fa8b90373c8a3cfc37b684831",
  "mteb_dataset_name": "STSBenchmark",
  "mteb_version": "1.1.2.dev0",
  "test": {
    "cos_sim": {
      "pearson": 0.26293516034229847,
      "spearman": 0.2858337975177455
    },
    "euclidean": {
      "pearson": 0.24963042584857628,
      "spearman": 0.2841222942096215
    },
    "evaluation_time": 0.04,
    "manhattan": {
      "pearson": 0.2803330114912726,
      "spearman": 0.3073454874117408
    }
  }
}