{
  "dataset_revision": "b0fddb56ed78048fa8b90373c8a3cfc37b684831",
  "mteb_dataset_name": "STSBenchmark",
  "mteb_version": "1.1.2.dev0",
  "test": {
    "cos_sim": {
      "pearson": 0.01218851659879569,
      "spearman": 0.07014304217986363
    },
    "euclidean": {
      "pearson": 0.021090032903424104,
      "spearman": 0.0913044845204066
    },
    "evaluation_time": 0.04,
    "manhattan": {
      "pearson": 0.07730416901190397,
      "spearman": 0.08003496619931322
    }
  }
}