{
  "dataset_revision": "b0fddb56ed78048fa8b90373c8a3cfc37b684831",
  "mteb_dataset_name": "STSBenchmark",
  "mteb_version": "1.1.2.dev0",
  "test": {
    "cos_sim": {
      "pearson": 0.3063443171844898,
      "spearman": 0.26392004387537665
    },
    "euclidean": {
      "pearson": 0.31043442979899694,
      "spearman": 0.26364229233461384
    },
    "evaluation_time": 0.03,
    "manhattan": {
      "pearson": 0.31330659961114676,
      "spearman": 0.2745171249755301
    }
  }
}