{
  "dataset_revision": "a0d554a64d88156834ff5ae9920b964011b16384",
  "mteb_dataset_name": "STS12",
  "mteb_version": "1.1.2.dev0",
  "test": {
    "cos_sim": {
      "pearson": 0.18686110881758372,
      "spearman": 0.3318757217108211
    },
    "euclidean": {
      "pearson": 0.28634614053316587,
      "spearman": 0.3419081519363123
    },
    "evaluation_time": 0.35,
    "manhattan": {
      "pearson": 0.2858944585805639,
      "spearman": 0.3413863392547329
    }
  }
}