{
  "dataset_revision": "b0fddb56ed78048fa8b90373c8a3cfc37b684831",
  "mteb_dataset_name": "STSBenchmark",
  "mteb_version": "1.1.2.dev0",
  "test": {
    "cos_sim": {
      "pearson": 0.32318479554412927,
      "spearman": 0.45955209996450685
    },
    "euclidean": {
      "pearson": 0.4345647308278959,
      "spearman": 0.47686520198013144
    },
    "evaluation_time": 0.06,
    "manhattan": {
      "pearson": 0.43679220670684094,
      "spearman": 0.47851536871316147
    }
  }
}