{
  "dataset_revision": "b0fddb56ed78048fa8b90373c8a3cfc37b684831",
  "mteb_dataset_name": "STSBenchmark",
  "mteb_version": "1.1.2.dev0",
  "test": {
    "cos_sim": {
      "pearson": 0.46363608249146654,
      "spearman": 0.4837696553631502
    },
    "euclidean": {
      "pearson": 0.4974965571131021,
      "spearman": 0.5034694305036104
    },
    "evaluation_time": 0.04,
    "manhattan": {
      "pearson": 0.5134820029802688,
      "spearman": 0.5162964406425116
    }
  }
}