{
  "dataset_revision": "b0fddb56ed78048fa8b90373c8a3cfc37b684831",
  "mteb_dataset_name": "STSBenchmark",
  "mteb_version": "1.1.2.dev0",
  "test": {
    "cos_sim": {
      "pearson": 0.3034536525826063,
      "spearman": 0.3529049890948795
    },
    "euclidean": {
      "pearson": 0.3565406197951037,
      "spearman": 0.36754768202846994
    },
    "evaluation_time": 0.03,
    "manhattan": {
      "pearson": 0.4182572282983973,
      "spearman": 0.41096959260638244
    }
  }
}