{
  "dataset_revision": null,
  "mteb_dataset_name": "InstructSTSBenchmark",
  "mteb_version": "1.1.2.dev0",
  "test": {
    "cos_sim": {
      "pearson": 0.022855581675204857,
      "spearman": 0.022875676819041412
    },
    "euclidean": {
      "pearson": -0.0023612912334134146,
      "spearman": -0.0004749921545546851
    },
    "evaluation_time": 0.07,
    "manhattan": {
      "pearson": -0.0013683101732791757,
      "spearman": 0.0007582568911281348
    }
  }
}