{
  "dataset_revision": "b0fddb56ed78048fa8b90373c8a3cfc37b684831",
  "mteb_dataset_name": "STSBenchmark",
  "mteb_version": "1.1.2.dev0",
  "test": {
    "cos_sim": {
      "pearson": 0.7667874137782522,
      "spearman": 0.7698103663570123
    },
    "euclidean": {
      "pearson": 0.7892854937704987,
      "spearman": 0.7734312123635887
    },
    "evaluation_time": 0.05,
    "manhattan": {
      "pearson": 0.792406737999991,
      "spearman": 0.7766457183974818
    }
  }
}