{
  "dataset_revision": "b0fddb56ed78048fa8b90373c8a3cfc37b684831",
  "mteb_dataset_name": "STSBenchmark",
  "mteb_version": "1.1.2.dev0",
  "test": {
    "cos_sim": {
      "pearson": 0.3036859659254018,
      "spearman": 0.31397925966273516
    },
    "euclidean": {
      "pearson": 0.307495145816822,
      "spearman": 0.29694062711834385
    },
    "evaluation_time": 0.04,
    "manhattan": {
      "pearson": 0.3089473451704983,
      "spearman": 0.29786836688138885
    }
  }
}