{
  "dataset_revision": null,
  "mteb_dataset_name": "InstructSTSBenchmark",
  "mteb_version": "1.1.2.dev0",
  "test": {
    "cos_sim": {
      "pearson": 0.13008098438178825,
      "spearman": 0.1832517914564572
    },
    "euclidean": {
      "pearson": 0.03155153329214966,
      "spearman": 0.05250280011711024
    },
    "evaluation_time": 0.12,
    "manhattan": {
      "pearson": 0.08025883079353728,
      "spearman": 0.10567824013093888
    }
  }
}