{
  "dataset_revision": "b0fddb56ed78048fa8b90373c8a3cfc37b684831",
  "mteb_dataset_name": "STSBenchmark",
  "mteb_version": "1.1.2.dev0",
  "test": {
    "cos_sim": {
      "pearson": 0.6722168491021968,
      "spearman": 0.670369888323655
    },
    "euclidean": {
      "pearson": 0.6696780869717295,
      "spearman": 0.6634241771353465
    },
    "evaluation_time": 0.08,
    "manhattan": {
      "pearson": 0.6708696359202524,
      "spearman": 0.6650780141400833
    }
  }
}