{
  "dataset_revision": "b0fddb56ed78048fa8b90373c8a3cfc37b684831",
  "mteb_dataset_name": "STSBenchmark",
  "mteb_version": "1.1.2.dev0",
  "test": {
    "cos_sim": {
      "pearson": 0.4144736894278286,
      "spearman": 0.4180333709233886
    },
    "euclidean": {
      "pearson": 0.4224218718860144,
      "spearman": 0.43264315183283447
    },
    "evaluation_time": 0.09,
    "manhattan": {
      "pearson": 0.46139651615703425,
      "spearman": 0.4612135415268502
    }
  }
}