{
  "dataset_revision": "b0fddb56ed78048fa8b90373c8a3cfc37b684831",
  "mteb_dataset_name": "STSBenchmark",
  "mteb_version": "1.1.2.dev0",
  "test": {
    "cos_sim": {
      "pearson": 0.17249279485454164,
      "spearman": 0.2036739682965188
    },
    "euclidean": {
      "pearson": 0.17409396593263077,
      "spearman": 0.1804833376314191
    },
    "evaluation_time": 0.03,
    "manhattan": {
      "pearson": 0.26799872813269116,
      "spearman": 0.2735245098598205
    }
  }
}