{
  "dataset_revision": "a0d554a64d88156834ff5ae9920b964011b16384",
  "mteb_dataset_name": "STS12",
  "mteb_version": "1.1.2.dev0",
  "test": {
    "cos_sim": {
      "pearson": 0.31380219966475137,
      "spearman": 0.38651089708406206
    },
    "euclidean": {
      "pearson": 0.4295631373345886,
      "spearman": 0.4503012401654085
    },
    "evaluation_time": 107.25,
    "manhattan": {
      "pearson": 0.5320403059771553,
      "spearman": 0.5231187013056784
    }
  }
}