{
  "dataset_revision": "b0fddb56ed78048fa8b90373c8a3cfc37b684831",
  "mteb_dataset_name": "STSBenchmark",
  "mteb_version": "1.1.2.dev0",
  "test": {
    "cos_sim": {
      "pearson": 0.40259874336297236,
      "spearman": 0.45624847865118173
    },
    "euclidean": {
      "pearson": 0.46381529100592833,
      "spearman": 0.4748242741475552
    },
    "evaluation_time": 0.03,
    "manhattan": {
      "pearson": 0.641665068764805,
      "spearman": 0.6431159762430507
    }
  }
}