{
  "dataset_revision": "b0fddb56ed78048fa8b90373c8a3cfc37b684831",
  "mteb_dataset_name": "STSBenchmark",
  "mteb_version": "1.1.2.dev0",
  "test": {
    "cos_sim": {
      "pearson": 0.34978056061351037,
      "spearman": 0.4105331463456908
    },
    "euclidean": {
      "pearson": 0.3922943188132671,
      "spearman": 0.41072191425344057
    },
    "evaluation_time": 0.03,
    "manhattan": {
      "pearson": 0.39298145393626904,
      "spearman": 0.4112478052561593
    }
  }
}