{
  "dataset_revision": null,
  "mteb_dataset_name": "InstructSTSBenchmark",
  "mteb_version": "1.1.2.dev0",
  "test": {
    "cos_sim": {
      "pearson": -0.020832232209071055,
      "spearman": -0.005651519181331855
    },
    "euclidean": {
      "pearson": -0.1260531380004076,
      "spearman": -0.10694382326944137
    },
    "evaluation_time": 0.1,
    "manhattan": {
      "pearson": -0.1270042594150413,
      "spearman": -0.10781957579214199
    }
  }
}