{
  "dataset_revision": "b0fddb56ed78048fa8b90373c8a3cfc37b684831",
  "mteb_dataset_name": "STSBenchmark",
  "mteb_version": "1.1.2.dev0",
  "test": {
    "cos_sim": {
      "pearson": 0.24755138370936314,
      "spearman": 0.25003246712327154
    },
    "euclidean": {
      "pearson": 0.26167816711505487,
      "spearman": 0.24174004020498807
    },
    "evaluation_time": 0.06,
    "manhattan": {
      "pearson": 0.2681862819760172,
      "spearman": 0.2475625464114357
    }
  }
}