{
  "dataset_revision": "a0d554a64d88156834ff5ae9920b964011b16384",
  "mteb_dataset_name": "STS12",
  "mteb_version": "1.1.2.dev0",
  "test": {
    "cos_sim": {
      "pearson": 0.18229666596720623,
      "spearman": 0.31655506552259954
    },
    "euclidean": {
      "pearson": 0.23492820738374434,
      "spearman": 0.3097212395929074
    },
    "evaluation_time": 0.39,
    "manhattan": {
      "pearson": 0.23481475068173915,
      "spearman": 0.30914477283948677
    }
  }
}