{
  "dataset_revision": "b0fddb56ed78048fa8b90373c8a3cfc37b684831",
  "mteb_dataset_name": "STSBenchmark",
  "mteb_version": "1.1.2.dev0",
  "test": {
    "cos_sim": {
      "pearson": 0.41167957929504406,
      "spearman": 0.43547417038743086
    },
    "euclidean": {
      "pearson": 0.4336362917377688,
      "spearman": 0.43592114668987547
    },
    "evaluation_time": 0.04,
    "manhattan": {
      "pearson": 0.44358982482141374,
      "spearman": 0.4451523870503803
    }
  }
}