{
  "dataset_revision": "b0fddb56ed78048fa8b90373c8a3cfc37b684831",
  "mteb_dataset_name": "STSBenchmark",
  "mteb_version": "1.1.2.dev0",
  "test": {
    "cos_sim": {
      "pearson": 0.8015817401690861,
      "spearman": 0.7999117502694991
    },
    "euclidean": {
      "pearson": 0.8065556227596835,
      "spearman": 0.799021756915875
    },
    "evaluation_time": 0.07,
    "manhattan": {
      "pearson": 0.8067741038475482,
      "spearman": 0.7990355012086608
    }
  }
}