{
  "dataset_revision": null,
  "mteb_dataset_name": "InstructSTSBenchmark",
  "mteb_version": "1.1.2.dev0",
  "test": {
    "cos_sim": {
      "pearson": 0.004098698594746028,
      "spearman": 0.025190523554261893
    },
    "euclidean": {
      "pearson": -0.04315775773563214,
      "spearman": -0.025924643714330453
    },
    "evaluation_time": 0.12,
    "manhattan": {
      "pearson": 0.00805688311286257,
      "spearman": 0.010750853108890174
    }
  }
}