{
  "dataset_revision": "a0d554a64d88156834ff5ae9920b964011b16384",
  "mteb_dataset_name": "STS12",
  "mteb_version": "1.1.2.dev0",
  "test": {
    "cos_sim": {
      "pearson": 0.31449661333949036,
      "spearman": 0.498580729313127
    },
    "euclidean": {
      "pearson": 0.3937436243615442,
      "spearman": 0.5288878228064124
    },
    "evaluation_time": 0.37,
    "manhattan": {
      "pearson": 0.6658033766687207,
      "spearman": 0.6579604117878247
    }
  }
}