{
  "dataset_revision": "a0d554a64d88156834ff5ae9920b964011b16384",
  "mteb_dataset_name": "STS12",
  "mteb_version": "1.1.2.dev0",
  "test": {
    "cos_sim": {
      "pearson": 0.15192627854822863,
      "spearman": 0.2467906614898213
    },
    "euclidean": {
      "pearson": 0.15617002770922184,
      "spearman": 0.2828606870744653
    },
    "evaluation_time": 0.38,
    "manhattan": {
      "pearson": 0.23457576298144964,
      "spearman": 0.3056707602073374
    }
  }
}