{
  "dataset_revision": "b0fddb56ed78048fa8b90373c8a3cfc37b684831",
  "mteb_dataset_name": "STSBenchmark",
  "mteb_version": "1.1.2.dev0",
  "test": {
    "cos_sim": {
      "pearson": 0.1748250884644448,
      "spearman": 0.24198408584354592
    },
    "euclidean": {
      "pearson": 0.20045471266511133,
      "spearman": 0.24529961561910252
    },
    "evaluation_time": 0.06,
    "manhattan": {
      "pearson": 0.32450271895993943,
      "spearman": 0.3796348234191639
    }
  }
}