{
  "dataset_revision": "b0fddb56ed78048fa8b90373c8a3cfc37b684831",
  "mteb_dataset_name": "STSBenchmark",
  "mteb_version": "1.1.2.dev0",
  "test": {
    "cos_sim": {
      "pearson": 0.4085538780146214,
      "spearman": 0.41886095322243166
    },
    "euclidean": {
      "pearson": 0.24007263682882446,
      "spearman": 0.2909194013453675
    },
    "evaluation_time": 0.07,
    "manhattan": {
      "pearson": 0.46245326315319385,
      "spearman": 0.4529113014695565
    }
  }
}