{
  "dataset_revision": "b0fddb56ed78048fa8b90373c8a3cfc37b684831",
  "mteb_dataset_name": "STSBenchmark",
  "mteb_version": "1.1.2.dev0",
  "test": {
    "cos_sim": {
      "pearson": 0.024674314240786633,
      "spearman": 0.07448617291589053
    },
    "euclidean": {
      "pearson": 0.06528574101499719,
      "spearman": 0.07703307063395863
    },
    "evaluation_time": 0.04,
    "manhattan": {
      "pearson": 0.052393787322843416,
      "spearman": 0.06649186467746981
    }
  }
}