{
  "dataset_revision": "b0fddb56ed78048fa8b90373c8a3cfc37b684831",
  "mteb_dataset_name": "STSBenchmark",
  "mteb_version": "1.1.2.dev0",
  "test": {
    "cos_sim": {
      "pearson": 0.026629096056077276,
      "spearman": 0.06086021749213687
    },
    "euclidean": {
      "pearson": 0.03166116074847044,
      "spearman": 0.060949651636659885
    },
    "evaluation_time": 0.03,
    "manhattan": {
      "pearson": 0.03666927878048523,
      "spearman": 0.06684378164353004
    }
  }
}