{
    "test": {
        "NYTTopicClustering": 0.14309810905035042,
        "NYTLocationClustering": 0.10197889305367916,
        "harmonic_mean": 0.11908900381207614
    }
}