{
  "dataset_revision": null,
  "mteb_dataset_name": "InstructSTSBenchmark",
  "mteb_version": "1.1.2.dev0",
  "test": {
    "cos_sim": {
      "pearson": 0.0019539648549011354,
      "spearman": 0.04338959976623345
    },
    "euclidean": {
      "pearson": 0.01470326724639562,
      "spearman": 0.04008742512432997
    },
    "evaluation_time": 0.15,
    "manhattan": {
      "pearson": 0.014708603148447685,
      "spearman": 0.040254105017491056
    }
  }
}