{
  "dataset_revision": "a0d554a64d88156834ff5ae9920b964011b16384",
  "mteb_dataset_name": "STS12",
  "mteb_version": "1.1.2.dev0",
  "test": {
    "cos_sim": {
      "pearson": 0.2516855263910861,
      "spearman": 0.362800126813675
    },
    "euclidean": {
      "pearson": 0.29231002901986003,
      "spearman": 0.3873310495557521
    },
    "evaluation_time": 0.39,
    "manhattan": {
      "pearson": 0.36690228728800833,
      "spearman": 0.41763641696820636
    }
  }
}