{
  "dataset_revision": "b0fddb56ed78048fa8b90373c8a3cfc37b684831",
  "mteb_dataset_name": "STSBenchmark",
  "mteb_version": "1.1.2.dev0",
  "test": {
    "cos_sim": {
      "pearson": 0.275125236370997,
      "spearman": 0.22722173298947038
    },
    "euclidean": {
      "pearson": 0.2771628616887106,
      "spearman": 0.22742136337556787
    },
    "evaluation_time": 0.07,
    "manhattan": {
      "pearson": 0.27935980109317304,
      "spearman": 0.235286290970072
    }
  }
}