{
  "dataset_revision": "b0fddb56ed78048fa8b90373c8a3cfc37b684831",
  "mteb_dataset_name": "STSBenchmark",
  "mteb_version": "1.1.2.dev0",
  "test": {
    "cos_sim": {
      "pearson": -0.030166511574393356,
      "spearman": -0.02798489424290078
    },
    "euclidean": {
      "pearson": -0.031046176071996785,
      "spearman": -0.02798489424290078
    },
    "evaluation_time": 29.66,
    "manhattan": {
      "pearson": -0.007400955252904488,
      "spearman": 0.0022662300093031825
    }
  }
}