{
  "dataset_revision": null,
  "mteb_dataset_name": "InstructSTSBenchmark",
  "mteb_version": "1.1.2.dev0",
  "test": {
    "cos_sim": {
      "pearson": -0.022633989961945274,
      "spearman": -0.03144238614329029
    },
    "euclidean": {
      "pearson": -0.027491719456381777,
      "spearman": -0.031202384917846836
    },
    "evaluation_time": 0.12,
    "manhattan": {
      "pearson": -0.02751447704088925,
      "spearman": -0.031175060349655538
    }
  }
}