{
  "dataset_revision": "a0d554a64d88156834ff5ae9920b964011b16384",
  "mteb_dataset_name": "STS12",
  "mteb_version": "1.1.2.dev0",
  "test": {
    "cos_sim": {
      "pearson": 0.06446542849183941,
      "spearman": 0.16513235828735098
    },
    "euclidean": {
      "pearson": 0.08556403751040763,
      "spearman": 0.1682265580648992
    },
    "evaluation_time": 0.42,
    "manhattan": {
      "pearson": 0.08285195778575648,
      "spearman": 0.16547449272812106
    }
  }
}