{
  "dataset_revision": null,
  "mteb_dataset_name": "InstructSTSBenchmark",
  "mteb_version": "1.1.2.dev0",
  "test": {
    "cos_sim": {
      "pearson": 0.06159561510629721,
      "spearman": 0.0529509231009877
    },
    "euclidean": {
      "pearson": 0.05333715207745742,
      "spearman": 0.05078044120658905
    },
    "evaluation_time": 0.15,
    "manhattan": {
      "pearson": 0.05733416833634973,
      "spearman": 0.050425221769459815
    }
  }
}