{
  "dataset_revision": "b0fddb56ed78048fa8b90373c8a3cfc37b684831",
  "mteb_dataset_name": "STSBenchmark",
  "mteb_version": "1.1.2.dev0",
  "test": {
    "cos_sim": {
      "pearson": 0.6392002154296612,
      "spearman": 0.6266220663848477
    },
    "euclidean": {
      "pearson": 0.6050802262485881,
      "spearman": 0.5864351860681312
    },
    "evaluation_time": 0.06,
    "manhattan": {
      "pearson": 0.6089816735317156,
      "spearman": 0.5900682035183256
    }
  }
}