{
  "dataset_revision": "b0fddb56ed78048fa8b90373c8a3cfc37b684831",
  "mteb_dataset_name": "STSBenchmark",
  "mteb_version": "1.1.2.dev0",
  "test": {
    "cos_sim": {
      "pearson": 0.17682214193973947,
      "spearman": 0.2193879564192661
    },
    "euclidean": {
      "pearson": 0.20523872800825604,
      "spearman": 0.21930841976656892
    },
    "evaluation_time": 0.03,
    "manhattan": {
      "pearson": 0.20598161393029785,
      "spearman": 0.21959335040959693
    }
  }
}