{
  "dataset_revision": "b0fddb56ed78048fa8b90373c8a3cfc37b684831",
  "mteb_dataset_name": "STSBenchmark",
  "mteb_version": "1.1.2.dev0",
  "test": {
    "cos_sim": {
      "pearson": 0.4112839604101488,
      "spearman": 0.44272412211682877
    },
    "euclidean": {
      "pearson": 0.42552652730237017,
      "spearman": 0.44310942849854495
    },
    "evaluation_time": 0.03,
    "manhattan": {
      "pearson": 0.43756816607518406,
      "spearman": 0.452950674286957
    }
  }
}