{
  "dataset_revision": null,
  "mteb_dataset_name": "InstructSTSBenchmark",
  "mteb_version": "1.1.2.dev0",
  "test": {
    "cos_sim": {
      "pearson": 0.1548114433613441,
      "spearman": 0.21542328755280205
    },
    "euclidean": {
      "pearson": 0.2455352917002847,
      "spearman": 0.28418238669649265
    },
    "evaluation_time": 0.06,
    "manhattan": {
      "pearson": 0.32966328615754376,
      "spearman": 0.32678139545684287
    }
  }
}