{
  "dataset_revision": "b0fddb56ed78048fa8b90373c8a3cfc37b684831",
  "mteb_dataset_name": "STSBenchmark",
  "mteb_version": "1.1.2.dev0",
  "test": {
    "cos_sim": {
      "pearson": 0.41535251517437516,
      "spearman": 0.4622599478396218
    },
    "euclidean": {
      "pearson": 0.4366585113878101,
      "spearman": 0.4693647805198532
    },
    "evaluation_time": 0.03,
    "manhattan": {
      "pearson": 0.438130601841854,
      "spearman": 0.4717291218671953
    }
  }
}