{
  "dataset_revision": "a0d554a64d88156834ff5ae9920b964011b16384",
  "mteb_dataset_name": "STS12",
  "mteb_version": "1.1.2.dev0",
  "test": {
    "cos_sim": {
      "pearson": 0.2581720079331915,
      "spearman": 0.2746616788037112
    },
    "euclidean": {
      "pearson": 0.31184593996409343,
      "spearman": 0.2970968341047014
    },
    "evaluation_time": 0.39,
    "manhattan": {
      "pearson": 0.31758696041339707,
      "spearman": 0.30193810062012283
    }
  }
}