{
  "dataset_revision": "b0fddb56ed78048fa8b90373c8a3cfc37b684831",
  "mteb_dataset_name": "STSBenchmark",
  "mteb_version": "1.1.2.dev0",
  "test": {
    "cos_sim": {
      "pearson": 0.4125122619323179,
      "spearman": 0.42797849379928343
    },
    "euclidean": {
      "pearson": 0.42495387113601796,
      "spearman": 0.4344305673303334
    },
    "evaluation_time": 0.03,
    "manhattan": {
      "pearson": 0.4306405512123644,
      "spearman": 0.4394566719448822
    }
  }
}