{
  "dataset_revision": null,
  "mteb_dataset_name": "InstructSTSBenchmark",
  "mteb_version": "1.1.2.dev0",
  "test": {
    "cos_sim": {
      "pearson": 0.08143384546329709,
      "spearman": 0.09114839866374527
    },
    "euclidean": {
      "pearson": 0.08884012124223285,
      "spearman": 0.09066065500285134
    },
    "evaluation_time": 0.07,
    "manhattan": {
      "pearson": 0.0876384504647114,
      "spearman": 0.08995294857123294
    }
  }
}