{
  "dataset_revision": null,
  "mteb_dataset_name": "InstructSTSBenchmark",
  "mteb_version": "1.1.2.dev0",
  "test": {
    "cos_sim": {
      "pearson": -0.019923491946540788,
      "spearman": -0.027687534052091657
    },
    "euclidean": {
      "pearson": -0.0021591626964618292,
      "spearman": -0.016026317263809473
    },
    "evaluation_time": 0.1,
    "manhattan": {
      "pearson": 0.013029059621598112,
      "spearman": -0.00032197454762619124
    }
  }
}