{
  "dataset_revision": "b0fddb56ed78048fa8b90373c8a3cfc37b684831",
  "mteb_dataset_name": "STSBenchmark",
  "mteb_version": "1.1.2.dev0",
  "test": {
    "cos_sim": {
      "pearson": 0.09195032802478462,
      "spearman": 0.08535845351356217
    },
    "euclidean": {
      "pearson": 0.023869910868560152,
      "spearman": 0.035767132718031565
    },
    "evaluation_time": 0.04,
    "manhattan": {
      "pearson": 0.05247399139666154,
      "spearman": 0.017394694464117372
    }
  }
}