{
  "dataset_revision": null,
  "mteb_dataset_name": "InstructSTSBenchmark",
  "mteb_version": "1.1.2.dev0",
  "test": {
    "cos_sim": {
      "pearson": -0.06103023506322047,
      "spearman": -0.05615791711850612
    },
    "euclidean": {
      "pearson": -0.08472823319321848,
      "spearman": -0.07168556094629944
    },
    "evaluation_time": 0.08,
    "manhattan": {
      "pearson": -0.08361851520261407,
      "spearman": -0.07053109775169895
    }
  }
}