{
  "dataset_revision": "b0fddb56ed78048fa8b90373c8a3cfc37b684831",
  "mteb_dataset_name": "STSBenchmark",
  "mteb_version": "1.1.2.dev0",
  "test": {
    "cos_sim": {
      "pearson": 0.584804940062502,
      "spearman": 0.5876563048292508
    },
    "euclidean": {
      "pearson": 0.6300254271167831,
      "spearman": 0.6209162197332133
    },
    "evaluation_time": 0.06,
    "manhattan": {
      "pearson": 0.6370576208499233,
      "spearman": 0.6277777853114095
    }
  }
}